place_id,place_name,city,category,place_url,review_id,reviewer,reviewer_profile_url,rating,date_relative,review_text,was_translated,original_confirmed,text_truncated,scraped_at
P02,القرية الشعبية,الدمام,تراثي / ثقافي,https://maps.app.goo.gl/oNadKmXoFmk9e4Di9,Ci9DQUlRQUNvZENodHljRjlvT210U1MybGhZMlZvWWtGclJWcHZTa1pOWkhwNE5sRRAB,Joynalbiplobabdin Abdin,https://www.google.com/maps/contrib/110241601438287145627/reviews?hl=en,4,22 minutes ago,,False,True,False,2026-09-25
P02,القرية الشعبية,الدمام,تراثي / ثقافي,https://maps.app.goo.gl/oNadKmXoFmk9e4Di9,Ci9DQUlRQUNvZENodHljRjlvT2tZeWFIcDRObGR5VTE5emNXaE9kWFZqV0VKTFdtYxAB,Hesah Alshmrani,https://www.google.com/maps/contrib/102549183631470753338/reviews?hl=en,5,29 minutes ago,تحسن ملحوظ بعد تغير الادارة ... اشكركم,True,True,False,2026-09-25
P02,القرية الشعبية,الدمام,تراثي / ثقافي,https://maps.app.goo.gl/oNadKmXoFmk9e4Di9,Ci9DQUlRQUNvZENodHljRjlvT2trMlRrOURWbGR1TTFwMloxODBPRnB5VlZSb2VYYxAB,فهد النهدي,https://www.google.com/maps/contrib/103968932792129976477/reviews?hl=en,1,2 hours ago,خدمات توصيل المندوب سئ جدا,True,True,False,2026-09-25
P02,القرية الشعبية,الدمام,تراثي / ثقافي,https://maps.app.goo.gl/oNadKmXoFmk9e4Di9,Ci9DQUlRQUNvZENodHljRjlvT21SRVlYVnJkR1pEYTJSNWJHNTJWM0k1U1d4Wk5tYxAB,HKM Shahzad Bin hakeem,https://www.google.com/maps/contrib/111557748505727468153/reviews?hl=en,5,4 hours ago,"A traditional vibe, with a great museum",False,True,False,2026-09-25
P02,القرية الشعبية,الدمام,تراثي / ثقافي,https://maps.app.goo.gl/oNadKmXoFmk9e4Di9,Ci9DQUlRQUNvZENodHljRjlvT2tSM0xXcExNMll3UlZOaVpsZDRaMGd5TVVvMlJrRRAB,Abduljabbar Alaithan,https://www.google.com/maps/contrib/109268892464080382268/reviews?hl=en,1,8 hours ago,,False,True,False,2026-09-25
P02,القرية الشعبية,الدمام,تراثي / ثقافي,https://maps.app.goo.gl/oNadKmXoFmk9e4Di9,Ci9DQUlRQUNvZENodHljRjlvT2prMlpEZFRPR3hQUzI1bGJGWTRlSGt0YUd4VU4xRRAB,Mudassir Siddiqui,https://www.google.com/maps/contrib/113871745051462234691/reviews?hl=en,5,20 hours ago,,False,True,False,2026-09-25
P02,القرية الشعبية,الدمام,تراثي / ثقافي,https://maps.app.goo.gl/oNadKmXoFmk9e4Di9,Ci9DQUlRQUNvZENodHljRjlvT25WcWFVeEdkM2xUWVdRMFFubGhaV05OYVdaNU9HYxAB,Fatmh Al mawuld,https://www.google.com/maps/contrib/103120269568844210833/reviews?hl=en,5,22 hours ago,,False,True,False,2026-09-25
P02,القرية الشعبية,الدمام,تراثي / ثقافي,https://maps.app.goo.gl/oNadKmXoFmk9e4Di9,Ci9DQUlRQUNvZENodHljRjlvT2s1bU5ERlpMVlJuZEhST2VrTXplVUY2UlRGdWQxRRAB,Mela,https://www.google.com/maps/contrib/105441028823541403188/reviews?hl=en,1,23 hours ago,ضاربة مشوارر احسبه متحف وشيء حلو طلع مطعم!! ليه مافي اي توضيح للمكان او ع الاقل ينكتب مطعم!!!!,True,True,False,2026-09-25
P02,القرية الشعبية,الدمام,تراثي / ثقافي,https://maps.app.goo.gl/oNadKmXoFmk9e4Di9,Ci9DQUlRQUNvZENodHljRjlvT2t0WVkxSlVNWGgwU0hkblVHRmZNMlpEZDJVM2VtYxAB,RIFA Balloon Designers,https://www.google.com/maps/contrib/113550173162030632551/reviews?hl=en,5,a day ago,,False,True,False,2026-09-25
P02,القرية الشعبية,الدمام,تراثي / ثقافي,https://maps.app.goo.gl/oNadKmXoFmk9e4Di9,Ci9DQUlRQUNvZENodHljRjlvT2xoUVRVOUVUV1ZQVGxJMmMySlViVTlOT0VvNVgxRRAB,waleed aziz,https://www.google.com/maps/contrib/107526542404221078328/reviews?hl=en,4,a day ago,,False,True,False,2026-09-25
P02,القرية الشعبية,الدمام,تراثي / ثقافي,https://maps.app.goo.gl/oNadKmXoFmk9e4Di9,Ci9DQUlRQUNvZENodHljRjlvT2xCTFpITlRlbmRTZURGWFQxZHZhV0k0TUMxT2RrRRAB,Jorb DT,https://www.google.com/maps/contrib/109740748719102899862/reviews?hl=en,4,Edited a day ago,I’m looking forward to bringing my family here so we can experience and appreciate this wonderful cultural museum together.,False,True,False,2026-09-25
P02,القرية الشعبية,الدمام,تراثي / ثقافي,https://maps.app.goo.gl/oNadKmXoFmk9e4Di9,Ci9DQUlRQUNvZENodHljRjlvT21ONGRsZDZVVlZPTTNaVU1saE1iakE0Unkxd1NHYxAB,Asya Ahmed,https://www.google.com/maps/contrib/118424583298333576788/reviews?hl=en,5,a day ago,,False,True,False,2026-09-25
P02,القرية الشعبية,الدمام,تراثي / ثقافي,https://maps.app.goo.gl/oNadKmXoFmk9e4Di9,Ci9DQUlRQUNvZENodHljRjlvT2pkQ2ExaHpNR2s0TW01d1RqbGxNVlZSYlRVMVoyYxAB,ابوعامر,https://www.google.com/maps/contrib/104196512630187003683/reviews?hl=en,5,a day ago,تراث جميل يحمل في طياته ذكريات الماضي بأشكاله زياره ممتعه ومكان رائع,True,True,False,2026-09-25
P02,القرية الشعبية,الدمام,تراثي / ثقافي,https://maps.app.goo.gl/oNadKmXoFmk9e4Di9,Ci9DQUlRQUNvZENodHljRjlvT210U1FWTjNhVTlUY0Mxd1NURnlRa1l4U1VGTFYyYxAB,Ahmed Ali,https://www.google.com/maps/contrib/115067713728119323769/reviews?hl=en,1,a day ago,"حرام والله النقطة الدخول الواحد ٢٥ ريال
والله خسارة فيه حتى خمسة ريال
لا انصح بالذهاب اليه
ما فيه شي يذكر أبدا",True,True,False,2026-09-25
P02,القرية الشعبية,الدمام,تراثي / ثقافي,https://maps.app.goo.gl/oNadKmXoFmk9e4Di9,Ci9DQUlRQUNvZENodHljRjlvT2t3MFduTkdiamxMVmxWZmMwRTNOVlEwZDNvMlZGRRAB,Habijur Rahman,https://www.google.com/maps/contrib/112795163684055807706/reviews?hl=en,5,a day ago,,False,True,False,2026-09-25
P02,القرية الشعبية,الدمام,تراثي / ثقافي,https://maps.app.goo.gl/oNadKmXoFmk9e4Di9,Ci9DQUlRQUNvZENodHljRjlvT25oUFZXTnBSelF4T1c1SlZUTnNSbU5CVEZwWGVtYxAB,saeed ahmed,https://www.google.com/maps/contrib/110091266164320858990/reviews?hl=en,1,2 days ago,"اولا تعامل الكاشير غير ودي ويرتدي الروب متسخ جداً
ثانياً الفواكه ليس لها طعم بتاتاً والايسكريم ايضاً
تجربه سيئه جداً
عصير المانجو اعتقد انه خربان",True,True,False,2026-09-25
P02,القرية الشعبية,الدمام,تراثي / ثقافي,https://maps.app.goo.gl/oNadKmXoFmk9e4Di9,Ci9DQUlRQUNvZENodHljRjlvT2xOclJXcFdaVVo2WDFacGN6bElUblU0ZFZkbFptYxAB,Mansour Nasser,https://www.google.com/maps/contrib/109824162194425232244/reviews?hl=en,4,3 days ago,,False,True,False,2026-09-25
P02,القرية الشعبية,الدمام,تراثي / ثقافي,https://maps.app.goo.gl/oNadKmXoFmk9e4Di9,Ci9DQUlRQUNvZENodHljRjlvT21OUlNqUkphemRrV0hwUVlUTXhMVlpFVWtaZlRFRRAB,حمودي حمادة,https://www.google.com/maps/contrib/100259754380977286400/reviews?hl=en,5,4 days ago,,False,True,False,2026-09-25
P02,القرية الشعبية,الدمام,تراثي / ثقافي,https://maps.app.goo.gl/oNadKmXoFmk9e4Di9,Ci9DQUlRQUNvZENodHljRjlvT2xjMGVESnVTVFJ2VUdsa2VUZDZZMmhJUjFWSGIzYxAB,Mera Macmep,https://www.google.com/maps/contrib/104505676979802118426/reviews?hl=en,5,4 days ago,,False,True,False,2026-09-25
P02,القرية الشعبية,الدمام,تراثي / ثقافي,https://maps.app.goo.gl/oNadKmXoFmk9e4Di9,Ci9DQUlRQUNvZENodHljRjlvT25JMlgyVk9ZalpEYWxCRWRreFNiR2xtU0ZZeFYyYxAB,Khalid Albalushi,https://www.google.com/maps/contrib/106088729759179574074/reviews?hl=en,5,4 days ago,,False,True,False,2026-09-25
P02,القرية الشعبية,الدمام,تراثي / ثقافي,https://maps.app.goo.gl/oNadKmXoFmk9e4Di9,Ci9DQUlRQUNvZENodHljRjlvT2xGVWJFZzVSVWRFY1ZvM1YxZEZaMHAyWlhCeWVtYxAB,رائد,https://www.google.com/maps/contrib/115660150709196688451/reviews?hl=en,2,4 days ago,,False,True,False,2026-09-25
P02,القرية الشعبية,الدمام,تراثي / ثقافي,https://maps.app.goo.gl/oNadKmXoFmk9e4Di9,ChdDSUhNMG9nS0VJQ0FnSUM0NE1tVjdRRRAB,Jaffar Albahrani,https://www.google.com/maps/contrib/114867272422739950664/reviews?hl=en,5,Edited 5 days ago,"موقع مميز أصبح وجهة جاذبة لمختلف زوار المنطقة نظرا لكونه موقع مميز ذي طابع تراثي عمراني ويحتوي على متحف منظم بشكل ملفت ومن جانب آخر يقدم أطباق سعودية مميزة
أسعاره في متناول الجميع ولديه مساحة كبيرة للمواقف إلى جانب مواقف لذوي الاحتياجات",True,True,False,2026-09-25
P02,القرية الشعبية,الدمام,تراثي / ثقافي,https://maps.app.goo.gl/oNadKmXoFmk9e4Di9,Ci9DQUlRQUNvZENodHljRjlvT2pCdmIxUXpTSEl0TWtKWVZUaDRXRUpwTTJ0clpFRRAB,hussain ali,https://www.google.com/maps/contrib/109455269334351178163/reviews?hl=en,4,5 days ago,المكان كان حار والتكيف غير جيد بس مجمل يحتاج غربه في اسعار الاكل الاكل غالي والكمية قليله جدا,True,True,False,2026-09-25
P02,القرية الشعبية,الدمام,تراثي / ثقافي,https://maps.app.goo.gl/oNadKmXoFmk9e4Di9,Ci9DQUlRQUNvZENodHljRjlvT2tjMWN5MW5kMWgyWWxvNFUyMHRSV0phVDBsVVIwRRAB,M Dobais,https://www.google.com/maps/contrib/115812523899201764951/reviews?hl=en,3,5 days ago,,False,True,False,2026-09-25
P02,القرية الشعبية,الدمام,تراثي / ثقافي,https://maps.app.goo.gl/oNadKmXoFmk9e4Di9,Ci9DQUlRQUNvZENodHljRjlvT2trNU9XeFJjWEJWZWpGUFdHMXNkM1p0WldRd1dGRRAB,Mohammad Taha,https://www.google.com/maps/contrib/109999295558300222488/reviews?hl=en,5,6 days ago,,False,True,False,2026-09-25
P02,القرية الشعبية,الدمام,تراثي / ثقافي,https://maps.app.goo.gl/oNadKmXoFmk9e4Di9,Ci9DQUlRQUNvZENodHljRjlvT25oVGQzcHFOV2w1ZEdkWFN6aEplR2QxVFU1dWNYYxAB,ABO YOSOF SRACO STORES,https://www.google.com/maps/contrib/105062062351929082420/reviews?hl=en,3,6 days ago,,False,True,False,2026-09-25
P02,القرية الشعبية,الدمام,تراثي / ثقافي,https://maps.app.goo.gl/oNadKmXoFmk9e4Di9,Ci9DQUlRQUNvZENodHljRjlvT2xWMFdHc3hUMHhxTWtGbllUaHVVRTF0YTFjNVNFRRAB,Ashna Mary,https://www.google.com/maps/contrib/109555947306211303198/reviews?hl=en,5,6 days ago,,False,True,False,2026-09-25
P02,القرية الشعبية,الدمام,تراثي / ثقافي,https://maps.app.goo.gl/oNadKmXoFmk9e4Di9,Ci9DQUlRQUNvZENodHljRjlvT25adVJHOHROSE5PTnpkQldubDBTazU0YVZReU5WRRAB,شقق نور الدمام المفروشه,https://www.google.com/maps/contrib/114315558780540605836/reviews?hl=en,5,Edited a week ago,تجربه رائعه ومكان جميل يمزج الحياه المعاصره وتراث الشعبي العريق,True,True,False,2026-09-25
P02,القرية الشعبية,الدمام,تراثي / ثقافي,https://maps.app.goo.gl/oNadKmXoFmk9e4Di9,Ci9DQUlRQUNvZENodHljRjlvT2w5WlpHRTJWSGxoWTJWeWNIZG1iMEpHUlZoT1EwRRAB,mnoalh almoteri,https://www.google.com/maps/contrib/103392703395511033785/reviews?hl=en,5,a week ago,واجهه جميله وجديده وبتكون اروع بالشتاء♥️♥️,True,True,False,2026-09-25
P02,القرية الشعبية,الدمام,تراثي / ثقافي,https://maps.app.goo.gl/oNadKmXoFmk9e4Di9,Ci9DQUlRQUNvZENodHljRjlvT21abE9HTjRSMGx0TFRWamRqTk9UVlJWWkVSRFNWRRAB,سعيدالقحطاني,https://www.google.com/maps/contrib/116148835731055558708/reviews?hl=en,5,a week ago,,False,True,False,2026-09-25
P02,القرية الشعبية,الدمام,تراثي / ثقافي,https://maps.app.goo.gl/oNadKmXoFmk9e4Di9,Ci9DQUlRQUNvZENodHljRjlvT2xCbmIyTldha2x6WlhWdllVZHRSelp3VUZCelNWRRAB,Saa D,https://www.google.com/maps/contrib/104992374089663124160/reviews?hl=en,5,a week ago,تعيد فيها التاريخ وماضيك الجميل,True,True,False,2026-09-25
P02,القرية الشعبية,الدمام,تراثي / ثقافي,https://maps.app.goo.gl/oNadKmXoFmk9e4Di9,Ci9DQUlRQUNvZENodHljRjlvT20xSFlXSnFWa290Y0RCNmJTMWFUSGRqYUc5cmVtYxAB,Shaikh Sajid,https://www.google.com/maps/contrib/116207029309161743755/reviews?hl=en,5,a week ago,good  Mia mia,True,True,False,2026-09-25
P02,القرية الشعبية,الدمام,تراثي / ثقافي,https://maps.app.goo.gl/oNadKmXoFmk9e4Di9,Ci9DQUlRQUNvZENodHljRjlvT2sxcFVHRnNNV1JZZG1SVWExWlZPQzFCUW14UmRsRRAB,Hello Mister,https://www.google.com/maps/contrib/102869850272457878158/reviews?hl=en,5,a week ago,,False,True,False,2026-09-25
P02,القرية الشعبية,الدمام,تراثي / ثقافي,https://maps.app.goo.gl/oNadKmXoFmk9e4Di9,Ci9DQUlRQUNvZENodHljRjlvT2tSSVpXRTFaVUphZUVoNVIwcEhPWEV4WXpkNlRsRRAB,‫محمد الشهري (أبو بكر)‬‎,https://www.google.com/maps/contrib/116493654588444582628/reviews?hl=en,5,a week ago,مكان تراثي جميل وخدمة رائعة,True,True,False,2026-09-25
P02,القرية الشعبية,الدمام,تراثي / ثقافي,https://maps.app.goo.gl/oNadKmXoFmk9e4Di9,Ci9DQUlRQUNvZENodHljRjlvT2xaR1VGUjBSbTV0WDBvdFNWYzBXRFpoV0RsRE5YYxAB,Boon Al,https://www.google.com/maps/contrib/108819045284181736086/reviews?hl=en,3,a week ago,,False,True,False,2026-09-25
P02,القرية الشعبية,الدمام,تراثي / ثقافي,https://maps.app.goo.gl/oNadKmXoFmk9e4Di9,Ci9DQUlRQUNvZENodHljRjlvT2podmNEUlZUM04zYlhSSGNXd3lZbHBzWkdzeU5YYxAB,ahmed zakaria,https://www.google.com/maps/contrib/105126474374427103664/reviews?hl=en,4,a week ago,,False,True,False,2026-09-25
P02,القرية الشعبية,الدمام,تراثي / ثقافي,https://maps.app.goo.gl/oNadKmXoFmk9e4Di9,Ci9DQUlRQUNvZENodHljRjlvT2pBMWIzYzNORUZKU2xGcVoxaHFXVmt4TkRKeGNXYxAB,عبدالله الشهراني,https://www.google.com/maps/contrib/118041270545552503750/reviews?hl=en,3,a week ago,,False,True,False,2026-09-25
P02,القرية الشعبية,الدمام,تراثي / ثقافي,https://maps.app.goo.gl/oNadKmXoFmk9e4Di9,Ci9DQUlRQUNvZENodHljRjlvT2pjMllTMTFXSFIxZFZBdFEyNXpNbkIyVGtGbWJtYxAB,مجيد عارف,https://www.google.com/maps/contrib/108120537677007814031/reviews?hl=en,1,a week ago,"الاكل زين لكن التكييف سيء جدا يواكبون التراث بحذافيره
ما شاء الله",True,True,False,2026-09-25
P02,القرية الشعبية,الدمام,تراثي / ثقافي,https://maps.app.goo.gl/oNadKmXoFmk9e4Di9,Ci9DQUlRQUNvZENodHljRjlvT25wWVdIRjNhREJOUTNGS2JWcE5SSG8wTjBOemEwRRAB,سميره عبدالله,https://www.google.com/maps/contrib/111684133860473066736/reviews?hl=en,5,a week ago,,False,True,False,2026-09-25
P02,القرية الشعبية,الدمام,تراثي / ثقافي,https://maps.app.goo.gl/oNadKmXoFmk9e4Di9,Ci9DQUlRQUNvZENodHljRjlvT21vMlEzVkJUVFZ3Y2xsYVMwWmhUVmhRYlZvMmNIYxAB,Abdullah Asad Malik,https://www.google.com/maps/contrib/103714959029239651759/reviews?hl=en,5,a week ago,"It was really nice
Beautiful culture of Old Saudi Arabia",False,True,False,2026-09-25
P02,القرية الشعبية,الدمام,تراثي / ثقافي,https://maps.app.goo.gl/oNadKmXoFmk9e4Di9,Ci9DQUlRQUNvZENodHljRjlvT2pnM1ZVcGZVM1paV0ZJNWJWUkhaSGxvUjNkTllrRRAB,M Althani,https://www.google.com/maps/contrib/118409818708312354110/reviews?hl=en,5,a week ago,,False,True,False,2026-09-25
P02,القرية الشعبية,الدمام,تراثي / ثقافي,https://maps.app.goo.gl/oNadKmXoFmk9e4Di9,Ci9DQUlRQUNvZENodHljRjlvT2pRMGVuSTRkR2xmZDB0MlNXcG5WSGQwVGkxeVYzYxAB,بدر السوادي,https://www.google.com/maps/contrib/115778587667284505277/reviews?hl=en,5,a week ago,,False,True,False,2026-09-25
P02,القرية الشعبية,الدمام,تراثي / ثقافي,https://maps.app.goo.gl/oNadKmXoFmk9e4Di9,Ci9DQUlRQUNvZENodHljRjlvT2pCNVVVUjJTbmx3VWtGTmFEWXRjMlEyVjFOSVJWRRAB,Just a random person,https://www.google.com/maps/contrib/116282554217068772978/reviews?hl=en,4,a week ago,,False,True,False,2026-09-25
P02,القرية الشعبية,الدمام,تراثي / ثقافي,https://maps.app.goo.gl/oNadKmXoFmk9e4Di9,Ci9DQUlRQUNvZENodHljRjlvT2xCMU5IcFplbFF5UzBOTloyVlhNMkptTm1WVFlXYxAB,Ghulam Mudassar,https://www.google.com/maps/contrib/114296900223781020031/reviews?hl=en,5,a week ago,,False,True,False,2026-09-25
P02,القرية الشعبية,الدمام,تراثي / ثقافي,https://maps.app.goo.gl/oNadKmXoFmk9e4Di9,ChdDSUhNMG9nS0VJQ0FnSUNHdXJUaHJnRRAB,علي بن محسن الطوهري,https://www.google.com/maps/contrib/103335074919635406299/reviews?hl=en,5,Edited a week ago,,False,True,False,2026-09-25
P02,القرية الشعبية,الدمام,تراثي / ثقافي,https://maps.app.goo.gl/oNadKmXoFmk9e4Di9,Ci9DQUlRQUNvZENodHljRjlvT2xaWVdrcElZbUl0YkZKM01uRkxPRkJYYTNOaGFGRRAB,مؤسسة منصور العرفج,https://www.google.com/maps/contrib/114831811912041352651/reviews?hl=en,5,a week ago,,False,True,False,2026-09-25
P02,القرية الشعبية,الدمام,تراثي / ثقافي,https://maps.app.goo.gl/oNadKmXoFmk9e4Di9,Ci9DQUlRQUNvZENodHljRjlvT21acWMzSmFSbXM1T1V0VmVFWmhTaTFmWDBzM1VXYxAB,ابـو احـمـد,https://www.google.com/maps/contrib/105172597557970155439/reviews?hl=en,5,a week ago,اكلهم لذيذ بس الاسعار مرتفعه,True,True,False,2026-09-25
P02,القرية الشعبية,الدمام,تراثي / ثقافي,https://maps.app.goo.gl/oNadKmXoFmk9e4Di9,Ci9DQUlRQUNvZENodHljRjlvT21adFNqbFBiVTA0U2pSSk9HeEZWVFYxYzJaTWNXYxAB,صالح الوادعي,https://www.google.com/maps/contrib/114316974417349419456/reviews?hl=en,5,2 weeks ago,مكان رائع جدآ ومشرف للشرقيه والمملكه كافه,True,True,False,2026-09-25
P02,القرية الشعبية,الدمام,تراثي / ثقافي,https://maps.app.goo.gl/oNadKmXoFmk9e4Di9,Ci9DQUlRQUNvZENodHljRjlvT25CbU1rdFBUM1ZHVDNoaU9XUlhRbkZyTTA5c2NuYxAB,Zhari Krishna,https://www.google.com/maps/contrib/103613765761288604106/reviews?hl=en,5,2 weeks ago,Did my filming here for Saudi National Day. The food was great. Amir gave an excellent service. Get the chicken kabsa and qorsan meat,False,True,False,2026-09-25
P02,القرية الشعبية,الدمام,تراثي / ثقافي,https://maps.app.goo.gl/oNadKmXoFmk9e4Di9,Ci9DQUlRQUNvZENodHljRjlvT2pSbE0xRXdUMVZDWTJGbFJUSlpPSEJST1dVMFZrRRAB,ABO RASHID,https://www.google.com/maps/contrib/117130937312128652256/reviews?hl=en,5,2 weeks ago,"المطعم رائع ونظيف وسيرفس ممتاز
وفي الشيف السعودية بوابة (3) من 6 الصبح الى 12
انصح بعد زيارة في وقت الرطوبة والحر الشديد",True,True,False,2026-09-25
P02,القرية الشعبية,الدمام,تراثي / ثقافي,https://maps.app.goo.gl/oNadKmXoFmk9e4Di9,Ci9DQUlRQUNvZENodHljRjlvT21wNlNHeHBOWFJFTkZsb05GcE9OMWxaVWxoTVdsRRAB,AbAmZ,https://www.google.com/maps/contrib/109849980556337512586/reviews?hl=en,5,2 weeks ago,Excellent place for family gathering,False,True,False,2026-09-25
P02,القرية الشعبية,الدمام,تراثي / ثقافي,https://maps.app.goo.gl/oNadKmXoFmk9e4Di9,Ci9DQUlRQUNvZENodHljRjlvT2poUFYzcGlhSE5MVTAwNFFtUjRaMHhFWlhaTFkzYxAB,وسيم الً محفوظ,https://www.google.com/maps/contrib/111129604150896101991/reviews?hl=en,5,2 weeks ago,,False,True,False,2026-09-25
P02,القرية الشعبية,الدمام,تراثي / ثقافي,https://maps.app.goo.gl/oNadKmXoFmk9e4Di9,Ci9DQUlRQUNvZENodHljRjlvT201MFJsVjZha1pUVWpoRWJtZExjRGRsTTFwTGJWRRAB,Agnez Flo,https://www.google.com/maps/contrib/114301926274953146623/reviews?hl=en,5,2 weeks ago,,False,True,False,2026-09-25
P02,القرية الشعبية,الدمام,تراثي / ثقافي,https://maps.app.goo.gl/oNadKmXoFmk9e4Di9,Ci9DQUlRQUNvZENodHljRjlvT25Oc2NtUk5iRGt4VWtWWlQzbG1TblptTUVwNlltYxAB,salma nadhar,https://www.google.com/maps/contrib/112208805018106999318/reviews?hl=en,4,2 weeks ago,الدخول بدون تذكره مجانا,True,True,False,2026-09-25
P02,القرية الشعبية,الدمام,تراثي / ثقافي,https://maps.app.goo.gl/oNadKmXoFmk9e4Di9,Ci9DQUlRQUNvZENodHljRjlvT25SWmMwUldMVFphWkhSRlIwWm1kRGRaYmprd2QzYxAB,혜인,https://www.google.com/maps/contrib/107567880019417454905/reviews?hl=en,3,2 weeks ago,,False,True,False,2026-09-25
P02,القرية الشعبية,الدمام,تراثي / ثقافي,https://maps.app.goo.gl/oNadKmXoFmk9e4Di9,Ci9DQUlRQUNvZENodHljRjlvT25OQldqZzFlWGhLVm5aNmNHYzJWbk50WDAxZldHYxAB,--,https://www.google.com/maps/contrib/110759472206631176682/reviews?hl=en,1,2 weeks ago,,False,True,False,2026-09-25
P02,القرية الشعبية,الدمام,تراثي / ثقافي,https://maps.app.goo.gl/oNadKmXoFmk9e4Di9,Ci9DQUlRQUNvZENodHljRjlvT25kNWFIWnNVVU5DTTJzdFFUZGtNVGRxU0V4M1RHYxAB,S. Alajmi (Al Ajmi),https://www.google.com/maps/contrib/102004940895640845743/reviews?hl=en,4,2 weeks ago,جميل جدا وجلسات متنوعة عائلية وللشباب والمجموعات.. مع ملاحظة أن أغلب الأكلات شعبية وطلبي وصلني غير ساخن.,True,True,False,2026-09-25
P02,القرية الشعبية,الدمام,تراثي / ثقافي,https://maps.app.goo.gl/oNadKmXoFmk9e4Di9,Ci9DQUlRQUNvZENodHljRjlvT21jeU5uRXdNVVJNUm1SdlYzb3RTSFozVTA5dWQzYxAB,زامل الدوسري,https://www.google.com/maps/contrib/114977301863312873594/reviews?hl=en,5,2 weeks ago,,False,True,False,2026-09-25
P02,القرية الشعبية,الدمام,تراثي / ثقافي,https://maps.app.goo.gl/oNadKmXoFmk9e4Di9,Ci9DQUlRQUNvZENodHljRjlvT2tobmJYTndibGhaUjBsSGJuSjJSakZTTUhKWlRsRRAB,『قروب للخدمات العامة』,https://www.google.com/maps/contrib/107873536728509690500/reviews?hl=en,5,2 weeks ago,,False,True,False,2026-09-25
P02,القرية الشعبية,الدمام,تراثي / ثقافي,https://maps.app.goo.gl/oNadKmXoFmk9e4Di9,Ci9DQUlRQUNvZENodHljRjlvT2twVk5VY3lOekZLWTFCRWEySk1WMDkzVTNGVVNYYxAB,Mehar Shaban,https://www.google.com/maps/contrib/114700763597600518149/reviews?hl=en,5,2 weeks ago,,False,True,False,2026-09-25
P02,القرية الشعبية,الدمام,تراثي / ثقافي,https://maps.app.goo.gl/oNadKmXoFmk9e4Di9,Ci9DQUlRQUNvZENodHljRjlvT2xOeE9EVjRYMjF1YURKTk1tZEhWWFpDWVMxRkxWRRAB,Jaber Al-haddad,https://www.google.com/maps/contrib/106155004836561052244/reviews?hl=en,5,2 weeks ago,,False,True,False,2026-09-25
P02,القرية الشعبية,الدمام,تراثي / ثقافي,https://maps.app.goo.gl/oNadKmXoFmk9e4Di9,Ci9DQUlRQUNvZENodHljRjlvT2pkcVMzSnpXVkpuTFVWeWRFZFNVR1YxYjFNME9WRRAB,Ghadahmaash Maash,https://www.google.com/maps/contrib/111303364605156188069/reviews?hl=en,2,2 weeks ago,,False,True,False,2026-09-25
P02,القرية الشعبية,الدمام,تراثي / ثقافي,https://maps.app.goo.gl/oNadKmXoFmk9e4Di9,Ci9DQUlRQUNvZENodHljRjlvT2sxaVZsWnpSMkV0WmtoR2FqZE5ObkpOVm1OclptYxAB,Abdullah Alfarhan,https://www.google.com/maps/contrib/106669965154678760683/reviews?hl=en,2,2 weeks ago,,False,True,False,2026-09-25
P02,القرية الشعبية,الدمام,تراثي / ثقافي,https://maps.app.goo.gl/oNadKmXoFmk9e4Di9,Ci9DQUlRQUNvZENodHljRjlvT2xoMFdIWjFVM2RzYlRaclgwUkpkRmh2TjFSSVlWRRAB,محمد العجمي,https://www.google.com/maps/contrib/105121766200088836055/reviews?hl=en,5,2 weeks ago,"ما شاءالله المكان جميل جدا جدا ويستحق الزياره فيه جميع الاركان ما بين القديم و الحاضر و مكان جدا جدا كلاسيك + المتحف عجيب جدا
الملاحظات :
1- التكيف شوي خفيف
2- السعر شوي
3- تذكرة الدخول
4- انصح كل كويتي يزور المكان
شكرا للقريه الشعبيه على الجهود",True,True,False,2026-09-25
P02,القرية الشعبية,الدمام,تراثي / ثقافي,https://maps.app.goo.gl/oNadKmXoFmk9e4Di9,Ci9DQUlRQUNvZENodHljRjlvT21SRVVubExjVEZxVTA1b1JHVTFjbFJIZFRkWFowRRAB,Nahid Islam,https://www.google.com/maps/contrib/116578923579989420653/reviews?hl=en,5,2 weeks ago,,False,True,False,2026-09-25
P02,القرية الشعبية,الدمام,تراثي / ثقافي,https://maps.app.goo.gl/oNadKmXoFmk9e4Di9,ChdDSUhNMG9nS0VJQ0FnTUNnd3RuZzJ3RRAB,Peter Kurian,https://www.google.com/maps/contrib/117544334925585418405/reviews?hl=en,5,Edited 2 weeks ago,,False,True,False,2026-09-25
P02,القرية الشعبية,الدمام,تراثي / ثقافي,https://maps.app.goo.gl/oNadKmXoFmk9e4Di9,Ci9DQUlRQUNvZENodHljRjlvT2xKcWRXWmZOWFEwTTE5T1NrWlhORTVxUlhsRlIwRRAB,خالد الدوسري,https://www.google.com/maps/contrib/117509551854280301037/reviews?hl=en,5,2 weeks ago,,False,True,False,2026-09-25
P02,القرية الشعبية,الدمام,تراثي / ثقافي,https://maps.app.goo.gl/oNadKmXoFmk9e4Di9,Ci9DQUlRQUNvZENodHljRjlvT21SbVZWcE1RMWs1TFU1WlMyOXdaUzFVYVZsdE5IYxAB,ابوغيث رحال,https://www.google.com/maps/contrib/105291169560953404161/reviews?hl=en,4,2 weeks ago,,False,True,False,2026-09-25
P02,القرية الشعبية,الدمام,تراثي / ثقافي,https://maps.app.goo.gl/oNadKmXoFmk9e4Di9,Ci9DQUlRQUNvZENodHljRjlvT25BM05GRjFSVGxRWWs0NVNrWTRPWFpYY0hCMFYxRRAB,Falha Sharif,https://www.google.com/maps/contrib/105624745299064320204/reviews?hl=en,5,3 weeks ago,,False,True,False,2026-09-25
P02,القرية الشعبية,الدمام,تراثي / ثقافي,https://maps.app.goo.gl/oNadKmXoFmk9e4Di9,Ci9DQUlRQUNvZENodHljRjlvT2xacExXeEdjM2hpZVZsTWRrWTBWRU5aZDJWRWJtYxAB,حسين سلمان,https://www.google.com/maps/contrib/112511415119899145492/reviews?hl=en,5,3 weeks ago,,False,True,False,2026-09-25
P02,القرية الشعبية,الدمام,تراثي / ثقافي,https://maps.app.goo.gl/oNadKmXoFmk9e4Di9,ChZDSUhNMG9nS0VJQ0FnSURZNU9yNklnEAE,Ahmed Almasuod,https://www.google.com/maps/contrib/111776933588680281173/reviews?hl=en,5,Edited 3 weeks ago,المكان جدن جميل,True,True,False,2026-09-25
P02,القرية الشعبية,الدمام,تراثي / ثقافي,https://maps.app.goo.gl/oNadKmXoFmk9e4Di9,Ci9DQUlRQUNvZENodHljRjlvT2pjMFYzaEZUWEEyWjNkeVJXY3lUVVpPWVdwSExVRRAB,الخدري العمراني,https://www.google.com/maps/contrib/106780132461243117863/reviews?hl=en,5,3 weeks ago,شي جميل جدا وكلهم شي فاخر من الاخر أكل لذيذ مشاءالله مطعم ممتاز,True,True,False,2026-09-25
P02,القرية الشعبية,الدمام,تراثي / ثقافي,https://maps.app.goo.gl/oNadKmXoFmk9e4Di9,Ci9DQUlRQUNvZENodHljRjlvT214V1ZWWkZjMWxSY3pGbE4xQTVWR3d3VG1WWWExRRAB,Eissa Alreyashi,https://www.google.com/maps/contrib/115223375361376614589/reviews?hl=en,4,3 weeks ago,روعه واشياء حلوه ودخول مجاني,True,True,False,2026-09-25
P02,القرية الشعبية,الدمام,تراثي / ثقافي,https://maps.app.goo.gl/oNadKmXoFmk9e4Di9,Ci9DQUlRQUNvZENodHljRjlvT21oellsbE1PVlkyWjFKWWFURXhNVzlJTjJoR2JHYxAB,Rkss Rasel hossain,https://www.google.com/maps/contrib/102923309945581480695/reviews?hl=en,5,3 weeks ago,,False,True,False,2026-09-25
P02,القرية الشعبية,الدمام,تراثي / ثقافي,https://maps.app.goo.gl/oNadKmXoFmk9e4Di9,Ci9DQUlRQUNvZENodHljRjlvT2tGaWEwTkVRVE4wZVhSVE5uRjZTa1pGUzJ0eGJHYxAB,عبدالوهاب بن ناصر الخلف,https://www.google.com/maps/contrib/117937177920121230068/reviews?hl=en,5,3 weeks ago,,False,True,False,2026-09-25
P02,القرية الشعبية,الدمام,تراثي / ثقافي,https://maps.app.goo.gl/oNadKmXoFmk9e4Di9,Ci9DQUlRQUNvZENodHljRjlvT21odWJWcFBjWE0xZVc1QmVHOU9hMHRDUWtOS1dHYxAB,FHD,https://www.google.com/maps/contrib/113281705975515515777/reviews?hl=en,5,3 weeks ago,Very good experience. The entrance fee SAR 20 is worth and the age of below 10 years are free.,False,True,False,2026-09-25
P02,القرية الشعبية,الدمام,تراثي / ثقافي,https://maps.app.goo.gl/oNadKmXoFmk9e4Di9,Ci9DQUlRQUNvZENodHljRjlvT21kSUxVWnRSa0pJWDBRM2RtNW5UVWQ1Y0d4NlVFRRAB,KHALID HMAD,https://www.google.com/maps/contrib/114377941536733257876/reviews?hl=en,4,3 weeks ago,مكان رائع متحف ومطعم,True,True,False,2026-09-25
P02,القرية الشعبية,الدمام,تراثي / ثقافي,https://maps.app.goo.gl/oNadKmXoFmk9e4Di9,Ci9DQUlRQUNvZENodHljRjlvT2xOclYxTlpUemcwVm5KS2FISllVR2x1ZVZFeVRtYxAB,خوله القحطاني,https://www.google.com/maps/contrib/102268645382430341651/reviews?hl=en,4,3 weeks ago,مدري ويني عنه من زمان جميل واثرائي حلو لو تاخذون معكم  امك ابوك جدك جدتك شخص كبير بيستانس,True,True,False,2026-09-25
P02,القرية الشعبية,الدمام,تراثي / ثقافي,https://maps.app.goo.gl/oNadKmXoFmk9e4Di9,Ci9DQUlRQUNvZENodHljRjlvT2tGbWVteDBRM0ZvWTJkRWIzbEdlbUUzVUVWNmVuYxAB,Nasser alqahtani,https://www.google.com/maps/contrib/105107566123408552060/reviews?hl=en,5,3 weeks ago,ماشاءالله تبارك الله ، فوق كل التوقعات,True,True,False,2026-09-25
P02,القرية الشعبية,الدمام,تراثي / ثقافي,https://maps.app.goo.gl/oNadKmXoFmk9e4Di9,Ci9DQUlRQUNvZENodHljRjlvT21SSWMwcEtORnBuVFdGUVVtcEpVbWhrUW5GdWFVRRAB,حيدر عبده,https://www.google.com/maps/contrib/114279107115803082123/reviews?hl=en,5,3 weeks ago,,False,True,False,2026-09-25
P02,القرية الشعبية,الدمام,تراثي / ثقافي,https://maps.app.goo.gl/oNadKmXoFmk9e4Di9,Ci9DQUlRQUNvZENodHljRjlvT25Fd1JUUm9aVWQzTmpWTVJFcFlUVW8xTlRZd1VYYxAB,mohamed AAA,https://www.google.com/maps/contrib/109035323861058847771/reviews?hl=en,1,3 weeks ago,انا قيمت عشان اكتب فقط ملاحظتي..لن نزورها حتى يتم إلغاء رسوم الدخول او تحسب من ضمن طلبك  استغرب من ادارة هذا المحل الشامخ الذي يحافظ على الموروث القديم والارث العظيم لمملكتنا الحبيبه اذا كان المستثمر هذا سيخسر اذا لم يضع رسوم اتمنى وزارة السياحه تساعده في ذلك  لان بهذه الرسوم سوف يفقد زبائن ونحن مقدمون على تطور هائل في السياحه والمشاريع اذا الكوره في مرمى الاداره...استيقضوقبل .لاتخسرون,True,True,False,2026-09-25
P02,القرية الشعبية,الدمام,تراثي / ثقافي,https://maps.app.goo.gl/oNadKmXoFmk9e4Di9,Ci9DQUlRQUNvZENodHljRjlvT2xsV2QzaFhUMU5EWjJaeVEwWnNWSEZ6VTFKZmRYYxAB,فهد آل بريك,https://www.google.com/maps/contrib/103708702132822807466/reviews?hl=en,5,3 weeks ago,,False,True,False,2026-09-25
P02,القرية الشعبية,الدمام,تراثي / ثقافي,https://maps.app.goo.gl/oNadKmXoFmk9e4Di9,Ci9DQUlRQUNvZENodHljRjlvT2psbGRIaHRhVXBrUW5KTVdqVklOMXA1ZW1zd09IYxAB,αвσ slταи,https://www.google.com/maps/contrib/110006567553878118826/reviews?hl=en,1,3 weeks ago,بعد فعالياتهم اللي يتمرن  اشوفها مقس في مقس,True,True,False,2026-09-25
P02,القرية الشعبية,الدمام,تراثي / ثقافي,https://maps.app.goo.gl/oNadKmXoFmk9e4Di9,Ci9DQUlRQUNvZENodHljRjlvT21aaWJVaG5lV1F6Ymt3eVJHaGljRFZNWDJkaWRGRRAB,Khalid Alqaisi,https://www.google.com/maps/contrib/107646157194558203532/reviews?hl=en,5,3 weeks ago,,False,True,False,2026-09-25
P02,القرية الشعبية,الدمام,تراثي / ثقافي,https://maps.app.goo.gl/oNadKmXoFmk9e4Di9,Ci9DQUlRQUNvZENodHljRjlvT2tFM2JtdGlTbkpyZW0xdk4wWjBkbEZYT0Y5bFJXYxAB,وصايف,https://www.google.com/maps/contrib/107095534237571647672/reviews?hl=en,1,3 weeks ago,تجربة لن تتكرر تسممنا من الاكل وكان لون اللحم اسود والرز كله دهن ولدي تعب منه يعني مومعقول نجيب اطفالنا وبسبب وصاخة اكلكم يتعبوا ع العموم انصح الجميع م يجربون الين يتعدلون,True,True,False,2026-09-25
P02,القرية الشعبية,الدمام,تراثي / ثقافي,https://maps.app.goo.gl/oNadKmXoFmk9e4Di9,Ci9DQUlRQUNvZENodHljRjlvT2twUVlXSjJVMEp2VlU5MFRpMUVWWFIzU1dabU4yYxAB,Hkeem Amri,https://www.google.com/maps/contrib/111596229976902023677/reviews?hl=en,3,3 weeks ago,,False,True,False,2026-09-25
P02,القرية الشعبية,الدمام,تراثي / ثقافي,https://maps.app.goo.gl/oNadKmXoFmk9e4Di9,Ci9DQUlRQUNvZENodHljRjlvT2kxYWQxTnVkRTg1ZDBFNWMxTjRja2xLYUdkQk5tYxAB,مرشدك المحلي المنطقه الشرقيه,https://www.google.com/maps/contrib/103950457559652712687/reviews?hl=en,5,4 weeks ago,"تجربة تراثية وأجواء شعبية أصيلة! 🌟
من أفضل الأماكن التي تعود بك لزمن الطيبين والأجواء التراثية الجميلة في الدمام. المكان واسع والمبنى مصمم بطابع تراثي مميز جداً.
الأكل: ممتازة ولذيذة جداً، جربنا المندي والكبسة، والأكل جاء حار وطازج مع تحضير متقن للنكهات الشعبية.
الخدمة: سريعة والعمالة متعاونة والتعامل راقي.
الأجواء: الجلسات الشعبية مريحة وتوفر خصوصية ممتازة للعوائل أو المجموعات.
مكان يستحق الزيارة والتكرار، وأنصح به بشدة لكل من يبحث عن الأكل الشعبي الأصيل في أجواء تراثية.",True,True,False,2026-09-25
P02,القرية الشعبية,الدمام,تراثي / ثقافي,https://maps.app.goo.gl/oNadKmXoFmk9e4Di9,Ci9DQUlRQUNvZENodHljRjlvT2tONll6ZFpUVGd3UlVGSVJuVnFSVE5TUVdodlFtYxAB,ثوبان بشارت,https://www.google.com/maps/contrib/105165720824052011700/reviews?hl=en,5,4 weeks ago,,False,True,False,2026-09-25
P02,القرية الشعبية,الدمام,تراثي / ثقافي,https://maps.app.goo.gl/oNadKmXoFmk9e4Di9,Ci9DQUlRQUNvZENodHljRjlvT2sxdlRXcG1aRU0yT1RZdGFsOUJZMGd0UVZCdWJYYxAB,علي الشواف,https://www.google.com/maps/contrib/105455786328662076284/reviews?hl=en,5,4 weeks ago,,False,True,False,2026-09-25
P02,القرية الشعبية,الدمام,تراثي / ثقافي,https://maps.app.goo.gl/oNadKmXoFmk9e4Di9,Ci9DQUlRQUNvZENodHljRjlvT25wa05pMWpjRTh0ZURkNFJETlhkR0pNZERSWGQyYxAB,فالح الشمري,https://www.google.com/maps/contrib/113753655544087923796/reviews?hl=en,5,4 weeks ago,حلوه,True,True,False,2026-09-25
P02,القرية الشعبية,الدمام,تراثي / ثقافي,https://maps.app.goo.gl/oNadKmXoFmk9e4Di9,Ci9DQUlRQUNvZENodHljRjlvT2xkdlNVOTNXV3BuUTJ3Mk16aE1Na2wyZFZFd1gyYxAB,حسام حسن,https://www.google.com/maps/contrib/104177919486129710229/reviews?hl=en,2,4 weeks ago,,False,True,False,2026-09-25
P02,القرية الشعبية,الدمام,تراثي / ثقافي,https://maps.app.goo.gl/oNadKmXoFmk9e4Di9,Ci9DQUlRQUNvZENodHljRjlvT204ek9HMUpSMkp3UjFGMGVuWmZiWGhDVERGcmFWRRAB,Bushra M.H,https://www.google.com/maps/contrib/101477886388686781115/reviews?hl=en,4,4 weeks ago,اجواء حلوه بس الاسعار سياحيه و مرتفعه,True,True,False,2026-09-25
P02,القرية الشعبية,الدمام,تراثي / ثقافي,https://maps.app.goo.gl/oNadKmXoFmk9e4Di9,Ci9DQUlRQUNvZENodHljRjlvT2kxaGREZHljSGh6ZFZaNWMzQnhRMHRZV0ZSUFEwRRAB,Rakibul islam Rokib (RAKIBUL ISLAM),https://www.google.com/maps/contrib/107917072680364522066/reviews?hl=en,5,a month ago,,False,True,False,2026-09-25
P02,القرية الشعبية,الدمام,تراثي / ثقافي,https://maps.app.goo.gl/oNadKmXoFmk9e4Di9,Ci9DQUlRQUNvZENodHljRjlvT25JeVEyZEZhbEJUUVdkRWFucFFRa3hDVDJNeWVuYxAB,شريف قديح,https://www.google.com/maps/contrib/109038062071465640070/reviews?hl=en,4,a month ago,تجربة رائعة ومثيرة  موقوع كوبون التذكرة ب ١٥ و عندهم ب ٢٠,True,True,False,2026-09-25
P02,القرية الشعبية,الدمام,تراثي / ثقافي,https://maps.app.goo.gl/oNadKmXoFmk9e4Di9,Ci9DQUlRQUNvZENodHljRjlvT210VGQybG5jVFpoZFROd05WUmxhMjVoV1dwWlZIYxAB,Asafa Bayan,https://www.google.com/maps/contrib/111677494544404144557/reviews?hl=en,5,a month ago,,False,True,False,2026-09-25
P02,القرية الشعبية,الدمام,تراثي / ثقافي,https://maps.app.goo.gl/oNadKmXoFmk9e4Di9,Ci9DQUlRQUNvZENodHljRjlvT25ndFRYQjRhbWswWDBOeGFrcG5UWGMwVjJKd04wRRAB,Native Guide,https://www.google.com/maps/contrib/106864215804571995700/reviews?hl=en,5,a month ago,,False,True,False,2026-09-25
P02,القرية الشعبية,الدمام,تراثي / ثقافي,https://maps.app.goo.gl/oNadKmXoFmk9e4Di9,Ci9DQUlRQUNvZENodHljRjlvT2toWU9YTk1ZMjVIUWtWaU9EaHVhM1F3WkZrNWExRRAB,Shakil Khandakar,https://www.google.com/maps/contrib/118258036767282599508/reviews?hl=en,4,a month ago,,False,True,False,2026-09-25
P02,القرية الشعبية,الدمام,تراثي / ثقافي,https://maps.app.goo.gl/oNadKmXoFmk9e4Di9,Ci9DQUlRQUNvZENodHljRjlvT21OWGJGZDRaMkZvWDI5Zk5UbFVZMkpTYkV0NWQzYxAB,Akram Bokhari,https://www.google.com/maps/contrib/106897146890538463968/reviews?hl=en,3,a month ago,"المكان حلو
الاسعار غاليه
طلبنا مقلوبه لحم غير مستوي اللحم
السمبوسه اللحمه مبرده ويقول طازجه
الجريش ساده ممتاز
شربه الجريش ساده ممتازه
تبوله ممتازه",True,True,False,2026-09-25
P02,القرية الشعبية,الدمام,تراثي / ثقافي,https://maps.app.goo.gl/oNadKmXoFmk9e4Di9,Ci9DQUlRQUNvZENodHljRjlvT21SNFVXVk1jalpWVjJFelpsWlVTVFZXT0VJd2JXYxAB,RADAH Jafar,https://www.google.com/maps/contrib/113771830895372639747/reviews?hl=en,5,a month ago,,False,True,False,2026-09-25
P02,القرية الشعبية,الدمام,تراثي / ثقافي,https://maps.app.goo.gl/oNadKmXoFmk9e4Di9,Ci9DQUlRQUNvZENodHljRjlvT2xoTGVETkNiV1U1TWxoVlZqUmtZMUZJUjI1WmJGRRAB,أبو عبد العزيز المنيف,https://www.google.com/maps/contrib/111969628787654015878/reviews?hl=en,3,a month ago,ليست المرة الأولى التي ازروها فرق في التطور والاهتمام ما شاء الله مكان نظيف ومعالم سياحي جميل ممكن تمر ساعات فيه دون أن تشعر ، لكن صدمة كثير بسعر الدخول ٢٠ ريال للفرد يعني صاحب العائلة ما يدري يحسب قيمة الوجبة أو الدخول ، مناسب أن يراعي حال المجموعات في ذلك ويكون لهم خصم خاص.,True,True,False,2026-09-25
P02,القرية الشعبية,الدمام,تراثي / ثقافي,https://maps.app.goo.gl/oNadKmXoFmk9e4Di9,Ci9DQUlRQUNvZENodHljRjlvT210WU5uZHNRMkpTT0VseU4xZzBlbFY2WDBSSGFGRRAB,ساجد مطير,https://www.google.com/maps/contrib/109860618564571255285/reviews?hl=en,5,a month ago,حلوووو وجميلح,True,True,False,2026-09-25
P02,القرية الشعبية,الدمام,تراثي / ثقافي,https://maps.app.goo.gl/oNadKmXoFmk9e4Di9,Ci9DQUlRQUNvZENodHljRjlvT2tRelQySlRhakZTTmw5ek4ybHZkR3BuUWpsVlVGRRAB,Lillian Blackford,https://www.google.com/maps/contrib/102838529692137235675/reviews?hl=en,5,a month ago,They allowed us to purchase water even though we didn't buy a ticket! They were very welcoming and thoughtful and even gave us cups!,False,True,False,2026-09-25
P02,القرية الشعبية,الدمام,تراثي / ثقافي,https://maps.app.goo.gl/oNadKmXoFmk9e4Di9,Ci9DQUlRQUNvZENodHljRjlvT21GclZUZHZObE5mY1ZsUlNuaGFTVTl5UmsxcVVWRRAB,Indhuja Rajan,https://www.google.com/maps/contrib/105913481694923873288/reviews?hl=en,5,a month ago,,False,True,False,2026-09-25
P02,القرية الشعبية,الدمام,تراثي / ثقافي,https://maps.app.goo.gl/oNadKmXoFmk9e4Di9,Ci9DQUlRQUNvZENodHljRjlvT25sek1ERlpjRTlZVEd4aVJXWktWVTVTWWxCcWMzYxAB,mesfer Il Fahad,https://www.google.com/maps/contrib/102267304373119926447/reviews?hl=en,3,a month ago,,False,True,False,2026-09-25
P02,القرية الشعبية,الدمام,تراثي / ثقافي,https://maps.app.goo.gl/oNadKmXoFmk9e4Di9,Ci9DQUlRQUNvZENodHljRjlvT25sSGFqWjVTVFpLYlZaNlRsTTVha1V3TWtaWlNVRRAB,‫المسافر ”‪sultan02‬‏“ ابن بطوطه‬‎,https://www.google.com/maps/contrib/102728139476644867805/reviews?hl=en,5,a month ago,,False,True,False,2026-09-25
P02,القرية الشعبية,الدمام,تراثي / ثقافي,https://maps.app.goo.gl/oNadKmXoFmk9e4Di9,ChZDSUhNMG9nS0VJQ0FnSUNxajZfb2VREAE,خالد الغامدي,https://www.google.com/maps/contrib/105244103209453291321/reviews?hl=en,5,Edited a month ago,ممتاز ولذيذ الطعم,True,True,False,2026-09-25
P02,القرية الشعبية,الدمام,تراثي / ثقافي,https://maps.app.goo.gl/oNadKmXoFmk9e4Di9,Ci9DQUlRQUNvZENodHljRjlvT21sZllreDNhamh6VEd4R1NUUm9iMHhvYlV4cVEyYxAB,Almaker 66,https://www.google.com/maps/contrib/115492018607887497510/reviews?hl=en,4,a month ago,اروح عشان الايسكريم طعمه حلو,True,True,False,2026-09-25
P02,القرية الشعبية,الدمام,تراثي / ثقافي,https://maps.app.goo.gl/oNadKmXoFmk9e4Di9,Ci9DQUlRQUNvZENodHljRjlvT2tFM2JXSnpVbFJJTFdWaGF6azRTRGR4YUVsTlZtYxAB,A A,https://www.google.com/maps/contrib/115127416905270933968/reviews?hl=en,1,a month ago,الدجاجه روشوها وحطوها فوق السليق على طول ويع ويع ويع وبخل لا صوص ولا سلطه ولاطعم فااااشل السليق فاشل ومقرف استغفرالله لوعة كبد وربي الهريس مكس دجاج ولحم من متى نسويه كذا !! والا بس اخبص اي كلام وعطهم,True,True,False,2026-09-25
P02,القرية الشعبية,الدمام,تراثي / ثقافي,https://maps.app.goo.gl/oNadKmXoFmk9e4Di9,Ci9DQUlRQUNvZENodHljRjlvT2xJM2EwTlBTVlZDVURaTVVUVktVRmhtVVdFelRtYxAB,Aydah ALNuaim,https://www.google.com/maps/contrib/109195785264374471677/reviews?hl=en,1,a month ago,"Tikes high ??? Only account hard copy for next time so strange system even though you provide your informations ? Not dedicated from your pill ? No response reason for the tickets , food  below normal not all available available?? Services below zero also communicated skills , environment not comfortable, A/C not working properly, service table damaged and old
Overalls v bad experience not recommended",False,True,False,2026-09-25
P02,القرية الشعبية,الدمام,تراثي / ثقافي,https://maps.app.goo.gl/oNadKmXoFmk9e4Di9,Ci9DQUlRQUNvZENodHljRjlvT2pKVmNrTjBURXQwVW5rMVdsSmtRall3TkZOU2FrRRAB,علي,https://www.google.com/maps/contrib/107378764849149395614/reviews?hl=en,5,a month ago,مكان حلو واستثنائي,True,True,False,2026-09-25
P02,القرية الشعبية,الدمام,تراثي / ثقافي,https://maps.app.goo.gl/oNadKmXoFmk9e4Di9,Ci9DQUlRQUNvZENodHljRjlvT2psNFJ6aFFMUzFmYkdseVdWY3RMV1pIZEZZd0xVRRAB,muhamed shafi,https://www.google.com/maps/contrib/107809258877794959166/reviews?hl=en,5,a month ago,,False,True,False,2026-09-25
P02,القرية الشعبية,الدمام,تراثي / ثقافي,https://maps.app.goo.gl/oNadKmXoFmk9e4Di9,Ci9DQUlRQUNvZENodHljRjlvT2xKTGRrZEhUV0pSVm00dFUwcHFXbHBLWVU5RU5HYxAB,Geetha Guru,https://www.google.com/maps/contrib/116042543209311938363/reviews?hl=en,5,a month ago,,False,True,False,2026-09-25
P02,القرية الشعبية,الدمام,تراثي / ثقافي,https://maps.app.goo.gl/oNadKmXoFmk9e4Di9,Ci9DQUlRQUNvZENodHljRjlvT2tsbU9YZDNaWHB3UjJORVdUSXpTbmhEWDFodGVtYxAB,ayyad alanze,https://www.google.com/maps/contrib/116135022019951563019/reviews?hl=en,4,a month ago,,False,True,False,2026-09-25
P02,القرية الشعبية,الدمام,تراثي / ثقافي,https://maps.app.goo.gl/oNadKmXoFmk9e4Di9,Ci9DQUlRQUNvZENodHljRjlvT2tVM1pHTnFOQzF1T1VkcmFtNU1jRFpqTjNKVU1IYxAB,محمد السهلي,https://www.google.com/maps/contrib/104038783138369462917/reviews?hl=en,5,a month ago,,False,True,False,2026-09-25
P02,القرية الشعبية,الدمام,تراثي / ثقافي,https://maps.app.goo.gl/oNadKmXoFmk9e4Di9,ChdDSUhNMG9nS0VJQ0FnSUN1aFptSHFnRRAB,هياء السبيعي,https://www.google.com/maps/contrib/102700441620325751721/reviews?hl=en,5,Edited a month ago,رائعه جدا,True,True,False,2026-09-25
P02,القرية الشعبية,الدمام,تراثي / ثقافي,https://maps.app.goo.gl/oNadKmXoFmk9e4Di9,Ci9DQUlRQUNvZENodHljRjlvT2tGc05sSmFZVFEwTTJSTlJtNU1RbnBzV1ZWNFkyYxAB,gh gh,https://www.google.com/maps/contrib/106808440442854455797/reviews?hl=en,5,a month ago,,False,True,False,2026-09-25
P02,القرية الشعبية,الدمام,تراثي / ثقافي,https://maps.app.goo.gl/oNadKmXoFmk9e4Di9,Ci9DQUlRQUNvZENodHljRjlvT2xSTVJGRmFRa05xZUd4VGEzUTJjalJ6VURKZlZXYxAB,saad alsultan,https://www.google.com/maps/contrib/113666685498492829152/reviews?hl=en,5,a month ago,,False,True,False,2026-09-25
P02,القرية الشعبية,الدمام,تراثي / ثقافي,https://maps.app.goo.gl/oNadKmXoFmk9e4Di9,Ci9DQUlRQUNvZENodHljRjlvT2xsQ1psazBVelpzTkdkRGJERmpNelZuT1hOWWJrRRAB,Bader Adel,https://www.google.com/maps/contrib/111731374584618202616/reviews?hl=en,5,a month ago,,False,True,False,2026-09-25
P02,القرية الشعبية,الدمام,تراثي / ثقافي,https://maps.app.goo.gl/oNadKmXoFmk9e4Di9,Ci9DQUlRQUNvZENodHljRjlvT2s1VGJpMWFURFpHTm1ZemRrZGpZamM1V0ZCcVlsRRAB,ابراهيم احمد,https://www.google.com/maps/contrib/101950193531691508906/reviews?hl=en,5,a month ago,مكان جميل جداً,True,True,False,2026-09-25
P02,القرية الشعبية,الدمام,تراثي / ثقافي,https://maps.app.goo.gl/oNadKmXoFmk9e4Di9,Ci9DQUlRQUNvZENodHljRjlvT2t0c04wVmhhWGhWUVVSTU1FdHBMVTloYjJ4MVJXYxAB,محمد الشهراني,https://www.google.com/maps/contrib/116323754276532620087/reviews?hl=en,5,a month ago,"القرية الشعبية عبارة عن مطعم في جميع الأكلات الشعبية على مستوى المملكة وفي أعلاه يوجد متحف
جميل واكله لذيذ",True,True,False,2026-09-25
P02,القرية الشعبية,الدمام,تراثي / ثقافي,https://maps.app.goo.gl/oNadKmXoFmk9e4Di9,Ci9DQUlRQUNvZENodHljRjlvT2xKeldTMTRTMDFTZUdvM1RERklka1JxYjBKdVVuYxAB,Sama Fuad,https://www.google.com/maps/contrib/109706077400344463349/reviews?hl=en,5,a month ago,ممتاز,True,True,False,2026-09-25
P02,القرية الشعبية,الدمام,تراثي / ثقافي,https://maps.app.goo.gl/oNadKmXoFmk9e4Di9,Ci9DQUlRQUNvZENodHljRjlvT2xkcFpESnphVzlVUVdKck1TMUVUVXB3U3kxb2JHYxAB,MOHAMMED ALSIR,https://www.google.com/maps/contrib/103160081001158192264/reviews?hl=en,5,a month ago,,False,True,False,2026-09-25
P02,القرية الشعبية,الدمام,تراثي / ثقافي,https://maps.app.goo.gl/oNadKmXoFmk9e4Di9,Ci9DQUlRQUNvZENodHljRjlvT21sTFRFVlhhR3h6VlVOWlVtdEtUbEUwUjA0NExWRRAB,Samsul Alom,https://www.google.com/maps/contrib/109886935084986660743/reviews?hl=en,5,a month ago,,False,True,False,2026-09-25
P02,القرية الشعبية,الدمام,تراثي / ثقافي,https://maps.app.goo.gl/oNadKmXoFmk9e4Di9,Ci9DQUlRQUNvZENodHljRjlvT20xTmFsZDNibXBYU1VkRWNuWlpNRnBRU0hjM2NWRRAB,amani khattb,https://www.google.com/maps/contrib/117016514127381428589/reviews?hl=en,5,a month ago,المطعم أكله طيب و الجلسة حلوة,True,True,False,2026-09-25
P02,القرية الشعبية,الدمام,تراثي / ثقافي,https://maps.app.goo.gl/oNadKmXoFmk9e4Di9,Ci9DQUlRQUNvZENodHljRjlvT213eWR6bHhaamN0UkdOb2RGSkVhMGs1ZG1wa1psRRAB,Marawan aldeb,https://www.google.com/maps/contrib/105105044004736379115/reviews?hl=en,5,a month ago,ما شاء الله شيء بلدي وجوده عاليه نشكر المعلم ناصر اليماني,True,True,False,2026-09-25
P02,القرية الشعبية,الدمام,تراثي / ثقافي,https://maps.app.goo.gl/oNadKmXoFmk9e4Di9,Ci9DQUlRQUNvZENodHljRjlvT20xaVZHdGZZWFp6VjB3NFl6TXRlVzlZVFRONllrRRAB,محارب الرويلي,https://www.google.com/maps/contrib/115124238787114066454/reviews?hl=en,5,a month ago,,False,True,False,2026-09-25
P02,القرية الشعبية,الدمام,تراثي / ثقافي,https://maps.app.goo.gl/oNadKmXoFmk9e4Di9,Ci9DQUlRQUNvZENodHljRjlvT2xCNFQzQlNjMDAxYlZwT1ZVdHhTR2czWDJ4UmNXYxAB,IBN SAUD ALHARBI,https://www.google.com/maps/contrib/116092124282750968365/reviews?hl=en,5,a month ago,,False,True,False,2026-09-25
P02,القرية الشعبية,الدمام,تراثي / ثقافي,https://maps.app.goo.gl/oNadKmXoFmk9e4Di9,Ci9DQUlRQUNvZENodHljRjlvT2tSWmNHdFNhbWRmZFVsRU4wRTBibFZYZVVOcFVtYxAB,Ahmad Al Haddad,https://www.google.com/maps/contrib/118245945893246187289/reviews?hl=en,4,a month ago,"المكان يحمل الطابع التراثي  ٢٠ ريال تذكرة دخول المتحف و المطعم
الهريس و المندي لذيذ",True,True,False,2026-09-25
P02,القرية الشعبية,الدمام,تراثي / ثقافي,https://maps.app.goo.gl/oNadKmXoFmk9e4Di9,Ci9DQUlRQUNvZENodHljRjlvT2sweE1VUmpZbUo1U0RGYVRsUmpWalU1WDNKZlNtYxAB,the lord_of_ksa,https://www.google.com/maps/contrib/117374089798319315875/reviews?hl=en,1,a month ago,العمال تغيروا صار يكلمك من طرف خشمه طبعا المطعم كفو وراعيه كفو لكن العمال سيئة والنظافة لك عليها والله على ما أقول شهيد وسلامتكم وارجوا من الله ثم من صاحب المطعم تقبل الكومنت بصدر رحب ويحاول يشوف وضع العماله  🌹,True,True,False,2026-09-25
P02,القرية الشعبية,الدمام,تراثي / ثقافي,https://maps.app.goo.gl/oNadKmXoFmk9e4Di9,Ci9DQUlRQUNvZENodHljRjlvT2twTVRXRlRhVkp3VDJSbWFGRndOV3g1YURZeE9HYxAB,Mohammed Khalifah,https://www.google.com/maps/contrib/100092551881187561603/reviews?hl=en,5,Edited a month ago,القرية الشعبية بالدمام ليست مجرد مكان للزيارة، بل رحلة جميلة تعيدك لسنوات مضت وتريك كيف كانت تفاصيل الحياة وكيف تغيرت مع الزمن. تنوع المقتنيات والأركان وطريقة عرض تراث مناطق المملكة جعلت التجربة ثرية وممتعة جدًا. وجهة سياحية مميزة تستحق الزيارة والتقدير، ومن الأماكن التي تترك ذكرى جميلة لدى الكبار والصغار.,True,True,False,2026-09-25
P02,القرية الشعبية,الدمام,تراثي / ثقافي,https://maps.app.goo.gl/oNadKmXoFmk9e4Di9,Ci9DQUlRQUNvZENodHljRjlvT2pWbVIyc3laR05WYTBWVlZtMW1Na28yV0ZremRXYxAB,Unofficial Harman gill,https://www.google.com/maps/contrib/100546407379868819211/reviews?hl=en,5,a month ago,Best place to visit staff also good,False,True,False,2026-09-25
P02,القرية الشعبية,الدمام,تراثي / ثقافي,https://maps.app.goo.gl/oNadKmXoFmk9e4Di9,Ci9DQUlRQUNvZENodHljRjlvT20xQlltMVdNMVZETVc1R0xTMTJaREpxTFZGWldHYxAB,shafi Aldossary,https://www.google.com/maps/contrib/102268395001015822028/reviews?hl=en,1,a month ago,جيت انا مع اهلي بنتغدا يقول ممنوع الجلوس بالغرف  الداخليه مع العلم اني زبون ودافع دخول واجلس محل ما ابي المفروض  مو يقول ممنوع او تجلس بالغرف العائليه وتخلي الباب مفتوح  تاكل والباب مفتوح ما ادري وش النظام الجديد ذا وين الخصوصيه للعوايل  ويقول نظام الاداره كذا المفروض يعلمني قبل ادفع تذاكر دخول  مو يدفعني ويخليني اجلس على كيفه,True,True,False,2026-09-25
P02,القرية الشعبية,الدمام,تراثي / ثقافي,https://maps.app.goo.gl/oNadKmXoFmk9e4Di9,Ci9DQUlRQUNvZENodHljRjlvT21GRmREZDVRek5GU1ZaNGIzRlpabmRoTWpWWFZFRRAB,Rashed Khan,https://www.google.com/maps/contrib/102427212843487696870/reviews?hl=en,5,a month ago,,False,True,False,2026-09-25
P02,القرية الشعبية,الدمام,تراثي / ثقافي,https://maps.app.goo.gl/oNadKmXoFmk9e4Di9,Ci9DQUlRQUNvZENodHljRjlvT2xKbFZGSlljbU54TVVaUk4wUjNWRkV0V0RoUlYwRRAB,Ishan Rashid,https://www.google.com/maps/contrib/110969976107253939136/reviews?hl=en,5,a month ago,"Amazing family experience. Ticket is SR 20 per person, but worth it",False,True,False,2026-09-25
P02,القرية الشعبية,الدمام,تراثي / ثقافي,https://maps.app.goo.gl/oNadKmXoFmk9e4Di9,Ci9DQUlRQUNvZENodHljRjlvT21KNVdVeGZSamhmV1ZsMk16VlpRMlJCZW5sM04xRRAB,Ahmed Alamri,https://www.google.com/maps/contrib/114574169053678528834/reviews?hl=en,5,a month ago,,False,True,False,2026-09-25
P02,القرية الشعبية,الدمام,تراثي / ثقافي,https://maps.app.goo.gl/oNadKmXoFmk9e4Di9,Ci9DQUlRQUNvZENodHljRjlvT213dFpGZHlTalpmVkVSVGFqVndWV1l6ZG1GeE9VRRAB,Ammar Bin Yahya,https://www.google.com/maps/contrib/112826903191370517252/reviews?hl=en,4,a month ago,,False,True,False,2026-09-25
P02,القرية الشعبية,الدمام,تراثي / ثقافي,https://maps.app.goo.gl/oNadKmXoFmk9e4Di9,Ci9DQUlRQUNvZENodHljRjlvT2xaWWVuUlBNRkpvWXpRMVpHaFhRVEJ0V1VkWlMyYxAB,m sul,https://www.google.com/maps/contrib/111928213723829027585/reviews?hl=en,5,a month ago,"متحف شعبي يستحق الزيارة
و يحوي مطعم شعبي",True,True,False,2026-09-25
P02,القرية الشعبية,الدمام,تراثي / ثقافي,https://maps.app.goo.gl/oNadKmXoFmk9e4Di9,Ci9DQUlRQUNvZENodHljRjlvT2kxWWR5MDBWM0ExY0ZWM1ZXTlpZV2xYWjAxNmNtYxAB,arif ahmed,https://www.google.com/maps/contrib/111770608326301500146/reviews?hl=en,5,a month ago,,False,True,False,2026-09-25
P02,القرية الشعبية,الدمام,تراثي / ثقافي,https://maps.app.goo.gl/oNadKmXoFmk9e4Di9,Ci9DQUlRQUNvZENodHljRjlvT2xnMlpYRXdNamR5VlZoSVVFbG5iM2hrYjNCemJVRRAB,Mahad Sajjad,https://www.google.com/maps/contrib/106688463100819094322/reviews?hl=en,4,a month ago,"A unique experience, there is an entry fee for the first time, 20 riyals per person, free for kids under 10. The fee doesn’t apply on the next visit on a weekday. The ambience is unmatched, a one of a kind cultural experience. The food was good and the prices were reasonable, though not extraordinary. The museum has a vast collection of historical artifacts and many vintage cars including the car of King Salman.",False,True,False,2026-09-25
P02,القرية الشعبية,الدمام,تراثي / ثقافي,https://maps.app.goo.gl/oNadKmXoFmk9e4Di9,Ci9DQUlRQUNvZENodHljRjlvT25aSWJXZEJZemR6TTBaWmNsSm9WMFJyT1hKSGEyYxAB,hesham mohamed,https://www.google.com/maps/contrib/116298850601071589056/reviews?hl=en,5,a month ago,,False,True,False,2026-09-25
P02,القرية الشعبية,الدمام,تراثي / ثقافي,https://maps.app.goo.gl/oNadKmXoFmk9e4Di9,Ci9DQUlRQUNvZENodHljRjlvT21veVlYUndkbk5IZVdjd1JqTnRTSGQzUWxKa1EyYxAB,عبدالرحمن المشعان,https://www.google.com/maps/contrib/101984875812897813124/reviews?hl=en,5,a month ago,,False,True,False,2026-09-25
P02,القرية الشعبية,الدمام,تراثي / ثقافي,https://maps.app.goo.gl/oNadKmXoFmk9e4Di9,Ci9DQUlRQUNvZENodHljRjlvT2pRNFdrZEhNSEozWlRSc1dUWnNkV1pwVHpsVVdsRRAB,Hassan Abbas,https://www.google.com/maps/contrib/113831978528406705243/reviews?hl=en,5,a month ago,حفاوت استقبال، متحف كان جدا جميل اخذنا جوله من ثم تعشينا سيرفس كان سريع وعماله مدربه وقمة في الادب وخدمة سريعة والاكل شعبي جريش وشوربات ومقبلات لذيذ وخفيف وحتى سعرهم جدا ممتاز مقابل خدمة.,True,True,False,2026-09-25
P02,القرية الشعبية,الدمام,تراثي / ثقافي,https://maps.app.goo.gl/oNadKmXoFmk9e4Di9,Ci9DQUlRQUNvZENodHljRjlvT2tRM1VFZG5UeTFwVkd3NGJuUnlaMnAzV1VsVk5sRRAB,Ramzi Ahmed,https://www.google.com/maps/contrib/117316930448972197954/reviews?hl=en,5,a month ago,أكله جميل ولكن سعره مرتفع,True,True,False,2026-09-25
P02,القرية الشعبية,الدمام,تراثي / ثقافي,https://maps.app.goo.gl/oNadKmXoFmk9e4Di9,Ci9DQUlRQUNvZENodHljRjlvT25kelpXRlRhMmh1UVRsMWIxVm5hMHhoTW5Nd1VFRRAB,Nora K,https://www.google.com/maps/contrib/109853639750452964783/reviews?hl=en,5,a month ago,المكان مره جميل وواسع الدخول برسوم فيه متحف رائع ومنظم وسوق شعبي واطلاله ع البحر,True,True,False,2026-09-25
P02,القرية الشعبية,الدمام,تراثي / ثقافي,https://maps.app.goo.gl/oNadKmXoFmk9e4Di9,ChdDSUhNMG9nS0VJQ0FnSUN1dzk3SzNRRRAB,ابو سطام,https://www.google.com/maps/contrib/107348590731130557404/reviews?hl=en,1,Edited a month ago,المطعم عادي,True,True,False,2026-09-25
P02,القرية الشعبية,الدمام,تراثي / ثقافي,https://maps.app.goo.gl/oNadKmXoFmk9e4Di9,Ci9DQUlRQUNvZENodHljRjlvT2t4b1pEVXpPV05EZDBrNVl6RTJia0p2VGxCSFoyYxAB,محمد بوجويسم,https://www.google.com/maps/contrib/115380189011329629978/reviews?hl=en,4,a month ago,"إلى الموظفه ندى في قسم السفري

أتقدم بخالص الشكر والتقدير للموظفة على ما تقدمه من مستوى متميز في التعامل مع الزبائن، وما تتمتع به من أسلوب راقٍ ومحترم يعكس صورة إيجابية ومشرّفة عن المنشأة.

تتميز الموظفة بحسن الاستقبال، والابتسامة الدائمة، واللباقة في الحديث، وسرعة الاستجابة لاحتياجات الزبائن، إضافة إلى حرصها الواضح على تقديم أفضل خدمة بكل اهتمام واحترام.🌹🌹🌹🌹",True,True,False,2026-09-25
P02,القرية الشعبية,الدمام,تراثي / ثقافي,https://maps.app.goo.gl/oNadKmXoFmk9e4Di9,Ci9DQUlRQUNvZENodHljRjlvT2w5SUxWa3hTSFpEUjFrNE9HaFdSVE5uZEdsemQwRRAB,majed alhmmadi,https://www.google.com/maps/contrib/106146456645654192321/reviews?hl=en,5,a month ago,,False,True,False,2026-09-25
P02,القرية الشعبية,الدمام,تراثي / ثقافي,https://maps.app.goo.gl/oNadKmXoFmk9e4Di9,Ci9DQUlRQUNvZENodHljRjlvT2xGYVFuWXlla05tZDFKRVlYTk5ia3hFY2t0UGEyYxAB,خالد,https://www.google.com/maps/contrib/113671865258562095345/reviews?hl=en,5,a month ago,الموظفة ندى تعاملها جدًا راقي مع العملاء، تحية شكر وعرفان,True,True,False,2026-09-25
P02,القرية الشعبية,الدمام,تراثي / ثقافي,https://maps.app.goo.gl/oNadKmXoFmk9e4Di9,Ci9DQUlRQUNvZENodHljRjlvT2tWSllpMUZhRGRyVFdwdVFXdzFlRFF4VmxoUmFuYxAB,Adnan Saleem,https://www.google.com/maps/contrib/112409408363272648869/reviews?hl=en,5,a month ago,,False,True,False,2026-09-25
P02,القرية الشعبية,الدمام,تراثي / ثقافي,https://maps.app.goo.gl/oNadKmXoFmk9e4Di9,Ci9DQUlRQUNvZENodHljRjlvT2pOVGNqZEJZVGc0WW5KTFRHZFRVbmxLZUdFMmFFRRAB,Shosh Gaziz,https://www.google.com/maps/contrib/101196209280583031161/reviews?hl=en,5,a month ago,,False,True,False,2026-09-25
P02,القرية الشعبية,الدمام,تراثي / ثقافي,https://maps.app.goo.gl/oNadKmXoFmk9e4Di9,Ci9DQUlRQUNvZENodHljRjlvT2pWdlpERklia0kyYTIxTFExWjJPRTFpYW1KeFVXYxAB,بوفارس بوفارس,https://www.google.com/maps/contrib/118391108478301594702/reviews?hl=en,5,a month ago,,False,True,False,2026-09-25
P02,القرية الشعبية,الدمام,تراثي / ثقافي,https://maps.app.goo.gl/oNadKmXoFmk9e4Di9,Ci9DQUlRQUNvZENodHljRjlvT21kSlVYWmFMVmxXU1ZsVldYUnZkVWxRTUhwTlkxRRAB,Wasfi al ismail,https://www.google.com/maps/contrib/100840098738546766917/reviews?hl=en,5,a month ago,,False,True,False,2026-09-25
P02,القرية الشعبية,الدمام,تراثي / ثقافي,https://maps.app.goo.gl/oNadKmXoFmk9e4Di9,Ci9DQUlRQUNvZENodHljRjlvT2poVk5rMVpaVkpmV0haSFJsQkxOSFk0VFVOeWIwRRAB,Abdulqawi Alyasery,https://www.google.com/maps/contrib/101642701167381140626/reviews?hl=en,5,a month ago,Very nice shopping,False,True,False,2026-09-25
P02,القرية الشعبية,الدمام,تراثي / ثقافي,https://maps.app.goo.gl/oNadKmXoFmk9e4Di9,Ci9DQUlRQUNvZENodHljRjlvT2pNMVZVaFNOR1pyVkRsR1ZFdGpTV2xxVkRsTmMxRRAB,Md Masud,https://www.google.com/maps/contrib/115672073926520694019/reviews?hl=en,5,a month ago,,False,True,False,2026-09-25
P02,القرية الشعبية,الدمام,تراثي / ثقافي,https://maps.app.goo.gl/oNadKmXoFmk9e4Di9,Ci9DQUlRQUNvZENodHljRjlvT2tsRVkxWmpWbWxDUjA1RVpWaGFhRW93WkdKNE9YYxAB,Abdulrahman Adil,https://www.google.com/maps/contrib/111016360859196249937/reviews?hl=en,5,a month ago,,False,True,False,2026-09-25
P02,القرية الشعبية,الدمام,تراثي / ثقافي,https://maps.app.goo.gl/oNadKmXoFmk9e4Di9,Ci9DQUlRQUNvZENodHljRjlvT25jd1JVSXhaRVkzUzBKTVRsUlNZVmx3VkhjMlYxRRAB,Kh_Dawah,https://www.google.com/maps/contrib/106625228590343995637/reviews?hl=en,5,a month ago,متميزة,True,True,False,2026-09-25
P02,القرية الشعبية,الدمام,تراثي / ثقافي,https://maps.app.goo.gl/oNadKmXoFmk9e4Di9,Ci9DQUlRQUNvZENodHljRjlvT2t4cVMybEdWRmxRWmpaUmVIaFBZbFphZFRSU00xRRAB,Mohanad Abdelrhem,https://www.google.com/maps/contrib/100330041948967187558/reviews?hl=en,5,a month ago,,False,True,False,2026-09-25
P02,القرية الشعبية,الدمام,تراثي / ثقافي,https://maps.app.goo.gl/oNadKmXoFmk9e4Di9,Ci9DQUlRQUNvZENodHljRjlvT21wNWFrNUZNMGh0TFhCa1EzTjBablF3ZVhkWlIzYxAB,هايف الدويش,https://www.google.com/maps/contrib/108569751710437229567/reviews?hl=en,1,a month ago,,False,True,False,2026-09-25
P02,القرية الشعبية,الدمام,تراثي / ثقافي,https://maps.app.goo.gl/oNadKmXoFmk9e4Di9,Ci9DQUlRQUNvZENodHljRjlvT2tVNWNERlNSalJ4V2xOTlJGOUVZbVpLYUdsRFJHYxAB,محمد الحمالي,https://www.google.com/maps/contrib/106775654723622741457/reviews?hl=en,3,a month ago,القرية الشعبية بالدمام الموقع جميل يدل على التراث الدخول للشخص ٢٠ ريال غير قيمة الاكل ما اقدر احكم عليه بجميع اطباقة لاني جربت فقط طبقين الربيان المشوي والمقلي بصراحة ما كان بالمستوى الي توقعته  ممكن احربة في اطباق أخرى واحكم عليه,True,True,False,2026-09-25
P02,القرية الشعبية,الدمام,تراثي / ثقافي,https://maps.app.goo.gl/oNadKmXoFmk9e4Di9,ChZDSUhNMG9nS0VJQ0FnSUNYXzZfRFVBEAE,Farooq Hassan,https://www.google.com/maps/contrib/117284643367678864222/reviews?hl=en,4,Edited a month ago,,False,True,False,2026-09-25
P02,القرية الشعبية,الدمام,تراثي / ثقافي,https://maps.app.goo.gl/oNadKmXoFmk9e4Di9,Ci9DQUlRQUNvZENodHljRjlvT2tvNGVsQmZVMmwwVVZSeVRYQkdTekZMYjBodmEyYxAB,Emad Anwer,https://www.google.com/maps/contrib/102366138217394909589/reviews?hl=en,5,a month ago,,False,True,False,2026-09-25
P02,القرية الشعبية,الدمام,تراثي / ثقافي,https://maps.app.goo.gl/oNadKmXoFmk9e4Di9,Ci9DQUlRQUNvZENodHljRjlvT25GQ1gzQkhiVVJ2ZGtGb09HUTVaV1ZHYzI5WVNFRRAB,Ali Alasiri,https://www.google.com/maps/contrib/108047721267721298781/reviews?hl=en,5,a month ago,,False,True,False,2026-09-25
P02,القرية الشعبية,الدمام,تراثي / ثقافي,https://maps.app.goo.gl/oNadKmXoFmk9e4Di9,Ci9DQUlRQUNvZENodHljRjlvT2xGZk1FWTFVUzFPYW0xV2IxUjJSRjlJTFRsMGRuYxAB,Kon,https://www.google.com/maps/contrib/115375414385273870672/reviews?hl=en,4,a month ago,مكان كبير وواسع جدا مناسب للعائلات يوجد متحف سيارات,True,True,False,2026-09-25
P02,القرية الشعبية,الدمام,تراثي / ثقافي,https://maps.app.goo.gl/oNadKmXoFmk9e4Di9,Ci9DQUlRQUNvZENodHljRjlvT201MlpIWlRTa2R6ZFZNNFowc3pkM0U0VnpSS05rRRAB,ABDULRHMAN,https://www.google.com/maps/contrib/101493652738770034101/reviews?hl=en,5,a month ago,,False,True,False,2026-09-25
P02,القرية الشعبية,الدمام,تراثي / ثقافي,https://maps.app.goo.gl/oNadKmXoFmk9e4Di9,Ci9DQUlRQUNvZENodHljRjlvT2xsV2RVVm1WVXhMUWpWWGFYWlRMVlIwVVRVM0xXYxAB,Koktail Kok,https://www.google.com/maps/contrib/106468127667339177866/reviews?hl=en,4,a month ago,,False,True,False,2026-09-25
P02,القرية الشعبية,الدمام,تراثي / ثقافي,https://maps.app.goo.gl/oNadKmXoFmk9e4Di9,Ci9DQUlRQUNvZENodHljRjlvT2xBMFNETm9kVlpwY25SelJtMW1MUzB5Wkd0RE0xRRAB,Imran Ali,https://www.google.com/maps/contrib/100717036076020771807/reviews?hl=en,1,a month ago,,False,True,False,2026-09-25
P02,القرية الشعبية,الدمام,تراثي / ثقافي,https://maps.app.goo.gl/oNadKmXoFmk9e4Di9,Ci9DQUlRQUNvZENodHljRjlvT2xwalpsVldOREpUWkhjNVZtdGxWakZJTXpGWmFYYxAB,Lu. Wi.,https://www.google.com/maps/contrib/116613290917929239159/reviews?hl=en,5,a month ago,"Nice, high culture personel. A multitude objects and artificals to view. Not crowded. Fantastically delicious dishes 😋",False,True,False,2026-09-25
P02,القرية الشعبية,الدمام,تراثي / ثقافي,https://maps.app.goo.gl/oNadKmXoFmk9e4Di9,Ci9DQUlRQUNvZENodHljRjlvT2xreU5VaG5lREZzYTNJeFJUVlBPRW94Y0ZsYWVFRRAB,ابوحمد الشماحي,https://www.google.com/maps/contrib/105219140720631990207/reviews?hl=en,4,a month ago,حلوه مره واجواء رائعه بس الاسعار فوق,True,True,False,2026-09-25
P02,القرية الشعبية,الدمام,تراثي / ثقافي,https://maps.app.goo.gl/oNadKmXoFmk9e4Di9,Ci9DQUlRQUNvZENodHljRjlvT21Wd04xZEtiR1k0T1RGVE56RlZhWEZ0UzJZemVHYxAB,Abood Alamoudi,https://www.google.com/maps/contrib/100755760438224098356/reviews?hl=en,5,a month ago,تجربة جميلة,True,True,False,2026-09-25
P02,القرية الشعبية,الدمام,تراثي / ثقافي,https://maps.app.goo.gl/oNadKmXoFmk9e4Di9,Ci9DQUlRQUNvZENodHljRjlvT21Kc1F6VklZbFJKTUhCM05VaExSbGh0VDFWTmNYYxAB,ابو نواف العامري,https://www.google.com/maps/contrib/111033419173507553153/reviews?hl=en,5,a month ago,,False,True,False,2026-09-25
P02,القرية الشعبية,الدمام,تراثي / ثقافي,https://maps.app.goo.gl/oNadKmXoFmk9e4Di9,Ci9DQUlRQUNvZENodHljRjlvT25SbVNFcFdRMVZ4TUZkTVdFOVdlbFpKVW5GRmFtYxAB,yiyuan wang,https://www.google.com/maps/contrib/106402553548951749473/reviews?hl=en,5,a month ago,,False,True,False,2026-09-25
P02,القرية الشعبية,الدمام,تراثي / ثقافي,https://maps.app.goo.gl/oNadKmXoFmk9e4Di9,Ci9DQUlRQUNvZENodHljRjlvT25wa1JFNXFaMDVGWjNwM1ZXazFURjlOUjFZMWVWRRAB,safyoo Ba-n,https://www.google.com/maps/contrib/111304103216949601747/reviews?hl=en,5,a month ago,,False,True,False,2026-09-25
P02,القرية الشعبية,الدمام,تراثي / ثقافي,https://maps.app.goo.gl/oNadKmXoFmk9e4Di9,Ci9DQUlRQUNvZENodHljRjlvT21GelVFRnRWMWhHTUY5R2QzSjNVVmd5ZDBGWmFWRRAB,Mohamed ALi,https://www.google.com/maps/contrib/112136201323808898911/reviews?hl=en,5,a month ago,بصراحه ممتاز,True,True,False,2026-09-25
P02,القرية الشعبية,الدمام,تراثي / ثقافي,https://maps.app.goo.gl/oNadKmXoFmk9e4Di9,Ci9DQUlRQUNvZENodHljRjlvT25wbGFIbDFMVFpVVHpkeFR6RkxZbXBWV1ZVNGFIYxAB,mokhtar abdull,https://www.google.com/maps/contrib/112515367336072793414/reviews?hl=en,4,Edited a month ago,,False,True,False,2026-09-25
P02,القرية الشعبية,الدمام,تراثي / ثقافي,https://maps.app.goo.gl/oNadKmXoFmk9e4Di9,Ci9DQUlRQUNvZENodHljRjlvT2twRWJESmlWazVZUTB3Mk0xODRaWGRCTFZSVlMzYxAB,جبرين الجبرين,https://www.google.com/maps/contrib/110066315279251092648/reviews?hl=en,4,a month ago,مكان جميل ولكن الجو حار ولا يوجد بطاقات تعريفه للمحتويات,True,True,False,2026-09-25
P02,القرية الشعبية,الدمام,تراثي / ثقافي,https://maps.app.goo.gl/oNadKmXoFmk9e4Di9,Ci9DQUlRQUNvZENodHljRjlvT21sUFdWOVVSVEptT1V3MFYzTk9ibTlQYm5RelRVRRAB,T.J. James,https://www.google.com/maps/contrib/110935269029009598291/reviews?hl=en,3,a month ago,,False,True,False,2026-09-25
P02,القرية الشعبية,الدمام,تراثي / ثقافي,https://maps.app.goo.gl/oNadKmXoFmk9e4Di9,Ci9DQUlRQUNvZENodHljRjlvT2tVMWRsQmZjazVIUTBNdFpuTmFZa0owYVZWU2MxRRAB,صالح ابراهيم,https://www.google.com/maps/contrib/110125183014350133979/reviews?hl=en,4,a month ago,,False,True,False,2026-09-25
P02,القرية الشعبية,الدمام,تراثي / ثقافي,https://maps.app.goo.gl/oNadKmXoFmk9e4Di9,Ci9DQUlRQUNvZENodHljRjlvT25GMUxXcGpSbTVuVTNGMmFXZFZaMEV4ZW5aUWNGRRAB,Wheelsgate2025,https://www.google.com/maps/contrib/112153998799895071201/reviews?hl=en,5,a month ago,فنانه جدا والاداره فنانين,True,True,False,2026-09-25
P02,القرية الشعبية,الدمام,تراثي / ثقافي,https://maps.app.goo.gl/oNadKmXoFmk9e4Di9,Ci9DQUlRQUNvZENodHljRjlvT2pKVlNrWTFjV05ZYjBaM1RtVk1OR2RTV21obVZrRRAB,Talib Ta,https://www.google.com/maps/contrib/108511926464508271243/reviews?hl=en,2,a month ago,,False,True,False,2026-09-25
P02,القرية الشعبية,الدمام,تراثي / ثقافي,https://maps.app.goo.gl/oNadKmXoFmk9e4Di9,Ci9DQUlRQUNvZENodHljRjlvT2pJd2RVUnJjRGh2UXpkZlUzRkRVa2hPT1ZwcE9IYxAB,Fahad Eid,https://www.google.com/maps/contrib/112341721588648650011/reviews?hl=en,1,a month ago,‏كنت بالأول وصل الطلب إلى العمل أما الآن علي بأن الطلب لم يصل المبلغ الذي هم يرغبون واكتساب به وهي قرابة الخمسة وعشرين ريال ولدي ما يثبت ذلك مطعم فاشل,True,True,False,2026-09-25
P02,القرية الشعبية,الدمام,تراثي / ثقافي,https://maps.app.goo.gl/oNadKmXoFmk9e4Di9,Ci9DQUlRQUNvZENodHljRjlvT2pWSldFUldVbDh5VkV4MmFWTTRNbkZYZFRWS1IwRRAB,Salem H99,https://www.google.com/maps/contrib/106536934426648865955/reviews?hl=en,4,a month ago,اصبحت افضل بعد التجديدات,True,True,False,2026-09-25
P02,القرية الشعبية,الدمام,تراثي / ثقافي,https://maps.app.goo.gl/oNadKmXoFmk9e4Di9,Ci9DQUlRQUNvZENodHljRjlvT2psM1UyMVpaMmxmWDBKQmFEQTBialJ3YkhWT1puYxAB,صالح الغامدي,https://www.google.com/maps/contrib/102167219644391072355/reviews?hl=en,5,a month ago,,False,True,False,2026-09-25
P02,القرية الشعبية,الدمام,تراثي / ثقافي,https://maps.app.goo.gl/oNadKmXoFmk9e4Di9,Ci9DQUlRQUNvZENodHljRjlvT2xSRWIxUTNlR1p6WkRod05VeE1lRWhyZUhkV2QzYxAB,BaShaR Abo SkaaR,https://www.google.com/maps/contrib/108271858447224323564/reviews?hl=en,5,a month ago,,False,True,False,2026-09-25
P02,القرية الشعبية,الدمام,تراثي / ثقافي,https://maps.app.goo.gl/oNadKmXoFmk9e4Di9,Ci9DQUlRQUNvZENodHljRjlvT2xwcmRGTkNiMkl4Y1VGcllVeEtkRnBwTm1rMVUyYxAB,noura alkj,https://www.google.com/maps/contrib/102754126333281825526/reviews?hl=en,5,a month ago,الاجواء والخدمه وكل حلوه يستحق الزياره,True,True,False,2026-09-25
P02,القرية الشعبية,الدمام,تراثي / ثقافي,https://maps.app.goo.gl/oNadKmXoFmk9e4Di9,Ci9DQUlRQUNvZENodHljRjlvT2xnM2VGVm1PVVozYmw5V2RrTTFjSFEwV1ZvNU4xRRAB,Bushra,https://www.google.com/maps/contrib/106486257056912704700/reviews?hl=en,5,a month ago,الاكل لذيذ ماشاء الله جربنا الهريس والجريش والمرقوق يستاهل التجربه وفيه متحف والمكان ماشاء الله كبير,True,True,False,2026-09-25
P02,القرية الشعبية,الدمام,تراثي / ثقافي,https://maps.app.goo.gl/oNadKmXoFmk9e4Di9,Ci9DQUlRQUNvZENodHljRjlvT21WcFprWm9TMkZKV25vMVpqSkpTelp4YTBGemNrRRAB,Abdullah Muharrag,https://www.google.com/maps/contrib/117286807042074902948/reviews?hl=en,4,a month ago,منطقة جميلة للتسوق والتجول وقضاء بعض الوقت الممتع في جو قديم يرد الحنين للماضي والبساطة مع دمج الأمور الحديثة,True,True,False,2026-09-25
P02,القرية الشعبية,الدمام,تراثي / ثقافي,https://maps.app.goo.gl/oNadKmXoFmk9e4Di9,Ci9DQUlRQUNvZENodHljRjlvT2tSNlptNDJTRXBYVUV4VWQxa3lOMjF6Y2pCYU9WRRAB,hash,https://www.google.com/maps/contrib/102238812566660541392/reviews?hl=en,4,a month ago,تجربة مليئة بالحنين للماضي .. الاكل كان لذيذ و السعر  معقول شكرا للنادل محبوب على الخدمة المميزة,True,True,False,2026-09-25
P02,القرية الشعبية,الدمام,تراثي / ثقافي,https://maps.app.goo.gl/oNadKmXoFmk9e4Di9,Ci9DQUlRQUNvZENodHljRjlvT2s5V01FSnNORjluWjI5dWQwVkdXalZNYURoV1lrRRAB,Anwar Alrowished,https://www.google.com/maps/contrib/106887780064366297179/reviews?hl=en,4,a month ago,"مطعم ممتاز
من ناخية تنوع الأطباق
ومن ناخية توفر الشاي و القهوة السعودية
ومن ناخية تنوع الجلسات ارضي و طاولات وغرف للعائلات
اما مايخص التكييف أنصح بفحص تكييف الغرفة اولا قبل الطلب لان بعضها لايعمل
تذاكر الدخول برسوم رمزيه تقدر تستخدمها لفتره اخرى للدخول مجانا
موقع القرية جدا ممتاز حيث انه يوجد على كورنيش الدمام و تتوفر المواقف للسيارات
القرية تحتوي على متحف للسيارات",True,True,False,2026-09-25
P02,القرية الشعبية,الدمام,تراثي / ثقافي,https://maps.app.goo.gl/oNadKmXoFmk9e4Di9,Ci9DQUlRQUNvZENodHljRjlvT25kVGJrODJkMHMzZG5NM2FqQlVlbWxxY2pFNGFIYxAB,abdullah alabbad,https://www.google.com/maps/contrib/108269718964040839907/reviews?hl=en,4,a month ago,,False,True,False,2026-09-25
P02,القرية الشعبية,الدمام,تراثي / ثقافي,https://maps.app.goo.gl/oNadKmXoFmk9e4Di9,Ci9DQUlRQUNvZENodHljRjlvT2pBeVdUQndOVWRmTkV3eFdGaHJlbEZ0Vm1KWU5VRRAB,azooz alshamrani,https://www.google.com/maps/contrib/112485772681246572439/reviews?hl=en,1,a month ago,فكرة ال ٢٠ ريال للشخص مستفزه وخاصة انها ماراح تسترجع من فيمة الفاتورة. وانا مو من اهل المنطقة عشان استفيد منها بعدين. الحركة منعتني من زيارتكم واراها مستفزه جداً.,True,True,False,2026-09-25
P02,القرية الشعبية,الدمام,تراثي / ثقافي,https://maps.app.goo.gl/oNadKmXoFmk9e4Di9,Ci9DQUlRQUNvZENodHljRjlvT25WTlluVlRVVFpNTFZwQmJqQmxRWFoxZWxjNU1uYxAB,Rami Thani,https://www.google.com/maps/contrib/116313686672384586212/reviews?hl=en,4,a month ago,,False,True,False,2026-09-25
P02,القرية الشعبية,الدمام,تراثي / ثقافي,https://maps.app.goo.gl/oNadKmXoFmk9e4Di9,Ci9DQUlRQUNvZENodHljRjlvT2tOR1lWcHdValpSUjNoU1IyeFJRbTlMYjNwaGNtYxAB,Fayaz Basha,https://www.google.com/maps/contrib/115434417717424124637/reviews?hl=en,1,a month ago,,False,True,False,2026-09-25
P02,القرية الشعبية,الدمام,تراثي / ثقافي,https://maps.app.goo.gl/oNadKmXoFmk9e4Di9,Ci9DQUlRQUNvZENodHljRjlvT25kNU5XeGZkbUY1TVVsdlJIQlhSVlV3VURSZlMwRRAB,John Joseph,https://www.google.com/maps/contrib/113499622235218026878/reviews?hl=en,4,a month ago,,False,True,False,2026-09-25
P02,القرية الشعبية,الدمام,تراثي / ثقافي,https://maps.app.goo.gl/oNadKmXoFmk9e4Di9,Ci9DQUlRQUNvZENodHljRjlvT21sTFZFaERlRWR6U1U5dWQwdzFXbmd3VG1wdWVuYxAB,عبدالله,https://www.google.com/maps/contrib/102771212925822116963/reviews?hl=en,5,a month ago,,False,True,False,2026-09-25
P02,القرية الشعبية,الدمام,تراثي / ثقافي,https://maps.app.goo.gl/oNadKmXoFmk9e4Di9,Ci9DQUlRQUNvZENodHljRjlvT210SmRFOVdka0p3UlZGTlgxUTFhMWxxVkZCVFZIYxAB,kunhi muhammed,https://www.google.com/maps/contrib/111520880818103178969/reviews?hl=en,4,a month ago,,False,True,False,2026-09-25
P02,القرية الشعبية,الدمام,تراثي / ثقافي,https://maps.app.goo.gl/oNadKmXoFmk9e4Di9,Ci9DQUlRQUNvZENodHljRjlvT25BMWFHTXlYMkV4VkZNMGRWbFlSR1kyU1MxVWNFRRAB,محمد العتيبي,https://www.google.com/maps/contrib/101000580609019339052/reviews?hl=en,5,a month ago,,False,True,False,2026-09-25
P02,القرية الشعبية,الدمام,تراثي / ثقافي,https://maps.app.goo.gl/oNadKmXoFmk9e4Di9,Ci9DQUlRQUNvZENodHljRjlvT201clgxVndWVEU1YldaWWR6SkhWRUl6TnpObFpIYxAB,Abdullah Almulla,https://www.google.com/maps/contrib/108366187440359929770/reviews?hl=en,1,a month ago,,False,True,False,2026-09-25
P02,القرية الشعبية,الدمام,تراثي / ثقافي,https://maps.app.goo.gl/oNadKmXoFmk9e4Di9,Ci9DQUlRQUNvZENodHljRjlvT21kMVozb3hXbFJHVldKSFFqZE1WR3hUVmpGR2FIYxAB,Lohan Husain,https://www.google.com/maps/contrib/103568993637893093416/reviews?hl=en,5,a month ago,very good restaurant 🙂 …,False,True,True,2026-09-25
P02,القرية الشعبية,الدمام,تراثي / ثقافي,https://maps.app.goo.gl/oNadKmXoFmk9e4Di9,Ci9DQUlRQUNvZENodHljRjlvT25WV2JHdzNNV04wTFRVM2FXSXljekZUU2sxTWFXYxAB,احمد محمد,https://www.google.com/maps/contrib/107241646359408862021/reviews?hl=en,5,a month ago,,False,True,False,2026-09-25
P02,القرية الشعبية,الدمام,تراثي / ثقافي,https://maps.app.goo.gl/oNadKmXoFmk9e4Di9,Ci9DQUlRQUNvZENodHljRjlvT2w5ME5XUXljRTVwVVZKUFJsb3dRMEo2WjBSbFNrRRAB,ع,https://www.google.com/maps/contrib/110173067984609329024/reviews?hl=en,3,a month ago,جميل ومرتب بس يعيبه الدخول ب تذكره 20 للشخص او تتوجه لمكان جانبي ريحته ليس جيده او تدفع الدخول لمكان النظيف والأسعار دبل مطاعم الأخرى ومشكله م تخصم من سعر الطلب لو الاسعار معقوله ممكن بس الاسعار مرتفعه,True,True,False,2026-09-25
P02,القرية الشعبية,الدمام,تراثي / ثقافي,https://maps.app.goo.gl/oNadKmXoFmk9e4Di9,Ci9DQUlRQUNvZENodHljRjlvT2tFd1REQmxlR1EzUjNkbGMzQlpTSFJhV210WlFVRRAB,Sultan Almansour,https://www.google.com/maps/contrib/104612503278967917451/reviews?hl=en,1,a month ago,رسوم اجبارية ع الدخول!,True,True,False,2026-09-25
P02,القرية الشعبية,الدمام,تراثي / ثقافي,https://maps.app.goo.gl/oNadKmXoFmk9e4Di9,Ci9DQUlRQUNvZENodHljRjlvT21sUmRWZHhWMjVoTUUxdGFsRjBRMFozWVc5b09IYxAB,Amr Samir,https://www.google.com/maps/contrib/117628291131957333435/reviews?hl=en,4,a month ago,Very Good design and filling your leave at the moment Zaman,False,True,False,2026-09-25
P02,القرية الشعبية,الدمام,تراثي / ثقافي,https://maps.app.goo.gl/oNadKmXoFmk9e4Di9,Ci9DQUlRQUNvZENodHljRjlvT25sNWVrNXhVMWxoY1hFMGNHdHJNemhYZFU1VlNYYxAB,عارف,https://www.google.com/maps/contrib/103135555671890943855/reviews?hl=en,3,a month ago,,False,True,False,2026-09-25
P02,القرية الشعبية,الدمام,تراثي / ثقافي,https://maps.app.goo.gl/oNadKmXoFmk9e4Di9,Ci9DQUlRQUNvZENodHljRjlvT214Q2NYcGZOVWsxY1UxdmFXcElNRzQ1V2xVeGVrRRAB,mohamad rasheed,https://www.google.com/maps/contrib/101076136792402267609/reviews?hl=en,5,a month ago,,False,True,False,2026-09-25
P02,القرية الشعبية,الدمام,تراثي / ثقافي,https://maps.app.goo.gl/oNadKmXoFmk9e4Di9,Ci9DQUlRQUNvZENodHljRjlvT2poNUxXeEJObWN0VDBoQ1UwSnBWbWRwT1RoVFJFRRAB,Khalid Abdullah,https://www.google.com/maps/contrib/117822430441687571808/reviews?hl=en,5,a month ago,,False,True,False,2026-09-25
P02,القرية الشعبية,الدمام,تراثي / ثقافي,https://maps.app.goo.gl/oNadKmXoFmk9e4Di9,Ci9DQUlRQUNvZENodHljRjlvT2pkTFEwbDZlVzFpVVhCMFRFZDVPRW94VVZnMFlsRRAB,Saad Aldihan,https://www.google.com/maps/contrib/112782454486763924559/reviews?hl=en,4,a month ago,,False,True,False,2026-09-25
P02,القرية الشعبية,الدمام,تراثي / ثقافي,https://maps.app.goo.gl/oNadKmXoFmk9e4Di9,Ci9DQUlRQUNvZENodHljRjlvT25KS1Zub3RPSGQyZW5wbFozRm1VVzgzZUVGc1IzYxAB,ابواحمد العيسائي,https://www.google.com/maps/contrib/115469322545887157877/reviews?hl=en,5,a month ago,,False,True,False,2026-09-25
P02,القرية الشعبية,الدمام,تراثي / ثقافي,https://maps.app.goo.gl/oNadKmXoFmk9e4Di9,Ci9DQUlRQUNvZENodHljRjlvT20xaGFHeE5aWFZ2YnpOV1lVRkJiSEZSTUhSYVVGRRAB,Fahad Ali,https://www.google.com/maps/contrib/106470902527850383059/reviews?hl=en,5,a month ago,,False,True,False,2026-09-25
P02,القرية الشعبية,الدمام,تراثي / ثقافي,https://maps.app.goo.gl/oNadKmXoFmk9e4Di9,Ci9DQUlRQUNvZENodHljRjlvT2poT2JVd3hkbTgyVDJ3MmQzbEdUM05XTlRreVFXYxAB,tariq -,https://www.google.com/maps/contrib/102360396469737296423/reviews?hl=en,5,a month ago,جميل جدا خاصه المتحف الوطني,True,True,False,2026-09-25
P02,القرية الشعبية,الدمام,تراثي / ثقافي,https://maps.app.goo.gl/oNadKmXoFmk9e4Di9,Ci9DQUlRQUNvZENodHljRjlvT25CQ1ZEVkRVVXMxT0VsV1ltbENORVJuUmtsNldXYxAB,RAHMAN BIN ISMAYIL,https://www.google.com/maps/contrib/116193223184475452911/reviews?hl=en,5,a month ago,,False,True,False,2026-09-25
P02,القرية الشعبية,الدمام,تراثي / ثقافي,https://maps.app.goo.gl/oNadKmXoFmk9e4Di9,Ci9DQUlRQUNvZENodHljRjlvT2xoNGRITk1NVFpJVWxVek1HaHBkMDQ1ZGpSUVgxRRAB,mathker alshafi,https://www.google.com/maps/contrib/105665995459060521483/reviews?hl=en,5,a month ago,,False,True,False,2026-09-25
P02,القرية الشعبية,الدمام,تراثي / ثقافي,https://maps.app.goo.gl/oNadKmXoFmk9e4Di9,Ci9DQUlRQUNvZENodHljRjlvT214aE4ySkNOak5hTFZKZmJGUkxRWHBTTjBkNVpWRRAB,Jawad Tanveer,https://www.google.com/maps/contrib/108669717967310908602/reviews?hl=en,5,2 months ago,Amazing Experience,False,True,False,2026-09-25
P02,القرية الشعبية,الدمام,تراثي / ثقافي,https://maps.app.goo.gl/oNadKmXoFmk9e4Di9,Ci9DQUlRQUNvZENodHljRjlvT2w5RFZtZERWaTFGUlRKNGNtRXhXRWxsUTA4elVtYxAB,zaid darweesh,https://www.google.com/maps/contrib/105958855448615111311/reviews?hl=en,4,2 months ago,المكان جميل و مهم و الكافيتيريا رائعة,True,True,False,2026-09-25
P02,القرية الشعبية,الدمام,تراثي / ثقافي,https://maps.app.goo.gl/oNadKmXoFmk9e4Di9,Ci9DQUlRQUNvZENodHljRjlvT2w5MVdVNWFiekZTYms5MVEwczNkbGhEV0VOSFZuYxAB,ابو عبدالله التميمي,https://www.google.com/maps/contrib/116703747866426345941/reviews?hl=en,5,2 months ago,,False,True,False,2026-09-25
P02,القرية الشعبية,الدمام,تراثي / ثقافي,https://maps.app.goo.gl/oNadKmXoFmk9e4Di9,Ci9DQUlRQUNvZENodHljRjlvT2taSFZWQkhWbGhXU1MxQmR6Wm9PR3czVEhaeVFrRRAB,sheilla hardini,https://www.google.com/maps/contrib/100743177139628510824/reviews?hl=en,5,2 months ago,"Great place to take guest and experience Saudi food. They have museum, traditional decoration from each province in Saudi Arabia, traditional garments to try and take pictures with. Welcomed gahwa with dates.
The restaurant is fabulous, Mr.Mahboon the staff made sure we had great service and delicious dishes to try.
My daughter who is visiting from Netherlands was very impressed with the whole experience.",False,True,False,2026-09-25
P02,القرية الشعبية,الدمام,تراثي / ثقافي,https://maps.app.goo.gl/oNadKmXoFmk9e4Di9,Ci9DQUlRQUNvZENodHljRjlvT2xOblRWRjFialpHU21oSmNuWkZha1ZRTW1ONVQyYxAB,Nur Aishah Ab Razak,https://www.google.com/maps/contrib/112300327557283884400/reviews?hl=en,3,2 months ago,"We had lunch of chicken mandi, chicken biryani and kebab at the indoor restaurant. I'd say the food is pretty good with generous portions.
The museum has a collection of antiques - old appliances like radios and typewriters, old coins, bank notes and stamps as well as weaponry and ceramics and leather goods.
We spent more time at the restaurant than at the museum. It'll take around 30mins on average to tour the museum.
I'd say skip this if you are short on time. But if you plan to have lunch here or just to skip the heat of the summer during the day, it's not a bad place to visit.",False,True,False,2026-09-25
P02,القرية الشعبية,الدمام,تراثي / ثقافي,https://maps.app.goo.gl/oNadKmXoFmk9e4Di9,Ci9DQUlRQUNvZENodHljRjlvT21jNVdXZDFjVGgzVFVWRFdXSjZRVUZmUlRsa1ZHYxAB,Naif Alabdullatif,https://www.google.com/maps/contrib/109195209091582183293/reviews?hl=en,5,2 months ago,,False,True,False,2026-09-25
P02,القرية الشعبية,الدمام,تراثي / ثقافي,https://maps.app.goo.gl/oNadKmXoFmk9e4Di9,Ci9DQUlRQUNvZENodHljRjlvT2xGSk9IQTNSWG80VjNoR2NYUkRPRGhqZDBsTE1IYxAB,نواف القطان,https://www.google.com/maps/contrib/114902143283144373879/reviews?hl=en,5,2 months ago,ممتاز,True,True,False,2026-09-25
P02,القرية الشعبية,الدمام,تراثي / ثقافي,https://maps.app.goo.gl/oNadKmXoFmk9e4Di9,Ci9DQUlRQUNvZENodHljRjlvT21kcGVEZFVibVJrY0ZwWVdYQnpXakUxVnpCcVkxRRAB,ياسين ياسين,https://www.google.com/maps/contrib/112886632810190310934/reviews?hl=en,5,2 months ago,مطعم عظمة والله يستحق الزيره ومعاودتها الاكل لا يعلى علية,True,True,False,2026-09-25
P02,القرية الشعبية,الدمام,تراثي / ثقافي,https://maps.app.goo.gl/oNadKmXoFmk9e4Di9,Ci9DQUlRQUNvZENodHljRjlvT2xCTFZFMTJSMVEyYm1KTFUxbzBVWE54VERKUlowRRAB,Emad Lafi,https://www.google.com/maps/contrib/118423449728188446259/reviews?hl=en,5,2 months ago,,False,True,False,2026-09-25
P02,القرية الشعبية,الدمام,تراثي / ثقافي,https://maps.app.goo.gl/oNadKmXoFmk9e4Di9,Ci9DQUlRQUNvZENodHljRjlvT2paNGJuaHBjWHAzTFdsYVIydEJMV3AyWWxvM09GRRAB,md hasan,https://www.google.com/maps/contrib/115026358055195728865/reviews?hl=en,5,2 months ago,,False,True,False,2026-09-25
P02,القرية الشعبية,الدمام,تراثي / ثقافي,https://maps.app.goo.gl/oNadKmXoFmk9e4Di9,Ci9DQUlRQUNvZENodHljRjlvT2s1MlgyaDVSMTlLTjA5ck5FcHpNbTVOVFZaWWRsRRAB,Naseer AL_Abdle,https://www.google.com/maps/contrib/114553629561244011734/reviews?hl=en,5,2 months ago,قريه مكتمله بكل التراث صراحه عمل جبار يشكرون عليه,True,True,False,2026-09-25
P02,القرية الشعبية,الدمام,تراثي / ثقافي,https://maps.app.goo.gl/oNadKmXoFmk9e4Di9,Ci9DQUlRQUNvZENodHljRjlvT2tKTlYzaG1iRVJGZEdsWmF6VnRiWGhsZEZKclpIYxAB,علي المجيدي,https://www.google.com/maps/contrib/118359596108597327660/reviews?hl=en,5,2 months ago,,False,True,False,2026-09-25
P02,القرية الشعبية,الدمام,تراثي / ثقافي,https://maps.app.goo.gl/oNadKmXoFmk9e4Di9,Ci9DQUlRQUNvZENodHljRjlvT25sU2JVOHdSMkZUUjNOTVdYVjFUMkYyVlRGQmFGRRAB,Hussam Sayyed,https://www.google.com/maps/contrib/108425242557129750133/reviews?hl=en,5,2 months ago,,False,True,False,2026-09-25
P02,القرية الشعبية,الدمام,تراثي / ثقافي,https://maps.app.goo.gl/oNadKmXoFmk9e4Di9,Ci9DQUlRQUNvZENodHljRjlvT201cE9ITlFkMUF5VWsxRmFVZG9WbTkyYWxSR1VXYxAB,Hadi Hussain,https://www.google.com/maps/contrib/107974093275448561515/reviews?hl=en,5,2 months ago,,False,True,False,2026-09-25
P02,القرية الشعبية,الدمام,تراثي / ثقافي,https://maps.app.goo.gl/oNadKmXoFmk9e4Di9,Ci9DQUlRQUNvZENodHljRjlvT2xFNFdVMXJUekpxZVhWME1IUkdVWFZwZURkU2NYYxAB,حسين طنطاوي,https://www.google.com/maps/contrib/114032944997491425932/reviews?hl=en,5,Edited 2 months ago,,False,True,False,2026-09-25
P02,القرية الشعبية,الدمام,تراثي / ثقافي,https://maps.app.goo.gl/oNadKmXoFmk9e4Di9,Ci9DQUlRQUNvZENodHljRjlvT2tVMFRHa3lRMUZUV0VOWVdXWnBiWEpWWVZwTlIwRRAB,عبدالله الشهري,https://www.google.com/maps/contrib/106097463162496884417/reviews?hl=en,5,2 months ago,,False,True,False,2026-09-25
P02,القرية الشعبية,الدمام,تراثي / ثقافي,https://maps.app.goo.gl/oNadKmXoFmk9e4Di9,Ci9DQUlRQUNvZENodHljRjlvT2xab1dEazNVV0Z3V1ZCNVFreEtja1JwU1V0YWVHYxAB,jaid Azami,https://www.google.com/maps/contrib/103533480658261469992/reviews?hl=en,5,2 months ago,,False,True,False,2026-09-25
P02,القرية الشعبية,الدمام,تراثي / ثقافي,https://maps.app.goo.gl/oNadKmXoFmk9e4Di9,Ci9DQUlRQUNvZENodHljRjlvT21OT2JWTldNME5rUjBkemVXUnRkR3BNVmpCSFNtYxAB,Mohamed Sharif,https://www.google.com/maps/contrib/111188400967510049314/reviews?hl=en,5,Edited 2 months ago,,False,True,False,2026-09-25
P02,القرية الشعبية,الدمام,تراثي / ثقافي,https://maps.app.goo.gl/oNadKmXoFmk9e4Di9,ChdDSUhNMG9nS0VJQ0FnSURMbWVia2xnRRAB,sameh samir,https://www.google.com/maps/contrib/111553274897399706469/reviews?hl=en,5,Edited 2 months ago,,False,True,False,2026-09-25
P02,القرية الشعبية,الدمام,تراثي / ثقافي,https://maps.app.goo.gl/oNadKmXoFmk9e4Di9,Ci9DQUlRQUNvZENodHljRjlvT2tWd01FMWlWSFJ4TWxveFNGSXRZV3BsTTBSSFUxRRAB,Syed Aamer,https://www.google.com/maps/contrib/112055371103716065240/reviews?hl=en,5,2 months ago,,False,True,False,2026-09-25
P02,القرية الشعبية,الدمام,تراثي / ثقافي,https://maps.app.goo.gl/oNadKmXoFmk9e4Di9,Ci9DQUlRQUNvZENodHljRjlvT25OQlJHVXhMVWgzWXpkdFNEUmlhR2x5VEVoblRWRRAB,احمد جمال,https://www.google.com/maps/contrib/108319133010666368790/reviews?hl=en,5,2 months ago,,False,True,False,2026-09-25
P02,القرية الشعبية,الدمام,تراثي / ثقافي,https://maps.app.goo.gl/oNadKmXoFmk9e4Di9,Ci9DQUlRQUNvZENodHljRjlvT21wUk9XNUxRMjVJUmxRd2RUTkdURkZRY0RWd05YYxAB,masood alhzbree,https://www.google.com/maps/contrib/101581156529694066970/reviews?hl=en,5,2 months ago,,False,True,False,2026-09-25
P02,القرية الشعبية,الدمام,تراثي / ثقافي,https://maps.app.goo.gl/oNadKmXoFmk9e4Di9,Ci9DQUlRQUNvZENodHljRjlvT2xwMVptdDVRV2x1VGpZM1gweFZUbkpOVkRGaFpIYxAB,Abdullah Alshehri,https://www.google.com/maps/contrib/116748060202406706658/reviews?hl=en,3,2 months ago,المكان جميل ولكن ينقصه اشياء كثيرة وتنشيط للاقسام اللي فيه و تنظيم فعاليات مستمره في المكان لان اغلب الايام مافيه احد وحرام مثل هالمكان ما ياخذ حقه وملاحظة من ناحية الأسعار مرتفعه حسيت اني في مطار,True,True,False,2026-09-25
P02,القرية الشعبية,الدمام,تراثي / ثقافي,https://maps.app.goo.gl/oNadKmXoFmk9e4Di9,Ci9DQUlRQUNvZENodHljRjlvT2xSeU5UUlBVV1YyWm0wMVkxRndNSFZGY0ZsSE1tYxAB,shadid,https://www.google.com/maps/contrib/107634084408008104705/reviews?hl=en,1,2 months ago,"سلامات الدخول بس للشخص ب٢٠ ريال
ما انصح فيه ابد الأكل ما يستاهل انك تدفع فيه ريال",True,True,False,2026-09-25
P02,القرية الشعبية,الدمام,تراثي / ثقافي,https://maps.app.goo.gl/oNadKmXoFmk9e4Di9,Ci9DQUlRQUNvZENodHljRjlvT2tWemFqTkVZMEpWYmxSdFNFdEZXbVExWnpsSVRuYxAB,Saad Al ghamdi,https://www.google.com/maps/contrib/111840549330244011071/reviews?hl=en,5,2 months ago,مجمع تراثي جميل,True,True,False,2026-09-25
P02,القرية الشعبية,الدمام,تراثي / ثقافي,https://maps.app.goo.gl/oNadKmXoFmk9e4Di9,Ci9DQUlRQUNvZENodHljRjlvT2xWUk5IUmlTM0phWWpkVVRHaEhRVXBrYVdwcmNXYxAB,ابو نواف,https://www.google.com/maps/contrib/116096400242986477679/reviews?hl=en,5,2 months ago,,False,True,False,2026-09-25
P02,القرية الشعبية,الدمام,تراثي / ثقافي,https://maps.app.goo.gl/oNadKmXoFmk9e4Di9,Ci9DQUlRQUNvZENodHljRjlvT25KRU0zbHVWV0ZvTVVGVWFqSnZWRE13TWxkT05HYxAB,Sniper,https://www.google.com/maps/contrib/107085918989005708516/reviews?hl=en,4,2 months ago,قريه شعبيه ومطعم ومتحف جميل بتنوع التحف  والسيارات في العصر السابق  👍🫶,True,True,False,2026-09-25
P02,القرية الشعبية,الدمام,تراثي / ثقافي,https://maps.app.goo.gl/oNadKmXoFmk9e4Di9,ChdDSUhNMG9nS0VJQ0FnSUNYMjlyUC1nRRAB,ابو درر القحطاني,https://www.google.com/maps/contrib/102537648023979535736/reviews?hl=en,4,Edited 2 months ago,,False,True,False,2026-09-25
P02,القرية الشعبية,الدمام,تراثي / ثقافي,https://maps.app.goo.gl/oNadKmXoFmk9e4Di9,Ci9DQUlRQUNvZENodHljRjlvT25ZMlEyVjFZa3R3WWtwVlJXRkNYME13VDBsUU5VRRAB,منتظر البصري,https://www.google.com/maps/contrib/100208970573750479826/reviews?hl=en,5,2 months ago,المطعم الاكل لذيذ جدا والمكان حلو وشعبي والمتحف حلو وموظف الاستقبال الللي عند بوابة الدخول ماشاء الله اخلاق ومحترم جدا اسلوبه حلو مع الزبون تشكرون على موظف الاستقبال والمكان مريح,True,True,False,2026-09-25
P02,القرية الشعبية,الدمام,تراثي / ثقافي,https://maps.app.goo.gl/oNadKmXoFmk9e4Di9,Ci9DQUlRQUNvZENodHljRjlvT21KWWRIVklaVGRMYlU5aVpHZENNbE5JUWtGMU1HYxAB,rajeev lalith,https://www.google.com/maps/contrib/100796228589276366774/reviews?hl=en,5,2 months ago,,False,True,False,2026-09-25
P02,القرية الشعبية,الدمام,تراثي / ثقافي,https://maps.app.goo.gl/oNadKmXoFmk9e4Di9,Ci9DQUlRQUNvZENodHljRjlvT2sxRVUzbFJOMDAxV21ndFZ6QlJhRjkyUlc1VGRWRRAB,Greenford Training Center - Gmail,https://www.google.com/maps/contrib/102997447020264192556/reviews?hl=en,5,2 months ago,,False,True,False,2026-09-25
P02,القرية الشعبية,الدمام,تراثي / ثقافي,https://maps.app.goo.gl/oNadKmXoFmk9e4Di9,Ci9DQUlRQUNvZENodHljRjlvT2xOeGNtOVZMVWhpUjFrM09EQmZTWEp1UWtOTWIxRRAB,احمد الغامدي,https://www.google.com/maps/contrib/116700091054689746279/reviews?hl=en,1,2 months ago,"- للاسف المستوى في تدني واسعارهم غالية جدا جدا الدخولية والاكل ، حتى المسؤل اظن اسمه حمزة طلبت اشوفه عشان اعطية ملاحظاتي وللاسف اعتذر عن مقابلني بحجة انه مشغول وقلت للاخوان انا باروح له في مكتبه فرفض المقابلة .
- بالنسبة للمطعم اغلب المنيو غير موجود حتى الببسي غير متوفر لديهم  .
- عندي فاتورة دخول لاربعة اشخاص رفضوا قبولها بحجة انها غير واضحة مع ان الخم واضح ولكن قالوا لازم ادفع من جديد  .",True,True,False,2026-09-25
P02,القرية الشعبية,الدمام,تراثي / ثقافي,https://maps.app.goo.gl/oNadKmXoFmk9e4Di9,Ci9DQUlRQUNvZENodHljRjlvT21wd2VVTlFNbUpyY2t0VlJXSjFSRFZmT0ZBeExXYxAB,نسرين 78,https://www.google.com/maps/contrib/106086180548390844128/reviews?hl=en,5,2 months ago,اكل شعبي لذيذ  عجبني محل ثراث  وقاعه مناسبات  أسعارها مناسبه,True,True,False,2026-09-25
P02,القرية الشعبية,الدمام,تراثي / ثقافي,https://maps.app.goo.gl/oNadKmXoFmk9e4Di9,Ci9DQUlRQUNvZENodHljRjlvT25KYU1HbE9iVEp1TlUxVWJXUk9SRnBGVW5kTGRGRRAB,Areej Mohammad,https://www.google.com/maps/contrib/103907842550331066327/reviews?hl=en,5,2 months ago,,False,True,False,2026-09-25
P02,القرية الشعبية,الدمام,تراثي / ثقافي,https://maps.app.goo.gl/oNadKmXoFmk9e4Di9,Ci9DQUlRQUNvZENodHljRjlvT2pkUE9VdGFXRkU0WkhabE4xQlFUbDg1YUZsQ05tYxAB,othman “‫الابتسامه صدقه‬‎” Zz,https://www.google.com/maps/contrib/116821583946255990461/reviews?hl=en,5,2 months ago,جبده,True,True,False,2026-09-25
P02,القرية الشعبية,الدمام,تراثي / ثقافي,https://maps.app.goo.gl/oNadKmXoFmk9e4Di9,Ci9DQUlRQUNvZENodHljRjlvT21ock9IRlNUa05xV1dzNVFXbFFRVmhPVTI5WldXYxAB,Megahed Hassn,https://www.google.com/maps/contrib/106180349062105465021/reviews?hl=en,3,2 months ago,,False,True,False,2026-09-25
P02,القرية الشعبية,الدمام,تراثي / ثقافي,https://maps.app.goo.gl/oNadKmXoFmk9e4Di9,Ci9DQUlRQUNvZENodHljRjlvT2tGdFYwbzJlRjlNVkV4VGFuSnRPREJ2VDBoblUzYxAB,Rami Al-Safaria,https://www.google.com/maps/contrib/113391153981136649546/reviews?hl=en,5,2 months ago,,False,True,False,2026-09-25
P02,القرية الشعبية,الدمام,تراثي / ثقافي,https://maps.app.goo.gl/oNadKmXoFmk9e4Di9,Ci9DQUlRQUNvZENodHljRjlvT2sxVGFIVnpWVTlaUmtwdlEwRm1TREJQYVY5M05IYxAB,moataz abdo,https://www.google.com/maps/contrib/101238147493372983022/reviews?hl=en,5,Edited 2 months ago,جميل جدا,True,True,False,2026-09-25
P02,القرية الشعبية,الدمام,تراثي / ثقافي,https://maps.app.goo.gl/oNadKmXoFmk9e4Di9,Ci9DQUlRQUNvZENodHljRjlvT25oQ09ITlFaMFJGWXpGTVpETmhhbWwwWnpKMVpsRRAB,FAGEER 1996,https://www.google.com/maps/contrib/101423605340935139720/reviews?hl=en,5,2 months ago,,False,True,False,2026-09-25
P02,القرية الشعبية,الدمام,تراثي / ثقافي,https://maps.app.goo.gl/oNadKmXoFmk9e4Di9,Ci9DQUlRQUNvZENodHljRjlvT25OeWQweEJTek51WTB0aU1XdG5XWGMyT1Y5aFQwRRAB,Mr.Abdulrahman KSA,https://www.google.com/maps/contrib/108087410491233128109/reviews?hl=en,1,2 months ago,هذا دخلته قبل خمس سنوات او اكثر كان جيد في الاكل والاطباق المميزه ولذه الطبخ ولاكن للاسف دخلته قبل يوم الاكل سيئ ولا يستساغ والجلسات سيئه وغير مريحه ومظلمه وايضا يرفضون طلوعك الى الطابق العلوي بحجه  التكيف  لا يعمل والسماعات مزعجه جدا والاسعار مرتفعه جدا جدا اسغلال واضح اما المتحف جيد واسعاره مقبوله لحد ما,True,True,False,2026-09-25
P02,القرية الشعبية,الدمام,تراثي / ثقافي,https://maps.app.goo.gl/oNadKmXoFmk9e4Di9,Ci9DQUlRQUNvZENodHljRjlvT2pKTlVsTndOM1JZWmw4d1lsbG9WMjV3VTA4elluYxAB,dakem almuttiri,https://www.google.com/maps/contrib/114783892041089818958/reviews?hl=en,5,2 months ago,,False,True,False,2026-09-25
P02,القرية الشعبية,الدمام,تراثي / ثقافي,https://maps.app.goo.gl/oNadKmXoFmk9e4Di9,Ci9DQUlRQUNvZENodHljRjlvT2tkelFWQjBja2RZVkdkME9HVm5Uekp2WHpoVFVIYxAB,wesam 132558,https://www.google.com/maps/contrib/118081146565714149725/reviews?hl=en,5,2 months ago,ممتاز👍🌹 …,True,True,True,2026-09-25
P02,القرية الشعبية,الدمام,تراثي / ثقافي,https://maps.app.goo.gl/oNadKmXoFmk9e4Di9,Ci9DQUlRQUNvZENodHljRjlvT2tOQk9XSmxURk5EUjFSWmFsbzFUalpyYldsUGNFRRAB,Mamunur Rashid,https://www.google.com/maps/contrib/105888950117926445532/reviews?hl=en,5,2 months ago,,False,True,False,2026-09-25
P02,القرية الشعبية,الدمام,تراثي / ثقافي,https://maps.app.goo.gl/oNadKmXoFmk9e4Di9,Ci9DQUlRQUNvZENodHljRjlvT2taS1JUVXRWRVpuTm1STGRYQkxiVFZIYjNNNU0xRRAB,Hasanain Sabah,https://www.google.com/maps/contrib/108058088205160964481/reviews?hl=en,5,2 months ago,,False,True,False,2026-09-25
P02,القرية الشعبية,الدمام,تراثي / ثقافي,https://maps.app.goo.gl/oNadKmXoFmk9e4Di9,Ci9DQUlRQUNvZENodHljRjlvT205RFkyeDFjRUoxVFdaRVowYzNjSEZEY0RkZk4yYxAB,خالد الـ خييلي,https://www.google.com/maps/contrib/100577404320598223779/reviews?hl=en,5,Edited 2 months ago,الصراحة هذا معلم أنصحكم فيه تبي من اجواء وتراث وكل شي حتى حلا ام علي ماشاءالله والله وعلى ما أقوله شهيد,True,True,False,2026-09-25
P02,القرية الشعبية,الدمام,تراثي / ثقافي,https://maps.app.goo.gl/oNadKmXoFmk9e4Di9,Ci9DQUlRQUNvZENodHljRjlvT25OT09ETjFkRlZWY1d4eE0zZEhkakpvVWpKTE5YYxAB,مندوب توصيل الشرقيه,https://www.google.com/maps/contrib/110464194210956194892/reviews?hl=en,5,2 months ago,,False,True,False,2026-09-25
P02,القرية الشعبية,الدمام,تراثي / ثقافي,https://maps.app.goo.gl/oNadKmXoFmk9e4Di9,Ci9DQUlRQUNvZENodHljRjlvT2w5b1gwbGxkSGhETURaek4xTnhUMnB4Y1RaT2IyYxAB,ام ريان,https://www.google.com/maps/contrib/108675781149404312849/reviews?hl=en,5,2 months ago,,False,True,False,2026-09-25
P02,القرية الشعبية,الدمام,تراثي / ثقافي,https://maps.app.goo.gl/oNadKmXoFmk9e4Di9,Ci9DQUlRQUNvZENodHljRjlvT2xsbmQzQlBkbk41VFdGdmRqWkxTR1kyWjBwWVdrRRAB,go go,https://www.google.com/maps/contrib/109159013745785637849/reviews?hl=en,5,2 months ago,,False,True,False,2026-09-25
P02,القرية الشعبية,الدمام,تراثي / ثقافي,https://maps.app.goo.gl/oNadKmXoFmk9e4Di9,Ci9DQUlRQUNvZENodHljRjlvT2tneGVrZHRSbTFRYVUxblpTMURTMDFMZFVWamEyYxAB,Ahmed Ahmed,https://www.google.com/maps/contrib/101110413951984869642/reviews?hl=en,5,2 months ago,,False,True,False,2026-09-25
P02,القرية الشعبية,الدمام,تراثي / ثقافي,https://maps.app.goo.gl/oNadKmXoFmk9e4Di9,Ci9DQUlRQUNvZENodHljRjlvT2xCb1UyNDNabDh6Y0UwdFZqRnFhVzFvVTNOS1NVRRAB,الطيب فضل السيد,https://www.google.com/maps/contrib/118161686786474646467/reviews?hl=en,3,2 months ago,عروض مذهله,True,True,False,2026-09-25
P02,القرية الشعبية,الدمام,تراثي / ثقافي,https://maps.app.goo.gl/oNadKmXoFmk9e4Di9,Ci9DQUlRQUNvZENodHljRjlvT2toNFgwaGlWM2hOVEhadFgyaDFlR3BxVjJWbk5WRRAB,Mohd Ahmad,https://www.google.com/maps/contrib/115724645616181654151/reviews?hl=en,5,2 months ago,,False,True,False,2026-09-25
P02,القرية الشعبية,الدمام,تراثي / ثقافي,https://maps.app.goo.gl/oNadKmXoFmk9e4Di9,Ci9DQUlRQUNvZENodHljRjlvT205dFVHaFRaMk4yTVUxb05tUTNaVXRZZWpWdFdHYxAB,abdullah alabdali,https://www.google.com/maps/contrib/111541565643435252256/reviews?hl=en,5,2 months ago,جميل المكان 👍🏽,True,True,False,2026-09-25
P02,القرية الشعبية,الدمام,تراثي / ثقافي,https://maps.app.goo.gl/oNadKmXoFmk9e4Di9,Ci9DQUlRQUNvZENodHljRjlvT2w5MmMzRXRZWGR6UVZoR2JqY3hNVmxqYUdzNVVrRRAB,Hanoonah,https://www.google.com/maps/contrib/113803842694613604835/reviews?hl=en,1,2 months ago,الدخله ب ٢٠ والمفروض يخلونها للاستخدام داخل المطعم والقهوه العربيه ب 35 ! غالي السعر,True,True,False,2026-09-25
P02,القرية الشعبية,الدمام,تراثي / ثقافي,https://maps.app.goo.gl/oNadKmXoFmk9e4Di9,ChZDSUhNMG9nS0VJQ0FnSUNxZ19TQ1lBEAE,alyaseenest al-yaseen,https://www.google.com/maps/contrib/103630152895918685425/reviews?hl=en,4,Edited 2 months ago,,False,True,False,2026-09-25
P02,القرية الشعبية,الدمام,تراثي / ثقافي,https://maps.app.goo.gl/oNadKmXoFmk9e4Di9,Ci9DQUlRQUNvZENodHljRjlvT25jeWJrVXRWV2xEWWtKRVFtUkZXWGQwTURGS1RYYxAB,Hasan Alzahrani,https://www.google.com/maps/contrib/104593781294667926113/reviews?hl=en,4,2 months ago,"Must visit place.
To be called Kingdom Heritage.
The outer building or castle structure represents different areas of the kingdom. Pay attention to the four corners of the castle. Inside is more spectacular. Each wing with its ally/rooms represents a region of the Kingdom in terms of design, colors and material.

Restaurant obtained World Guinness records in terms of size. Cuisine is traditional Saudi that visitors thrive for.

Museum collects manuscripts, artifacts, automobiles and more.
Heritage souk (market) is there as well.
They do have spaces to host VIPs , large delegation and  events.
Fantastic place to gain knowledge, feel culture and enjoy a nice meal.",False,True,False,2026-09-25
P02,القرية الشعبية,الدمام,تراثي / ثقافي,https://maps.app.goo.gl/oNadKmXoFmk9e4Di9,Ci9DQUlRQUNvZENodHljRjlvT213elZVcDBlVmxTTFZwRVZGbEVlVXM0Ym5ORFFXYxAB,Donnell,https://www.google.com/maps/contrib/116461647441656450115/reviews?hl=en,5,2 months ago,really neat spot if you want to see traditional saudi culture all in one building. the collection of old coins and cameras is huge and you can spend an hour just looking at details. lighting inside the museum rooms is kind of dim though so half my photos came out blurry,False,True,False,2026-09-25
P02,القرية الشعبية,الدمام,تراثي / ثقافي,https://maps.app.goo.gl/oNadKmXoFmk9e4Di9,Ci9DQUlRQUNvZENodHljRjlvT2taZlVXbFpaRWxGVlhKZmMwaFZRVGQxU0RSc2IzYxAB,ابوخالد الغ,https://www.google.com/maps/contrib/106781880629026526819/reviews?hl=en,5,2 months ago,,False,True,False,2026-09-25
P02,القرية الشعبية,الدمام,تراثي / ثقافي,https://maps.app.goo.gl/oNadKmXoFmk9e4Di9,Ci9DQUlRQUNvZENodHljRjlvT2pKdGVpMUpSbU01VmpCNVVrTnNYMWhuVTAxM09HYxAB,عثمان محمد,https://www.google.com/maps/contrib/114940163706051089756/reviews?hl=en,5,2 months ago,"مطعم القرية يعتبر من اكبر المطاعم المغلقه
نظافة + ترتيب + يوجود رسوم 20 لشخص البالغ والأطفال الاقل من 10 سنوات مجان

ويوجد مجالس و غرفة جميع المقاسات
والاكل طيب والاسعار شبه مرتفعه تجربه جيده",True,True,False,2026-09-25
P02,القرية الشعبية,الدمام,تراثي / ثقافي,https://maps.app.goo.gl/oNadKmXoFmk9e4Di9,Ci9DQUlRQUNvZENodHljRjlvT21SMGFrZHBhRkp1WVZsZlIzQm5jM1pUZEdkRGFWRRAB,بدر ابراهيم,https://www.google.com/maps/contrib/113357358672367174032/reviews?hl=en,5,2 months ago,,False,True,False,2026-09-25
P02,القرية الشعبية,الدمام,تراثي / ثقافي,https://maps.app.goo.gl/oNadKmXoFmk9e4Di9,Ci9DQUlRQUNvZENodHljRjlvT21oNlVrVjJSR0o0TVUwMWRDMTBWbGhCZVZKV1pYYxAB,Abu Ahmmed,https://www.google.com/maps/contrib/107365862451350721980/reviews?hl=en,5,2 months ago,,False,True,False,2026-09-25
P02,القرية الشعبية,الدمام,تراثي / ثقافي,https://maps.app.goo.gl/oNadKmXoFmk9e4Di9,Ci9DQUlRQUNvZENodHljRjlvT2xVMWJrUm5TakY0Ym10Sk5HSjBiRTFQUTBoU1IzYxAB,Karen Koppenaal,https://www.google.com/maps/contrib/103109966942891372670/reviews?hl=en,5,2 months ago,I was fortunate to be invited to the Heritage Village and it’s a wonderful experience and something not to be missed.  The cultural tour taught me much about Saudi culture and the food and company was very good. Maboob served us so well and I would definitely recommend that you visit the Heritage Village.,False,True,False,2026-09-25
P02,القرية الشعبية,الدمام,تراثي / ثقافي,https://maps.app.goo.gl/oNadKmXoFmk9e4Di9,Ci9DQUlRQUNvZENodHljRjlvT2t4MGFtazNTRU5ZUzFkeWNFWkZaSGhYYkZKTVVrRRAB,نبيل الماخذي,https://www.google.com/maps/contrib/117480576345098391490/reviews?hl=en,2,2 months ago,,False,True,False,2026-09-25
P02,القرية الشعبية,الدمام,تراثي / ثقافي,https://maps.app.goo.gl/oNadKmXoFmk9e4Di9,Ci9DQUlRQUNvZENodHljRjlvT2xOZllWQnVPRjl2WHpFeGRIcGlSVGxrUzJSTlJFRRAB,سمير الحُريري,https://www.google.com/maps/contrib/106207852254772333141/reviews?hl=en,5,2 months ago,,False,True,False,2026-09-25
P02,القرية الشعبية,الدمام,تراثي / ثقافي,https://maps.app.goo.gl/oNadKmXoFmk9e4Di9,Ci9DQUlRQUNvZENodHljRjlvT2xweFExVXlabTl3ZFVRNWVGUnVhRXRXYzNRMVYyYxAB,عبدالرحمن بو مروان,https://www.google.com/maps/contrib/110357244918853122518/reviews?hl=en,5,2 months ago,,False,True,False,2026-09-25
P02,القرية الشعبية,الدمام,تراثي / ثقافي,https://maps.app.goo.gl/oNadKmXoFmk9e4Di9,Ci9DQUlRQUNvZENodHljRjlvT210MmVVWkZaaTAyUm5kZmRXeHNNVEJRTjBkQlVIYxAB,ابراهيم القحطاني,https://www.google.com/maps/contrib/108616931239244463874/reviews?hl=en,5,2 months ago,,False,True,False,2026-09-25
P02,القرية الشعبية,الدمام,تراثي / ثقافي,https://maps.app.goo.gl/oNadKmXoFmk9e4Di9,Ci9DQUlRQUNvZENodHljRjlvT25ONlVEZDBSelJGZEhGSGMxOTBOa0phVmtKV1UwRRAB,Abdullah Ibrahim,https://www.google.com/maps/contrib/108027636084002286831/reviews?hl=en,5,2 months ago,قاعه الزواجات ممتازه ولاكن عيبها المواقف خاصه في ايام الاجازات,True,True,False,2026-09-25
P02,القرية الشعبية,الدمام,تراثي / ثقافي,https://maps.app.goo.gl/oNadKmXoFmk9e4Di9,Ci9DQUlRQUNvZENodHljRjlvT2sxQlVrdEtTekpuTlhSb1dHZHRSVWRSYm1KYVgwRRAB,IBM,https://www.google.com/maps/contrib/107730159463004195301/reviews?hl=en,5,2 months ago,,False,True,False,2026-09-25
P02,القرية الشعبية,الدمام,تراثي / ثقافي,https://maps.app.goo.gl/oNadKmXoFmk9e4Di9,Ci9DQUlRQUNvZENodHljRjlvT2xCclEwNWpZMWhuUVc1bFZWcEtaa05KU0dkdGNWRRAB,محمود ربيع,https://www.google.com/maps/contrib/114265496269675794634/reviews?hl=en,5,2 months ago,,False,True,False,2026-09-25
P02,القرية الشعبية,الدمام,تراثي / ثقافي,https://maps.app.goo.gl/oNadKmXoFmk9e4Di9,Ci9DQUlRQUNvZENodHljRjlvT2paemVHTmxVVkZqZUZSaFQyZG5ObTh3UlhwdlpVRRAB,mahmoud Abdelbaki,https://www.google.com/maps/contrib/101519494724801280600/reviews?hl=en,5,2 months ago,,False,True,False,2026-09-25
P02,القرية الشعبية,الدمام,تراثي / ثقافي,https://maps.app.goo.gl/oNadKmXoFmk9e4Di9,ChZDSUhNMG9nS0VJQ0FnSURQN1ktUU1REAE,د. عدلي الغزالي,https://www.google.com/maps/contrib/116651895844985015878/reviews?hl=en,5,Edited 2 months ago,مكان جمبل,True,True,False,2026-09-25
P02,القرية الشعبية,الدمام,تراثي / ثقافي,https://maps.app.goo.gl/oNadKmXoFmk9e4Di9,Ci9DQUlRQUNvZENodHljRjlvT21zM2FsOVRjMnBsVFZneE9XcDBabmgyZFRJMVFYYxAB,احمد فهد الشغدري,https://www.google.com/maps/contrib/101021102924964609006/reviews?hl=en,5,2 months ago,,False,True,False,2026-09-25
P02,القرية الشعبية,الدمام,تراثي / ثقافي,https://maps.app.goo.gl/oNadKmXoFmk9e4Di9,Ci9DQUlRQUNvZENodHljRjlvT2tkMk5GaDNTVTV1YzFocFkydEVOWFJFZW5wa1VVRRAB,Aum Sultan,https://www.google.com/maps/contrib/105527276541868997176/reviews?hl=en,4,2 months ago,المكان جميل وهادئ سعر الماء مبالغ فيه جدا,True,True,False,2026-09-25
P02,القرية الشعبية,الدمام,تراثي / ثقافي,https://maps.app.goo.gl/oNadKmXoFmk9e4Di9,Ci9DQUlRQUNvZENodHljRjlvT2xCR1ZHNDVaSFI2YkRGRVFuUlphQzFNTjNkVWNuYxAB,A 8,https://www.google.com/maps/contrib/100850172279501597021/reviews?hl=en,4,2 months ago,,False,True,False,2026-09-25
P02,القرية الشعبية,الدمام,تراثي / ثقافي,https://maps.app.goo.gl/oNadKmXoFmk9e4Di9,Ci9DQUlRQUNvZENodHljRjlvT21sd09VZE9lbkJ1VkRSV1FVVjNUelpUV0dGR2RYYxAB,Mohamed Mohamed,https://www.google.com/maps/contrib/101619672197300674003/reviews?hl=en,5,2 months ago,,False,True,False,2026-09-25
P02,القرية الشعبية,الدمام,تراثي / ثقافي,https://maps.app.goo.gl/oNadKmXoFmk9e4Di9,Ci9DQUlRQUNvZENodHljRjlvT21sVk4wVTVRWGR2VXpKWGVUaHdOM0J0Ym0wM0xYYxAB,Salah Al-Hejjei,https://www.google.com/maps/contrib/103131775314030926916/reviews?hl=en,4,2 months ago,مطعم ومكان  تراثي جميل يعود بك الزمن الى سنوات ماقبل النفط,True,True,False,2026-09-25
P02,القرية الشعبية,الدمام,تراثي / ثقافي,https://maps.app.goo.gl/oNadKmXoFmk9e4Di9,Ci9DQUlRQUNvZENodHljRjlvT2w5MlkzZHplVGgyT1hCM2NGQkpkRTFzWlhZd1IyYxAB,anas alraien,https://www.google.com/maps/contrib/106101567474198802667/reviews?hl=en,5,2 months ago,,False,True,False,2026-09-25
P02,القرية الشعبية,الدمام,تراثي / ثقافي,https://maps.app.goo.gl/oNadKmXoFmk9e4Di9,Ci9DQUlRQUNvZENodHljRjlvT2pOR2FuUjNhRm81ZGtKSU16SjBhVXRNVEZOaFEwRRAB,Saad Al-Shammari,https://www.google.com/maps/contrib/115030559057158597949/reviews?hl=en,4,2 months ago,الاجواء جميله داله المتحف والاكل جيد جدا,True,True,False,2026-09-25
P02,القرية الشعبية,الدمام,تراثي / ثقافي,https://maps.app.goo.gl/oNadKmXoFmk9e4Di9,Ci9DQUlRQUNvZENodHljRjlvT25oblNXbGxlRlF6Umw5aU5WZFFhbkl4UlZKVFltYxAB,SAAD ALOTAIBI,https://www.google.com/maps/contrib/106940123081169328085/reviews?hl=en,5,2 months ago,,False,True,False,2026-09-25
P02,القرية الشعبية,الدمام,تراثي / ثقافي,https://maps.app.goo.gl/oNadKmXoFmk9e4Di9,Ci9DQUlRQUNvZENodHljRjlvT25SU2JEUTRUMUF6VTNFMVNXVkhjVE5HVWpjd1ZYYxAB,الحسين اليامي,https://www.google.com/maps/contrib/106300584000258743328/reviews?hl=en,5,2 months ago,,False,True,False,2026-09-25
P02,القرية الشعبية,الدمام,تراثي / ثقافي,https://maps.app.goo.gl/oNadKmXoFmk9e4Di9,Ci9DQUlRQUNvZENodHljRjlvT2preFFVVmtiVTlrZUVOeWRUQkpOelIxYkVaZk1uYxAB,م المري,https://www.google.com/maps/contrib/103808492276634999311/reviews?hl=en,1,2 months ago,"للاسف اني بترك تعليق عكس المتوقع

المكان سيء من ناحية الخدمة

والاسعار

ولا انسى سعر الدخول !

ولا يسعني الا ان اشكر عبدالرحمن الشمري على حسن الاستقبال عند البوابه !",True,True,False,2026-09-25
P02,القرية الشعبية,الدمام,تراثي / ثقافي,https://maps.app.goo.gl/oNadKmXoFmk9e4Di9,Ci9DQUlRQUNvZENodHljRjlvT201UllUaG5TM1pmT1VoVkxWRlJSMWxaZVZZM1ZtYxAB,M-aziz86,https://www.google.com/maps/contrib/106402863682590385702/reviews?hl=en,5,2 months ago,,False,True,False,2026-09-25
P02,القرية الشعبية,الدمام,تراثي / ثقافي,https://maps.app.goo.gl/oNadKmXoFmk9e4Di9,Ci9DQUlRQUNvZENodHljRjlvT2tSVWFraElkRGxoUTFKNmRWWkZNV1E0TjFGUVRWRRAB,Reck Andao,https://www.google.com/maps/contrib/108839485181157798112/reviews?hl=en,5,2 months ago,Good place,False,True,False,2026-09-25
P02,القرية الشعبية,الدمام,تراثي / ثقافي,https://maps.app.goo.gl/oNadKmXoFmk9e4Di9,Ci9DQUlRQUNvZENodHljRjlvT2psSGNGTXliMGgwWkY5U2NtbDJYMDVaUVRjMGQzYxAB,mobarak mohmmed,https://www.google.com/maps/contrib/113366477340964136513/reviews?hl=en,5,2 months ago,,False,True,False,2026-09-25
P02,القرية الشعبية,الدمام,تراثي / ثقافي,https://maps.app.goo.gl/oNadKmXoFmk9e4Di9,Ci9DQUlRQUNvZENodHljRjlvT25ZNVpHVTRXR3BDUmt4VlNVeFZaa0ZWV0d4VWEyYxAB,وليد الشمري,https://www.google.com/maps/contrib/112255005273075542298/reviews?hl=en,5,2 months ago,القرية الشعبيه هو بالأساس مطعم رز وبالدور الثاني مسوي متحف يضم سيارات كلاسيكيه ونوادر مثل عملات و اسلحه قديمه واكثر من شي بتستمتع في زيارتك ل المكان اول مره دخول بعشرين ريال ل الشخص الواحد والمره الثانيه احتفظ في الفاتوره وتدخل مجاني يستحق التجربه,True,True,False,2026-09-25
P02,القرية الشعبية,الدمام,تراثي / ثقافي,https://maps.app.goo.gl/oNadKmXoFmk9e4Di9,Ci9DQUlRQUNvZENodHljRjlvT2kxalJGVmZaMUp3V2psM2VuVTRVRnBhVVhodU5YYxAB,خموس البطل,https://www.google.com/maps/contrib/104901601405526567193/reviews?hl=en,5,2 months ago,,False,True,False,2026-09-25
P02,القرية الشعبية,الدمام,تراثي / ثقافي,https://maps.app.goo.gl/oNadKmXoFmk9e4Di9,Ci9DQUlRQUNvZENodHljRjlvT21WVWFUVkpZVEJ2UkRGTE9GbExlVFpCVjNwTk9FRRAB,Danah Alhasan,https://www.google.com/maps/contrib/112354262683988104253/reviews?hl=en,5,2 months ago,,False,True,False,2026-09-25
P02,القرية الشعبية,الدمام,تراثي / ثقافي,https://maps.app.goo.gl/oNadKmXoFmk9e4Di9,Ci9DQUlRQUNvZENodHljRjlvT20xU2FUaGhaa2N4VDFvNWJWcHNWM05OVFd0eWJsRRAB,Aysha Shahid (AshuAli),https://www.google.com/maps/contrib/115402386306320195301/reviews?hl=en,5,2 months ago,,False,True,False,2026-09-25
P02,القرية الشعبية,الدمام,تراثي / ثقافي,https://maps.app.goo.gl/oNadKmXoFmk9e4Di9,Ci9DQUlRQUNvZENodHljRjlvT2s1MVRUaDZZbmMwZG1KbVUxQTVhblo1WkROVmRrRRAB,Lovely Reemaa,https://www.google.com/maps/contrib/116080760634208366517/reviews?hl=en,5,2 months ago,الاكل كثير طيب.. بس ازعاج مع قاعه الزواج لما يكون الباب مفتوح,True,True,False,2026-09-25
P02,القرية الشعبية,الدمام,تراثي / ثقافي,https://maps.app.goo.gl/oNadKmXoFmk9e4Di9,Ci9DQUlRQUNvZENodHljRjlvT2w5dWMwbDFTRkpFY0c1RVpUZGhNbUpYY1dSMGMwRRAB,Ahmed Almarri,https://www.google.com/maps/contrib/116427345092335600709/reviews?hl=en,3,2 months ago,,False,True,False,2026-09-25
P02,القرية الشعبية,الدمام,تراثي / ثقافي,https://maps.app.goo.gl/oNadKmXoFmk9e4Di9,Ci9DQUlRQUNvZENodHljRjlvT21sQ2VucDRaV2xCZFU1RU0xcGFWVFY1YlUxc01uYxAB,Wela G,https://www.google.com/maps/contrib/113993214343020725805/reviews?hl=en,5,2 months ago,,False,True,False,2026-09-25
P02,القرية الشعبية,الدمام,تراثي / ثقافي,https://maps.app.goo.gl/oNadKmXoFmk9e4Di9,Ci9DQUlRQUNvZENodHljRjlvT21GWVVtOHRWa0pwY1dJeE5YUjBiM3BJWVdacVoxRRAB,Maryam Alruhaish,https://www.google.com/maps/contrib/100170889976539151320/reviews?hl=en,5,2 months ago,,False,True,False,2026-09-25
P02,القرية الشعبية,الدمام,تراثي / ثقافي,https://maps.app.goo.gl/oNadKmXoFmk9e4Di9,Ci9DQUlRQUNvZENodHljRjlvT2pKeFEwdGlaa05HTVc1RFpHaDBjVUY2ZVVOdVowRRAB,Saleek Ahammed,https://www.google.com/maps/contrib/103739962502049275988/reviews?hl=en,5,2 months ago,,False,True,False,2026-09-25
P02,القرية الشعبية,الدمام,تراثي / ثقافي,https://maps.app.goo.gl/oNadKmXoFmk9e4Di9,Ci9DQUlRQUNvZENodHljRjlvT2pob2FuWTJaRWRaVGtwbE1tMUxVV2RaZUcxYVVYYxAB,Joseph Stanly,https://www.google.com/maps/contrib/117272191123323365991/reviews?hl=en,5,2 months ago,The experience was awesome.,False,True,False,2026-09-25
P02,القرية الشعبية,الدمام,تراثي / ثقافي,https://maps.app.goo.gl/oNadKmXoFmk9e4Di9,Ci9DQUlRQUNvZENodHljRjlvT2paQlRYWm5WbFpJZUVkeVNEQTVSV0pMTXkxRlJrRRAB,Angelica Paula Flores,https://www.google.com/maps/contrib/112371705592906575623/reviews?hl=en,4,2 months ago,Its a nice place to visit. A great place to visit if you love history. It’s so nostalgic to see the things we used growing up—many of them are now displayed in the museum. Walking through it feels like taking a trip down memory lane.,False,True,False,2026-09-25
P02,القرية الشعبية,الدمام,تراثي / ثقافي,https://maps.app.goo.gl/oNadKmXoFmk9e4Di9,ChdDSUhNMG9nS0VJQ0FnSUMzNEtDMzh3RRAB,B M,https://www.google.com/maps/contrib/114199694053004319015/reviews?hl=en,1,Edited 2 months ago,"كل التحيات الطيبة لإدارة القرية الشعبية بالدمام، مطعم سعودي عريق وذو طابع أصلي بالشكل والجوهر، الاكل لا يُعلى عليه.
عندنا ملاحظة وأتمنى تؤخذ بعين الإعتبار، انا وعائلتي ""أكثر من مره"" زرنا القرية الشعبية وزرنا المتحف، السؤال ليه كل مره ازور المطعم (((لتناول الطعام))) ادفع تذكرة زيارة المتحف؟ وعن كل فرد ٢٥ ريال؟؟ اذا انا وافراد عائلتي سبق وزرنا المتحف وجايين نستمتع بأكلاتكم الشعبية وندفع حسابنا كامل..
اكتبوا للي جاي (((ياكل فقط))) ممنوع زيارة المتحف على فاتورته، واللي يبي يزور المتحف يدفع زيادة ويقف موظف من موظفيكم اللي في الاستقبال عند باب المتحف للتأكد ان فاتورة الشخص شاملة زيارة المتحف! وجزاكم الله خير على تعاونكم.",True,True,False,2026-09-25
P02,القرية الشعبية,الدمام,تراثي / ثقافي,https://maps.app.goo.gl/oNadKmXoFmk9e4Di9,Ci9DQUlRQUNvZENodHljRjlvT21sc1dXZExZekpwYjFoc1JtbFBNa2RPVGxsSE5sRRAB,Little Angel,https://www.google.com/maps/contrib/100263756658991425012/reviews?hl=en,5,2 months ago,عشق سليقهم وشوربة الجريش باللحم انصحكم فيه وبصراحه اكله كله حلو,True,True,False,2026-09-25
P02,القرية الشعبية,الدمام,تراثي / ثقافي,https://maps.app.goo.gl/oNadKmXoFmk9e4Di9,Ci9DQUlRQUNvZENodHljRjlvT2taYVpIaEdTbkZtTFU5MFNGY3RSRVYxTTBwU09WRRAB,مؤسسة الكرم والانجاز للتجارة,https://www.google.com/maps/contrib/113146615071246761871/reviews?hl=en,5,2 months ago,ممتازه,True,True,False,2026-09-25
P02,القرية الشعبية,الدمام,تراثي / ثقافي,https://maps.app.goo.gl/oNadKmXoFmk9e4Di9,Ci9DQUlRQUNvZENodHljRjlvT2xOcWVIVkpaMDUwY0c5VWNuaHJSVTVIVmxVM1pFRRAB,Rolly Reyes,https://www.google.com/maps/contrib/103022201208632084665/reviews?hl=en,5,2 months ago,Mr Mahaboob and his staff are excellent. Five start service. Courteous and warm. Food is also great. We are well satisfied. Thank you very much.,False,True,False,2026-09-25
P02,القرية الشعبية,الدمام,تراثي / ثقافي,https://maps.app.goo.gl/oNadKmXoFmk9e4Di9,Ci9DQUlRQUNvZENodHljRjlvT213d05FZDNjbWN5TmpoMWRXNXNaWHBpWWtSNU9HYxAB,Alaa Hassan,https://www.google.com/maps/contrib/110300810846580331291/reviews?hl=en,4,2 months ago,,False,True,False,2026-09-25
P02,القرية الشعبية,الدمام,تراثي / ثقافي,https://maps.app.goo.gl/oNadKmXoFmk9e4Di9,Ci9DQUlRQUNvZENodHljRjlvT2xkaFNUSnNTMnBGUzNKNWFGcDVMVWh5V0VkdE9FRRAB,Sami Taweel,https://www.google.com/maps/contrib/117831187531529571663/reviews?hl=en,4,2 months ago,,False,True,False,2026-09-25
P02,القرية الشعبية,الدمام,تراثي / ثقافي,https://maps.app.goo.gl/oNadKmXoFmk9e4Di9,Ci9DQUlRQUNvZENodHljRjlvT2t4clEwTm1XbmhIV1RRd1J6Um9TbEpSVEV4c1MyYxAB,Abdullah Alshammari,https://www.google.com/maps/contrib/101944388990058246672/reviews?hl=en,5,2 months ago,,False,True,False,2026-09-25
P02,القرية الشعبية,الدمام,تراثي / ثقافي,https://maps.app.goo.gl/oNadKmXoFmk9e4Di9,Ci9DQUlRQUNvZENodHljRjlvT2t4U1NrWTFTSGx3UkRaWmVFVmlaa2RmTjJFMVpXYxAB,Lateefa Alnoami,https://www.google.com/maps/contrib/102089440560179183595/reviews?hl=en,5,2 months ago,,False,True,False,2026-09-25
P02,القرية الشعبية,الدمام,تراثي / ثقافي,https://maps.app.goo.gl/oNadKmXoFmk9e4Di9,Ci9DQUlRQUNvZENodHljRjlvT205QlNTMTBNMFpCVFZwR1pXOTNNV2hFTnpsNFpGRRAB,Rashid Saleem,https://www.google.com/maps/contrib/110777588910850823275/reviews?hl=en,5,2 months ago,,False,True,False,2026-09-25
P02,القرية الشعبية,الدمام,تراثي / ثقافي,https://maps.app.goo.gl/oNadKmXoFmk9e4Di9,Ci9DQUlRQUNvZENodHljRjlvT2tORFdYbzFRV2RvTm1JdFJtb3RkMjlLTjBWU1prRRAB,FAHAD ALSULAIH,https://www.google.com/maps/contrib/110199369092799233149/reviews?hl=en,5,2 months ago,,False,True,False,2026-09-25
P02,القرية الشعبية,الدمام,تراثي / ثقافي,https://maps.app.goo.gl/oNadKmXoFmk9e4Di9,Ci9DQUlRQUNvZENodHljRjlvT2t4eE0yVjVXa3QyTm5JNWNuaGZNbXhWUm5rNVpsRRAB,mohammed bosaleh,https://www.google.com/maps/contrib/104633316753165626952/reviews?hl=en,5,2 months ago,,False,True,False,2026-09-25
P02,القرية الشعبية,الدمام,تراثي / ثقافي,https://maps.app.goo.gl/oNadKmXoFmk9e4Di9,Ci9DQUlRQUNvZENodHljRjlvT25sU1VqbFRRblp0YjNoRlgyNWZlWEJ4UTFoUWFXYxAB,Abu Hoor,https://www.google.com/maps/contrib/110643680644784668106/reviews?hl=en,5,2 months ago,,False,True,False,2026-09-25
P02,القرية الشعبية,الدمام,تراثي / ثقافي,https://maps.app.goo.gl/oNadKmXoFmk9e4Di9,ChZDSUhNMG9nS0VJQ0FnSURINmR2ek1REAE,Sami Ghorib,https://www.google.com/maps/contrib/101700941080814813753/reviews?hl=en,4,Edited 2 months ago,جيد,True,True,False,2026-09-25
P02,القرية الشعبية,الدمام,تراثي / ثقافي,https://maps.app.goo.gl/oNadKmXoFmk9e4Di9,Ci9DQUlRQUNvZENodHljRjlvT21jME1rSnRkVjlPTUhOS2JYcFVjMHh5V1ZscE5rRRAB,محمد صلى الله عليه وسلم على طريقه وخطواته,https://www.google.com/maps/contrib/109904192584159702062/reviews?hl=en,4,2 months ago,,False,True,False,2026-09-25
P02,القرية الشعبية,الدمام,تراثي / ثقافي,https://maps.app.goo.gl/oNadKmXoFmk9e4Di9,Ci9DQUlRQUNvZENodHljRjlvT2xwbk4waFdaSGxyVjFGYVVGRndjMU5xYlVKcVlWRRAB,Abe H,https://www.google.com/maps/contrib/112538611844369358795/reviews?hl=en,5,2 months ago,"متحف جميل، مكان جدا راقي ومميز، يحتاج اكثر من زيارة.
مشكورة جهود القائمين على هذا الصرح الرائع والعاملين وخاصة السيدة المحترمة في الاستقبال.",True,True,False,2026-09-25
P02,القرية الشعبية,الدمام,تراثي / ثقافي,https://maps.app.goo.gl/oNadKmXoFmk9e4Di9,Ci9DQUlRQUNvZENodHljRjlvT25oZmNFTXRkeTFVWm5VeFZHTjNkbDl5ZERsM1RWRRAB,s h,https://www.google.com/maps/contrib/114066995764008062231/reviews?hl=en,1,2 months ago,,False,True,False,2026-09-25
P02,القرية الشعبية,الدمام,تراثي / ثقافي,https://maps.app.goo.gl/oNadKmXoFmk9e4Di9,Ci9DQUlRQUNvZENodHljRjlvT2tsMmJGUkZYM0p1YkRkaGVGWTJjWFJNWnpsa2NtYxAB,nabeel mohammed,https://www.google.com/maps/contrib/111707127216478119676/reviews?hl=en,5,2 months ago,,False,True,False,2026-09-25
P02,القرية الشعبية,الدمام,تراثي / ثقافي,https://maps.app.goo.gl/oNadKmXoFmk9e4Di9,Ci9DQUlRQUNvZENodHljRjlvT2pVMU5sTkZZWFEwU25KQlRuVTJZVzU0VEU5NU9YYxAB,Talal M,https://www.google.com/maps/contrib/111610369566143945089/reviews?hl=en,5,2 months ago,,False,True,False,2026-09-25
P02,القرية الشعبية,الدمام,تراثي / ثقافي,https://maps.app.goo.gl/oNadKmXoFmk9e4Di9,Ci9DQUlRQUNvZENodHljRjlvT214cmJqaHVUa3h5ZEY4NVJWcHplRU5OU2tnelNWRRAB,Safinaz Shariff,https://www.google.com/maps/contrib/118177183613891847775/reviews?hl=en,5,2 months ago,Loved the museum and the restaurant 😍 …,False,True,True,2026-09-25
P02,القرية الشعبية,الدمام,تراثي / ثقافي,https://maps.app.goo.gl/oNadKmXoFmk9e4Di9,Ci9DQUlRQUNvZENodHljRjlvT2s1Nk5tSlhNMUJOVTNKVlVGWlVabXh0TlVWa1lrRRAB,Talha Shaikh,https://www.google.com/maps/contrib/106281058685896888519/reviews?hl=en,4,2 months ago,,False,True,False,2026-09-25
P02,القرية الشعبية,الدمام,تراثي / ثقافي,https://maps.app.goo.gl/oNadKmXoFmk9e4Di9,Ci9DQUlRQUNvZENodHljRjlvT2tjeVZsOXlPRXQwTlZBMVZtZEtkMXBGWkRGallWRRAB,Mojahid Ahmed,https://www.google.com/maps/contrib/111842348934225920662/reviews?hl=en,5,2 months ago,Nice place.,False,True,False,2026-09-25
P02,القرية الشعبية,الدمام,تراثي / ثقافي,https://maps.app.goo.gl/oNadKmXoFmk9e4Di9,Ci9DQUlRQUNvZENodHljRjlvT2xKeVlrVlhRMFI2YTNKcGVXNVZNMmRQVEZGUlpVRRAB,أيمن عبد الله,https://www.google.com/maps/contrib/105325536405696785058/reviews?hl=en,5,2 months ago,"زرتها مرتين جميلة
والمطعم اطباقه شهية",True,True,False,2026-09-25
P02,القرية الشعبية,الدمام,تراثي / ثقافي,https://maps.app.goo.gl/oNadKmXoFmk9e4Di9,ChZDSUhNMG9nS0VJQ0FnSUNROGIzM0JnEAE,عادل عبدالعزيز,https://www.google.com/maps/contrib/118036754291105532540/reviews?hl=en,4,Edited 2 months ago,Very nice . جهد جبار,True,True,False,2026-09-25
P02,القرية الشعبية,الدمام,تراثي / ثقافي,https://maps.app.goo.gl/oNadKmXoFmk9e4Di9,Ci9DQUlRQUNvZENodHljRjlvT2t0MlMyOXpXbDlpVTNWNk1pMDVVM2t5VnpSMWNIYxAB,Ahmedabdelatty Eprest405,https://www.google.com/maps/contrib/113634630589309759207/reviews?hl=en,5,3 months ago,,False,True,False,2026-09-25
P02,القرية الشعبية,الدمام,تراثي / ثقافي,https://maps.app.goo.gl/oNadKmXoFmk9e4Di9,ChdDSUhNMG9nS0VJQ0FnSUNfbnFpRTFnRRAB,Kaleem Pasha,https://www.google.com/maps/contrib/116935875854069891398/reviews?hl=en,5,Edited 3 months ago,,False,True,False,2026-09-25
P02,القرية الشعبية,الدمام,تراثي / ثقافي,https://maps.app.goo.gl/oNadKmXoFmk9e4Di9,Ci9DQUlRQUNvZENodHljRjlvT25GeU1tcHpPRFowU0hKclpYQjVNM1JoZUVWRWRVRRAB,Fadi “Ķöñăņ” sæmî,https://www.google.com/maps/contrib/112284439686958670462/reviews?hl=en,4,3 months ago,كان مغلق,True,True,False,2026-09-25
P02,القرية الشعبية,الدمام,تراثي / ثقافي,https://maps.app.goo.gl/oNadKmXoFmk9e4Di9,Ci9DQUlRQUNvZENodHljRjlvT25sWVNGSnJVWEUxU2xwWlVVbEZNRkJqUjJ4ZlEzYxAB,Osama Alvi,https://www.google.com/maps/contrib/115508083823011964977/reviews?hl=en,5,3 months ago,,False,True,False,2026-09-25
P02,القرية الشعبية,الدمام,تراثي / ثقافي,https://maps.app.goo.gl/oNadKmXoFmk9e4Di9,Ci9DQUlRQUNvZENodHljRjlvT21OU1RYaFBVa1pRZVZwRFUydHFNblIzVlVZeWIwRRAB,غزاله,https://www.google.com/maps/contrib/101499801402800916096/reviews?hl=en,5,3 months ago,مكان نفتخر فيه تراثي واكلهم اكل زمان,True,True,False,2026-09-25
P02,القرية الشعبية,الدمام,تراثي / ثقافي,https://maps.app.goo.gl/oNadKmXoFmk9e4Di9,Ci9DQUlRQUNvZENodHljRjlvT2trNGVHOVVOUzB4TFZBdGEzSllUV1JPVjJ0a01XYxAB,Alatooe,https://www.google.com/maps/contrib/118119575801300543219/reviews?hl=en,5,3 months ago,,False,True,False,2026-09-25
P02,القرية الشعبية,الدمام,تراثي / ثقافي,https://maps.app.goo.gl/oNadKmXoFmk9e4Di9,Ci9DQUlRQUNvZENodHljRjlvT2pWNFZsSkVMVEEyU0ZkT1pETm5NbWQwVWxGcFNsRRAB,ابو محمد القفيلي,https://www.google.com/maps/contrib/113182005947701191907/reviews?hl=en,5,3 months ago,,False,True,False,2026-09-25
P02,القرية الشعبية,الدمام,تراثي / ثقافي,https://maps.app.goo.gl/oNadKmXoFmk9e4Di9,Ci9DQUlRQUNvZENodHljRjlvT2tNNGJFNHhNM1I2YTFsdE9VMHpha05TZVRaVWRYYxAB,Bo Mohammad,https://www.google.com/maps/contrib/101879674999518877500/reviews?hl=en,5,3 months ago,,False,True,False,2026-09-25
P02,القرية الشعبية,الدمام,تراثي / ثقافي,https://maps.app.goo.gl/oNadKmXoFmk9e4Di9,Ci9DQUlRQUNvZENodHljRjlvT2xFMlozcENWMmd6Y0VOTE9UbGtTamxOY0V4b1RYYxAB,عصمت خالد السامعي,https://www.google.com/maps/contrib/109414117265804777334/reviews?hl=en,5,3 months ago,,False,True,False,2026-09-25
P02,القرية الشعبية,الدمام,تراثي / ثقافي,https://maps.app.goo.gl/oNadKmXoFmk9e4Di9,Ci9DQUlRQUNvZENodHljRjlvT2pOdlRsQmhZVTlmYm5KSVR6SmFPVXN4TFRGSExYYxAB,سلطان الزهراني,https://www.google.com/maps/contrib/107441768178179011658/reviews?hl=en,5,3 months ago,مناسب للعزايم الرسميه جدا وكذلك بعض الجمعات للاصدقا اكلهم حلو,True,True,False,2026-09-25
P02,القرية الشعبية,الدمام,تراثي / ثقافي,https://maps.app.goo.gl/oNadKmXoFmk9e4Di9,Ci9DQUlRQUNvZENodHljRjlvT213d2NqTlZNbFp6WjBWRWEySXRiaTF3YlU5ZlpWRRAB,HAMED Ali,https://www.google.com/maps/contrib/115956376716249103339/reviews?hl=en,4,3 months ago,"المكان جميل وتعامل راقي بداية من موظفات الاستقبال والمشرف محمود الهندي
يوجد فيه الكثير من الاشياء التراثية القديمة زادت من المكان جمال
والاكل لذيذ وجلسات نظيفة انصح بزيارته",True,True,False,2026-09-25
P02,القرية الشعبية,الدمام,تراثي / ثقافي,https://maps.app.goo.gl/oNadKmXoFmk9e4Di9,Ci9DQUlRQUNvZENodHljRjlvT20xc2JuaEdhREZpTTJWNU4xOVhabFZxYW1oVGIxRRAB,ahmed abd elrhman,https://www.google.com/maps/contrib/101923645700457482673/reviews?hl=en,5,3 months ago,مكان رائع و جميل و منظم,True,True,False,2026-09-25
P02,القرية الشعبية,الدمام,تراثي / ثقافي,https://maps.app.goo.gl/oNadKmXoFmk9e4Di9,Ci9DQUlRQUNvZENodHljRjlvT2xRdGNteEtWalozVW5veWJVNUhWM00yVFZCQ1ZFRRAB,مقييم الاماكن مثل للمطاعم والفنادق والاسواق والورش,https://www.google.com/maps/contrib/110533312373404501051/reviews?hl=en,2,3 months ago,"المكان جميل
لكن فيه رسوم دخول 20 ريال للشخص

الخدمه سيئه

والاكل كذلك الله يكرم النعمه
جاي بارد ولا فيه اي طعم
حاجز طاوله وللاسف رحت اصلي جيت حصلتها ماخوذه
كلمت المدير للاسف ضعيف ولم يستطع عمل شي
يقول عبدالقوي هو المسول
انت مدير نافي يدك قرار
العمال اجتهدو وهي غلطتهم لاني قلت هذي طاولتي
لكن عبدالقوي هو اللي جاء وغيرها ويكذب يقول الزبون حركها
يوم حشرته قال هذولا شركه !!!",True,True,False,2026-09-25
P02,القرية الشعبية,الدمام,تراثي / ثقافي,https://maps.app.goo.gl/oNadKmXoFmk9e4Di9,Ci9DQUlRQUNvZENodHljRjlvT2xSNGMwVm5iRVE0UzA1SGVWaGpTR1JTVjJSMlJtYxAB,Mycle Cabuang,https://www.google.com/maps/contrib/109473206189080349952/reviews?hl=en,5,3 months ago,A wonderful dining experience. Everything exceeded my expectations. Mahboob very good service.,False,True,False,2026-09-25
P02,القرية الشعبية,الدمام,تراثي / ثقافي,https://maps.app.goo.gl/oNadKmXoFmk9e4Di9,Ci9DQUlRQUNvZENodHljRjlvT2xkb1JWY3pWM0pGUW5OSGVuRjBNM1p1ZGs5aWIxRRAB,Y S,https://www.google.com/maps/contrib/117238146140831070222/reviews?hl=en,1,3 months ago,التعامل الله بالخير سيئ,True,True,False,2026-09-25
P02,القرية الشعبية,الدمام,تراثي / ثقافي,https://maps.app.goo.gl/oNadKmXoFmk9e4Di9,Ci9DQUlRQUNvZENodHljRjlvT2xCMFNrbGlTWFIyVW04eGRTMWtSRXhuUlZac00wRRAB,احمد عوض الرفاعي,https://www.google.com/maps/contrib/107527826399677438917/reviews?hl=en,5,3 months ago,,False,True,False,2026-09-25
P02,القرية الشعبية,الدمام,تراثي / ثقافي,https://maps.app.goo.gl/oNadKmXoFmk9e4Di9,Ci9DQUlRQUNvZENodHljRjlvT21NM2RtUmtXRFpQWXpWaWJUZEhNVWx5Ym5CNmFVRRAB,Andrea Gutierrez,https://www.google.com/maps/contrib/108439643537397704143/reviews?hl=en,5,3 months ago,Staff are really kind and friendly. The place has beautiful views of the ocean and food is delicious. Thanks for the hospitality.,False,True,False,2026-09-25
P02,القرية الشعبية,الدمام,تراثي / ثقافي,https://maps.app.goo.gl/oNadKmXoFmk9e4Di9,Ci9DQUlRQUNvZENodHljRjlvT210RVZtY3habmRNTWpKWWIzWTJNbkJ3ZFZCbWVIYxAB,F.s.z,https://www.google.com/maps/contrib/105709092712826267895/reviews?hl=en,5,3 months ago,,False,True,False,2026-09-25
P02,القرية الشعبية,الدمام,تراثي / ثقافي,https://maps.app.goo.gl/oNadKmXoFmk9e4Di9,Ci9DQUlRQUNvZENodHljRjlvT2w5aFJqSjZNMnhOTlhGSGRHcFVUMWRGVkc5d2NGRRAB,Avelino Erana Jr,https://www.google.com/maps/contrib/114039492605506466659/reviews?hl=en,5,3 months ago,,False,True,False,2026-09-25
P02,القرية الشعبية,الدمام,تراثي / ثقافي,https://maps.app.goo.gl/oNadKmXoFmk9e4Di9,Ci9DQUlRQUNvZENodHljRjlvT25FMlNrbHJURjg0YkhWM05uRjRaRXhEYnpkT1RWRRAB,Hassan Jj,https://www.google.com/maps/contrib/109001601734600743315/reviews?hl=en,5,3 months ago,,False,True,False,2026-09-25
P02,القرية الشعبية,الدمام,تراثي / ثقافي,https://maps.app.goo.gl/oNadKmXoFmk9e4Di9,Ci9DQUlRQUNvZENodHljRjlvT2xSWlJtOVFjVVp0TURNMmIzbHVhV0o2V21Zd1JVRRAB,--,https://www.google.com/maps/contrib/111240559565898243848/reviews?hl=en,5,3 months ago,"Very good
Mahboob",False,True,False,2026-09-25
P02,القرية الشعبية,الدمام,تراثي / ثقافي,https://maps.app.goo.gl/oNadKmXoFmk9e4Di9,Ci9DQUlRQUNvZENodHljRjlvT21rMmJHeFVURkpETW5BMU1TMVBURU00TFdOWExWRRAB,Munirah Alzayani,https://www.google.com/maps/contrib/105605118862936241306/reviews?hl=en,5,3 months ago,,False,True,False,2026-09-25
P02,القرية الشعبية,الدمام,تراثي / ثقافي,https://maps.app.goo.gl/oNadKmXoFmk9e4Di9,Ci9DQUlRQUNvZENodHljRjlvT2todVRIaFhhME0xZEhkdFRuazRlalprVFVweUxYYxAB,خالد الجوهر,https://www.google.com/maps/contrib/108292627263971233447/reviews?hl=en,5,3 months ago,,False,True,False,2026-09-25
P02,القرية الشعبية,الدمام,تراثي / ثقافي,https://maps.app.goo.gl/oNadKmXoFmk9e4Di9,Ci9DQUlRQUNvZENodHljRjlvT21wSVZFRlVRVlZDVWtvNFZrMVNhRmxIT0VweVExRRAB,Shaikha Ashoor,https://www.google.com/maps/contrib/111800330126717290968/reviews?hl=en,5,3 months ago,,False,True,False,2026-09-25
P02,القرية الشعبية,الدمام,تراثي / ثقافي,https://maps.app.goo.gl/oNadKmXoFmk9e4Di9,Ci9DQUlRQUNvZENodHljRjlvT2xBd00zSlVOamRRU21jM1VYQjNhRmxrUkU5ak9FRRAB,math.,https://www.google.com/maps/contrib/111850858836956176172/reviews?hl=en,5,3 months ago,"Great place, awesome atmosphere and of course the food was incredible, rich in flavours and very good seasoning.
A highlight was definitely the service, we were helped by Mahboob, who was very friendly and helpful!
Will definitely come back, great experience",False,True,False,2026-09-25
P02,القرية الشعبية,الدمام,تراثي / ثقافي,https://maps.app.goo.gl/oNadKmXoFmk9e4Di9,Ci9DQUlRQUNvZENodHljRjlvT2w5R1EzbHJkMWd5UVRsRk5uVnBkRzlHZUZoVU1WRRAB,Abdullah Sarhan,https://www.google.com/maps/contrib/101197520827221978363/reviews?hl=en,4,3 months ago,,False,True,False,2026-09-25
P02,القرية الشعبية,الدمام,تراثي / ثقافي,https://maps.app.goo.gl/oNadKmXoFmk9e4Di9,Ci9DQUlRQUNvZENodHljRjlvT2tkelkzZEhOMkpFVkVOa1IwWXpMWFZ5UTBsSFpXYxAB,Mohammed ALAnazi,https://www.google.com/maps/contrib/116979718770025182517/reviews?hl=en,3,3 months ago,,False,True,False,2026-09-25
P02,القرية الشعبية,الدمام,تراثي / ثقافي,https://maps.app.goo.gl/oNadKmXoFmk9e4Di9,Ci9DQUlRQUNvZENodHljRjlvT2pBMVpsVlljVGMyZDJabGRXY3RRMGszTUdOMFdrRRAB,علي s,https://www.google.com/maps/contrib/101922648208286595930/reviews?hl=en,5,3 months ago,,False,True,False,2026-09-25
P02,القرية الشعبية,الدمام,تراثي / ثقافي,https://maps.app.goo.gl/oNadKmXoFmk9e4Di9,Ci9DQUlRQUNvZENodHljRjlvT21oSmN6aDVUemRVT1cxTU4ycDRkVGRmTkhSS09WRRAB,عبدالفتاح ادم سوداني,https://www.google.com/maps/contrib/108208351036255168786/reviews?hl=en,4,3 months ago,,False,True,False,2026-09-25
P02,القرية الشعبية,الدمام,تراثي / ثقافي,https://maps.app.goo.gl/oNadKmXoFmk9e4Di9,Ci9DQUlRQUNvZENodHljRjlvT2sxTFYxZGZhV0V5YVdGRlMzbEJNRUpuUWxOYWFXYxAB,MD SAZID MIA,https://www.google.com/maps/contrib/107496566697898990868/reviews?hl=en,5,3 months ago,,False,True,False,2026-09-25
P02,القرية الشعبية,الدمام,تراثي / ثقافي,https://maps.app.goo.gl/oNadKmXoFmk9e4Di9,Ci9DQUlRQUNvZENodHljRjlvT2xWV1UzVkVhbk5wV25Bd2VWcFdkVTFoYUV0M1JXYxAB,عبدالمحسن المطيري,https://www.google.com/maps/contrib/114887093648686127140/reviews?hl=en,3,3 months ago,"زرته مكان صغير نوعا ما
يستحق الزياره مره واحده فقط",True,True,False,2026-09-25
P02,القرية الشعبية,الدمام,تراثي / ثقافي,https://maps.app.goo.gl/oNadKmXoFmk9e4Di9,Ci9DQUlRQUNvZENodHljRjlvT2xrNGFtVm1TMHhPYUZOb1RISkpYMmRPVG1kdFFXYxAB,عبدالمجيد العمري,https://www.google.com/maps/contrib/106939524084429120059/reviews?hl=en,5,3 months ago,,False,True,False,2026-09-25
P02,القرية الشعبية,الدمام,تراثي / ثقافي,https://maps.app.goo.gl/oNadKmXoFmk9e4Di9,Ci9DQUlRQUNvZENodHljRjlvT2xSQlpXUkpRbFk0TlhGUlNUTmhYMkkzTUZCTmFrRRAB,محمد ابوياسين,https://www.google.com/maps/contrib/103662718926106640028/reviews?hl=en,1,3 months ago,,False,True,False,2026-09-25
P02,القرية الشعبية,الدمام,تراثي / ثقافي,https://maps.app.goo.gl/oNadKmXoFmk9e4Di9,Ci9DQUlRQUNvZENodHljRjlvT2pRdGMyRjRRMFpzUVd4VVVHdDJlSFZwWjNnd1dHYxAB,أحمد العزي,https://www.google.com/maps/contrib/113633296990360215646/reviews?hl=en,5,3 months ago,ماشاءالله تبارك الرحمن,True,True,False,2026-09-25
P02,القرية الشعبية,الدمام,تراثي / ثقافي,https://maps.app.goo.gl/oNadKmXoFmk9e4Di9,Ci9DQUlRQUNvZENodHljRjlvT2twSlZXWkJOV2sxVVRSbldGZDBiMGc1V1hKYVVsRRAB,Sara Mahmoud,https://www.google.com/maps/contrib/117166857139425470448/reviews?hl=en,5,3 months ago,,False,True,False,2026-09-25
P02,القرية الشعبية,الدمام,تراثي / ثقافي,https://maps.app.goo.gl/oNadKmXoFmk9e4Di9,Ci9DQUlRQUNvZENodHljRjlvT2xaR01ucEhOMVZmTjBGa1F6a3hkbUZ4VURBelMzYxAB,متابع متابع,https://www.google.com/maps/contrib/114656023861203413867/reviews?hl=en,4,3 months ago,المكان جميل وراقي,True,True,False,2026-09-25
P02,القرية الشعبية,الدمام,تراثي / ثقافي,https://maps.app.goo.gl/oNadKmXoFmk9e4Di9,Ci9DQUlRQUNvZENodHljRjlvT2pKelJ6SjZlV293VW1KMGRsRm5TMFZSWTNGWVVYYxAB,Abdullah Al Qahtani,https://www.google.com/maps/contrib/113320011133232805792/reviews?hl=en,2,3 months ago,"It was not with my expectations in terms of delivery car which was old and had a lot of dents, also the Om Ali Heater was not clean and you can see finger touches on the body of heater ,
The price of Om Ali was high 400 for one container,",False,True,False,2026-09-25
P02,القرية الشعبية,الدمام,تراثي / ثقافي,https://maps.app.goo.gl/oNadKmXoFmk9e4Di9,Ci9DQUlRQUNvZENodHljRjlvT2toaldEVktOSEJaVUVSbGVuWnNWbGN0VEZsck5IYxAB,عبد الرحمن,https://www.google.com/maps/contrib/108234432725275149450/reviews?hl=en,5,3 months ago,,False,True,False,2026-09-25
P02,القرية الشعبية,الدمام,تراثي / ثقافي,https://maps.app.goo.gl/oNadKmXoFmk9e4Di9,Ci9DQUlRQUNvZENodHljRjlvT21OSU0wRTJUMFY0V1VWbk1qRkNWamR2UkY4NFVVRRAB,Abdo Ibrahem,https://www.google.com/maps/contrib/107520914805007009631/reviews?hl=en,5,3 months ago,❤️,False,True,False,2026-09-25
P02,القرية الشعبية,الدمام,تراثي / ثقافي,https://maps.app.goo.gl/oNadKmXoFmk9e4Di9,Ci9DQUlRQUNvZENodHljRjlvT2trMWRWSmFNVlZHUWpobWRGVnRNa3RITjFOYWNYYxAB,Yones Saleh,https://www.google.com/maps/contrib/109985984500987634937/reviews?hl=en,5,3 months ago,القريه الشعبية هي من اجمل المنتجعات السياحيه في الدمام والتراث القديم جداً  والماكولات الشعبية بنسبه لاستقبال الضيوف والحجوزات يعني شى رائع جداً,True,True,False,2026-09-25
P02,القرية الشعبية,الدمام,تراثي / ثقافي,https://maps.app.goo.gl/oNadKmXoFmk9e4Di9,Ci9DQUlRQUNvZENodHljRjlvT2tGTFJsWlhSakpTU2tOM2FqSTBjV2QxZHkxSmRGRRAB,Алина,https://www.google.com/maps/contrib/115751548085171871503/reviews?hl=en,5,3 months ago,"Great place with amazing staff!

Thanks a lot for adorable guide Zainab. The best guide in Saudi Arabia whom I met! Very interesting, open and kind! Happy to enjoy Zainab company and explore the world with her!

Thanks for Mahabub for hospitality, openness and helping in all our asking!

Thanks Vijay Lama for the best advices in choosing food and amazing service!",False,True,False,2026-09-25
P02,القرية الشعبية,الدمام,تراثي / ثقافي,https://maps.app.goo.gl/oNadKmXoFmk9e4Di9,Ci9DQUlRQUNvZENodHljRjlvT2sxS2F6TnZjbnBTVkVGQ2NVZG5aakZ0WDJsM2NGRRAB,Saravanan Duraisamy,https://www.google.com/maps/contrib/117129082098684912343/reviews?hl=en,5,3 months ago,,False,True,False,2026-09-25
P02,القرية الشعبية,الدمام,تراثي / ثقافي,https://maps.app.goo.gl/oNadKmXoFmk9e4Di9,Ci9DQUlRQUNvZENodHljRjlvT2xOSlExSkxNMk5ZV2tSdE5qTXRaRmQyYkVKalVXYxAB,Adeel Shahid,https://www.google.com/maps/contrib/117501378809280537848/reviews?hl=en,2,3 months ago,"Pretty average food, very high priced compared to taste of food. Per head SAR 100+ …",False,True,True,2026-09-25
P02,القرية الشعبية,الدمام,تراثي / ثقافي,https://maps.app.goo.gl/oNadKmXoFmk9e4Di9,Ci9DQUlRQUNvZENodHljRjlvT2xFNE9IZHJObTVFZVhORGRraFNTR1ZoZERKd1gzYxAB,قايد حمزه,https://www.google.com/maps/contrib/116625458976438656624/reviews?hl=en,5,Edited 3 months ago,مكانه جدا رايع,True,True,False,2026-09-25
P02,القرية الشعبية,الدمام,تراثي / ثقافي,https://maps.app.goo.gl/oNadKmXoFmk9e4Di9,Ci9DQUlRQUNvZENodHljRjlvT2pZd2RrY3RPRGxXUlRoZmFrMUdjVU5HVTBKUldYYxAB,Roy Lacuna,https://www.google.com/maps/contrib/108350474387895411130/reviews?hl=en,5,3 months ago,Very informative and entertaining Village.,False,True,False,2026-09-25
P02,القرية الشعبية,الدمام,تراثي / ثقافي,https://maps.app.goo.gl/oNadKmXoFmk9e4Di9,Ci9DQUlRQUNvZENodHljRjlvT2taQmVtaDViSGxyWlVGZlQzRTVSbFkwWnpVNE5uYxAB,سالم اليامي,https://www.google.com/maps/contrib/113898873698211192828/reviews?hl=en,4,3 months ago,,False,True,False,2026-09-25
P02,القرية الشعبية,الدمام,تراثي / ثقافي,https://maps.app.goo.gl/oNadKmXoFmk9e4Di9,Ci9DQUlRQUNvZENodHljRjlvT25WR01VZExjME5NZW1aS09YVlRVRlpxV1RCWFduYxAB,mustafa alataş,https://www.google.com/maps/contrib/117416051693968037339/reviews?hl=en,4,3 months ago,Giriş fiyatları biraz pahalı geldi bana.,True,True,False,2026-09-25
P02,القرية الشعبية,الدمام,تراثي / ثقافي,https://maps.app.goo.gl/oNadKmXoFmk9e4Di9,Ci9DQUlRQUNvZENodHljRjlvT2w5d01saE5TWFpsVVZoT2JIaEZObVV5VVdabGIyYxAB,antumana (Domains),https://www.google.com/maps/contrib/104847902820666029908/reviews?hl=en,5,3 months ago,رائع,True,True,False,2026-09-25
P02,القرية الشعبية,الدمام,تراثي / ثقافي,https://maps.app.goo.gl/oNadKmXoFmk9e4Di9,Ci9DQUlRQUNvZENodHljRjlvT25ZMFNVWXhPRmxoVjAweVJrbDJWblp4ZG1SVWMxRRAB,muhammad nasser,https://www.google.com/maps/contrib/111313919650310338702/reviews?hl=en,5,3 months ago,,False,True,False,2026-09-25
P02,القرية الشعبية,الدمام,تراثي / ثقافي,https://maps.app.goo.gl/oNadKmXoFmk9e4Di9,Ci9DQUlRQUNvZENodHljRjlvT21SWlJXVTNNRTlCYzBac2NETm9VVEIzTkRSV2RrRRAB,Saja alghamdi,https://www.google.com/maps/contrib/102801928712715127029/reviews?hl=en,5,3 months ago,,False,True,False,2026-09-25
P02,القرية الشعبية,الدمام,تراثي / ثقافي,https://maps.app.goo.gl/oNadKmXoFmk9e4Di9,Ci9DQUlRQUNvZENodHljRjlvT2xsS1kzZE5OVWh4V21STVNuVXRlVkJWUmxSRVRGRRAB,S mk,https://www.google.com/maps/contrib/106267500027056942819/reviews?hl=en,2,3 months ago,"تقيمي على المطعم ماقول الاكل مو كويس ولكن تطلب نص دجاج يجيك حجم 300 والسعر 25
والقهوى والشاي فقط 91 ريال شي مو معقول صراحه
النصيح سو دخول ودق فره حقها 10 دقايق تجربه الشراء سيئه جدا",True,True,False,2026-09-25
P02,القرية الشعبية,الدمام,تراثي / ثقافي,https://maps.app.goo.gl/oNadKmXoFmk9e4Di9,Ci9DQUlRQUNvZENodHljRjlvT21nMlEzSjNUMEpZZVV4VGNVSXpaVXR0V0dZeVJuYxAB,Ali Bn Ali,https://www.google.com/maps/contrib/117043805211310124357/reviews?hl=en,3,3 months ago,مكان متنوع جيد جدا,True,True,False,2026-09-25
P02,القرية الشعبية,الدمام,تراثي / ثقافي,https://maps.app.goo.gl/oNadKmXoFmk9e4Di9,Ci9DQUlRQUNvZENodHljRjlvT2tKR1NIbEdVa05OYkZWeGMyZDZUek5CV0RoNllWRRAB,James Calderon,https://www.google.com/maps/contrib/102396232660695865627/reviews?hl=en,5,Edited 3 months ago,"Always great experience!; recently,, we visited again with our new guest and Mahboob served us well.",False,True,False,2026-09-25
P02,القرية الشعبية,الدمام,تراثي / ثقافي,https://maps.app.goo.gl/oNadKmXoFmk9e4Di9,Ci9DQUlRQUNvZENodHljRjlvT2tkdGEyWTJkR2g0ZGpnelgyWm5aREJKYmxGeVdrRRAB,Karim Shahen,https://www.google.com/maps/contrib/103780970061386460651/reviews?hl=en,5,3 months ago,,False,True,False,2026-09-25
P02,القرية الشعبية,الدمام,تراثي / ثقافي,https://maps.app.goo.gl/oNadKmXoFmk9e4Di9,Ci9DQUlRQUNvZENodHljRjlvT2pKcFJGUlNMVFpGTW04NFdVVkVaMU16VkVrNFMwRRAB,MHMD BINALI,https://www.google.com/maps/contrib/110878689742219875766/reviews?hl=en,5,3 months ago,تميز في الضيافة وتميز في الأطعمة وتميز في المتحف ويستحق الزيارة ..,True,True,False,2026-09-25
P02,القرية الشعبية,الدمام,تراثي / ثقافي,https://maps.app.goo.gl/oNadKmXoFmk9e4Di9,Ci9DQUlRQUNvZENodHljRjlvT21GSVltRjJSMWRTYUhkclZucFVSRFZFTkdaeVEyYxAB,طلال علي القطوي,https://www.google.com/maps/contrib/110169429937963299116/reviews?hl=en,5,3 months ago,,False,True,False,2026-09-25
P02,القرية الشعبية,الدمام,تراثي / ثقافي,https://maps.app.goo.gl/oNadKmXoFmk9e4Di9,Ci9DQUlRQUNvZENodHljRjlvT2tKalVDMXFUekZXVW1SdmRIVmZRMDlwYVhCUlRWRRAB,A M,https://www.google.com/maps/contrib/115949864655516456461/reviews?hl=en,5,3 months ago,,False,True,False,2026-09-25
P02,القرية الشعبية,الدمام,تراثي / ثقافي,https://maps.app.goo.gl/oNadKmXoFmk9e4Di9,Ci9DQUlRQUNvZENodHljRjlvT2xCdVQyY3piWEZGVlhKV1JuUlFUbkI2VVVSWFgyYxAB,Amira Ahmad,https://www.google.com/maps/contrib/104307540499788590154/reviews?hl=en,5,3 months ago,المكان يستحق الزياره ررررروعه 😍❤️‍🔥خصوصا المتحف …,True,True,True,2026-09-25
P02,القرية الشعبية,الدمام,تراثي / ثقافي,https://maps.app.goo.gl/oNadKmXoFmk9e4Di9,Ci9DQUlRQUNvZENodHljRjlvT2tGRWVYZHJiV2RaUmw4MVNYUlRlVTVOWkd4M2RtYxAB,صالح العجمي .,https://www.google.com/maps/contrib/116302513267861420379/reviews?hl=en,5,3 months ago,,False,True,False,2026-09-25
P02,القرية الشعبية,الدمام,تراثي / ثقافي,https://maps.app.goo.gl/oNadKmXoFmk9e4Di9,Ci9DQUlRQUNvZENodHljRjlvT2toR1VYb3hXV2RKY25Ga2VVNXZOVjlDVmtKRVZXYxAB,Teacher: TAREQ,https://www.google.com/maps/contrib/106064652955244243745/reviews?hl=en,5,3 months ago,,False,True,False,2026-09-25
P02,القرية الشعبية,الدمام,تراثي / ثقافي,https://maps.app.goo.gl/oNadKmXoFmk9e4Di9,Ci9DQUlRQUNvZENodHljRjlvT2tsc01ETkdXbkYxWDB4UVlXWTRRVVJGTW5SWFNWRRAB,Sheldon Fernandes,https://www.google.com/maps/contrib/101414039446836206475/reviews?hl=en,5,Edited 3 months ago,,False,True,False,2026-09-25
P02,القرية الشعبية,الدمام,تراثي / ثقافي,https://maps.app.goo.gl/oNadKmXoFmk9e4Di9,Ci9DQUlRQUNvZENodHljRjlvT2taNlFXWklhVnBFT1VaeWFuTTBjV05wWWxabWRIYxAB,Anosi Al-Otaibi,https://www.google.com/maps/contrib/101630038954521433679/reviews?hl=en,5,3 months ago,حلووه جداً,True,True,False,2026-09-25
P02,القرية الشعبية,الدمام,تراثي / ثقافي,https://maps.app.goo.gl/oNadKmXoFmk9e4Di9,Ci9DQUlRQUNvZENodHljRjlvT21wV1JXcEVlRlEwTVZkbmVDMW5NWEJhTVVWRk1XYxAB,Norah.a,https://www.google.com/maps/contrib/109404692500442159805/reviews?hl=en,5,3 months ago,,False,True,False,2026-09-25
P02,القرية الشعبية,الدمام,تراثي / ثقافي,https://maps.app.goo.gl/oNadKmXoFmk9e4Di9,ChdDSUhNMG9nS0VJQ0FnTUR3b1lpY2dnRRAB,سعود بن عبدالعزيز,https://www.google.com/maps/contrib/116993007722115644983/reviews?hl=en,5,Edited 3 months ago,,False,True,False,2026-09-25
P02,القرية الشعبية,الدمام,تراثي / ثقافي,https://maps.app.goo.gl/oNadKmXoFmk9e4Di9,Ci9DQUlRQUNvZENodHljRjlvT25OVk4yWnlXWGxTTkhsWFIyRmxibnBLZDA5Q01YYxAB,osama saad,https://www.google.com/maps/contrib/111039158278610008531/reviews?hl=en,3,3 months ago,جميل بس المفروض يراجعون موضوع الدخوليه فيها مبالغه,True,True,False,2026-09-25
P02,القرية الشعبية,الدمام,تراثي / ثقافي,https://maps.app.goo.gl/oNadKmXoFmk9e4Di9,Ci9DQUlRQUNvZENodHljRjlvT25CSGJrNWpRek4yUkcxTVYyWnFSR0ZaUVROUlVVRRAB,تشليح قطع غيارات سيارات,https://www.google.com/maps/contrib/113382638613043461835/reviews?hl=en,1,3 months ago,,False,True,False,2026-09-25
P02,القرية الشعبية,الدمام,تراثي / ثقافي,https://maps.app.goo.gl/oNadKmXoFmk9e4Di9,Ci9DQUlRQUNvZENodHljRjlvT2xRNWVIQk1kbTV2V1ZCUE1saGpUSFptZWpkdVpuYxAB,GSX5 KSA,https://www.google.com/maps/contrib/100774043490802473016/reviews?hl=en,4,3 months ago,,False,True,False,2026-09-25
P02,القرية الشعبية,الدمام,تراثي / ثقافي,https://maps.app.goo.gl/oNadKmXoFmk9e4Di9,Ci9DQUlRQUNvZENodHljRjlvT21aQmNFUnNaME5PZVVaVU9XdHhaVWd6UVVKM1JGRRAB,yehaiy M,https://www.google.com/maps/contrib/114386117500207708952/reviews?hl=en,5,3 months ago,,False,True,False,2026-09-25
P02,القرية الشعبية,الدمام,تراثي / ثقافي,https://maps.app.goo.gl/oNadKmXoFmk9e4Di9,Ci9DQUlRQUNvZENodHljRjlvT210VlRVa3hiRkUzTnkxbFVHNXBiVkF5TlZsd2JsRRAB,EA,https://www.google.com/maps/contrib/109050144193744959555/reviews?hl=en,4,3 months ago,,False,True,False,2026-09-25
P02,القرية الشعبية,الدمام,تراثي / ثقافي,https://maps.app.goo.gl/oNadKmXoFmk9e4Di9,Ci9DQUlRQUNvZENodHljRjlvT2pnMVdUVTBNREo2VDBOdVZtTm1ZekptTldsbVRGRRAB,Abdul Salam,https://www.google.com/maps/contrib/117947376115316071423/reviews?hl=en,4,3 months ago,,False,True,False,2026-09-25
P02,القرية الشعبية,الدمام,تراثي / ثقافي,https://maps.app.goo.gl/oNadKmXoFmk9e4Di9,Ci9DQUlRQUNvZENodHljRjlvT2xaM1gxOTFabDlaVmkweFgySjVNR0V4WjJsclkzYxAB,منصور المطيري,https://www.google.com/maps/contrib/117017830536157803805/reviews?hl=en,5,3 months ago,فكره مميزه متحف ومطعم والرسوم رمزيه يستحق الزيارة والاكل لذيذ وخدمتهم رائعه خصوصا الاخ محمد الهندي مميز,True,True,False,2026-09-25
P02,القرية الشعبية,الدمام,تراثي / ثقافي,https://maps.app.goo.gl/oNadKmXoFmk9e4Di9,Ci9DQUlRQUNvZENodHljRjlvT2poQlNsOW5NMEZXZGpGTWN6RlJVRmRuYmtWcFkzYxAB,taher_ 44,https://www.google.com/maps/contrib/113965366874330402031/reviews?hl=en,5,3 months ago,"كورنيش الدمام.. حكايات لا تنتهي من الجمال.. والترتيب.. ونقاء الهواء..
مايعكر المكان... البعض مستهتر.. ويرمي مخلفاته وراؤه.. خصوصا من الاخوة القادمين من ام الدنيا.. هذا وطن لنا جميعا.. والحفاظ على نظافته وجماله.. مسؤلية الجميع",True,True,False,2026-09-25
P02,القرية الشعبية,الدمام,تراثي / ثقافي,https://maps.app.goo.gl/oNadKmXoFmk9e4Di9,Ci9DQUlRQUNvZENodHljRjlvT2xSVVRqUkRNME5HU0haUFRtMWpOVkZrUmtka0xWRRAB,ربيع عيسوى,https://www.google.com/maps/contrib/113465282482053043039/reviews?hl=en,4,3 months ago,رائع,True,True,False,2026-09-25
P02,القرية الشعبية,الدمام,تراثي / ثقافي,https://maps.app.goo.gl/oNadKmXoFmk9e4Di9,ChZDSUhNMG9nS0VJQ0FnSUNHd3JuTUR3EAE,Loai Bastawi,https://www.google.com/maps/contrib/116020132715393410096/reviews?hl=en,3,Edited 3 months ago,,False,True,False,2026-09-25
P02,القرية الشعبية,الدمام,تراثي / ثقافي,https://maps.app.goo.gl/oNadKmXoFmk9e4Di9,Ci9DQUlRQUNvZENodHljRjlvT2t4QlNsQnpOa1ZCY1hjeVdrNXhjMnhHTFU5MWJYYxAB,wafi alali,https://www.google.com/maps/contrib/117115734043344661006/reviews?hl=en,5,3 months ago,سوق شعبية جميل يحتوي على كثير من المتتجات واسعار مناسبة للجميع,True,True,False,2026-09-25
P02,القرية الشعبية,الدمام,تراثي / ثقافي,https://maps.app.goo.gl/oNadKmXoFmk9e4Di9,Ci9DQUlRQUNvZENodHljRjlvT2pWWGMyTkdiMEpvZG1SNmNqQkdVbmRaUlhwS1kwRRAB,Ahmed Bader,https://www.google.com/maps/contrib/113700537553310931911/reviews?hl=en,5,3 months ago,"من اشهر و افضل مطاعم الدمام مكان جميل و امل متنوع و لذيذ يوحد سوق صغير و متحف فالداخل
خصوصية للعائلة ممتازة (غرف واسعه جداً) يوجد رسوم للدخول (تذاكر) وممكن تستخدم هذه التذاكر بالدخول مجاناً في المرة القادمة",True,True,False,2026-09-25
P02,القرية الشعبية,الدمام,تراثي / ثقافي,https://maps.app.goo.gl/oNadKmXoFmk9e4Di9,Ci9DQUlRQUNvZENodHljRjlvT2s1eGFXVlhSMFo1VDBSa09EZGZOVTU2VFhWQmNHYxAB,kh3led_1,https://www.google.com/maps/contrib/106812809693778720939/reviews?hl=en,4,3 months ago,,False,True,False,2026-09-25
P02,القرية الشعبية,الدمام,تراثي / ثقافي,https://maps.app.goo.gl/oNadKmXoFmk9e4Di9,Ci9DQUlRQUNvZENodHljRjlvT2tKSWVuTmFPVGt5TWw5YWNtcEpWVXM0TVZCaU0wRRAB,حميد العبادي,https://www.google.com/maps/contrib/106715434172797231295/reviews?hl=en,5,3 months ago,,False,True,False,2026-09-25
P02,القرية الشعبية,الدمام,تراثي / ثقافي,https://maps.app.goo.gl/oNadKmXoFmk9e4Di9,Ci9DQUlRQUNvZENodHljRjlvT2tSYVRHYzVSV1o1VFRkWFVXeFFOemcxVTFGbmJIYxAB,فيصل علي,https://www.google.com/maps/contrib/107330794228993440375/reviews?hl=en,5,3 months ago,,False,True,False,2026-09-25
P02,القرية الشعبية,الدمام,تراثي / ثقافي,https://maps.app.goo.gl/oNadKmXoFmk9e4Di9,Ci9DQUlRQUNvZENodHljRjlvT2psVU5FYzRWQzFCWjNGT1psWmFiSGxoY2xsVVUxRRAB,Peprah Isaac,https://www.google.com/maps/contrib/117028618672263507653/reviews?hl=en,5,3 months ago,,False,True,False,2026-09-25
P02,القرية الشعبية,الدمام,تراثي / ثقافي,https://maps.app.goo.gl/oNadKmXoFmk9e4Di9,Ci9DQUlRQUNvZENodHljRjlvT2xZMWNHSmxRamhsUzBOZmVDMU9aRkZtUWxSSmFIYxAB,Abdul Al Abdulatif,https://www.google.com/maps/contrib/113431044298986933674/reviews?hl=en,5,3 months ago,"جيد جدا
يستحق الزيارة مرة ثانية",True,True,False,2026-09-25
P02,القرية الشعبية,الدمام,تراثي / ثقافي,https://maps.app.goo.gl/oNadKmXoFmk9e4Di9,Ci9DQUlRQUNvZENodHljRjlvT25aYVVsaFVaekpWTTBkb1RuSmpRVWxoVWxJd1EwRRAB,Masooma Khalid,https://www.google.com/maps/contrib/103736946931750458743/reviews?hl=en,5,3 months ago,Great food and great service. Special thanks to Mohammed Al Amin for his kindness and hospitality. He was friendly helpful and made our visit even more enjoyable. Really appreciate his excellent service. Will definitely come back again,False,True,False,2026-09-25
P02,القرية الشعبية,الدمام,تراثي / ثقافي,https://maps.app.goo.gl/oNadKmXoFmk9e4Di9,Ci9DQUlRQUNvZENodHljRjlvT2sxc2NtbG5NazFRTlVGNVZta3dVRzVMUW5KcWQxRRAB,KSA,https://www.google.com/maps/contrib/117678167769064012692/reviews?hl=en,1,3 months ago,"استغلالي تدخل المطعم بفلوس .
غير الطلب",True,True,False,2026-09-25
P02,القرية الشعبية,الدمام,تراثي / ثقافي,https://maps.app.goo.gl/oNadKmXoFmk9e4Di9,Ci9DQUlRQUNvZENodHljRjlvT2xSYVJqTXRhbGg0VW1wMVRtWTVTVWR3UVZOQ2NXYxAB,ابومحمد,https://www.google.com/maps/contrib/103927084998467723161/reviews?hl=en,5,3 months ago,ممتازه جدا,True,True,False,2026-09-25
P02,القرية الشعبية,الدمام,تراثي / ثقافي,https://maps.app.goo.gl/oNadKmXoFmk9e4Di9,Ci9DQUlRQUNvZENodHljRjlvT2pKWGFWUXhPV2wyTW1KMU9FZEdRVGczZFRKcVgyYxAB,Anamaria Campean,https://www.google.com/maps/contrib/105750428500400055269/reviews?hl=en,5,3 months ago,"It was very interesting to see how the people lived in the past. They have a very big collection of different things from the ‘70s- ‘80s. From the balcony, second floor, the view is amazing. I liked the idea of restaurant and museum together. Until 5 you don’t have to pay for the table. I would definitely recommend to go there if you are visiting Dammam or the surroundings.",False,True,False,2026-09-25
P02,القرية الشعبية,الدمام,تراثي / ثقافي,https://maps.app.goo.gl/oNadKmXoFmk9e4Di9,ChZDSUhNMG9nS0VJQ0FnSUNmNXVhbEdREAE,Abdullah Al Humaid,https://www.google.com/maps/contrib/117362335920576662180/reviews?hl=en,5,Edited 3 months ago,,False,True,False,2026-09-25
P02,القرية الشعبية,الدمام,تراثي / ثقافي,https://maps.app.goo.gl/oNadKmXoFmk9e4Di9,Ci9DQUlRQUNvZENodHljRjlvT2pSTE1tMWlVamh4U0hGcFZucDNUbEJ6WkZacU9VRRAB,Khk9167 X.k,https://www.google.com/maps/contrib/110578977680492719483/reviews?hl=en,2,3 months ago,سعر الدخول غالي جدا ٢٠ريال,True,True,False,2026-09-25
P02,القرية الشعبية,الدمام,تراثي / ثقافي,https://maps.app.goo.gl/oNadKmXoFmk9e4Di9,Ci9DQUlRQUNvZENodHljRjlvT2xkVlUyNVNVVEJYY2s1b2NWcHljRVl4WlZreWNXYxAB,م. عبداللطيف الجوهر,https://www.google.com/maps/contrib/109101814145059260674/reviews?hl=en,5,3 months ago,جميل جدا,True,True,False,2026-09-25
P02,القرية الشعبية,الدمام,تراثي / ثقافي,https://maps.app.goo.gl/oNadKmXoFmk9e4Di9,Ci9DQUlRQUNvZENodHljRjlvT2xGS1ZWWnJPVzVmVTFONlEyaGthVTF6VUZkS1RVRRAB,احمد الصنعاني,https://www.google.com/maps/contrib/104301660457765387208/reviews?hl=en,5,3 months ago,"حضاري جدا"" روووعه",True,True,False,2026-09-25
P02,القرية الشعبية,الدمام,تراثي / ثقافي,https://maps.app.goo.gl/oNadKmXoFmk9e4Di9,Ci9DQUlRQUNvZENodHljRjlvT2pGRlUwMXpRMUV0TWxBdGNTMWFhV1k1WVY5WFRHYxAB,saleh D,https://www.google.com/maps/contrib/109949417539329335271/reviews?hl=en,4,3 months ago,,False,True,False,2026-09-25
P02,القرية الشعبية,الدمام,تراثي / ثقافي,https://maps.app.goo.gl/oNadKmXoFmk9e4Di9,Ci9DQUlRQUNvZENodHljRjlvT20xcmJEbDRkak5mYTJsMk5UaENSVmxzZDJGSlpXYxAB,Rohit Yadav,https://www.google.com/maps/contrib/102565349930125077725/reviews?hl=en,5,3 months ago,,False,True,False,2026-09-25
P02,القرية الشعبية,الدمام,تراثي / ثقافي,https://maps.app.goo.gl/oNadKmXoFmk9e4Di9,Ci9DQUlRQUNvZENodHljRjlvT21wb05HRTFlVWcyVW5walFrbHhNMGxmVGsxemNrRRAB,abozaher teama,https://www.google.com/maps/contrib/105777697534854390561/reviews?hl=en,5,3 months ago,افضل وارحم دكتور ربنا يبارك في عمرك,True,True,False,2026-09-25
P02,القرية الشعبية,الدمام,تراثي / ثقافي,https://maps.app.goo.gl/oNadKmXoFmk9e4Di9,Ci9DQUlRQUNvZENodHljRjlvT2pZNGEySm9VVE5KZUdacGFWVmxXVloyVGt4UFpYYxAB,Farah Alumar,https://www.google.com/maps/contrib/105232261799328237144/reviews?hl=en,5,3 months ago,"A beautiful and spacious place, very suitable for shopping, eating, and walking.",False,True,False,2026-09-25
P02,القرية الشعبية,الدمام,تراثي / ثقافي,https://maps.app.goo.gl/oNadKmXoFmk9e4Di9,Ci9DQUlRQUNvZENodHljRjlvT2sxRUxXcFVaV2w0VmtaMFoxSnNibWhxZURkTVpsRRAB,SHIHAB KK,https://www.google.com/maps/contrib/115393603151023690150/reviews?hl=en,4,3 months ago,Beautiful location you must visit place in Dammam Saudi Arabia,False,True,False,2026-09-25
P02,القرية الشعبية,الدمام,تراثي / ثقافي,https://maps.app.goo.gl/oNadKmXoFmk9e4Di9,Ci9DQUlRQUNvZENodHljRjlvT2pKT2JrWmhhRk50TjBGTmNYWlBWbEZ0UmtsV1QwRRAB,Sultan Alzhrani,https://www.google.com/maps/contrib/105307211778405665532/reviews?hl=en,1,3 months ago,الاجواء ممتازه لكن الاكل اقل من عادي والسعر مبالغ فيه,True,True,False,2026-09-25
P02,القرية الشعبية,الدمام,تراثي / ثقافي,https://maps.app.goo.gl/oNadKmXoFmk9e4Di9,Ci9DQUlRQUNvZENodHljRjlvT21kd016UlROWHBQZERRMlpEQnRYMjg1UmxGU2JtYxAB,Sarfaraz Surve,https://www.google.com/maps/contrib/117665235616955163927/reviews?hl=en,4,3 months ago,,False,True,False,2026-09-25
P02,القرية الشعبية,الدمام,تراثي / ثقافي,https://maps.app.goo.gl/oNadKmXoFmk9e4Di9,ChdDSUhNMG9nS0VJQ0FnSUNxODZQY19RRRAB,Ali,https://www.google.com/maps/contrib/100859538289597688259/reviews?hl=en,5,Edited 3 months ago,جميله,True,True,False,2026-09-25
P02,القرية الشعبية,الدمام,تراثي / ثقافي,https://maps.app.goo.gl/oNadKmXoFmk9e4Di9,Ci9DQUlRQUNvZENodHljRjlvT25aVlowcFBabG95YjA4MVluWTVSekJuZVdaS1UzYxAB,Alexandra Novik Khamis,https://www.google.com/maps/contrib/112397113314706901097/reviews?hl=en,5,3 months ago,,False,True,False,2026-09-25
P02,القرية الشعبية,الدمام,تراثي / ثقافي,https://maps.app.goo.gl/oNadKmXoFmk9e4Di9,Ci9DQUlRQUNvZENodHljRjlvT25sWlh6aEpUbkI0VTBWT01GWnhUbVppYXpSS2NrRRAB,Ammar N Fadhel,https://www.google.com/maps/contrib/109811764807234760097/reviews?hl=en,5,3 months ago,,False,True,False,2026-09-25
P02,القرية الشعبية,الدمام,تراثي / ثقافي,https://maps.app.goo.gl/oNadKmXoFmk9e4Di9,Ci9DQUlRQUNvZENodHljRjlvT25aeFh6TjJValJwUm1KNldVWkpORzFuVjNwUlUxRRAB,استوديو عدسة العائلة للتصوير,https://www.google.com/maps/contrib/101867500256507303922/reviews?hl=en,2,3 months ago,حلو,True,True,False,2026-09-25
P02,القرية الشعبية,الدمام,تراثي / ثقافي,https://maps.app.goo.gl/oNadKmXoFmk9e4Di9,Ci9DQUlRQUNvZENodHljRjlvT2tOelZ6QmtOa3RFVjE4NE5HNVlaVjh3YzBkMVZHYxAB,Hany Hermas,https://www.google.com/maps/contrib/107010213416925962289/reviews?hl=en,5,3 months ago,,False,True,False,2026-09-25
P02,القرية الشعبية,الدمام,تراثي / ثقافي,https://maps.app.goo.gl/oNadKmXoFmk9e4Di9,Ci9DQUlRQUNvZENodHljRjlvT21ScVowMUdXVk5FZUZab2FWSnNhbXRWTjBwS1ZrRRAB,رحال 2021,https://www.google.com/maps/contrib/110837260975147675805/reviews?hl=en,4,3 months ago,مزدحم,True,True,False,2026-09-25
P02,القرية الشعبية,الدمام,تراثي / ثقافي,https://maps.app.goo.gl/oNadKmXoFmk9e4Di9,Ci9DQUlRQUNvZENodHljRjlvT2xGS2FGTllOVVZZTVRRMU5FOHlaMjQwYlcxbVVrRRAB,Ossamah Durrani,https://www.google.com/maps/contrib/108240657212417529664/reviews?hl=en,3,3 months ago,Ok for 1 time visit. Nothing that extraordinary or very fine. Food very average as well.,False,True,False,2026-09-25
P02,القرية الشعبية,الدمام,تراثي / ثقافي,https://maps.app.goo.gl/oNadKmXoFmk9e4Di9,Ci9DQUlRQUNvZENodHljRjlvT21obk56UjNSRTlUY1daaFJsRnZOMkpTZW5SS2NrRRAB,FaHaD GuJjAaR,https://www.google.com/maps/contrib/114995810429141543073/reviews?hl=en,5,3 months ago,Very good experience,False,True,False,2026-09-25
P02,القرية الشعبية,الدمام,تراثي / ثقافي,https://maps.app.goo.gl/oNadKmXoFmk9e4Di9,Ci9DQUlRQUNvZENodHljRjlvT2pKV2NFbHJOa2h2V0hKMVkxbG5NRGh6TlVsemRFRRAB,no no,https://www.google.com/maps/contrib/112376147246458482629/reviews?hl=en,5,3 months ago,,False,True,False,2026-09-25
P02,القرية الشعبية,الدمام,تراثي / ثقافي,https://maps.app.goo.gl/oNadKmXoFmk9e4Di9,Ci9DQUlRQUNvZENodHljRjlvT2kxdFV6TTNibkoxVjFKSE1XeE1XbXhNYTJkSVNWRRAB,Ahmad Shah BAIM,https://www.google.com/maps/contrib/117934808315298392937/reviews?hl=en,5,3 months ago,Great visit to museum and excellent service by Mr Mahboob handling our delicious lunch. Really enjoyed the food by the whole family.,False,True,False,2026-09-25
P02,القرية الشعبية,الدمام,تراثي / ثقافي,https://maps.app.goo.gl/oNadKmXoFmk9e4Di9,Ci9DQUlRQUNvZENodHljRjlvT2tSSFlsQkNNVmh4VjNGSE5GaFRiMkY2ZUV4Mk5sRRAB,عبدالرحمن عبدالله,https://www.google.com/maps/contrib/105973079305721066630/reviews?hl=en,5,3 months ago,"هذه الزيارة رقم ١٠٠
تستاهل
الدخول ٢٠ ريال
وتحتفظ يالفتورة تدخل بعدين مجانا",True,True,False,2026-09-25
P02,القرية الشعبية,الدمام,تراثي / ثقافي,https://maps.app.goo.gl/oNadKmXoFmk9e4Di9,ChdDSUhNMG9nS0VJQ0FnSURnMnEtMGhRRRAB,Ali Alqahtani,https://www.google.com/maps/contrib/107419186560709760060/reviews?hl=en,5,Edited 3 months ago,,False,True,False,2026-09-25
P02,القرية الشعبية,الدمام,تراثي / ثقافي,https://maps.app.goo.gl/oNadKmXoFmk9e4Di9,Ci9DQUlRQUNvZENodHljRjlvT2s5Uk5sOVBaemRuWTBkTWEzb3hTME5vYVU1R1MyYxAB,Murtada Alarbath,https://www.google.com/maps/contrib/111404572891968668995/reviews?hl=en,5,Edited 3 months ago,,False,True,False,2026-09-25
P02,القرية الشعبية,الدمام,تراثي / ثقافي,https://maps.app.goo.gl/oNadKmXoFmk9e4Di9,Ci9DQUlRQUNvZENodHljRjlvT2pJNWQyUXdiV05wVUhSd1kwWkJORWRXVUVKM09HYxAB,Ml,https://www.google.com/maps/contrib/106781724873751956596/reviews?hl=en,5,3 months ago,جميله جدا,True,True,False,2026-09-25
P02,القرية الشعبية,الدمام,تراثي / ثقافي,https://maps.app.goo.gl/oNadKmXoFmk9e4Di9,Ci9DQUlRQUNvZENodHljRjlvT200elNsSlFhMVZHWVd4UGNURlhabHBPZWxSSGJVRRAB,فتحي ابو ملك,https://www.google.com/maps/contrib/117145983304341600160/reviews?hl=en,5,3 months ago,,False,True,False,2026-09-25
P02,القرية الشعبية,الدمام,تراثي / ثقافي,https://maps.app.goo.gl/oNadKmXoFmk9e4Di9,Ci9DQUlRQUNvZENodHljRjlvT25OMU0wUnZNbHAwVlROR1gwczFiMHRhTVhsMWJXYxAB,Vijay Singh,https://www.google.com/maps/contrib/102099850677549440371/reviews?hl=en,5,3 months ago,,False,True,False,2026-09-25
P02,القرية الشعبية,الدمام,تراثي / ثقافي,https://maps.app.goo.gl/oNadKmXoFmk9e4Di9,Ci9DQUlRQUNvZENodHljRjlvT21aaFdHaGFNak5MYlZCRU5XeFVYM1ZPV1hGR1ozYxAB,Turky Aldossari,https://www.google.com/maps/contrib/102833631038299066471/reviews?hl=en,5,3 months ago,زرتهم بالعيد وكان عندي ضيوف جاين من خارج السعودية استمتعو بالاكل والاجواء الشعبيه و المتحف حاب اشكرهم على حسن الضيافه والتعامل,True,True,False,2026-09-25
P02,القرية الشعبية,الدمام,تراثي / ثقافي,https://maps.app.goo.gl/oNadKmXoFmk9e4Di9,Ci9DQUlRQUNvZENodHljRjlvT214clpHMTZPRnBGWjB4MVlYTk9XRjh3YVRaUGRWRRAB,FAHAD.M.AIDAYILI,https://www.google.com/maps/contrib/102184693728713653022/reviews?hl=en,5,3 months ago,"‏السلام عليكم ورحمة الله وبركاته صراحة المطعم غالي اكلهم نوعا ما طيب ولكن مو منطقي الموية بنصف 3
ريال (ولاحظت شي انه ما يعطونك الفاتورة)",True,True,False,2026-09-25
P02,القرية الشعبية,الدمام,تراثي / ثقافي,https://maps.app.goo.gl/oNadKmXoFmk9e4Di9,Ci9DQUlRQUNvZENodHljRjlvT21ZeFlsSm5RVTF3TjNWT2JETTJSRmt6WjNvd1JGRRAB,ibrahim alshayi,https://www.google.com/maps/contrib/111862517414782452580/reviews?hl=en,5,3 months ago,,False,True,False,2026-09-25
P02,القرية الشعبية,الدمام,تراثي / ثقافي,https://maps.app.goo.gl/oNadKmXoFmk9e4Di9,Ci9DQUlRQUNvZENodHljRjlvT21KcVlreHNhR0oyT1daNWQyTXlOV05SYWtKUFIxRRAB,وهج العجاجي,https://www.google.com/maps/contrib/109531861416120897540/reviews?hl=en,4,3 months ago,,False,True,False,2026-09-25
P02,القرية الشعبية,الدمام,تراثي / ثقافي,https://maps.app.goo.gl/oNadKmXoFmk9e4Di9,Ci9DQUlRQUNvZENodHljRjlvT2w5NVpsb3pTVGhHUXpRMGN6a3phVlI1TTFOcVFXYxAB,شريف مصطفي الكاملي,https://www.google.com/maps/contrib/113190767272405657575/reviews?hl=en,5,3 months ago,مكان جميل ورائع ويستحق الزيارة,True,True,False,2026-09-25
P02,القرية الشعبية,الدمام,تراثي / ثقافي,https://maps.app.goo.gl/oNadKmXoFmk9e4Di9,Ci9DQUlRQUNvZENodHljRjlvT25CMmRqbHpPV1JpWmtKdlJGWmtjRWRHTW1kVmRtYxAB,Anwar Abu Abdullah Bashiri,https://www.google.com/maps/contrib/102582370366138863135/reviews?hl=en,5,3 months ago,,False,True,False,2026-09-25
P02,القرية الشعبية,الدمام,تراثي / ثقافي,https://maps.app.goo.gl/oNadKmXoFmk9e4Di9,Ci9DQUlRQUNvZENodHljRjlvT21sNVRGcDNVbFpzTkVoVldHOXdiMHBwVmtOWE1WRRAB,عدنان الزمر,https://www.google.com/maps/contrib/102584824386828750941/reviews?hl=en,1,3 months ago,,False,True,False,2026-09-25
P02,القرية الشعبية,الدمام,تراثي / ثقافي,https://maps.app.goo.gl/oNadKmXoFmk9e4Di9,Ci9DQUlRQUNvZENodHljRjlvT2xCa1dFeEJWRFIzVHpOTGRWZGZSV3AyVWs5cVRGRRAB,Rafeek Meerasahib,https://www.google.com/maps/contrib/111102312076410505425/reviews?hl=en,1,3 months ago,,False,True,False,2026-09-25
P02,القرية الشعبية,الدمام,تراثي / ثقافي,https://maps.app.goo.gl/oNadKmXoFmk9e4Di9,Ci9DQUlRQUNvZENodHljRjlvT2tJeWJHaEZjMFZXUkZsc01WTmxiMmQwYUMxNE9YYxAB,بدر السماح,https://www.google.com/maps/contrib/115048939911167564536/reviews?hl=en,5,3 months ago,موقع جميل والاكل في غاية الروعة,True,True,False,2026-09-25
P02,القرية الشعبية,الدمام,تراثي / ثقافي,https://maps.app.goo.gl/oNadKmXoFmk9e4Di9,Ci9DQUlRQUNvZENodHljRjlvT2pod1JubDZTbTl2VG5WMk5YaHNSRjh6TW1wSlVGRRAB,Fadi Mustafa,https://www.google.com/maps/contrib/103184279847073224200/reviews?hl=en,5,3 months ago,"جميل جدا
شكرا لجميع الموظفين من الاستقبال لغاية الداخل",True,True,False,2026-09-25
P02,القرية الشعبية,الدمام,تراثي / ثقافي,https://maps.app.goo.gl/oNadKmXoFmk9e4Di9,Ci9DQUlRQUNvZENodHljRjlvT25BellXcFpjRVJ5TmtWSGFGZG9RbTk1TTI5UlFYYxAB,Radhi Awwami,https://www.google.com/maps/contrib/115090909028232588739/reviews?hl=en,5,3 months ago,ممتاز جداً، انصح بزيارته بعه متحف ومقتنيات سعودية اثرية,True,True,False,2026-09-25
P02,القرية الشعبية,الدمام,تراثي / ثقافي,https://maps.app.goo.gl/oNadKmXoFmk9e4Di9,Ci9DQUlRQUNvZENodHljRjlvT2tOek9XcDRYMGRIUlROUlZtMHdTMlZPT1U0d00yYxAB,الخايف من الله,https://www.google.com/maps/contrib/103939162604112448686/reviews?hl=en,5,3 months ago,,False,True,False,2026-09-25
P02,القرية الشعبية,الدمام,تراثي / ثقافي,https://maps.app.goo.gl/oNadKmXoFmk9e4Di9,Ci9DQUlRQUNvZENodHljRjlvT2pWeVZWRlhkbUZMTjFreVVqZEJNV3RUT1hGQ2FXYxAB,Dr Ahmed Ramadan د - احمد رمضان,https://www.google.com/maps/contrib/117813610358955373288/reviews?hl=en,4,3 months ago,,False,True,False,2026-09-25
P02,القرية الشعبية,الدمام,تراثي / ثقافي,https://maps.app.goo.gl/oNadKmXoFmk9e4Di9,Ci9DQUlRQUNvZENodHljRjlvT2tGWFJsWnlPRGhOUldaTlNHWm9hMEpYVm5oRlVsRRAB,هشام ابو الفهد,https://www.google.com/maps/contrib/116385571684655362666/reviews?hl=en,1,3 months ago,,False,True,False,2026-09-25
P02,القرية الشعبية,الدمام,تراثي / ثقافي,https://maps.app.goo.gl/oNadKmXoFmk9e4Di9,Ci9DQUlRQUNvZENodHljRjlvT2xGUWMyTlJSM05DYmtZemJYUkVkMTlrVG5Wb1RXYxAB,Awais Nazir,https://www.google.com/maps/contrib/112492499983781621654/reviews?hl=en,5,3 months ago,,False,True,False,2026-09-25
P02,القرية الشعبية,الدمام,تراثي / ثقافي,https://maps.app.goo.gl/oNadKmXoFmk9e4Di9,Ci9DQUlRQUNvZENodHljRjlvT25vM2FUazRNa3BUVkZaaVpVTnVhWEZxVWpob2JFRRAB,ماجد القحطاني,https://www.google.com/maps/contrib/109431223493579746962/reviews?hl=en,5,3 months ago,الله يعطيكم العافية,True,True,False,2026-09-25
P02,القرية الشعبية,الدمام,تراثي / ثقافي,https://maps.app.goo.gl/oNadKmXoFmk9e4Di9,Ci9DQUlRQUNvZENodHljRjlvT2psSFFXOTJWRU5yZFZSM1gxQXlWelpxZEdrMFJFRRAB,Rashad Almasri,https://www.google.com/maps/contrib/105040848607672887348/reviews?hl=en,5,3 months ago,,False,True,False,2026-09-25
P02,القرية الشعبية,الدمام,تراثي / ثقافي,https://maps.app.goo.gl/oNadKmXoFmk9e4Di9,Ci9DQUlRQUNvZENodHljRjlvT2xob1RYVXRNVzFwT1ZWM05XVnplbVZEY2s0MVJWRRAB,Saleh (QTR),https://www.google.com/maps/contrib/116280027903797487008/reviews?hl=en,5,3 months ago,بصراحة امس جيت من القرية العالمية ومستغرب ليش الكثير كان يذم هالمكان ورغم اني متحسف اني ماجيتها قبل..بصراحة المكان حلو وعائلي وشرح وانصح فيه وماعليكم من الكلام الي تسمعونه وونتمنى ان شاء الله السنة الجاية يكبرون القرية ويزيدون الفعاليات,True,True,False,2026-09-25
P02,القرية الشعبية,الدمام,تراثي / ثقافي,https://maps.app.goo.gl/oNadKmXoFmk9e4Di9,Ci9DQUlRQUNvZENodHljRjlvT2tSVU9WaENTRlJOV1d0YWRFZEtVMGgwVmpWcVVtYxAB,تشاليح الدمام,https://www.google.com/maps/contrib/103544184866658795386/reviews?hl=en,4,3 months ago,اعجبني حضورهم ولي زياره اخرا ان شاء الله,True,True,False,2026-09-25
P02,القرية الشعبية,الدمام,تراثي / ثقافي,https://maps.app.goo.gl/oNadKmXoFmk9e4Di9,Ci9DQUlRQUNvZENodHljRjlvT2pkTU5VMW5ZbFp2Y1VWTFZUUmZXbmh6V1dwWFRXYxAB,حسن علي,https://www.google.com/maps/contrib/117358604316152833338/reviews?hl=en,5,3 months ago,,False,True,False,2026-09-25
P02,القرية الشعبية,الدمام,تراثي / ثقافي,https://maps.app.goo.gl/oNadKmXoFmk9e4Di9,Ci9DQUlRQUNvZENodHljRjlvT2xKQ1RGSTBaVmd5UmtaeWRFWkZia3hpVDBkSlQzYxAB,SAEED ghamdi,https://www.google.com/maps/contrib/113317275023953410368/reviews?hl=en,4,3 months ago,,False,True,False,2026-09-25
P02,القرية الشعبية,الدمام,تراثي / ثقافي,https://maps.app.goo.gl/oNadKmXoFmk9e4Di9,Ci9DQUlRQUNvZENodHljRjlvT2toTVkyWjFNMU50UjFOdk9EUnlTMnRPTnpObFdWRRAB,novy,https://www.google.com/maps/contrib/104100828737043427962/reviews?hl=en,4,3 months ago,"الاكل لذيذ
الخدمه ممتازة
كل طبق كان لذيذ وكميته راهيه
لكن سعر الدخول مرتفع ٢٠ ريال للشخص
ولايتم احتسابه من ضمن فاتورة المطعم",True,True,False,2026-09-25
P02,القرية الشعبية,الدمام,تراثي / ثقافي,https://maps.app.goo.gl/oNadKmXoFmk9e4Di9,Ci9DQUlRQUNvZENodHljRjlvT2xGVFRXTjNaemRIWXkxNk1EUnNiMFJZTVRSbFgzYxAB,Muhammed S,https://www.google.com/maps/contrib/102460881816787040685/reviews?hl=en,5,3 months ago,مكان رائع بصراحة يستحق الزيارة,True,True,False,2026-09-25
P02,القرية الشعبية,الدمام,تراثي / ثقافي,https://maps.app.goo.gl/oNadKmXoFmk9e4Di9,Ci9DQUlRQUNvZENodHljRjlvT2poeGVuTjJiek14VldkRlUwWmhSMjFNVnpWTVNHYxAB,mohammed alaali,https://www.google.com/maps/contrib/114919537595653653281/reviews?hl=en,5,3 months ago,,False,True,False,2026-09-25
P02,القرية الشعبية,الدمام,تراثي / ثقافي,https://maps.app.goo.gl/oNadKmXoFmk9e4Di9,Ci9DQUlRQUNvZENodHljRjlvT21Oa04zTnRObDk1WlU5RVVUSm5OSGt0Y0VSS1RWRRAB,سامي سعيد الشمساني,https://www.google.com/maps/contrib/102461321619561629825/reviews?hl=en,5,3 months ago,,False,True,False,2026-09-25
P02,القرية الشعبية,الدمام,تراثي / ثقافي,https://maps.app.goo.gl/oNadKmXoFmk9e4Di9,Ci9DQUlRQUNvZENodHljRjlvT2pFNWVtcGlUbmxEYkZsUGMySlVWUzF2UTFaU05YYxAB,Ahmed Al Massari,https://www.google.com/maps/contrib/109516055180664076911/reviews?hl=en,1,3 months ago,الصراحة طلبنا ذبيحة العيد وللأسف الأكل لا يؤكل. المطعم يحتاج لإعادة تقييم الجودة الي لا يتناسب مع حجم واسم المطعم,True,True,False,2026-09-25
P02,القرية الشعبية,الدمام,تراثي / ثقافي,https://maps.app.goo.gl/oNadKmXoFmk9e4Di9,Ci9DQUlRQUNvZENodHljRjlvT21sSlJsZFJWblJXVFdaUlgwazVRelZLVUcxbmRIYxAB,amenohisensei,https://www.google.com/maps/contrib/108737484150178101536/reviews?hl=en,4,3 months ago,,False,True,False,2026-09-25
P02,القرية الشعبية,الدمام,تراثي / ثقافي,https://maps.app.goo.gl/oNadKmXoFmk9e4Di9,ChZDSUhNMG9nS0VNaUctWjN2bWJLNlFREAE,محمد العمري,https://www.google.com/maps/contrib/116180808865137396053/reviews?hl=en,2,Edited 3 months ago,,False,True,False,2026-09-25
P02,القرية الشعبية,الدمام,تراثي / ثقافي,https://maps.app.goo.gl/oNadKmXoFmk9e4Di9,Ci9DQUlRQUNvZENodHljRjlvT25weWVXaG5NbVJhUWpsYWNXdGZjVXBxWlVweFlYYxAB,ابوبدر,https://www.google.com/maps/contrib/105756478448564747855/reviews?hl=en,3,3 months ago,,False,True,False,2026-09-25
P02,القرية الشعبية,الدمام,تراثي / ثقافي,https://maps.app.goo.gl/oNadKmXoFmk9e4Di9,Ci9DQUlRQUNvZENodHljRjlvT2pjMFEzZFljRzluYmpoeFdXbFhOMVpxZGtaNWFVRRAB,sayd elmahdy,https://www.google.com/maps/contrib/117396830231901808048/reviews?hl=en,5,3 months ago,رائع,True,True,False,2026-09-25
P02,القرية الشعبية,الدمام,تراثي / ثقافي,https://maps.app.goo.gl/oNadKmXoFmk9e4Di9,Ci9DQUlRQUNvZENodHljRjlvT21sdU4yOXVhbm90YWt4RFgwbFpla05EY0haSFNXYxAB,Eng-Anas Sulaiman,https://www.google.com/maps/contrib/107630063964689058868/reviews?hl=en,1,3 months ago,ريحة الزباله وسخت الكورنيش,True,True,False,2026-09-25
P02,القرية الشعبية,الدمام,تراثي / ثقافي,https://maps.app.goo.gl/oNadKmXoFmk9e4Di9,Ci9DQUlRQUNvZENodHljRjlvT21wS1oxZ3lTRUZaV0hJNWRHWjVNbkZQUXpaSmJVRRAB,مُهنّد,https://www.google.com/maps/contrib/101362794412924043194/reviews?hl=en,3,3 months ago,"ذهبت للغداء وتم طلب دخول 20 ريال للشخص وللأسف ليست محسوبة ضمن سعر الطعام

يعني 4 أشخاص دفعنا 80 ريال

طيب أنا لا أرغب في زيارة المتحف لماذا أدفع دخول للمطعم",True,True,False,2026-09-25
P02,القرية الشعبية,الدمام,تراثي / ثقافي,https://maps.app.goo.gl/oNadKmXoFmk9e4Di9,Ci9DQUlRQUNvZENodHljRjlvT25CNFJVbFJaV05yVmtkU05GaE1hblJSYzFGT2NYYxAB,Abu Aabid Riyaz,https://www.google.com/maps/contrib/112947499694633578800/reviews?hl=en,5,3 months ago,"Nice
Good museum and good juice",False,True,False,2026-09-25
P02,القرية الشعبية,الدمام,تراثي / ثقافي,https://maps.app.goo.gl/oNadKmXoFmk9e4Di9,Ci9DQUlRQUNvZENodHljRjlvT2tsdGNrOXNZMEp1ZGtwRmVtbFJjVk52YW01QmQzYxAB,بدور الزهراني,https://www.google.com/maps/contrib/113208372434321551969/reviews?hl=en,5,3 months ago,,False,True,False,2026-09-25
P02,القرية الشعبية,الدمام,تراثي / ثقافي,https://maps.app.goo.gl/oNadKmXoFmk9e4Di9,Ci9DQUlRQUNvZENodHljRjlvT25VMFZHaFlNVm95TjNKWmJEbEVjQzFhWldaWGJYYxAB,Omar Al Matar,https://www.google.com/maps/contrib/106995181224614599475/reviews?hl=en,5,3 months ago,The place is Amazing. We enjoyed the experience. Special recognition to Mahboob who took care of our table. The service was a outstanding,False,True,False,2026-09-25
P02,القرية الشعبية,الدمام,تراثي / ثقافي,https://maps.app.goo.gl/oNadKmXoFmk9e4Di9,Ci9DQUlRQUNvZENodHljRjlvT2pkck1GWlVZMmx3Um5OelgwVnRjRUZPVGtKcGQwRRAB,André Van Balen,https://www.google.com/maps/contrib/117013139050648165643/reviews?hl=en,5,3 months ago,Really nice place to know more about the local history and local culture. The food is really good,False,True,False,2026-09-25
P02,القرية الشعبية,الدمام,تراثي / ثقافي,https://maps.app.goo.gl/oNadKmXoFmk9e4Di9,Ci9DQUlRQUNvZENodHljRjlvT25wbmQxOU9SVTFLVEV0Rlp6aHVXbmRITjBwSGQwRRAB,عبدالله بن علي,https://www.google.com/maps/contrib/105898152253167308008/reviews?hl=en,4,3 months ago,جميل جدا جداً,True,True,False,2026-09-25
P02,القرية الشعبية,الدمام,تراثي / ثقافي,https://maps.app.goo.gl/oNadKmXoFmk9e4Di9,Ci9DQUlRQUNvZENodHljRjlvT2xKUk5rd3lSMDgyU1VsNlEwbFVPSEZ6Y0ZaQlNXYxAB,Soumaya Khan,https://www.google.com/maps/contrib/117170122198016208494/reviews?hl=en,5,3 months ago,,False,True,False,2026-09-25
P02,القرية الشعبية,الدمام,تراثي / ثقافي,https://maps.app.goo.gl/oNadKmXoFmk9e4Di9,Ci9DQUlRQUNvZENodHljRjlvT2s1SFFXNVZTRlE1VjBGUlFXRmtUa0ZtUW5sUFNGRRAB,بلال الملاح,https://www.google.com/maps/contrib/102275278482670064969/reviews?hl=en,3,Edited 3 months ago,,False,True,False,2026-09-25
P02,القرية الشعبية,الدمام,تراثي / ثقافي,https://maps.app.goo.gl/oNadKmXoFmk9e4Di9,Ci9DQUlRQUNvZENodHljRjlvT2pSWFQyWXRWVmhrU0RkTVMyOVZRMTlQVm1Kck9WRRAB,S.H,https://www.google.com/maps/contrib/106690758038666901494/reviews?hl=en,5,3 months ago,المكان جميل ويعتبر متحف مصغر ..,True,True,False,2026-09-25
P02,القرية الشعبية,الدمام,تراثي / ثقافي,https://maps.app.goo.gl/oNadKmXoFmk9e4Di9,Ci9DQUlRQUNvZENodHljRjlvT2tGM05uWmtjRmxrVm1aeE1GVlBWek16TmpSdGNsRRAB,Ammar Zrkly,https://www.google.com/maps/contrib/101382497066441725027/reviews?hl=en,3,3 months ago,"المكان رائع و تجربه جميلة جدا ومختلفه .. لكن الاكل ربي يكرم النعمة ماقدرنا ناكل منه لقمة و بلغنا الموظف انه مزنخ وراح ماعاد رجع صراحة خاب املي في الاكل كثير 🫣🫠

حتى الدخوليه سعرها مرتفع اذا كان عدد الاشخاص كثار لعائله كبيرة،  ممكن يسوون حركة ذكيه انها تنخصم من اجمالي اي فاتورة من الداخل سواء في المطعم او السوق",True,True,False,2026-09-25
P02,القرية الشعبية,الدمام,تراثي / ثقافي,https://maps.app.goo.gl/oNadKmXoFmk9e4Di9,Ci9DQUlRQUNvZENodHljRjlvT25sRFUwbFBTWFIxZVZFMlFVSjZYMlo0Y1RGYVNWRRAB,maakaa almmlka,https://www.google.com/maps/contrib/107835784681711078743/reviews?hl=en,5,3 months ago,,False,True,False,2026-09-25
P02,القرية الشعبية,الدمام,تراثي / ثقافي,https://maps.app.goo.gl/oNadKmXoFmk9e4Di9,Ci9DQUlRQUNvZENodHljRjlvT201NFpGTnRabmhpYm0xeFNYVnRTbGhZYjFSRE1WRRAB,ماجد النعيم,https://www.google.com/maps/contrib/116780223460291581411/reviews?hl=en,5,3 months ago,,False,True,False,2026-09-25
P02,القرية الشعبية,الدمام,تراثي / ثقافي,https://maps.app.goo.gl/oNadKmXoFmk9e4Di9,Ci9DQUlRQUNvZENodHljRjlvT2tGd1EyMXZRVGRKTFdoV1MzaG9VVEJwUkdZeGQyYxAB,Mohammed Shalaby,https://www.google.com/maps/contrib/116621061430538961283/reviews?hl=en,5,3 months ago,,False,True,False,2026-09-25
P02,القرية الشعبية,الدمام,تراثي / ثقافي,https://maps.app.goo.gl/oNadKmXoFmk9e4Di9,Ci9DQUlRQUNvZENodHljRjlvT2pWeGNVODNhWEprUmw5SFNHdHpkMWhhWVVKa2EwRRAB,sarah khan,https://www.google.com/maps/contrib/114686471455098025611/reviews?hl=en,5,3 months ago,"We had a really good time here! The culture, art, history everything was wonderful. There was so much attention to details. Mehboob was really kind and guided us through the whole experience! The food was amazing.",False,True,False,2026-09-25
P02,القرية الشعبية,الدمام,تراثي / ثقافي,https://maps.app.goo.gl/oNadKmXoFmk9e4Di9,Ci9DQUlRQUNvZENodHljRjlvT2xGSmF6QmlVMGhNYTJWWWRVY3dSVFpPYkdwSlJuYxAB,Islam Ahmed,https://www.google.com/maps/contrib/112527819909611390083/reviews?hl=en,5,3 months ago,,False,True,False,2026-09-25
P02,القرية الشعبية,الدمام,تراثي / ثقافي,https://maps.app.goo.gl/oNadKmXoFmk9e4Di9,Ci9DQUlRQUNvZENodHljRjlvT2tsdmFVY3dSR05RUTFaaFgxaE1ZalJCWjAxb1NrRRAB,cyriac mathew,https://www.google.com/maps/contrib/114760751038428613533/reviews?hl=en,5,3 months ago,,False,True,False,2026-09-25
P02,القرية الشعبية,الدمام,تراثي / ثقافي,https://maps.app.goo.gl/oNadKmXoFmk9e4Di9,Ci9DQUlRQUNvZENodHljRjlvT2xWcGJVbFhTRUptUjBORmVUVjJabE5LUzFWNU9WRRAB,Blooming in shadows,https://www.google.com/maps/contrib/103883478161058500359/reviews?hl=en,5,3 months ago,Amazing experience.,False,True,False,2026-09-25
P02,القرية الشعبية,الدمام,تراثي / ثقافي,https://maps.app.goo.gl/oNadKmXoFmk9e4Di9,Ci9DQUlRQUNvZENodHljRjlvT25Wd01qWXphbE0yVG5wWGVuSlZWbE15U0RobGRGRRAB,Eslam Abdel Aziz,https://www.google.com/maps/contrib/109380471235911367851/reviews?hl=en,5,Edited 3 months ago,,False,True,False,2026-09-25
P02,القرية الشعبية,الدمام,تراثي / ثقافي,https://maps.app.goo.gl/oNadKmXoFmk9e4Di9,Ci9DQUlRQUNvZENodHljRjlvT2xoYVZXZzBZa3A2Y1VaVWJVMUJkblUzV25ocU4xRRAB,Moustafa Eissa,https://www.google.com/maps/contrib/103592426054037137592/reviews?hl=en,5,3 months ago,,False,True,False,2026-09-25
P02,القرية الشعبية,الدمام,تراثي / ثقافي,https://maps.app.goo.gl/oNadKmXoFmk9e4Di9,Ci9DQUlRQUNvZENodHljRjlvT2paaFZtTkpZbmxHUVRkek5IbzRVMHhRVXpsWWRVRRAB,Ahmed_b,https://www.google.com/maps/contrib/104695831425806648332/reviews?hl=en,5,3 months ago,,False,True,False,2026-09-25
P02,القرية الشعبية,الدمام,تراثي / ثقافي,https://maps.app.goo.gl/oNadKmXoFmk9e4Di9,Ci9DQUlRQUNvZENodHljRjlvT21wclVFWklWaTFuTkVOT1JGOXBWR2RFVHpSbWNGRRAB,Suman Chaudhary,https://www.google.com/maps/contrib/113604484984214431719/reviews?hl=en,5,3 months ago,,False,True,False,2026-09-25
P02,القرية الشعبية,الدمام,تراثي / ثقافي,https://maps.app.goo.gl/oNadKmXoFmk9e4Di9,Ci9DQUlRQUNvZENodHljRjlvT25odVdVVjBSWEpTVW5sWWRrNVhkRkJRVFdoQ1ZHYxAB,فريج الشمري,https://www.google.com/maps/contrib/102351869407550647255/reviews?hl=en,4,4 months ago,ممتاز جدآ,True,True,False,2026-09-25
P02,القرية الشعبية,الدمام,تراثي / ثقافي,https://maps.app.goo.gl/oNadKmXoFmk9e4Di9,Ci9DQUlRQUNvZENodHljRjlvT2padUxXTnNlRlJQVDNaVWJHTkNVVjl2WVhSR1NrRRAB,Awadh Al gahtani,https://www.google.com/maps/contrib/105694159580190880978/reviews?hl=en,3,4 months ago,Good,False,True,False,2026-09-25
P02,القرية الشعبية,الدمام,تراثي / ثقافي,https://maps.app.goo.gl/oNadKmXoFmk9e4Di9,Ci9DQUlRQUNvZENodHljRjlvT20xb2VXcG5XVmxvV1ZwU2NWQktibEV3YjNCTk1VRRAB,عمر الذبحاني,https://www.google.com/maps/contrib/111344636235548040742/reviews?hl=en,5,4 months ago,👌👍👍 …,False,True,True,2026-09-25
P02,القرية الشعبية,الدمام,تراثي / ثقافي,https://maps.app.goo.gl/oNadKmXoFmk9e4Di9,Ci9DQUlRQUNvZENodHljRjlvT2xoRVRtUjFYMjlrTFZWRlJYbHhNMlJzUjBveWFFRRAB,Razaq Net,https://www.google.com/maps/contrib/100007977113043102609/reviews?hl=en,4,Edited 4 months ago,ممتازة للعوائل والاجتماع مع الاصحاب باجواء تراثيه قديمه والاستمتاع بالمتحف التراثي والسيارات الكلاسيكيه ولا ننسى جودة الطعام والطاقم جدا ودود وبالاخص المهندس فايز الاحمد,True,True,False,2026-09-25
P02,القرية الشعبية,الدمام,تراثي / ثقافي,https://maps.app.goo.gl/oNadKmXoFmk9e4Di9,Ci9DQUlRQUNvZENodHljRjlvT2xOelVsbFpOalZ3UkZoa2JpMW5NSFl6WWxVeGNrRRAB,Shamah,https://www.google.com/maps/contrib/112079025505899471719/reviews?hl=en,5,4 months ago,المكان جميل والعاملين لطيفين جداً وخدومين,True,True,False,2026-09-25
P02,القرية الشعبية,الدمام,تراثي / ثقافي,https://maps.app.goo.gl/oNadKmXoFmk9e4Di9,Ci9DQUlRQUNvZENodHljRjlvT2tOM01EZEVTRGxQWm5kcmVFazVOMlZqYzA1R2IxRRAB,Art Fatemah sa,https://www.google.com/maps/contrib/112025399761941944247/reviews?hl=en,1,4 months ago,تعامل سىء جدا من الموظفين,True,True,False,2026-09-25
P02,القرية الشعبية,الدمام,تراثي / ثقافي,https://maps.app.goo.gl/oNadKmXoFmk9e4Di9,Ci9DQUlRQUNvZENodHljRjlvT2pCVmRrTmxUbFpzWWxCS1dHWmFjV2RvVTFKVGVFRRAB,Syed Ameeruddin,https://www.google.com/maps/contrib/111133390772848105665/reviews?hl=en,5,4 months ago,,False,True,False,2026-09-25
P02,القرية الشعبية,الدمام,تراثي / ثقافي,https://maps.app.goo.gl/oNadKmXoFmk9e4Di9,Ci9DQUlRQUNvZENodHljRjlvT2pZNWVqa3hjMkZDUXpOaVpXdFRlalZRYTFwck5uYxAB,H azm,https://www.google.com/maps/contrib/116477742850029397767/reviews?hl=en,5,4 months ago,ممتع,True,True,False,2026-09-25
P02,القرية الشعبية,الدمام,تراثي / ثقافي,https://maps.app.goo.gl/oNadKmXoFmk9e4Di9,Ci9DQUlRQUNvZENodHljRjlvT2pWWll6QnpOR2RYTlRKaVIyWkZjRTFmYWtwaVZrRRAB,Zinaa H.,https://www.google.com/maps/contrib/107192307991897706004/reviews?hl=en,3,4 months ago,,False,True,False,2026-09-25
P02,القرية الشعبية,الدمام,تراثي / ثقافي,https://maps.app.goo.gl/oNadKmXoFmk9e4Di9,Ci9DQUlRQUNvZENodHljRjlvT25WRGJTMVZSazltVWpCa01IUXpYMG90V0ZBeWExRRAB,Khalid,https://www.google.com/maps/contrib/102268729354381427163/reviews?hl=en,5,4 months ago,,False,True,False,2026-09-25
P02,القرية الشعبية,الدمام,تراثي / ثقافي,https://maps.app.goo.gl/oNadKmXoFmk9e4Di9,Ci9DQUlRQUNvZENodHljRjlvT2xSV1IyOHdOV1ZzT0hKNFFVZEllRGRJT1hOQk5IYxAB,ديكورات الدمام,https://www.google.com/maps/contrib/115368209666177507042/reviews?hl=en,5,4 months ago,,False,True,False,2026-09-25
P02,القرية الشعبية,الدمام,تراثي / ثقافي,https://maps.app.goo.gl/oNadKmXoFmk9e4Di9,Ci9DQUlRQUNvZENodHljRjlvT25kWFNYRk5YM2xhVkcxVE1sWkxUQzFCVVZST2VVRRAB,Ibrahim AlSafra,https://www.google.com/maps/contrib/110612134702576793268/reviews?hl=en,5,4 months ago,اول مرة ازورهم وماشالله اكلهم وجلساتهم رائعة,True,True,False,2026-09-25
P02,القرية الشعبية,الدمام,تراثي / ثقافي,https://maps.app.goo.gl/oNadKmXoFmk9e4Di9,Ci9DQUlRQUNvZENodHljRjlvT21KRVEzcGZPVXRuU0RSblRVZEJObUp5TWsxbVkzYxAB,M Alyami,https://www.google.com/maps/contrib/109851631255036113045/reviews?hl=en,5,4 months ago,,False,True,False,2026-09-25
P02,القرية الشعبية,الدمام,تراثي / ثقافي,https://maps.app.goo.gl/oNadKmXoFmk9e4Di9,Ci9DQUlRQUNvZENodHljRjlvT25NMVlrd3RjR0p5VVRkcmMwTmFUV3BPYmpoeFlXYxAB,نواف الشمري,https://www.google.com/maps/contrib/101524921309057170885/reviews?hl=en,5,4 months ago,,False,True,False,2026-09-25
P02,القرية الشعبية,الدمام,تراثي / ثقافي,https://maps.app.goo.gl/oNadKmXoFmk9e4Di9,Ci9DQUlRQUNvZENodHljRjlvT2poUFlXRTBaM1ZmTFV3NWNWcEZWWE5ZUldwbFIzYxAB,Lolo Balolo,https://www.google.com/maps/contrib/113036646570219424156/reviews?hl=en,5,4 months ago,المكان روعه وانصح الكل يزوره جميل بكل تفاصيله,True,True,False,2026-09-25
P02,القرية الشعبية,الدمام,تراثي / ثقافي,https://maps.app.goo.gl/oNadKmXoFmk9e4Di9,Ci9DQUlRQUNvZENodHljRjlvT21FdGJXVnJUbE5XY21FMlJHaFFkbmRNU2xsTmVrRRAB,AMANY ALHAJRY,https://www.google.com/maps/contrib/101039992641844134627/reviews?hl=en,5,4 months ago,مكان سياحي,True,True,False,2026-09-25
P02,القرية الشعبية,الدمام,تراثي / ثقافي,https://maps.app.goo.gl/oNadKmXoFmk9e4Di9,Ci9DQUlRQUNvZENodHljRjlvT21SaFJuZHJOMGRxUWxRdFFuQjJkbTlVVUdkUVkxRRAB,مشعل القلعي,https://www.google.com/maps/contrib/118360060651654177560/reviews?hl=en,5,4 months ago,,False,True,False,2026-09-25
P02,القرية الشعبية,الدمام,تراثي / ثقافي,https://maps.app.goo.gl/oNadKmXoFmk9e4Di9,Ci9DQUlRQUNvZENodHljRjlvT25sWWQzZFpTR0ZqUm1SbmRrZExlbEk1TUhrNVFYYxAB,كوخ ريفي تنومة,https://www.google.com/maps/contrib/101368119832581322002/reviews?hl=en,5,4 months ago,رائع,True,True,False,2026-09-25
P02,القرية الشعبية,الدمام,تراثي / ثقافي,https://maps.app.goo.gl/oNadKmXoFmk9e4Di9,Ci9DQUlRQUNvZENodHljRjlvT25OdlNVOUVYMDgyYWtJd1UwbGhjR2RsWjB0RVMwRRAB,Rana Sikandar G,https://www.google.com/maps/contrib/115919271058918941832/reviews?hl=en,5,4 months ago,,False,True,False,2026-09-25
P02,القرية الشعبية,الدمام,تراثي / ثقافي,https://maps.app.goo.gl/oNadKmXoFmk9e4Di9,Ci9DQUlRQUNvZENodHljRjlvT21FeWRrRXdZbWx6ZERKcVVHVm5ZMUJFVjBRelMxRRAB,Zein Mostafa,https://www.google.com/maps/contrib/117578588902932541809/reviews?hl=en,4,4 months ago,,False,True,False,2026-09-25
P02,القرية الشعبية,الدمام,تراثي / ثقافي,https://maps.app.goo.gl/oNadKmXoFmk9e4Di9,Ci9DQUlRQUNvZENodHljRjlvT205RFZXWTNTRGxDUWxKSllXUk1ZMmQxVjJVd2QwRRAB,ᴛʜɪɴᴋ “‌ ‌ ‌ ‌ ‌ ‌ ‌ ‌ ‌ ‌” ᴘsᴛᴠ,https://www.google.com/maps/contrib/103292593783775141321/reviews?hl=en,5,4 months ago,,False,True,False,2026-09-25
P02,القرية الشعبية,الدمام,تراثي / ثقافي,https://maps.app.goo.gl/oNadKmXoFmk9e4Di9,Ci9DQUlRQUNvZENodHljRjlvT2xsdlRHUjJaa2xCZGkwMlN6WldWSGs1YlhGa1NWRRAB,Mansour Hamdan,https://www.google.com/maps/contrib/117599662243423638385/reviews?hl=en,5,4 months ago,,False,True,False,2026-09-25
P02,القرية الشعبية,الدمام,تراثي / ثقافي,https://maps.app.goo.gl/oNadKmXoFmk9e4Di9,Ci9DQUlRQUNvZENodHljRjlvT2xaWFRsQnJRVXhJZFdkWVRGRkNUMlJIWWprNFRuYxAB,Abdulelah A,https://www.google.com/maps/contrib/117642449862140199893/reviews?hl=en,5,4 months ago,"المكان يستحق الزيارة ، والاكل جميل جداً ونظيف وخيارات كبيرة ومتنوعة  ، الخدمة ممتازة جداً

والشكر للموظفة فاطمة على استقبالها واخلاقها الرفيعه
وشكرا لكم جميعاً",True,True,False,2026-09-25
P02,القرية الشعبية,الدمام,تراثي / ثقافي,https://maps.app.goo.gl/oNadKmXoFmk9e4Di9,Ci9DQUlRQUNvZENodHljRjlvT2pKWGVHNVJkR3RsYTJWbVYzRlJXa05tWVdsTGVIYxAB,Feras Alseed,https://www.google.com/maps/contrib/100325839140883717181/reviews?hl=en,5,4 months ago,,False,True,False,2026-09-25
P02,القرية الشعبية,الدمام,تراثي / ثقافي,https://maps.app.goo.gl/oNadKmXoFmk9e4Di9,Ci9DQUlRQUNvZENodHljRjlvT2tWdVJHSmpkR1pNYjNkeE9WTlBOVlUxTkRWb1RuYxAB,Raouf Beaini,https://www.google.com/maps/contrib/109527913909256746374/reviews?hl=en,5,4 months ago,,False,True,False,2026-09-25
P02,القرية الشعبية,الدمام,تراثي / ثقافي,https://maps.app.goo.gl/oNadKmXoFmk9e4Di9,Ci9DQUlRQUNvZENodHljRjlvT2psWWFuaE9MWE4xVlZCclgzaFpMVEI1WjNwQ1ZFRRAB,ابومعتز 99,https://www.google.com/maps/contrib/117824734621164019602/reviews?hl=en,5,4 months ago,,False,True,False,2026-09-25
P02,القرية الشعبية,الدمام,تراثي / ثقافي,https://maps.app.goo.gl/oNadKmXoFmk9e4Di9,Ci9DQUlRQUNvZENodHljRjlvT2pnNFdGZHlia2ROZWxBeFVXRkdlbVkxWkd4U01YYxAB,Husain Husain,https://www.google.com/maps/contrib/113019813095809727038/reviews?hl=en,5,4 months ago,"تستحق الزيارة
مكان كبير و كباين شرحة و جلسات ارضية و اكل لذيذ خمس نجوم. فيه رسوم دخول ٢٠ ريال للبالغين فقط مع دخول مجاني في تكرار الزيارة.",True,True,False,2026-09-25
P02,القرية الشعبية,الدمام,تراثي / ثقافي,https://maps.app.goo.gl/oNadKmXoFmk9e4Di9,Ci9DQUlRQUNvZENodHljRjlvT21WelVqZFpaa0U0VmxndFpubHZYM00zWkdKeVJFRRAB,RAKAN Also,https://www.google.com/maps/contrib/106784617728035388673/reviews?hl=en,5,4 months ago,,False,True,False,2026-09-25
P02,القرية الشعبية,الدمام,تراثي / ثقافي,https://maps.app.goo.gl/oNadKmXoFmk9e4Di9,Ci9DQUlRQUNvZENodHljRjlvT2pkcU9HcDVUMWhZUldKcVRXODJlbmhGWWxabFlYYxAB,Abdullah Alqahtani,https://www.google.com/maps/contrib/113832970283329682609/reviews?hl=en,5,4 months ago,مكان جميل يستحق الزياره,True,True,False,2026-09-25
P02,القرية الشعبية,الدمام,تراثي / ثقافي,https://maps.app.goo.gl/oNadKmXoFmk9e4Di9,Ci9DQUlRQUNvZENodHljRjlvT2pkVldFZGhOMFU0VlZCVVJsbExibUpDYlVwd1ozYxAB,mohammed alali,https://www.google.com/maps/contrib/101693270920019663089/reviews?hl=en,5,4 months ago,,False,True,False,2026-09-25
P02,القرية الشعبية,الدمام,تراثي / ثقافي,https://maps.app.goo.gl/oNadKmXoFmk9e4Di9,Ci9DQUlRQUNvZENodHljRjlvT21KSlJFMUNPVWw2ZHpGNVJUZDNiVWhMV1UxcmJtYxAB,شادي ابو محمد,https://www.google.com/maps/contrib/112948960621339797275/reviews?hl=en,2,4 months ago,الأكل غالي مرة ولاطعم والخبز قاسي,True,True,False,2026-09-25
P02,القرية الشعبية,الدمام,تراثي / ثقافي,https://maps.app.goo.gl/oNadKmXoFmk9e4Di9,Ci9DQUlRQUNvZENodHljRjlvT2toS05IcE1Zek42YmtSdVZrUTFXR0pLYTJFMU9WRRAB,Jiya Shaikh,https://www.google.com/maps/contrib/103620765678080634034/reviews?hl=en,5,4 months ago,"Its a very good place, good for antiques and vintage vibe",False,True,False,2026-09-25
P02,القرية الشعبية,الدمام,تراثي / ثقافي,https://maps.app.goo.gl/oNadKmXoFmk9e4Di9,Ci9DQUlRQUNvZENodHljRjlvT2xjNFpDMXZWRW93YmtoTE5XZE1aWEZLVGpZelYxRRAB,ام عبدالملك الحربي,https://www.google.com/maps/contrib/112544583981473958277/reviews?hl=en,4,4 months ago,"الفطور عندهم صراحة لذيذ أخذنا كبدة ولذييذة
وشكشوكة كذلك لذيذة يستحق الزيارة",True,True,False,2026-09-25
P02,القرية الشعبية,الدمام,تراثي / ثقافي,https://maps.app.goo.gl/oNadKmXoFmk9e4Di9,Ci9DQUlRQUNvZENodHljRjlvT2t4eWVsaE9SMmg1YXpOU2RVaFJNbGszV0Rkb2VGRRAB,Omar Alsofi,https://www.google.com/maps/contrib/106368094382482333545/reviews?hl=en,4,4 months ago,,False,True,False,2026-09-25
P02,القرية الشعبية,الدمام,تراثي / ثقافي,https://maps.app.goo.gl/oNadKmXoFmk9e4Di9,Ci9DQUlRQUNvZENodHljRjlvT21SWWNFNXBZM2c1VkMxd1gxZzBXRXREYzNCQmEyYxAB,ممث مم,https://www.google.com/maps/contrib/104301543838015051696/reviews?hl=en,5,4 months ago,ممتازه وجه سياحيه,True,True,False,2026-09-25
P02,القرية الشعبية,الدمام,تراثي / ثقافي,https://maps.app.goo.gl/oNadKmXoFmk9e4Di9,Ci9DQUlRQUNvZENodHljRjlvT2xGSmQwVTBia1YwUkVFMlExcEhUbDgzYzJGR05sRRAB,TALAL AlGHAMDI,https://www.google.com/maps/contrib/108031263302222435141/reviews?hl=en,4,4 months ago,,False,True,False,2026-09-25
P02,القرية الشعبية,الدمام,تراثي / ثقافي,https://maps.app.goo.gl/oNadKmXoFmk9e4Di9,Ci9DQUlRQUNvZENodHljRjlvT2xOdWRXbEhiVWRhU0dWS1QxVk1ka1JEV1ZkaVExRRAB,Abdalwahab alqahtani,https://www.google.com/maps/contrib/101293531570826160733/reviews?hl=en,5,4 months ago,,False,True,False,2026-09-25
P02,القرية الشعبية,الدمام,تراثي / ثقافي,https://maps.app.goo.gl/oNadKmXoFmk9e4Di9,Ci9DQUlRQUNvZENodHljRjlvT21Gc2NUWlhkekUzU0dVeFkwbEJSbGRxV25WT1RrRRAB,Abdullah Alghafli,https://www.google.com/maps/contrib/111168965221759319109/reviews?hl=en,5,4 months ago,,False,True,False,2026-09-25
P02,القرية الشعبية,الدمام,تراثي / ثقافي,https://maps.app.goo.gl/oNadKmXoFmk9e4Di9,Ci9DQUlRQUNvZENodHljRjlvT21KdWMyUXdVMkl5UkRkbVJHVjNiaTFzYzNoRExWRRAB,abdullah alghuribi,https://www.google.com/maps/contrib/100980802159619620603/reviews?hl=en,5,4 months ago,,False,True,False,2026-09-25
P02,القرية الشعبية,الدمام,تراثي / ثقافي,https://maps.app.goo.gl/oNadKmXoFmk9e4Di9,Ci9DQUlRQUNvZENodHljRjlvT2xkVGRIQXRSM2d0WDIxYVdVRXpSRU5CYkhkeVFVRRAB,Najlakm,https://www.google.com/maps/contrib/108694276139532151640/reviews?hl=en,4,4 months ago,,False,True,False,2026-09-25
P02,القرية الشعبية,الدمام,تراثي / ثقافي,https://maps.app.goo.gl/oNadKmXoFmk9e4Di9,Ci9DQUlRQUNvZENodHljRjlvT2pSMWVWVk1VRkZ5U2pjMGIzSjNNMjVuZUdWM1oxRRAB,Al Hashemi Al Hashemi,https://www.google.com/maps/contrib/100817946250610214135/reviews?hl=en,1,4 months ago,السلام عليكم كيف أتواصل مع الادارة,True,True,False,2026-09-25
P02,القرية الشعبية,الدمام,تراثي / ثقافي,https://maps.app.goo.gl/oNadKmXoFmk9e4Di9,Ci9DQUlRQUNvZENodHljRjlvT2xKbE9XaHhNM016YlVoRlh6TnBMWHB5VmtreFQxRRAB,Abo Saeed,https://www.google.com/maps/contrib/110487292897126573504/reviews?hl=en,5,4 months ago,"*القرية الشعبية بالدمام - Dammam Heritage Village*
مطعم تراثي ضخم ومزار سياحي مصمم على شكل قلعة طينية تحاكي القرى النجدية القديمة. وجهة مفضلة لتجربة الأكل السعودي الأصيل والأجواء التراثية.

*وش تلقى فيه:*
1. *المطعم التراثي*: أشهر جزء فيها. يقدم مندي، مضغوط، جريش، قرصان، ومشاوي على أصولها، مع جلسات أرضية ومجالس عربية داخل أقسام تشبه بيوت الطين القديمة.
2. *المتحف المصغر*: أقسام تعرض أدوات تراثية، ملابس شعبية، وأواني قديمة تعكس حياة أهل المنطقة قبل 50-70 سنة.
3. *السوق الشعبي*: محلات صغيرة تبيع تحف، هدايا تراثية، عطور، وبخور داخل ممرات تشبه الأسواق القديمة.
4. *التصميم المعماري*: مبنى ضخم على شكل حصن من الطين والخشب، مع أبراج وممرات ضيقة تعطي إحساس القرية القديمة. يعتبر نقطة تصوير مشهورة.

*الموقع*: حي الشاطئ الغربي، طريق الكورنيش، الدمام. قريب من كورنيش الدمام وجزيرة المرجان.
*الأجواء*: مزدحمة خصوصًا وقت الغداء والعشاء وعطلة نهاية الأسبوع. الأجواء عائلية ورسمية نوعًا ما. الأسعار أعلى من المتوسط بسبب الموقع والطابع السياحي.
*التوقيت*: مفتوح يوميًا من الظهر لـ 1 صباحًا تقريبًا.

*نصيحة*: لو تبغى جلسة هادئة روح بدري قبل 7 المساء، واطلب ""سفرة شعبية"" لشخصين أو أكثر عشان تجرب أكثر من صنف.",True,True,False,2026-09-25
P02,القرية الشعبية,الدمام,تراثي / ثقافي,https://maps.app.goo.gl/oNadKmXoFmk9e4Di9,Ci9DQUlRQUNvZENodHljRjlvT2xKNVRFSlZORXBKYlVGSlFuVm1lbU5ZUVdJM1EyYxAB,ALAYAD !,https://www.google.com/maps/contrib/105574377970682440512/reviews?hl=en,4,4 months ago,"انتبهوا لمواعيد العمل عندهم
مايفتحون الا الساعه ١٢ الظهر",True,True,False,2026-09-25
P02,القرية الشعبية,الدمام,تراثي / ثقافي,https://maps.app.goo.gl/oNadKmXoFmk9e4Di9,Ci9DQUlRQUNvZENodHljRjlvT2xKaFRscEdNMUZOVmxJNVMyOTFUbE5KT1U1aVgyYxAB,Shaikh Mujeb,https://www.google.com/maps/contrib/103948098591833879708/reviews?hl=en,4,4 months ago,,False,True,False,2026-09-25
P02,القرية الشعبية,الدمام,تراثي / ثقافي,https://maps.app.goo.gl/oNadKmXoFmk9e4Di9,Ci9DQUlRQUNvZENodHljRjlvT2s1RE5scEVia04zVFhoYWMwUjVNM0EzZFdoR05HYxAB,سحر عبدالله,https://www.google.com/maps/contrib/111782726758556176538/reviews?hl=en,5,4 months ago,المكان جميل جدا جدا,True,True,False,2026-09-25
P02,القرية الشعبية,الدمام,تراثي / ثقافي,https://maps.app.goo.gl/oNadKmXoFmk9e4Di9,Ci9DQUlRQUNvZENodHljRjlvT2pkNFFWcFpkVXc1ZDNOaVYxSm5VV3c0ZUdKeGIyYxAB,Husametin Latifeci,https://www.google.com/maps/contrib/115431075230718500646/reviews?hl=en,5,4 months ago,Mükemmel harika yer,True,True,False,2026-09-25
P02,القرية الشعبية,الدمام,تراثي / ثقافي,https://maps.app.goo.gl/oNadKmXoFmk9e4Di9,Ci9DQUlRQUNvZENodHljRjlvT25GbVoyUldSRXhsVERZMlRGWTFSalp5U2t4blEwRRAB,عبدلله علي,https://www.google.com/maps/contrib/112947524320032721258/reviews?hl=en,5,4 months ago,المكان راقي  خصوصاً السكرتي عبدلله يساعدك ب اي شي,True,True,False,2026-09-25
P02,القرية الشعبية,الدمام,تراثي / ثقافي,https://maps.app.goo.gl/oNadKmXoFmk9e4Di9,Ci9DQUlRQUNvZENodHljRjlvT2pKa1IwTTBVbTlRU0VkNFlWQm5RV1ZKUldkbFJXYxAB,زهراء هزازي,https://www.google.com/maps/contrib/101902793902635012786/reviews?hl=en,5,4 months ago,مشاء الله المكان جداً جميل,True,True,False,2026-09-25
P02,القرية الشعبية,الدمام,تراثي / ثقافي,https://maps.app.goo.gl/oNadKmXoFmk9e4Di9,Ci9DQUlRQUNvZENodHljRjlvT2xkaVpFNW5NSE00TW5sb1NrdExNMVk1VlRJMmNXYxAB,m93_ o0,https://www.google.com/maps/contrib/113199888160844909469/reviews?hl=en,5,4 months ago,,False,True,False,2026-09-25
P02,القرية الشعبية,الدمام,تراثي / ثقافي,https://maps.app.goo.gl/oNadKmXoFmk9e4Di9,Ci9DQUlRQUNvZENodHljRjlvT2xKUWN6TlJabGx5WDBScFVtcEtSbE5yZVZSVVNrRRAB,Hussein AL-Ress,https://www.google.com/maps/contrib/103859969356647474980/reviews?hl=en,4,4 months ago,,False,True,False,2026-09-25
P02,القرية الشعبية,الدمام,تراثي / ثقافي,https://maps.app.goo.gl/oNadKmXoFmk9e4Di9,Ci9DQUlRQUNvZENodHljRjlvT21saU1ISXhiREZDVmtWeVdWOUxOMWQzYjNOclNtYxAB,ayman aljohani,https://www.google.com/maps/contrib/112012271592011625146/reviews?hl=en,5,4 months ago,,False,True,False,2026-09-25
P02,القرية الشعبية,الدمام,تراثي / ثقافي,https://maps.app.goo.gl/oNadKmXoFmk9e4Di9,Ci9DQUlRQUNvZENodHljRjlvT2xwZlJYbHdRMDl4ZFdkNE1XNVVMV0Z5TW5WUlduYxAB,Almalahi 2030,https://www.google.com/maps/contrib/104628346780085892811/reviews?hl=en,5,4 months ago,,False,True,False,2026-09-25
P02,القرية الشعبية,الدمام,تراثي / ثقافي,https://maps.app.goo.gl/oNadKmXoFmk9e4Di9,Ci9DQUlRQUNvZENodHljRjlvT25JeGF6QjRPR3hoVERCbFNUVjBNbmRtTlV0MFYzYxAB,Mostafa Kandil,https://www.google.com/maps/contrib/117432336839482161510/reviews?hl=en,5,4 months ago,,False,True,False,2026-09-25
P02,القرية الشعبية,الدمام,تراثي / ثقافي,https://maps.app.goo.gl/oNadKmXoFmk9e4Di9,Ci9DQUlRQUNvZENodHljRjlvT25OaFZsZGlSVnA1YjJkRGMwcEhaV0ZwVmpaMWNFRRAB,مؤسسة لؤلؤة منار الخليج للزجاج والمرايا,https://www.google.com/maps/contrib/102557111658230212980/reviews?hl=en,5,4 months ago,,False,True,False,2026-09-25
P02,القرية الشعبية,الدمام,تراثي / ثقافي,https://maps.app.goo.gl/oNadKmXoFmk9e4Di9,Ci9DQUlRQUNvZENodHljRjlvT2s1VE9FNUljV2MzVUUweGR6TjZhRTlmVkV0cVRsRRAB,yousef alghamdi,https://www.google.com/maps/contrib/104004107882344080651/reviews?hl=en,4,4 months ago,ممتاز.,True,True,False,2026-09-25
P02,القرية الشعبية,الدمام,تراثي / ثقافي,https://maps.app.goo.gl/oNadKmXoFmk9e4Di9,ChdDSUhNMG9nS0VJQ0FnSURTMFlMdG93RRAB,Ali Shamer,https://www.google.com/maps/contrib/102199525079414371420/reviews?hl=en,5,Edited 4 months ago,,False,True,False,2026-09-25
P02,القرية الشعبية,الدمام,تراثي / ثقافي,https://maps.app.goo.gl/oNadKmXoFmk9e4Di9,Ci9DQUlRQUNvZENodHljRjlvT2xkUFlWZDFUMHRGT0Znd2JEZ3RXbWRCY1Raa1dYYxAB,Rakib Ahmed,https://www.google.com/maps/contrib/112094375935582217318/reviews?hl=en,5,4 months ago,,False,True,False,2026-09-25
P02,القرية الشعبية,الدمام,تراثي / ثقافي,https://maps.app.goo.gl/oNadKmXoFmk9e4Di9,Ci9DQUlRQUNvZENodHljRjlvT201c2JreHBlVVpaTm1ZM1FsZExlbk5qZEZwT1RFRRAB,محمد بجاش بجاش,https://www.google.com/maps/contrib/106270114965277273667/reviews?hl=en,5,4 months ago,,False,True,False,2026-09-25
P02,القرية الشعبية,الدمام,تراثي / ثقافي,https://maps.app.goo.gl/oNadKmXoFmk9e4Di9,Ci9DQUlRQUNvZENodHljRjlvT2tselJVOU5WbEJ0TW5WWWVYbElka2x1UW5SSk4zYxAB,Essam Tekfen,https://www.google.com/maps/contrib/113745382953166243503/reviews?hl=en,5,4 months ago,"الضيافة والاستقبال من الإستاذة منيرة
كان جميل  وماشاءالله عليها شكرا",True,True,False,2026-09-25
P02,القرية الشعبية,الدمام,تراثي / ثقافي,https://maps.app.goo.gl/oNadKmXoFmk9e4Di9,Ci9DQUlRQUNvZENodHljRjlvT21OalZqQkZaVmhKZUhCVlpsWXpRalpuT1Zsa05VRRAB,Salman Siyal,https://www.google.com/maps/contrib/115126059561937898313/reviews?hl=en,5,4 months ago,,False,True,False,2026-09-25
P02,القرية الشعبية,الدمام,تراثي / ثقافي,https://maps.app.goo.gl/oNadKmXoFmk9e4Di9,Ci9DQUlRQUNvZENodHljRjlvT25KRk5sWnNSMjkzY21zMlNURXhORTFxUlVadU5sRRAB,Najd,https://www.google.com/maps/contrib/105472999126027180589/reviews?hl=en,5,4 months ago,تجربة فريدة طعم خيال والمكان تحفة,True,True,False,2026-09-25
P02,القرية الشعبية,الدمام,تراثي / ثقافي,https://maps.app.goo.gl/oNadKmXoFmk9e4Di9,Ci9DQUlRQUNvZENodHljRjlvT201SVZtTnZaVVExWWs5TlNYVkJWSGhsZUZsbmNXYxAB,T e Q,https://www.google.com/maps/contrib/101005242972841287277/reviews?hl=en,5,4 months ago,,False,True,False,2026-09-25
P02,القرية الشعبية,الدمام,تراثي / ثقافي,https://maps.app.goo.gl/oNadKmXoFmk9e4Di9,Ci9DQUlRQUNvZENodHljRjlvT214b1JtMXJZVzEzYTJ0cE9FeFRWSGxMY2xWdGNVRRAB,ابو رداد,https://www.google.com/maps/contrib/103351113096428724080/reviews?hl=en,4,4 months ago,,False,True,False,2026-09-25
P02,القرية الشعبية,الدمام,تراثي / ثقافي,https://maps.app.goo.gl/oNadKmXoFmk9e4Di9,Ci9DQUlRQUNvZENodHljRjlvT2tJMmRsa3lXV1ZvVUhWU1MxZ3lSRFpSVUd3d00wRRAB,osama abdullah,https://www.google.com/maps/contrib/113914719212220850933/reviews?hl=en,5,4 months ago,,False,True,False,2026-09-25
P02,القرية الشعبية,الدمام,تراثي / ثقافي,https://maps.app.goo.gl/oNadKmXoFmk9e4Di9,Ci9DQUlRQUNvZENodHljRjlvT21GNExUbHNSMDlTVEU1VmNHNXBSR2R2VG01cE4xRRAB,Jan Hansen,https://www.google.com/maps/contrib/117467750381398088256/reviews?hl=en,5,4 months ago,"Great place for the entire family. Thank you Mahboob, it was wonderful.",False,True,False,2026-09-25
P02,القرية الشعبية,الدمام,تراثي / ثقافي,https://maps.app.goo.gl/oNadKmXoFmk9e4Di9,Ci9DQUlRQUNvZENodHljRjlvT2pCVWJVTnVWbVZNVmxRMFJtcDBRM1JOYUROQ01sRRAB,Abu Mohammed,https://www.google.com/maps/contrib/107104951210056604662/reviews?hl=en,5,4 months ago,"حضرت أحد المناسبات الخاصة وكانت الزيارة الأولى لي للقرية ..

خدمة ممتازة والطعام كان مميز بالفعل 👍

المطعم كبير جداً ويجمع تراث المملكة بطريقة إبداعية ..

يوجد متحف مميز فيه مقتنيات فريدة ونادرة ومجموعة من السيارات الكلاسيكية",True,True,False,2026-09-25
P02,القرية الشعبية,الدمام,تراثي / ثقافي,https://maps.app.goo.gl/oNadKmXoFmk9e4Di9,ChZDSUhNMG9nS0VJQ0FnSUNLeHJYNldREAE,وليد,https://www.google.com/maps/contrib/107560075668893139262/reviews?hl=en,5,Edited 4 months ago,جميل المكان,True,True,False,2026-09-25
P02,القرية الشعبية,الدمام,تراثي / ثقافي,https://maps.app.goo.gl/oNadKmXoFmk9e4Di9,Ci9DQUlRQUNvZENodHljRjlvT2tacWJ6RjROV05XTWpoaldrZGtSelJTTm5oMmJXYxAB,Norunisa Barambangan,https://www.google.com/maps/contrib/110254270517383579508/reviews?hl=en,5,4 months ago,,False,True,False,2026-09-25
P02,القرية الشعبية,الدمام,تراثي / ثقافي,https://maps.app.goo.gl/oNadKmXoFmk9e4Di9,Ci9DQUlRQUNvZENodHljRjlvT2pWQ2NURjJaREpIZWpkaVRUUk1VRkZFVjBzd1UzYxAB,H Alorainy,https://www.google.com/maps/contrib/112858181989821234999/reviews?hl=en,5,4 months ago,,False,True,False,2026-09-25
P02,القرية الشعبية,الدمام,تراثي / ثقافي,https://maps.app.goo.gl/oNadKmXoFmk9e4Di9,ChdDSUhNMG9nS0VJQ0FnSURLd0piMHd3RRAB,meantinance مقاولات العامة,https://www.google.com/maps/contrib/111696194076945392105/reviews?hl=en,5,Edited 4 months ago,A 1,False,True,False,2026-09-25
P02,القرية الشعبية,الدمام,تراثي / ثقافي,https://maps.app.goo.gl/oNadKmXoFmk9e4Di9,Ci9DQUlRQUNvZENodHljRjlvT2tkMlpVZzNaVWQ1Vm1GaVZqaEtaRlkwV0U1Tk0zYxAB,جميله العتيبي,https://www.google.com/maps/contrib/102593304035999117074/reviews?hl=en,5,4 months ago,لذيذ ونظيف ويستحق التجربة 👍👍 …,True,True,True,2026-09-25
P02,القرية الشعبية,الدمام,تراثي / ثقافي,https://maps.app.goo.gl/oNadKmXoFmk9e4Di9,Ci9DQUlRQUNvZENodHljRjlvT2s0MWFVMTBUR2xvZHpOM1dXbDVNVzkwWDJGNFVVRRAB,Saleh AlAteyah,https://www.google.com/maps/contrib/113509489578900136489/reviews?hl=en,2,4 months ago,مؤخرا قمت بزيارة متحف ومطعم القرية وكان الانطباع بخصوص المتحف جيد الى حد ما بالرغم من عدم القناعة برسوم الدخول، لكن المطعم مخيب جدا لانه لا يمثل شيء من اكلات واطباق المملكة,True,True,False,2026-09-25
P02,القرية الشعبية,الدمام,تراثي / ثقافي,https://maps.app.goo.gl/oNadKmXoFmk9e4Di9,Ci9DQUlRQUNvZENodHljRjlvT2pKblpsRlROalZLTXpKaVNGazBZMDFSZEhWWlVYYxAB,محمد عبدالمجيد,https://www.google.com/maps/contrib/109752561253443149642/reviews?hl=en,5,4 months ago,"منطقه رائعه جدا
انصح الجميع زيارتها",True,True,False,2026-09-25
P02,القرية الشعبية,الدمام,تراثي / ثقافي,https://maps.app.goo.gl/oNadKmXoFmk9e4Di9,Ci9DQUlRQUNvZENodHljRjlvT2tSR1RqZHVlVEEwTkdGT1pESm5WazFaY2tWWVMzYxAB,مسلم المهري,https://www.google.com/maps/contrib/107730887902818748491/reviews?hl=en,5,4 months ago,,False,True,False,2026-09-25
P02,القرية الشعبية,الدمام,تراثي / ثقافي,https://maps.app.goo.gl/oNadKmXoFmk9e4Di9,Ci9DQUlRQUNvZENodHljRjlvT2xFMFNWTjRUbXBaVkZWalV6UlhaRkJCWkhWd09WRRAB,bandar alrusayd,https://www.google.com/maps/contrib/101726872146749337899/reviews?hl=en,5,4 months ago,تجربة سعودية تراثية سياحية من الدرجة الاولى انصح فية,True,True,False,2026-09-25
P02,القرية الشعبية,الدمام,تراثي / ثقافي,https://maps.app.goo.gl/oNadKmXoFmk9e4Di9,ChZDSUhNMG9nS0VJQ0FnSURvaXI2NEVBEAE,Bader Bnalsh,https://www.google.com/maps/contrib/101390784179518872648/reviews?hl=en,4,Edited 4 months ago,جيده,True,True,False,2026-09-25
P02,القرية الشعبية,الدمام,تراثي / ثقافي,https://maps.app.goo.gl/oNadKmXoFmk9e4Di9,ChdDSUhNMG9nS0VJQ0FnSURaX1pib3VnRRAB,عبدالرحمن الجميعة,https://www.google.com/maps/contrib/115095214985073054234/reviews?hl=en,5,Edited 4 months ago,,False,True,False,2026-09-25
P02,القرية الشعبية,الدمام,تراثي / ثقافي,https://maps.app.goo.gl/oNadKmXoFmk9e4Di9,Ci9DQUlRQUNvZENodHljRjlvT2tFMGJ5MW1TV0Y2VDE5dWVWZENPR0p0YlhsUWVHYxAB,Majed Abduallah,https://www.google.com/maps/contrib/117518670438520425759/reviews?hl=en,5,4 months ago,🇸🇦🇸🇦🇸🇦❤️💙 …,False,True,True,2026-09-25
P02,القرية الشعبية,الدمام,تراثي / ثقافي,https://maps.app.goo.gl/oNadKmXoFmk9e4Di9,Ci9DQUlRQUNvZENodHljRjlvT2t0ME5VZGpRMlZ0WlVNNFEzWkRSbmxRTjBsYVdXYxAB,حسين الصالحي,https://www.google.com/maps/contrib/106987017971321325740/reviews?hl=en,5,4 months ago,فاطمة افضل موظفه فالعالم,True,True,False,2026-09-25
P02,القرية الشعبية,الدمام,تراثي / ثقافي,https://maps.app.goo.gl/oNadKmXoFmk9e4Di9,Ci9DQUlRQUNvZENodHljRjlvT2xGRFlsWm5NMmR4VkRCalExRkRjMmRyY2s1Tk9FRRAB,Dhom,https://www.google.com/maps/contrib/105033430308741306270/reviews?hl=en,5,4 months ago,مكان جميل وساعدتنا فاطمه افضلللل موظفه فالمكان,True,True,False,2026-09-25
P02,القرية الشعبية,الدمام,تراثي / ثقافي,https://maps.app.goo.gl/oNadKmXoFmk9e4Di9,Ci9DQUlRQUNvZENodHljRjlvT2xrMlpXNTJiRkJQTTBoblZHMHlRV0YzVVRJelVHYxAB,خلف العتيبي,https://www.google.com/maps/contrib/111717182718841602534/reviews?hl=en,5,4 months ago,,False,True,False,2026-09-25
P02,القرية الشعبية,الدمام,تراثي / ثقافي,https://maps.app.goo.gl/oNadKmXoFmk9e4Di9,Ci9DQUlRQUNvZENodHljRjlvT2pVMGIxRm1hR0p6WkdWaGVYWk1iWE5ETUZadk1IYxAB,Dr. Abdullah Alhuzaim,https://www.google.com/maps/contrib/104063747636052042545/reviews?hl=en,5,4 months ago,معلم من معالم الشرقية و العاملين رائعين شكرا للقائمين على هذا المكان الجميل,True,True,False,2026-09-25
P02,القرية الشعبية,الدمام,تراثي / ثقافي,https://maps.app.goo.gl/oNadKmXoFmk9e4Di9,Ci9DQUlRQUNvZENodHljRjlvT2prNVVEbG9jamQzWkVScldFOXJWVWRvVG0xNmNYYxAB,Saleem Ahmad,https://www.google.com/maps/contrib/104585939281875967475/reviews?hl=en,5,4 months ago,,False,True,False,2026-09-25
P02,القرية الشعبية,الدمام,تراثي / ثقافي,https://maps.app.goo.gl/oNadKmXoFmk9e4Di9,Ci9DQUlRQUNvZENodHljRjlvT25JMWFHRndkamxVVUhCT1NtaE5NblI1VDAxWGJFRRAB,Binil Asokan,https://www.google.com/maps/contrib/105240895908555340775/reviews?hl=en,5,4 months ago,,False,True,False,2026-09-25
P02,القرية الشعبية,الدمام,تراثي / ثقافي,https://maps.app.goo.gl/oNadKmXoFmk9e4Di9,Ci9DQUlRQUNvZENodHljRjlvT2xCalpUQjNOVEZmUkRjMFFpMU5URjlyZFd0R2VIYxAB,فيصل الجمالى,https://www.google.com/maps/contrib/103365861190279473219/reviews?hl=en,5,4 months ago,,False,True,False,2026-09-25
P02,القرية الشعبية,الدمام,تراثي / ثقافي,https://maps.app.goo.gl/oNadKmXoFmk9e4Di9,Ci9DQUlRQUNvZENodHljRjlvT201d2RrOVhZbmwxWWsxU1lYWmFWR2RWVFRock5WRRAB,Ali Alamari,https://www.google.com/maps/contrib/101196978582557626998/reviews?hl=en,5,4 months ago,,False,True,False,2026-09-25
P02,القرية الشعبية,الدمام,تراثي / ثقافي,https://maps.app.goo.gl/oNadKmXoFmk9e4Di9,Ci9DQUlRQUNvZENodHljRjlvT2xOSVkzaFNVM2sxVG5Kck5qRkhka2RXZW5Sa01FRRAB,ATHEER,https://www.google.com/maps/contrib/103690352608557350428/reviews?hl=en,5,4 months ago,,False,True,False,2026-09-25
P02,القرية الشعبية,الدمام,تراثي / ثقافي,https://maps.app.goo.gl/oNadKmXoFmk9e4Di9,Ci9DQUlRQUNvZENodHljRjlvT2pjNVNucERTa05KWkVGSFRGSjFXVWRmT0V0NlQyYxAB,Raghad,https://www.google.com/maps/contrib/101684501410932326680/reviews?hl=en,5,4 months ago,,False,True,False,2026-09-25
P02,القرية الشعبية,الدمام,تراثي / ثقافي,https://maps.app.goo.gl/oNadKmXoFmk9e4Di9,Ci9DQUlRQUNvZENodHljRjlvT2pSV2NraE1iRXBOYVVGaFRsSnJhRUZXTWxoUFgxRRAB,Ahmed Bayoumi,https://www.google.com/maps/contrib/105704099105176820397/reviews?hl=en,1,4 months ago,,False,True,False,2026-09-25
P02,القرية الشعبية,الدمام,تراثي / ثقافي,https://maps.app.goo.gl/oNadKmXoFmk9e4Di9,Ci9DQUlRQUNvZENodHljRjlvT2s1NGVTMHRkMU5UTFd0VlIwOUdlRkY0VlZwU1FYYxAB,Abduazez Mohammed,https://www.google.com/maps/contrib/113225394581803592536/reviews?hl=en,4,4 months ago,,False,True,False,2026-09-25
P02,القرية الشعبية,الدمام,تراثي / ثقافي,https://maps.app.goo.gl/oNadKmXoFmk9e4Di9,Ci9DQUlRQUNvZENodHljRjlvT21Wd1JsVTBRV3B0ZFdGRExVd3lZekpXVVRCcFFWRRAB,Talal Ageel,https://www.google.com/maps/contrib/113098738964766403355/reviews?hl=en,4,4 months ago,,False,True,False,2026-09-25
P02,القرية الشعبية,الدمام,تراثي / ثقافي,https://maps.app.goo.gl/oNadKmXoFmk9e4Di9,Ci9DQUlRQUNvZENodHljRjlvT2xabmFXcDJhbmRDUTNKNE9EWnhUbkYxTTNWV2IxRRAB,عون العوفي,https://www.google.com/maps/contrib/106369886066505235701/reviews?hl=en,5,4 months ago,,False,True,False,2026-09-25
P02,القرية الشعبية,الدمام,تراثي / ثقافي,https://maps.app.goo.gl/oNadKmXoFmk9e4Di9,Ci9DQUlRQUNvZENodHljRjlvT205SlZDMDNZa1JKY1VaeGQyTllVVVowWHpBMVEwRRAB,MAK,https://www.google.com/maps/contrib/118445016333938008690/reviews?hl=en,4,4 months ago,,False,True,False,2026-09-25
P02,القرية الشعبية,الدمام,تراثي / ثقافي,https://maps.app.goo.gl/oNadKmXoFmk9e4Di9,Ci9DQUlRQUNvZENodHljRjlvT21kWWRsbGtWMFZZUkZNd2RWbEpUV2hCTUhoVFEzYxAB,mahmoud alsebaey,https://www.google.com/maps/contrib/110662324381156425695/reviews?hl=en,5,4 months ago,,False,True,False,2026-09-25
P02,القرية الشعبية,الدمام,تراثي / ثقافي,https://maps.app.goo.gl/oNadKmXoFmk9e4Di9,Ci9DQUlRQUNvZENodHljRjlvT2xWUGFEZDBTVjgzTlhVMU5rOVdjMGRvYjAxNWNXYxAB,ابو ليال,https://www.google.com/maps/contrib/103858460518717710431/reviews?hl=en,3,4 months ago,The prices are high and do not reflect the value of the service for the fee paid.,True,False,False,2026-09-25
P02,القرية الشعبية,الدمام,تراثي / ثقافي,https://maps.app.goo.gl/oNadKmXoFmk9e4Di9,Ci9DQUlRQUNvZENodHljRjlvT2tKbVVXRm5ZbGh0YURWMFRGQm9iWEIwYjBwU1pWRRAB,Abdulla Alnaimi,https://www.google.com/maps/contrib/113269746243345000898/reviews?hl=en,5,Edited 4 months ago,المكان جدا جميل والأكل متنوع والأسعار مناسبه .. فقط تذاكر الدخول مالها داعي او يفضل تخصم من فاتورة الاكل بعد الدخول .. وانصح بزيارة المكان,True,True,False,2026-09-25
P02,القرية الشعبية,الدمام,تراثي / ثقافي,https://maps.app.goo.gl/oNadKmXoFmk9e4Di9,ChZDSUhNMG9nS0VJQ0FnSUNRb3BidlFBEAE,عبدالعزيز الشهري,https://www.google.com/maps/contrib/117619446887490163831/reviews?hl=en,5,Edited 4 months ago,افضل مطعم بالشرقية,True,True,False,2026-09-25
P02,القرية الشعبية,الدمام,تراثي / ثقافي,https://maps.app.goo.gl/oNadKmXoFmk9e4Di9,ChZDSUhNMG9nS0VJQ0FnTURJd1ptMEh3EAE,زجاج سكريت الدمام,https://www.google.com/maps/contrib/102682701626127107618/reviews?hl=en,5,Edited 4 months ago,,False,True,False,2026-09-25
P02,القرية الشعبية,الدمام,تراثي / ثقافي,https://maps.app.goo.gl/oNadKmXoFmk9e4Di9,Ci9DQUlRQUNvZENodHljRjlvT2xKRmRWWnhaRTVoY25oNlVXOXJlV3hhT1RGSmFrRRAB,Faisal Abunayyan,https://www.google.com/maps/contrib/113088471104326616904/reviews?hl=en,5,4 months ago,,False,True,False,2026-09-25
P02,القرية الشعبية,الدمام,تراثي / ثقافي,https://maps.app.goo.gl/oNadKmXoFmk9e4Di9,Ci9DQUlRQUNvZENodHljRjlvT2psUWJXVjVhV3BtVlRKbWNYVmtkVVpSV1ZOYVVsRRAB,Raeed Almutairi,https://www.google.com/maps/contrib/109386915384484973995/reviews?hl=en,5,4 months ago,,False,True,False,2026-09-25
P02,القرية الشعبية,الدمام,تراثي / ثقافي,https://maps.app.goo.gl/oNadKmXoFmk9e4Di9,Ci9DQUlRQUNvZENodHljRjlvT2s4NU5HbFVWRlp2UVdGS05sTTVSRzlaY3kxZlpYYxAB,Mona Rabea Gashoom,https://www.google.com/maps/contrib/110637506016647723158/reviews?hl=en,5,4 months ago,"A truly wonderful experience that I will repeat, God willing.",True,False,False,2026-09-25
P02,القرية الشعبية,الدمام,تراثي / ثقافي,https://maps.app.goo.gl/oNadKmXoFmk9e4Di9,Ci9DQUlRQUNvZENodHljRjlvT21jMlJHNXBWVzQ1WkV0NFdXeEViVXRsU0RCdWVYYxAB,Abadi Ali,https://www.google.com/maps/contrib/113977008859619069415/reviews?hl=en,5,4 months ago,ممتاز من ناحية الاستقبال و الترتيب و المطعم و النظافة انصح فيه,True,True,False,2026-09-25
P02,القرية الشعبية,الدمام,تراثي / ثقافي,https://maps.app.goo.gl/oNadKmXoFmk9e4Di9,Ci9DQUlRQUNvZENodHljRjlvT2xoU1pIQlROVVI1WDFWT2VXaGlWQzFTY2pkT1pWRRAB,meow,https://www.google.com/maps/contrib/109855930546580000027/reviews?hl=en,4,4 months ago,تعامل الموظفين جدا ممتاز خاصه البنات بس المتحف يحتاج تكييف,True,True,False,2026-09-25
P02,القرية الشعبية,الدمام,تراثي / ثقافي,https://maps.app.goo.gl/oNadKmXoFmk9e4Di9,Ci9DQUlRQUNvZENodHljRjlvT25oYWRUUnBUbGQ1TkZsb2JqQkZaMUpKVm05Mk5tYxAB,Ajwed Alsubaih,https://www.google.com/maps/contrib/117723034251266223018/reviews?hl=en,5,4 months ago,,False,True,False,2026-09-25
P02,القرية الشعبية,الدمام,تراثي / ثقافي,https://maps.app.goo.gl/oNadKmXoFmk9e4Di9,Ci9DQUlRQUNvZENodHljRjlvT21wQ1QzSnRNMWRrYlV4d2VVeHJaRVZKTjBGVWRWRRAB,محمد الشهري,https://www.google.com/maps/contrib/116231762367424859935/reviews?hl=en,4,4 months ago,,False,True,False,2026-09-25
P02,القرية الشعبية,الدمام,تراثي / ثقافي,https://maps.app.goo.gl/oNadKmXoFmk9e4Di9,Ci9DQUlRQUNvZENodHljRjlvT25kNFluUllWamt4VDBSNE1uRTVaR3hMUkd0VmExRRAB,Mona Alotaibi,https://www.google.com/maps/contrib/116997270114738765443/reviews?hl=en,5,4 months ago,الاكل لذيذ وجريش الذ والذ وسليق لذيذ وبرياني ومندي وهريس لذيذ يعطيهم العافيه,True,True,False,2026-09-25
P02,القرية الشعبية,الدمام,تراثي / ثقافي,https://maps.app.goo.gl/oNadKmXoFmk9e4Di9,Ci9DQUlRQUNvZENodHljRjlvT2xsdU1uWm9kWFExVkZKM1RUVnFOa1pxY21OVWMwRRAB,ابو عاصم غازي,https://www.google.com/maps/contrib/101557696220669654468/reviews?hl=en,1,4 months ago,تأخير في تحظير الطلب,True,True,False,2026-09-25
P02,القرية الشعبية,الدمام,تراثي / ثقافي,https://maps.app.goo.gl/oNadKmXoFmk9e4Di9,Ci9DQUlRQUNvZENodHljRjlvT2pJMk5uSlpTMmQwTUVKeVFVaFFhRTEzVkRCTmFVRRAB,Ali AL-G,https://www.google.com/maps/contrib/108287971770481574852/reviews?hl=en,5,4 months ago,"التجربة كانت رائعة الاكل لذيذ وتعامل الموظفين كلهم رائع وخاصة الموظفات السعوديات استقبالهم راقي وجميل ومتعاونين

انصح بزيارة القرية الشعبية بالدمام",True,True,False,2026-09-25
P02,القرية الشعبية,الدمام,تراثي / ثقافي,https://maps.app.goo.gl/oNadKmXoFmk9e4Di9,Ci9DQUlRQUNvZENodHljRjlvT2tkS2VUaHplRTg1ZERsV1FWTk9iRkpUTkU1blRHYxAB,أبوعبدالملك A,https://www.google.com/maps/contrib/106220740081464946253/reviews?hl=en,1,4 months ago,"The reception is excellent and the service is excellent, but the entrance fees and prices are extremely high.",True,False,False,2026-09-25
P02,القرية الشعبية,الدمام,تراثي / ثقافي,https://maps.app.goo.gl/oNadKmXoFmk9e4Di9,ChdDSUhNMG9nS0VJQ0FnSUNzNl92ZjJnRRAB,ابو ريماس ال الفرس ابو محمد,https://www.google.com/maps/contrib/110757294329342933613/reviews?hl=en,5,Edited 4 months ago,روعه بما تعنيه الكلمة تراث رائع وطعام اروع بكل ما تعنية الكلمة والذي لا يزور القرية فيعتبر كأنه مازار الشرقية,True,True,False,2026-09-25
P02,القرية الشعبية,الدمام,تراثي / ثقافي,https://maps.app.goo.gl/oNadKmXoFmk9e4Di9,Ci9DQUlRQUNvZENodHljRjlvT2xSMFJtUnJUemxQZUVGNFEwczFOR1pRTlZRNU5uYxAB,jaswanth rajha,https://www.google.com/maps/contrib/100706413001881863487/reviews?hl=en,5,4 months ago,,False,True,False,2026-09-25
P02,القرية الشعبية,الدمام,تراثي / ثقافي,https://maps.app.goo.gl/oNadKmXoFmk9e4Di9,Ci9DQUlRQUNvZENodHljRjlvT2kxSlN6ZzBkMlJRYVhOdlltdFhRWGxPVFd4R00yYxAB,Waleed Al kendi,https://www.google.com/maps/contrib/111537824694859511077/reviews?hl=en,5,4 months ago,مكان مميز  لكن سعره شوي غالي,True,True,False,2026-09-25
P02,القرية الشعبية,الدمام,تراثي / ثقافي,https://maps.app.goo.gl/oNadKmXoFmk9e4Di9,Ci9DQUlRQUNvZENodHljRjlvT2pCb1FXdDBhWGt3V1VKd09IaGZSRTVVY0VKWE1tYxAB,hassan shahin,https://www.google.com/maps/contrib/118420533695565132800/reviews?hl=en,5,4 months ago,مطعم لذيذ جدا و المعرض رائع و فيه اشياء مميزة,True,True,False,2026-09-25
P02,القرية الشعبية,الدمام,تراثي / ثقافي,https://maps.app.goo.gl/oNadKmXoFmk9e4Di9,Ci9DQUlRQUNvZENodHljRjlvT25OeFMzRnRlbE0zV25wWWFrdGZhWGMyZWpORmFXYxAB,عبدالله المعاوي,https://www.google.com/maps/contrib/115985017128853435055/reviews?hl=en,5,4 months ago,خدمتهم مره حلوه بذات من بنات متواجدين في الاستقبال,True,True,False,2026-09-25
P02,القرية الشعبية,الدمام,تراثي / ثقافي,https://maps.app.goo.gl/oNadKmXoFmk9e4Di9,Ci9DQUlRQUNvZENodHljRjlvT21GclMwcHlRMk5PUTI1SFdXaEdTV0ZoTjJ4eVJrRRAB,Jawed Iqbal,https://www.google.com/maps/contrib/107748556161632757007/reviews?hl=en,5,4 months ago,"Visited The Heritage Village today and honestly it was a very nice experience. The traditional Saudi atmosphere, old-style architecture, museums, and cultural sections make the place feel unique and relaxing. The indoor restaurant is huge and well organized — now I know why it entered the Guinness World Records with 5226 seats. A good place for families, guests, and anyone who wants to enjoy Saudi heritage in Dammam. Definitely worth visiting at least once.",False,True,False,2026-09-25
P02,القرية الشعبية,الدمام,تراثي / ثقافي,https://maps.app.goo.gl/oNadKmXoFmk9e4Di9,Ci9DQUlRQUNvZENodHljRjlvT25rMU5YWjViazlKWlhBNE9YRXRaelZOUzBOV1oyYxAB,Vladimir Vladimirov,https://www.google.com/maps/contrib/110465018224303996181/reviews?hl=en,5,4 months ago,Visited the heritage village. Amazing place with amazing and very hospitable people like elsewhere in Saudi Arabia. Special thanks to Nada and Aman for welcoming us and making our experience unforgettable🙂,False,True,False,2026-09-25
P02,القرية الشعبية,الدمام,تراثي / ثقافي,https://maps.app.goo.gl/oNadKmXoFmk9e4Di9,Ci9DQUlRQUNvZENodHljRjlvT21kR1RXZHZXRmMyY2xBM2RVaGxTM3ByVWsxV04zYxAB,୨ৎ,https://www.google.com/maps/contrib/107508878024334955638/reviews?hl=en,5,4 months ago,حسن تعامل مررة ما قصرت ندى يعطيها العافيه و منيره و اماني على حسن تعاملهم وتعاملهم عسلل مرة❣️,True,True,False,2026-09-25
P02,القرية الشعبية,الدمام,تراثي / ثقافي,https://maps.app.goo.gl/oNadKmXoFmk9e4Di9,Ci9DQUlRQUNvZENodHljRjlvT2pSSlJWUkhObEZxVDAxNFIycFBWMlpqUzJsV09HYxAB,Mohammed Alshehri,https://www.google.com/maps/contrib/111801373882308786743/reviews?hl=en,5,4 months ago,,False,True,False,2026-09-25
P02,القرية الشعبية,الدمام,تراثي / ثقافي,https://maps.app.goo.gl/oNadKmXoFmk9e4Di9,Ci9DQUlRQUNvZENodHljRjlvT2tJNGNuUkpMV3hQVG5SZk5GVkRVbUptYVZwNWMzYxAB,Mohamed Reda,https://www.google.com/maps/contrib/103710907166192176726/reviews?hl=en,5,4 months ago,,False,True,False,2026-09-25
P02,القرية الشعبية,الدمام,تراثي / ثقافي,https://maps.app.goo.gl/oNadKmXoFmk9e4Di9,Ci9DQUlRQUNvZENodHljRjlvT2xaSVRVNXpNWGRKY2w4MGJXaFNhelpEVWpCVmNVRRAB,Fawaz AL-Garni,https://www.google.com/maps/contrib/112587512491734338312/reviews?hl=en,5,4 months ago,Excellent experience,True,False,False,2026-09-25
P02,القرية الشعبية,الدمام,تراثي / ثقافي,https://maps.app.goo.gl/oNadKmXoFmk9e4Di9,Ci9DQUlRQUNvZENodHljRjlvT2tWMk5UZHFjbGRqTVc5WFpUaEhORTQwWVhaRGQyYxAB,Nagi Alaggad,https://www.google.com/maps/contrib/104434430589424787502/reviews?hl=en,5,4 months ago,The best place I had I ever been too ❤️❤️,False,True,False,2026-09-25
P02,القرية الشعبية,الدمام,تراثي / ثقافي,https://maps.app.goo.gl/oNadKmXoFmk9e4Di9,Ci9DQUlRQUNvZENodHljRjlvT25SU2QzTXRXRGczV1VZM2IzSkNOa2RZYkRaSlJHYxAB,Leen Hwang,https://www.google.com/maps/contrib/110055633227408494064/reviews?hl=en,5,4 months ago,amazing service and very kind people,False,True,False,2026-09-25
P02,القرية الشعبية,الدمام,تراثي / ثقافي,https://maps.app.goo.gl/oNadKmXoFmk9e4Di9,Ci9DQUlRQUNvZENodHljRjlvT2s1WWVrRXpVa2wwZUhnMFpFVklTVXg1V2tkWVNYYxAB,deyala fagih,https://www.google.com/maps/contrib/107029017762506475271/reviews?hl=en,5,4 months ago,,False,True,False,2026-09-25
P02,القرية الشعبية,الدمام,تراثي / ثقافي,https://maps.app.goo.gl/oNadKmXoFmk9e4Di9,Ci9DQUlRQUNvZENodHljRjlvT25CcVVIcHpOelEyVmxWMGVVVkVia2cyUWpoNU5VRRAB,ابوانس العالمي,https://www.google.com/maps/contrib/115701776826117042616/reviews?hl=en,5,4 months ago,المكان جميل وحلو والاستقبال وجوده الطعام ممتازه,True,True,False,2026-09-25
P02,القرية الشعبية,الدمام,تراثي / ثقافي,https://maps.app.goo.gl/oNadKmXoFmk9e4Di9,Ci9DQUlRQUNvZENodHljRjlvT2tkVFVWWkNWazlEWkhsaE1HOU5aRUkxWDFOWk1IYxAB,عبدالمحسن الحجي,https://www.google.com/maps/contrib/107548882746417321327/reviews?hl=en,5,4 months ago,شكرا لكم على الاستقبال خاصة الاخت ندى وأماني,True,True,False,2026-09-25
P02,القرية الشعبية,الدمام,تراثي / ثقافي,https://maps.app.goo.gl/oNadKmXoFmk9e4Di9,Ci9DQUlRQUNvZENodHljRjlvT21sRlExQnBRakUzU0ZKcFRFOWxZamRWYVdwSFNIYxAB,emad al hejii,https://www.google.com/maps/contrib/101178748400249402282/reviews?hl=en,5,4 months ago,"الموظف اماني مع دنى
ممتازين بالتعاون",True,True,False,2026-09-25
P02,القرية الشعبية,الدمام,تراثي / ثقافي,https://maps.app.goo.gl/oNadKmXoFmk9e4Di9,Ci9DQUlRQUNvZENodHljRjlvT2w4M2FteE1jbkJOYmxjNFZXMDNTMDl3TlV0VldWRRAB,أبوعبد الرحمن الغرباني,https://www.google.com/maps/contrib/114006999039772648268/reviews?hl=en,5,4 months ago,جميل ورائع وينصح بشدة بالزيارة عالم آخر، حضارة وتراث مقتيات وقطع أثرية رحلة مع حياة الماضي,True,True,False,2026-09-25
P02,القرية الشعبية,الدمام,تراثي / ثقافي,https://maps.app.goo.gl/oNadKmXoFmk9e4Di9,Ci9DQUlRQUNvZENodHljRjlvT204M1JXZFlPR1ppWHpaUE1GWmpPSEpyUXpoNmMwRRAB,abo anas alfaifi,https://www.google.com/maps/contrib/103881501468397679583/reviews?hl=en,2,4 months ago,غااااااااالي جداً جداً,True,True,False,2026-09-25
P02,القرية الشعبية,الدمام,تراثي / ثقافي,https://maps.app.goo.gl/oNadKmXoFmk9e4Di9,Ci9DQUlRQUNvZENodHljRjlvT2xVMFkzZGxhblIwZG5GVFoyWlFjMWc0YjNoNk4zYxAB,Mohammad ALhamaydeh,https://www.google.com/maps/contrib/115786720925753346252/reviews?hl=en,5,4 months ago,,False,True,False,2026-09-25
P02,القرية الشعبية,الدمام,تراثي / ثقافي,https://maps.app.goo.gl/oNadKmXoFmk9e4Di9,Ci9DQUlRQUNvZENodHljRjlvT2xGSVJFUTRSMnRyVG5jNExUUlpNSEJoV2xNeVVHYxAB,ali alyahya,https://www.google.com/maps/contrib/114332158124802441196/reviews?hl=en,5,4 months ago,The place is beautiful and the staff there are extremely polite and courteous.,True,False,False,2026-09-25
P02,القرية الشعبية,الدمام,تراثي / ثقافي,https://maps.app.goo.gl/oNadKmXoFmk9e4Di9,Ci9DQUlRQUNvZENodHljRjlvT2tJdFdHbFVkR2s1WDBNelRqZHRSMWt0T0VveVgzYxAB,abdulaziz,https://www.google.com/maps/contrib/100425226906534452631/reviews?hl=en,5,4 months ago,تجربه حلوه ومكان مليء بالقطع الأثريه والأكل جداً لذيذ ويستاهل الزياره,True,True,False,2026-09-25
P02,القرية الشعبية,الدمام,تراثي / ثقافي,https://maps.app.goo.gl/oNadKmXoFmk9e4Di9,Ci9DQUlRQUNvZENodHljRjlvT21remJWQkZhMUl6UW1SV00zZHRObkY0V2pCUlFtYxAB,RIO,https://www.google.com/maps/contrib/115987472804560139421/reviews?hl=en,5,4 months ago,تجربه جدا فريده من نوعها وتعامل الطاقم كان جدا محترم وحبيب والله من دون مبالغه من اجمل التجارب الي جربتها بحياتي مع اي مطعم,True,True,False,2026-09-25
P02,القرية الشعبية,الدمام,تراثي / ثقافي,https://maps.app.goo.gl/oNadKmXoFmk9e4Di9,Ci9DQUlRQUNvZENodHljRjlvT25wc1JFOHdSRlZHVDJwaVIwaGlZa1IxUVc5MVVtYxAB,Rami Iskandar,https://www.google.com/maps/contrib/117200910533727771862/reviews?hl=en,5,4 months ago,,False,True,False,2026-09-25
P02,القرية الشعبية,الدمام,تراثي / ثقافي,https://maps.app.goo.gl/oNadKmXoFmk9e4Di9,Ci9DQUlRQUNvZENodHljRjlvT25CbmRWQlljbFpQYVd0NGJ6RjJkbkZxZVhodlJuYxAB,Ahmed Alzahrani,https://www.google.com/maps/contrib/104780909235233387780/reviews?hl=en,4,4 months ago,,False,True,False,2026-09-25
P02,القرية الشعبية,الدمام,تراثي / ثقافي,https://maps.app.goo.gl/oNadKmXoFmk9e4Di9,Ci9DQUlRQUNvZENodHljRjlvT21wUE5EVnlOV3hvTkVsZlUzcG9SMlF0VEVKVE0xRRAB,عثمان العطوي,https://www.google.com/maps/contrib/115536178564177415919/reviews?hl=en,5,4 months ago,,False,True,False,2026-09-25
P02,القرية الشعبية,الدمام,تراثي / ثقافي,https://maps.app.goo.gl/oNadKmXoFmk9e4Di9,Ci9DQUlRQUNvZENodHljRjlvT2xnMlVGcElWaTFQYlVVd2NVYzNTRlpzTUhScVVtYxAB,Faisal Alomari,https://www.google.com/maps/contrib/103198136939640898955/reviews?hl=en,5,4 months ago,,False,True,False,2026-09-25
P02,القرية الشعبية,الدمام,تراثي / ثقافي,https://maps.app.goo.gl/oNadKmXoFmk9e4Di9,Ci9DQUlRQUNvZENodHljRjlvT2xwM1VEQXRObVJ5Tld4WGMyNVBURVJrVldOU2FXYxAB,ali al-ali,https://www.google.com/maps/contrib/100535766355906952714/reviews?hl=en,5,4 months ago,اجواء تراثية مختلفة ومميزة ...,True,True,False,2026-09-25
P02,القرية الشعبية,الدمام,تراثي / ثقافي,https://maps.app.goo.gl/oNadKmXoFmk9e4Di9,Ci9DQUlRQUNvZENodHljRjlvT2tReU1tdHpRVUZQT1VGc1JXRnFXbWhIZGpacWFIYxAB,بسمه الدوسري,https://www.google.com/maps/contrib/106748200669600747392/reviews?hl=en,5,4 months ago,مشالله المكان جميل يفتح النفس والاكل والطعم ولا غلطه اختيار جميل,True,True,False,2026-09-25
P02,القرية الشعبية,الدمام,تراثي / ثقافي,https://maps.app.goo.gl/oNadKmXoFmk9e4Di9,Ci9DQUlRQUNvZENodHljRjlvT25KR2NYYzFhSEZOV2xaNmIwUkZWblZRVUdJeVFYYxAB,اذكر الله 9,https://www.google.com/maps/contrib/118322075005840206753/reviews?hl=en,2,4 months ago,decent,True,False,False,2026-09-25
P02,القرية الشعبية,الدمام,تراثي / ثقافي,https://maps.app.goo.gl/oNadKmXoFmk9e4Di9,Ci9DQUlRQUNvZENodHljRjlvT25aZk0xaGpjUzFHVTJ4eGVuSmhRbWwwT0RsUGRsRRAB,بشار الجلال,https://www.google.com/maps/contrib/106565760884402975340/reviews?hl=en,3,4 months ago,مناظر جميله اسعار غاليه,True,True,False,2026-09-25
P02,القرية الشعبية,الدمام,تراثي / ثقافي,https://maps.app.goo.gl/oNadKmXoFmk9e4Di9,Ci9DQUlRQUNvZENodHljRjlvT25SQ1MxTXdXa3gwZVRGUlZHa3hRMGhsZERaMWFIYxAB,Brdah Brdahmm,https://www.google.com/maps/contrib/112928262672024109246/reviews?hl=en,4,4 months ago,جميل جدا ورايق,True,True,False,2026-09-25
P02,القرية الشعبية,الدمام,تراثي / ثقافي,https://maps.app.goo.gl/oNadKmXoFmk9e4Di9,Ci9DQUlRQUNvZENodHljRjlvT21WVlYzSkhOMGRYVGtzM1ZUQklkRzlCTVhGUlgxRRAB,Ghulam Murtaza,https://www.google.com/maps/contrib/110286388473771771354/reviews?hl=en,5,4 months ago,,False,True,False,2026-09-25
P02,القرية الشعبية,الدمام,تراثي / ثقافي,https://maps.app.goo.gl/oNadKmXoFmk9e4Di9,Ci9DQUlRQUNvZENodHljRjlvT2pJek5ucFVURTVtVUhKa1FXSTNVRFZNUzJrM1JFRRAB,Sahar Ali,https://www.google.com/maps/contrib/115403252313521739331/reviews?hl=en,5,4 months ago,القرية الشعبية في الدمام مكان جميل، والأستاذة منيرة كانت استقبالها طيب وشرحها للمكان محمّس.,True,True,False,2026-09-25
P02,القرية الشعبية,الدمام,تراثي / ثقافي,https://maps.app.goo.gl/oNadKmXoFmk9e4Di9,Ci9DQUlRQUNvZENodHljRjlvT2t3M2JUaGhlWFpxTlVJM1FXNW1aVzB3T1ZWb1lXYxAB,محمد الواصلي,https://www.google.com/maps/contrib/105642026903013447442/reviews?hl=en,5,4 months ago,,False,True,False,2026-09-25
P02,القرية الشعبية,الدمام,تراثي / ثقافي,https://maps.app.goo.gl/oNadKmXoFmk9e4Di9,Ci9DQUlRQUNvZENodHljRjlvT2xod1UwWkZNR0pVUTIxaVlWQXdORGRWT0VWSFZsRRAB,9214 محمد,https://www.google.com/maps/contrib/112574983865194189526/reviews?hl=en,5,4 months ago,حلا مكاني المفضل للافطار والغداء,True,True,False,2026-09-25
P02,القرية الشعبية,الدمام,تراثي / ثقافي,https://maps.app.goo.gl/oNadKmXoFmk9e4Di9,Ci9DQUlRQUNvZENodHljRjlvT25oZmNWZFdkSEU1V1VaemFGOXZUMnB1ZVRGcVVYYxAB,عبدالله سيد,https://www.google.com/maps/contrib/115905224202203145626/reviews?hl=en,5,4 months ago,,False,True,False,2026-09-25
P02,القرية الشعبية,الدمام,تراثي / ثقافي,https://maps.app.goo.gl/oNadKmXoFmk9e4Di9,Ci9DQUlRQUNvZENodHljRjlvT2tKMlQxRTROWE40YldaUmJVUjZXa2RmY0hBMU1YYxAB,عوض الاحمري,https://www.google.com/maps/contrib/112240689809529979801/reviews?hl=en,5,4 months ago,افضل مطعم وافضل متحف قد جربتهم في حياتي كلها من اجواء ومن خدمة و تراث عشرة من عشرة,True,True,False,2026-09-25
P02,القرية الشعبية,الدمام,تراثي / ثقافي,https://maps.app.goo.gl/oNadKmXoFmk9e4Di9,Ci9DQUlRQUNvZENodHljRjlvT21wTkxURmlNa1JVVERKVVpEaHRhV0o0VlZsSFMzYxAB,سالم 23,https://www.google.com/maps/contrib/100072671268711769373/reviews?hl=en,5,4 months ago,"الاستقبال من منيرة الدوسري رائع جداً
الاستاذ أحمد عبدالستار رجل خلوق ومتابع بشكل كبير للعملاء
الأكل جميل ومتنوع وجودة عالية",True,True,False,2026-09-25
P02,القرية الشعبية,الدمام,تراثي / ثقافي,https://maps.app.goo.gl/oNadKmXoFmk9e4Di9,Ci9DQUlRQUNvZENodHljRjlvT2xCSWEzcGZTVm8xVDNSdlUwRklRbDlXYlV0emVIYxAB,رمضان علي,https://www.google.com/maps/contrib/100577212485122429854/reviews?hl=en,5,4 months ago,"Excellent, very, very excellent",True,False,False,2026-09-25
P02,القرية الشعبية,الدمام,تراثي / ثقافي,https://maps.app.goo.gl/oNadKmXoFmk9e4Di9,Ci9DQUlRQUNvZENodHljRjlvT2pGUFMzcG9WazlvYUdVMU1VdFJSV1pYYlRKSGNVRRAB,Mory Hussain,https://www.google.com/maps/contrib/111004889539424158936/reviews?hl=en,5,4 months ago,كل شيء بالمكآن جميل ومنظم والأكل لذيذ .. وان شاء الله بكرر الزياره مع  بقية الأهل وأحب اشكر الموظفه ندى على اخلاقها وتفآنيها  وبقية طاقم العمل,True,True,False,2026-09-25
P02,القرية الشعبية,الدمام,تراثي / ثقافي,https://maps.app.goo.gl/oNadKmXoFmk9e4Di9,Ci9DQUlRQUNvZENodHljRjlvT2tSdmJEaElkVEI0ZEdJNFJHNVhUMHBpYTJRM04wRRAB,ابو مبارك,https://www.google.com/maps/contrib/101715602469289049200/reviews?hl=en,5,4 months ago,,False,True,False,2026-09-25
P02,القرية الشعبية,الدمام,تراثي / ثقافي,https://maps.app.goo.gl/oNadKmXoFmk9e4Di9,Ci9DQUlRQUNvZENodHljRjlvT2toRmIzbHlNa05rYldKRFJWQk1ZVzF1YVRWUFpGRRAB,brave king,https://www.google.com/maps/contrib/110881677922294087364/reviews?hl=en,5,4 months ago,المكان روعة ووجهة سياحية والطعام لذيذ جدا ومعاملة الموظفين خاصة ندى تعامل خاص وراقي,True,True,False,2026-09-25
P02,القرية الشعبية,الدمام,تراثي / ثقافي,https://maps.app.goo.gl/oNadKmXoFmk9e4Di9,Ci9DQUlRQUNvZENodHljRjlvT2tkbVNFMWhNM1ZMVkUxbGJuWkRVbWRIZGtReGNYYxAB,Fatoomy Alzaher,https://www.google.com/maps/contrib/101452562243816773579/reviews?hl=en,5,4 months ago,,False,True,False,2026-09-25
P02,القرية الشعبية,الدمام,تراثي / ثقافي,https://maps.app.goo.gl/oNadKmXoFmk9e4Di9,Ci9DQUlRQUNvZENodHljRjlvT21SWFlqSkJhRVJqUW01WFJYWlpaa2hNTUZSTWFXYxAB,Khalid Al-Qahtani,https://www.google.com/maps/contrib/110334832443069697976/reviews?hl=en,5,4 months ago,,False,True,False,2026-09-25
P02,القرية الشعبية,الدمام,تراثي / ثقافي,https://maps.app.goo.gl/oNadKmXoFmk9e4Di9,Ci9DQUlRQUNvZENodHljRjlvT21OblFtTlNWRzVxTlhsMGJVRm5lREJLZDFSNFZuYxAB,فهد الدوسري,https://www.google.com/maps/contrib/107094108800311945325/reviews?hl=en,5,4 months ago,,False,True,False,2026-09-25
P02,القرية الشعبية,الدمام,تراثي / ثقافي,https://maps.app.goo.gl/oNadKmXoFmk9e4Di9,Ci9DQUlRQUNvZENodHljRjlvT21aV1FVczNVREptVUdnME1HaDNVM04xZUVaM1NrRRAB,Badi Aldosari,https://www.google.com/maps/contrib/112990346454984321747/reviews?hl=en,5,4 months ago,,False,True,False,2026-09-25
P02,القرية الشعبية,الدمام,تراثي / ثقافي,https://maps.app.goo.gl/oNadKmXoFmk9e4Di9,Ci9DQUlRQUNvZENodHljRjlvT2tRMk9WaHhVbmRHVlVacVRYTXpWR3QzYkhsbWIwRRAB,A Rahim,https://www.google.com/maps/contrib/103479219175295978854/reviews?hl=en,5,4 months ago,نا كنت في زيارة إلى القرية الشعبية، وقد قامت الأخت ندى بشرح مميز لي عن الطيور المهاجرة المحنطة الموجودة في الدور العلوي، وكان لديها معلومات ثقافية قيّمة عن هذه الطيور، وقدمت الشرح بأسلوب جميل وواضح,True,True,False,2026-09-25
P02,القرية الشعبية,الدمام,تراثي / ثقافي,https://maps.app.goo.gl/oNadKmXoFmk9e4Di9,Ci9DQUlRQUNvZENodHljRjlvT25vM2FVOHlkbXhPYTFoeGRETndNVzV1Um5oNVQyYxAB,Saad Alsahli,https://www.google.com/maps/contrib/118212634080144176317/reviews?hl=en,5,4 months ago,زرت البارح وكان اكثر من روعه وكان المتحف جميل تراث فوق الجميل في تراث القديم والموظفة ندى جلست تشرح لنا عن تراث,True,True,False,2026-09-25
P02,القرية الشعبية,الدمام,تراثي / ثقافي,https://maps.app.goo.gl/oNadKmXoFmk9e4Di9,Ci9DQUlRQUNvZENodHljRjlvT2pFNWVVZGxURk10ZEZCclZ6bHdkVTgzYzNCTk5rRRAB,حمود الشمري,https://www.google.com/maps/contrib/105727843508340987966/reviews?hl=en,5,4 months ago,"I would like to commend the two employees, Nada and Munira, for their warm welcome yesterday, their cooperation, and their excellent treatment, especially towards my elderly mother, whom they helped and opened the door for with utmost respect and kindness. My sincere thanks and appreciation to them for their wonderful approach.",True,False,False,2026-09-25
P02,القرية الشعبية,الدمام,تراثي / ثقافي,https://maps.app.goo.gl/oNadKmXoFmk9e4Di9,Ci9DQUlRQUNvZENodHljRjlvT2s1WlJHdHhSMGxVVTNWYVlURlFXbmwxUW10SU9FRRAB,حمد ابو راشد,https://www.google.com/maps/contrib/113238592033503837978/reviews?hl=en,5,4 months ago,المكان يجنن بس لو بدون رسوم افضل وشكرا حق الموظفات ندى و اماني أخلاق الله يوفقهم ويسعدهم,True,True,False,2026-09-25
P02,القرية الشعبية,الدمام,تراثي / ثقافي,https://maps.app.goo.gl/oNadKmXoFmk9e4Di9,Ci9DQUlRQUNvZENodHljRjlvT2pCNVUzQkRTa290UlZGbU1qRndVMWRITlVGaU5rRRAB,عبدالله الربيع,https://www.google.com/maps/contrib/101541129004720495102/reviews?hl=en,5,4 months ago,امس زرت المطعم الصراحه معاملتهم حلوه وخصوصا الموظفه ندى تعاملها راقي مع العملاء اشكرها,True,True,False,2026-09-25
P02,القرية الشعبية,الدمام,تراثي / ثقافي,https://maps.app.goo.gl/oNadKmXoFmk9e4Di9,Ci9DQUlRQUNvZENodHljRjlvT25SS2J6QmtXbnBXWDNsYU5rZEpMVU5pT0RkbFRXYxAB,علي عيسى,https://www.google.com/maps/contrib/101622012066362262225/reviews?hl=en,5,4 months ago,مكان جميل واشكر الأخت ندى على إعلانها للأماكن الجميلة وأخلاقها معا الجميع بالتعامل والتوضيح,True,True,False,2026-09-25
P02,القرية الشعبية,الدمام,تراثي / ثقافي,https://maps.app.goo.gl/oNadKmXoFmk9e4Di9,Ci9DQUlRQUNvZENodHljRjlvT21FelV6TlRURWR6ZWs1aFoycFBVRlZyUlZkVlVXYxAB,tilal tilal,https://www.google.com/maps/contrib/105458813063584122566/reviews?hl=en,5,4 months ago,“موظفه ندى، شكراً لتعاملك الراقي وابتسامتك اللطيفة التي تجعل المكان أكثر جمالًا وراحة.”,True,True,False,2026-09-25
P02,القرية الشعبية,الدمام,تراثي / ثقافي,https://maps.app.goo.gl/oNadKmXoFmk9e4Di9,Ci9DQUlRQUNvZENodHljRjlvT25wSlkyRm5VWE54WVVadmRUSmZTR1pYUWtjNGVrRRAB,Maryam H,https://www.google.com/maps/contrib/104035789648937558587/reviews?hl=en,5,4 months ago,زرت قاعة الاحتفالات صراحه روعه المكان وكبيير ومرتب ويخدم اي مناسبه عندكم يوفرون خدمة الضيافة,True,True,False,2026-09-25
P02,القرية الشعبية,الدمام,تراثي / ثقافي,https://maps.app.goo.gl/oNadKmXoFmk9e4Di9,Ci9DQUlRQUNvZENodHljRjlvT25CQ1JVSnpOMUZQY2poYU9IQmpNbFJmU0c5Sk5IYxAB,M,https://www.google.com/maps/contrib/116953214236300572267/reviews?hl=en,5,4 months ago,👍🏻👍🏻👍🏻 …,False,True,True,2026-09-25
P02,القرية الشعبية,الدمام,تراثي / ثقافي,https://maps.app.goo.gl/oNadKmXoFmk9e4Di9,Ci9DQUlRQUNvZENodHljRjlvT2tSVVMyRnhSMUpzTkRBemNqRkxZakJtWkVGSFJGRRAB,Asmaa Shaikh,https://www.google.com/maps/contrib/114044649835019438909/reviews?hl=en,5,4 months ago,,False,True,False,2026-09-25
P02,القرية الشعبية,الدمام,تراثي / ثقافي,https://maps.app.goo.gl/oNadKmXoFmk9e4Di9,Ci9DQUlRQUNvZENodHljRjlvT2tkWWNHNVJhM3ByWmsxMU4xcEZkbFZNVWs4eWRtYxAB,عبدالله البيشي,https://www.google.com/maps/contrib/100680194932032166413/reviews?hl=en,5,4 months ago,,False,True,False,2026-09-25
P02,القرية الشعبية,الدمام,تراثي / ثقافي,https://maps.app.goo.gl/oNadKmXoFmk9e4Di9,Ci9DQUlRQUNvZENodHljRjlvT2poQ09WZ3RhazExV2xneGVVSTFkSFpzWjNFMFVHYxAB,sagaf 24md,https://www.google.com/maps/contrib/109190637164759609470/reviews?hl=en,5,4 months ago,,False,True,False,2026-09-25
P02,القرية الشعبية,الدمام,تراثي / ثقافي,https://maps.app.goo.gl/oNadKmXoFmk9e4Di9,Ci9DQUlRQUNvZENodHljRjlvT2t4SVgyRk1TMll5ZEhGVFpEVnRZMTl3YVhkQ1IxRRAB,عابد بن سفر,,5,4 months ago,"The place is very beautiful, historical, and valuable in terms of the museum and the atmosphere; it took us back to the old days. The reception staff, Sister Nada and her colleague, were very kind and provided excellent explanations.",True,False,False,2026-09-25
P02,القرية الشعبية,الدمام,تراثي / ثقافي,https://maps.app.goo.gl/oNadKmXoFmk9e4Di9,Ci9DQUlRQUNvZENodHljRjlvT2paMGFEQlVabmcyYUZWUVdsY3hSazFGTVMxcFNsRRAB,محمد المغربي,https://www.google.com/maps/contrib/112584569480976382423/reviews?hl=en,5,4 months ago,"بكل فخر واعتزاز، نُسجّل هذا التقييم المتميز لكل من:
أماني، أمثال، منيرة، ندى، مريم، وفاطمة، نظير ما قدّمنه من أداء احترافي رفيع في مهام الاستقبال بـ القرية الشعبية – الدمام.

لقد قدّمن صورة مشرّفة تعكس أعلى معايير الجودة في الاستقبال (Reception)، من خلال حسن التعامل، والرقي في الأسلوب، والبشاشة الدائمة، والاهتمام البالغ براحة الضيوف، إضافةً إلى العناية الواضحة بنظافة وتنظيم الموقع، مما أسهم في تقديم تجربة راقية ومتكاملة.

وبكل أمانة، فإن ما قدّمنه يتجاوز حدود التميز إلى مستوى يُحتذى به ويُعتمد كنموذج يُقتدى به في بيئة العمل.

كما نُثمن الجهود المباركة لكل من:
السكرتي حسن جبران – مدير العمليات،
والسكرتي محمد المغربي – مشرف الميدان،
على دعمهما المستمر ومتابعتهما الدقيقة، والتنظيم كان لهم دور بارز في تحقيق هذا المستوى العالي من الأداء.

كل الشكر والتقدير للجميع، ونسأل الله دوام التوفيق والسداد والتميّز.",True,True,False,2026-09-25
P02,القرية الشعبية,الدمام,تراثي / ثقافي,https://maps.app.goo.gl/oNadKmXoFmk9e4Di9,Ci9DQUlRQUNvZENodHljRjlvT2pacFVsRjVWVTVxYUc5c1FsbEpZMDB4VG5RMVkzYxAB,إبن الجنوب,https://www.google.com/maps/contrib/106644588098271999094/reviews?hl=en,5,4 months ago,"أود أن أتقدم بخالص الشكر والتقدير لكل من
أماني، أنفال، منيرة، ندى، مريم، وفاطمة، وذلك على ما قدّمنه من أداء مميز في الاستقبال بـ القرية الشعبية – الدمام.

لقد كان استقبالهن في قمة الاحترافية، حيث تحلّين بحسن الخلق، ولباقة التعامل، والاهتمام الواضح براحة الضيوف. كما يُشكر لهن حرصهن على نظافة وترتيب المكان بشكل يعكس صورة مشرفة ومميزة.

بكل أمانة، كنَّ مثالاً رائعاً في أداء مهام الاستقبال (Reception)، وقدمن تجربة راقية تليق بالموقع والجهة.

كل الشكر لكنّ، مع أطيب التمنيات بدوام التوفيق والتميز.",True,True,False,2026-09-25
P02,القرية الشعبية,الدمام,تراثي / ثقافي,https://maps.app.goo.gl/oNadKmXoFmk9e4Di9,Ci9DQUlRQUNvZENodHljRjlvT2xGTlFsQlRTRVJrYW1GeGF6VlFWMjAxVEZwRFVsRRAB,خالد العمار,https://www.google.com/maps/contrib/109649760135836646664/reviews?hl=en,5,4 months ago,مكان راقي جدا انصح بزيارته,True,True,False,2026-09-25
P02,القرية الشعبية,الدمام,تراثي / ثقافي,https://maps.app.goo.gl/oNadKmXoFmk9e4Di9,Ci9DQUlRQUNvZENodHljRjlvT25KdFgwbGxlVXRyYVhOQ1YzQTRhMk5NVFRCemQxRRAB,jamal ms,https://www.google.com/maps/contrib/107606990547148435358/reviews?hl=en,5,4 months ago,افضل موظفة ندى ماقصرت,True,True,False,2026-09-25
P02,القرية الشعبية,الدمام,تراثي / ثقافي,https://maps.app.goo.gl/oNadKmXoFmk9e4Di9,Ci9DQUlRQUNvZENodHljRjlvT2pSYWFFaEdTMDVmTkc5RFRVYzJhakI2WlRaaWRtYxAB,wadiah Mallahi,https://www.google.com/maps/contrib/102086660135491106986/reviews?hl=en,5,4 months ago,"Excellent location and outstanding service. The food was rich and satisfying. I also have to mention my friend Nada, who is incredibly hardworking and dedicated, and she always give 100% and it shows in everything she does and smarter and love her work",False,True,False,2026-09-25
P02,القرية الشعبية,الدمام,تراثي / ثقافي,https://maps.app.goo.gl/oNadKmXoFmk9e4Di9,Ci9DQUlRQUNvZENodHljRjlvT25Cb1JFbFBRM2RWVTBSdldFY3lTRFJxUm1GWWMxRRAB,مجلس الغريب,https://www.google.com/maps/contrib/115296097559042105317/reviews?hl=en,5,4 months ago,نشكر الاخت ندى كانت معاملتها لنا جداً رايقه نتمنى لك  التوفيق,True,True,False,2026-09-25
P02,القرية الشعبية,الدمام,تراثي / ثقافي,https://maps.app.goo.gl/oNadKmXoFmk9e4Di9,Ci9DQUlRQUNvZENodHljRjlvT2tWUlgyNU1SM1p6WVhWa2EwOWhRakUzZURod1prRRAB,Noof Nony,https://www.google.com/maps/contrib/117480452381354637054/reviews?hl=en,5,4 months ago,ماشاء الله مكان رائع و بل اخص استقبال الكشيره ندى كان اسلوبها راقي ومتعاونه وايضا موظفه منيره احببت مكان ولنا زياره مره الثانيه,True,True,False,2026-09-25
P02,القرية الشعبية,الدمام,تراثي / ثقافي,https://maps.app.goo.gl/oNadKmXoFmk9e4Di9,Ci9DQUlRQUNvZENodHljRjlvT2tRNUxWZzJlVEJrWTBsQlNGVmhVazFtYW14Q0xYYxAB,Shim Alnas,https://www.google.com/maps/contrib/102353985684013038114/reviews?hl=en,3,4 months ago,مكان جدا ممتاز وموقع مميز وتصميم مختلف,True,True,False,2026-09-25
P02,القرية الشعبية,الدمام,تراثي / ثقافي,https://maps.app.goo.gl/oNadKmXoFmk9e4Di9,Ci9DQUlRQUNvZENodHljRjlvT2paRFZtVmxVbE5sYTFCRFowRTVUbTB5U0ZSUFVrRRAB,Abdullah Ali,https://www.google.com/maps/contrib/104270631491408390406/reviews?hl=en,5,4 months ago,"تجربة رائعة بكل المقاييس، تستحق أكثر من 5 نجوم!

منذ اللحظة الأولى، كان الاستقبال استثنائيًا بفضل الأستاذة منيرة، التي كانت خير سفيرة لهذا الصرح العريق. حسن ترحيبها، وأسلوبها الراقي جعلونا نشعر وكأننا ضيوف أعزاء، لا مجرد زوار. تعاملها الاحترافي وحفاوة استقبالها تركت في أنفسنا أثرًا طيبًا قبل أن نبدأ جولتنا.

أما القرية نفسها، فهي حقًا تحفة فنية وثقافية لا تُقدّر بثمن. تمتد على مساحة هائلة تزيد عن 22 ألف متر مربع، وتضم أكثر من 8 آلاف قطعة تراثية تحكي بكل أمانة قصة 13 منطقة من مناطق المملكة.",True,True,False,2026-09-25
P02,القرية الشعبية,الدمام,تراثي / ثقافي,https://maps.app.goo.gl/oNadKmXoFmk9e4Di9,ChdDSUhNMG9nS0VJQ0FnSUQ2ODdxczl3RRAB,سلطان القرني,https://www.google.com/maps/contrib/111719227254131219676/reviews?hl=en,5,Edited 4 months ago,,False,True,False,2026-09-25
P02,القرية الشعبية,الدمام,تراثي / ثقافي,https://maps.app.goo.gl/oNadKmXoFmk9e4Di9,Ci9DQUlRQUNvZENodHljRjlvT2pkdmEzWXdZWEY0ZURKUU5rRjRTeTFOV25wVlJFRRAB,محمد مريزيق العتيبي,https://www.google.com/maps/contrib/116760739642387180272/reviews?hl=en,5,4 months ago,"The place is very beautiful and wonderful. The service is five-star, and the reception is very classy and welcoming, especially Fatima, Anfal, and Maryam. May God reward you for the warm welcome and hospitality.",True,False,False,2026-09-25
P02,القرية الشعبية,الدمام,تراثي / ثقافي,https://maps.app.goo.gl/oNadKmXoFmk9e4Di9,Ci9DQUlRQUNvZENodHljRjlvT2pWM05HMHRUV1JmWXpsVE1ubE9Sa3gyWDBOVlZuYxAB,rohail khan,https://www.google.com/maps/contrib/115603621953612938564/reviews?hl=en,5,4 months ago,"Had a wonderful experience at Saudi Heritage Mall. The atmosphere, hospitality, and overall experience were truly memorable. …",False,True,True,2026-09-25
P02,القرية الشعبية,الدمام,تراثي / ثقافي,https://maps.app.goo.gl/oNadKmXoFmk9e4Di9,Ci9DQUlRQUNvZENodHljRjlvT21WYVFtbFBhbTFCZWxwaU9XRnhSbU4xWDNOeE0xRRAB,Dafaallah Alaraky,https://www.google.com/maps/contrib/110952947127510013771/reviews?hl=en,5,4 months ago,مكان جميل ومرتب واستقبال امثر من رائع، واشكر فطامة ومريم وانفال اللي كان في استقبالنا,True,True,False,2026-09-25
P02,القرية الشعبية,الدمام,تراثي / ثقافي,https://maps.app.goo.gl/oNadKmXoFmk9e4Di9,Ci9DQUlRQUNvZENodHljRjlvT2xob2NXOXRWbFl4TkU1d1kzRm9UVVpaVVRKdU0yYxAB,تركي رفاعي,https://www.google.com/maps/contrib/105607318182178303577/reviews?hl=en,5,4 months ago,عشره على عشره لعيون الموظفين يستاهلون الطيب محترمين و اخلاق و زيدو رواتبهم  مو مبالغه بس منجد محترمين بس عاد لو يعطوني البندقيه ذي ب اقيمهم مليون من عشره,True,True,False,2026-09-25
P02,القرية الشعبية,الدمام,تراثي / ثقافي,https://maps.app.goo.gl/oNadKmXoFmk9e4Di9,Ci9DQUlRQUNvZENodHljRjlvT2xONlRrNXNibTE0VFcxSlVFdHRaMUJ3UjB4TVlWRRAB,Aakasha Qureshi,https://www.google.com/maps/contrib/107294044339861745496/reviews?hl=en,5,4 months ago,Excellent,False,True,False,2026-09-25
P02,القرية الشعبية,الدمام,تراثي / ثقافي,https://maps.app.goo.gl/oNadKmXoFmk9e4Di9,Ci9DQUlRQUNvZENodHljRjlvT2tNeVpGOXhkbFZwUjA1b2VreHNia2d6U1dSUWFHYxAB,Abdullah Alsaeed,https://www.google.com/maps/contrib/104009662579737365978/reviews?hl=en,5,4 months ago,,False,True,False,2026-09-25
P02,القرية الشعبية,الدمام,تراثي / ثقافي,https://maps.app.goo.gl/oNadKmXoFmk9e4Di9,ChZDSUhNMG9nS0VJQ0FnSUNQamRpT1hBEAE,Making Salome,https://www.google.com/maps/contrib/103307827840685844926/reviews?hl=en,5,Edited 4 months ago,i like it and so wonder fall  place and all so the name asma to helping me,False,True,False,2026-09-25
P02,القرية الشعبية,الدمام,تراثي / ثقافي,https://maps.app.goo.gl/oNadKmXoFmk9e4Di9,Ci9DQUlRQUNvZENodHljRjlvT2tGWE9XbzNXV3hzY0RVNGFFVmZUM2RyUW5sMGIwRRAB,ابو فهد,https://www.google.com/maps/contrib/106945773836166308629/reviews?hl=en,5,4 months ago,,False,True,False,2026-09-25
P02,القرية الشعبية,الدمام,تراثي / ثقافي,https://maps.app.goo.gl/oNadKmXoFmk9e4Di9,Ci9DQUlRQUNvZENodHljRjlvT2xKWVdVSnNZMDlCVm5Ka1ZrNDRZWFZRWW5aRmIzYxAB,fatimah aldhamin,https://www.google.com/maps/contrib/116235499073285478263/reviews?hl=en,5,4 months ago,زرنا المكان وفعلا من افضل المطاعم والمتاحف ، وجوده الطعام والخدمة جدا ممتازه,True,True,False,2026-09-25
P02,القرية الشعبية,الدمام,تراثي / ثقافي,https://maps.app.goo.gl/oNadKmXoFmk9e4Di9,Ci9DQUlRQUNvZENodHljRjlvT2pSUVJTMTFaRzB4VWkxWWVETnBOR05WY2s5UVVYYxAB,Soyad Imran,https://www.google.com/maps/contrib/106986240441464016679/reviews?hl=en,5,4 months ago,,False,True,False,2026-09-25
P02,القرية الشعبية,الدمام,تراثي / ثقافي,https://maps.app.goo.gl/oNadKmXoFmk9e4Di9,Ci9DQUlRQUNvZENodHljRjlvT21aWk4xVXhhVEZFY0ZNeWVHZ3RkV055VW00M1JXYxAB,Salma Agadir,https://www.google.com/maps/contrib/107374867805658426297/reviews?hl=en,5,4 months ago,,False,True,False,2026-09-25
P02,القرية الشعبية,الدمام,تراثي / ثقافي,https://maps.app.goo.gl/oNadKmXoFmk9e4Di9,Ci9DQUlRQUNvZENodHljRjlvT2twT0xWcDJkWHA0WlRWb1UwWm9aMjAwVGpWV2NuYxAB,Robin Daniel Mathew,https://www.google.com/maps/contrib/115837548900155336523/reviews?hl=en,5,4 months ago,Great place,False,True,False,2026-09-25
P02,القرية الشعبية,الدمام,تراثي / ثقافي,https://maps.app.goo.gl/oNadKmXoFmk9e4Di9,Ci9DQUlRQUNvZENodHljRjlvT2xKV01rVkxjemQ2UW5WMWMyMTZOazV2U0Rad2QwRRAB,Bader,https://www.google.com/maps/contrib/103322364752720724838/reviews?hl=en,5,4 months ago,,False,True,False,2026-09-25
P02,القرية الشعبية,الدمام,تراثي / ثقافي,https://maps.app.goo.gl/oNadKmXoFmk9e4Di9,Ci9DQUlRQUNvZENodHljRjlvT2xkSkxXUnBYM2hUWkRObWRrNWFlRlJJUnpsUmJXYxAB,abdullah al-haddad,https://www.google.com/maps/contrib/116869322617136637669/reviews?hl=en,5,4 months ago,,False,True,False,2026-09-25
P02,القرية الشعبية,الدمام,تراثي / ثقافي,https://maps.app.goo.gl/oNadKmXoFmk9e4Di9,Ci9DQUlRQUNvZENodHljRjlvT2tGRFFWVTNUV0V5U0hwQmVUWldhakpHUzBSeWEyYxAB,abdullah abu suliman,https://www.google.com/maps/contrib/117257823298319985954/reviews?hl=en,5,4 months ago,,False,True,False,2026-09-25
P02,القرية الشعبية,الدمام,تراثي / ثقافي,https://maps.app.goo.gl/oNadKmXoFmk9e4Di9,Ci9DQUlRQUNvZENodHljRjlvT2pjMFFtNDNNaTFYY0hFMVJFRklVSFoxUWw5Rk5VRRAB,MöD MöD,https://www.google.com/maps/contrib/115136669856584755265/reviews?hl=en,5,4 months ago,,False,True,False,2026-09-25
P02,القرية الشعبية,الدمام,تراثي / ثقافي,https://maps.app.goo.gl/oNadKmXoFmk9e4Di9,Ci9DQUlRQUNvZENodHljRjlvT21kUVUxQm9jR0pEWTJRNGRVcHhSVGd4T1RGdVJWRRAB,فرح السريعي,https://www.google.com/maps/contrib/102743967309402570085/reviews?hl=en,5,4 months ago,,False,True,False,2026-09-25
P02,القرية الشعبية,الدمام,تراثي / ثقافي,https://maps.app.goo.gl/oNadKmXoFmk9e4Di9,Ci9DQUlRQUNvZENodHljRjlvT2tSUlNUbGFNMWhRZFdKWmF6bHRlbTk0UTNrelRFRRAB,,https://www.google.com/maps/contrib/110406974423533805686/reviews?hl=en,5,4 months ago,"Worth a visit.
The place and the concept are wonderful.
Thank you.",True,False,False,2026-09-25
P02,القرية الشعبية,الدمام,تراثي / ثقافي,https://maps.app.goo.gl/oNadKmXoFmk9e4Di9,Ci9DQUlRQUNvZENodHljRjlvT25SMFF6QmxibWR5TUZwTllrbFdYMXB4YlZwaVFsRRAB,Incisive FAYEZ,https://www.google.com/maps/contrib/101416749674934573742/reviews?hl=en,4,4 months ago,I recommend ❤️,False,True,False,2026-09-25
P02,القرية الشعبية,الدمام,تراثي / ثقافي,https://maps.app.goo.gl/oNadKmXoFmk9e4Di9,Ci9DQUlRQUNvZENodHljRjlvT2xWUE5GRTRVMHRPYkdVeFVWOXdNR3BXWTJRMVltYxAB,محمد VIP,https://www.google.com/maps/contrib/102456855835313801963/reviews?hl=en,5,4 months ago,The place is very beautiful. The food is excellent. There's a museum and heritage items. Entrance is 20 riyals per person (over 10 years old).,True,False,False,2026-09-25
P02,القرية الشعبية,الدمام,تراثي / ثقافي,https://maps.app.goo.gl/oNadKmXoFmk9e4Di9,Ci9DQUlRQUNvZENodHljRjlvT2tOUWNrRkZNSFJXYjNjdGVEaHBUbFpUY1hKb2FWRRAB,ريماس الخالدي,https://www.google.com/maps/contrib/107318513058227797110/reviews?hl=en,5,4 months ago,,False,True,False,2026-09-25
P02,القرية الشعبية,الدمام,تراثي / ثقافي,https://maps.app.goo.gl/oNadKmXoFmk9e4Di9,Ci9DQUlRQUNvZENodHljRjlvT25OTGIwTm9ZV3d5YWtwSWNHdHJURGhyVWxCaU1XYxAB,Salah Qasam,https://www.google.com/maps/contrib/111895380098590013250/reviews?hl=en,5,4 months ago,,False,True,False,2026-09-25
P02,القرية الشعبية,الدمام,تراثي / ثقافي,https://maps.app.goo.gl/oNadKmXoFmk9e4Di9,ChdDSUhNMG9nS0VJQ0FnSURDdE96d3hRRRAB,MOHAMMED S,https://www.google.com/maps/contrib/110089283878614196549/reviews?hl=en,5,Edited 4 months ago,قرية كبيرة متحف ومطعم شعبي ومكان جميل الأكل عندهم ممتاز بانواعه ولكن ليه فيه رسوم دخول المفروض الرسوم على المتحف فقط,True,True,False,2026-09-25
P02,القرية الشعبية,الدمام,تراثي / ثقافي,https://maps.app.goo.gl/oNadKmXoFmk9e4Di9,Ci9DQUlRQUNvZENodHljRjlvT200d1R6bFBNRlpKYlhFd2RqTTNNbTFJYkV0NFYwRRAB,Basel Akram,https://www.google.com/maps/contrib/117463915241270191421/reviews?hl=en,5,4 months ago,,False,True,False,2026-09-25
P02,القرية الشعبية,الدمام,تراثي / ثقافي,https://maps.app.goo.gl/oNadKmXoFmk9e4Di9,Ci9DQUlRQUNvZENodHljRjlvT2xKMlJEZEJUakZ6YjFOUmVFZHBZemRSTjNwSFlYYxAB,عبدالكريم سريع,https://www.google.com/maps/contrib/114201480650288235663/reviews?hl=en,1,4 months ago,,False,True,False,2026-09-25
P02,القرية الشعبية,الدمام,تراثي / ثقافي,https://maps.app.goo.gl/oNadKmXoFmk9e4Di9,Ci9DQUlRQUNvZENodHljRjlvT25sSVRsVXRiakZPZFhkR1RIVkRWWEE1TTJSd1JWRRAB,Jose Jr Cabancalan,https://www.google.com/maps/contrib/104859342278498502931/reviews?hl=en,5,4 months ago,,False,True,False,2026-09-25
P02,القرية الشعبية,الدمام,تراثي / ثقافي,https://maps.app.goo.gl/oNadKmXoFmk9e4Di9,Ci9DQUlRQUNvZENodHljRjlvT2tGbVprYzJlVmxqY0dReFVVSlhNM1phU0VNemFXYxAB,A Alzubidi,https://www.google.com/maps/contrib/101419783699373078321/reviews?hl=en,5,4 months ago,,False,True,False,2026-09-25
P02,القرية الشعبية,الدمام,تراثي / ثقافي,https://maps.app.goo.gl/oNadKmXoFmk9e4Di9,Ci9DQUlRQUNvZENodHljRjlvT2t0RFJqWk9VMTgyVWkxU1JEQlJiUzFOYVhONE1VRRAB,hadi alhajri,https://www.google.com/maps/contrib/102429400200028242961/reviews?hl=en,5,4 months ago,قرية شعبية تحتوي على مطاعم وصالات للمناسبات والأعراس ايضا وتقع على الكورنيش.,True,True,False,2026-09-25
P02,القرية الشعبية,الدمام,تراثي / ثقافي,https://maps.app.goo.gl/oNadKmXoFmk9e4Di9,Ci9DQUlRQUNvZENodHljRjlvT2xWMVVUbDZTRVpYUWtGV1EwaFZSRWxEUjFoc1owRRAB,abdulrahman البراري,https://www.google.com/maps/contrib/103834661481497961609/reviews?hl=en,5,4 months ago,مكان جميل وما ينمل منه,True,True,False,2026-09-25
P02,القرية الشعبية,الدمام,تراثي / ثقافي,https://maps.app.goo.gl/oNadKmXoFmk9e4Di9,Ci9DQUlRQUNvZENodHljRjlvT25sTVVYSldNa1pmWkRWWFJWVlhaVWRFUzA4MlNWRRAB,Mohamed Fathi,https://www.google.com/maps/contrib/115814517488790469569/reviews?hl=en,5,4 months ago,,False,True,False,2026-09-25
P02,القرية الشعبية,الدمام,تراثي / ثقافي,https://maps.app.goo.gl/oNadKmXoFmk9e4Di9,Ci9DQUlRQUNvZENodHljRjlvT204MWRXWjBRMFZ4WXpZelltdHJOWHB5TVV4TWVuYxAB,Denmark Uddin,https://www.google.com/maps/contrib/107749429455763785991/reviews?hl=en,5,4 months ago,,False,True,False,2026-09-25
P02,القرية الشعبية,الدمام,تراثي / ثقافي,https://maps.app.goo.gl/oNadKmXoFmk9e4Di9,Ci9DQUlRQUNvZENodHljRjlvT2xZeWJHMDFSbmw1TW5sdFJIUnFhMUZLTkV4WlNuYxAB,Khaled Ezaibi,https://www.google.com/maps/contrib/113883814002815619810/reviews?hl=en,5,4 months ago,A wonderful experience and valuable information,True,False,False,2026-09-25
P02,القرية الشعبية,الدمام,تراثي / ثقافي,https://maps.app.goo.gl/oNadKmXoFmk9e4Di9,Ci9DQUlRQUNvZENodHljRjlvT2pGdVlVWTVUekZ2VVRGcFNUaFliamhFV1dnNVpFRRAB,MOHAMMED OMRAN,https://www.google.com/maps/contrib/102860274203890913027/reviews?hl=en,4,4 months ago,تجربة توصف بالجيدة,True,True,False,2026-09-25
P02,القرية الشعبية,الدمام,تراثي / ثقافي,https://maps.app.goo.gl/oNadKmXoFmk9e4Di9,Ci9DQUlRQUNvZENodHljRjlvT2tkbWFXOVZYMk4yZVZaSmRpMTNYMUZaTFcxU2RYYxAB,Khalid Almuhaidib,https://www.google.com/maps/contrib/109921012762391179010/reviews?hl=en,5,4 months ago,,False,True,False,2026-09-25
P02,القرية الشعبية,الدمام,تراثي / ثقافي,https://maps.app.goo.gl/oNadKmXoFmk9e4Di9,Ci9DQUlRQUNvZENodHljRjlvT2psNmNVUkJVV3ROY1VWcGJFWkNaamt4ZDJaeWVWRRAB,احمد الجرافي,https://www.google.com/maps/contrib/103150981532246271814/reviews?hl=en,5,4 months ago,,False,True,False,2026-09-25
P02,القرية الشعبية,الدمام,تراثي / ثقافي,https://maps.app.goo.gl/oNadKmXoFmk9e4Di9,ChdDSUhNMG9nS0VJQ0FnSURuaHVmVG5BRRAB,latifa ali,https://www.google.com/maps/contrib/112706747264912709369/reviews?hl=en,5,Edited 4 months ago,,False,True,False,2026-09-25
P02,القرية الشعبية,الدمام,تراثي / ثقافي,https://maps.app.goo.gl/oNadKmXoFmk9e4Di9,Ci9DQUlRQUNvZENodHljRjlvT2xBM2RHTXpSV3BXWm05UFFrWXdjRmx5TVc1eU1sRRAB,سوسو صادق,https://www.google.com/maps/contrib/105103625113094364862/reviews?hl=en,5,4 months ago,,False,True,False,2026-09-25
P02,القرية الشعبية,الدمام,تراثي / ثقافي,https://maps.app.goo.gl/oNadKmXoFmk9e4Di9,Ci9DQUlRQUNvZENodHljRjlvT2xsbFQweFBTMVpJTmpsR1YxcDZWRUp2WWpkRExWRRAB,zkai almahfodi,https://www.google.com/maps/contrib/107029272778972482510/reviews?hl=en,5,4 months ago,,False,True,False,2026-09-25
P02,القرية الشعبية,الدمام,تراثي / ثقافي,https://maps.app.goo.gl/oNadKmXoFmk9e4Di9,Ci9DQUlRQUNvZENodHljRjlvT2pJek1XbEJNVjlEZVdscFdsaGpXV3h1WmtWM2RsRRAB,essa,https://www.google.com/maps/contrib/116420899303998428067/reviews?hl=en,3,4 months ago,,False,True,False,2026-09-25
P02,القرية الشعبية,الدمام,تراثي / ثقافي,https://maps.app.goo.gl/oNadKmXoFmk9e4Di9,ChZDSUhNMG9nS0VJQ0FnSUNQamRyakN3EAE,Laku Sorker,https://www.google.com/maps/contrib/108429111052798192548/reviews?hl=en,5,Edited 4 months ago,"Beautiful place and delicious food,, Service is very good, I am very happy to come here,,",False,True,False,2026-09-25
P02,القرية الشعبية,الدمام,تراثي / ثقافي,https://maps.app.goo.gl/oNadKmXoFmk9e4Di9,Ci9DQUlRQUNvZENodHljRjlvT2pJeE5tUnpiekJTTjJ4RmVsUlJjMTlCTFdoWVNWRRAB,Ebrahim Miah,https://www.google.com/maps/contrib/100573496900969669257/reviews?hl=en,5,4 months ago,,False,True,False,2026-09-25
P02,القرية الشعبية,الدمام,تراثي / ثقافي,https://maps.app.goo.gl/oNadKmXoFmk9e4Di9,Ci9DQUlRQUNvZENodHljRjlvT21relEyazRhbWx4Y2xocWVpMVNORlZNYnpoeU1GRRAB,msahary msahary,https://www.google.com/maps/contrib/111519848309172862541/reviews?hl=en,5,4 months ago,,False,True,False,2026-09-25
P02,القرية الشعبية,الدمام,تراثي / ثقافي,https://maps.app.goo.gl/oNadKmXoFmk9e4Di9,Ci9DQUlRQUNvZENodHljRjlvT2tvNGNUZDRTRTFFVTBKa1gxRnFlSEpsTUdwemVVRRAB,مريم نايف,https://www.google.com/maps/contrib/113820873684082279613/reviews?hl=en,5,4 months ago,,False,True,False,2026-09-25
P02,القرية الشعبية,الدمام,تراثي / ثقافي,https://maps.app.goo.gl/oNadKmXoFmk9e4Di9,Ci9DQUlRQUNvZENodHljRjlvT21wWGRsRkxVRXRIWkhoRlRIQllUVlYxWDJaR00zYxAB,أبو يحيى,https://www.google.com/maps/contrib/109808528727667714346/reviews?hl=en,5,4 months ago,,False,True,False,2026-09-25
P02,القرية الشعبية,الدمام,تراثي / ثقافي,https://maps.app.goo.gl/oNadKmXoFmk9e4Di9,Ci9DQUlRQUNvZENodHljRjlvT205SVdFcExiVVZtTURWcE9GWm9ZUzFhUld0TmFuYxAB,Omahmad Juhani,https://www.google.com/maps/contrib/118402476037176639873/reviews?hl=en,4,4 months ago,Beautiful and serene,True,False,False,2026-09-25
P02,القرية الشعبية,الدمام,تراثي / ثقافي,https://maps.app.goo.gl/oNadKmXoFmk9e4Di9,Ci9DQUlRQUNvZENodHljRjlvT25GeU4ySlZOVjlqUkZVeWJVWlJNR1kwTVVsdmVWRRAB,امين عمر,https://www.google.com/maps/contrib/117081209170583103096/reviews?hl=en,4,4 months ago,,False,True,False,2026-09-25
P02,القرية الشعبية,الدمام,تراثي / ثقافي,https://maps.app.goo.gl/oNadKmXoFmk9e4Di9,Ci9DQUlRQUNvZENodHljRjlvT2pSc1RrUmFNbFIxUzFaWE9WOUhSMjh6V0VRdFJrRRAB,Rooh 9985,https://www.google.com/maps/contrib/109406699493405347599/reviews?hl=en,5,4 months ago,,False,True,False,2026-09-25
P02,القرية الشعبية,الدمام,تراثي / ثقافي,https://maps.app.goo.gl/oNadKmXoFmk9e4Di9,ChZDSUhNMG9nS0VJQ0FnTURJdHFEcldREAE,jihad Mia,https://www.google.com/maps/contrib/105258123135973025022/reviews?hl=en,5,Edited 4 months ago,,False,True,False,2026-09-25
P02,القرية الشعبية,الدمام,تراثي / ثقافي,https://maps.app.goo.gl/oNadKmXoFmk9e4Di9,ChZDSUhNMG9nS0VJQ0FnSURDczZyS1BBEAE,محمد فقيهي,https://www.google.com/maps/contrib/117355765182195228830/reviews?hl=en,5,Edited 5 months ago,ممتاز,True,True,False,2026-09-25
P02,القرية الشعبية,الدمام,تراثي / ثقافي,https://maps.app.goo.gl/oNadKmXoFmk9e4Di9,Ci9DQUlRQUNvZENodHljRjlvT21ndE5YQm9PV1F3WVVKaU5ITlFSV2RqVXpCZmNFRRAB,حسين الدوسري,https://www.google.com/maps/contrib/106836590395056576021/reviews?hl=en,5,5 months ago,,False,True,False,2026-09-25
P02,القرية الشعبية,الدمام,تراثي / ثقافي,https://maps.app.goo.gl/oNadKmXoFmk9e4Di9,Ci9DQUlRQUNvZENodHljRjlvT2xsb1MxcGthVk5VYkhwTU0yUmFjV3RUTlhoaFpsRRAB,Ezzaldeen Alshuaibi,https://www.google.com/maps/contrib/116982691114134692413/reviews?hl=en,5,5 months ago,,False,True,False,2026-09-25
P02,القرية الشعبية,الدمام,تراثي / ثقافي,https://maps.app.goo.gl/oNadKmXoFmk9e4Di9,Ci9DQUlRQUNvZENodHljRjlvT20xc2NHUldPRUo1U0V0TWNYbElXRkZmWWtvNFpIYxAB,Adel ZulQarnain,https://www.google.com/maps/contrib/117736333812447346488/reviews?hl=en,5,5 months ago,Excellent vibes and food,False,True,False,2026-09-25
P02,القرية الشعبية,الدمام,تراثي / ثقافي,https://maps.app.goo.gl/oNadKmXoFmk9e4Di9,Ci9DQUlRQUNvZENodHljRjlvT21veWREYzJkeTFTZWt0SmVtUkZkWGRzWDNsdE1tYxAB,Mohd M,https://www.google.com/maps/contrib/112837869311909205502/reviews?hl=en,1,5 months ago,"My experience with them was very, very bad. After they took the entrance fee and we entered the room and ordered, they said there were 15 minutes left until the restaurant closed. They should have told me there were 15 minutes left before I paid for the tickets.",True,False,False,2026-09-25
P02,القرية الشعبية,الدمام,تراثي / ثقافي,https://maps.app.goo.gl/oNadKmXoFmk9e4Di9,Ci9DQUlRQUNvZENodHljRjlvT2xGU1pHaDRlUzFDYW5wS1NUTmlSV2hMY1RsSFNFRRAB,Jassem Mohammad,https://www.google.com/maps/contrib/108900427947450064818/reviews?hl=en,5,5 months ago,,False,True,False,2026-09-25
P02,القرية الشعبية,الدمام,تراثي / ثقافي,https://maps.app.goo.gl/oNadKmXoFmk9e4Di9,Ci9DQUlRQUNvZENodHljRjlvT21kNmRrUllSbUpVWW1JMVJVbEVSak52VVdGSVNsRRAB,محمد أيمن السعودي,https://www.google.com/maps/contrib/114284768170726294620/reviews?hl=en,4,5 months ago,,False,True,False,2026-09-25
P02,القرية الشعبية,الدمام,تراثي / ثقافي,https://maps.app.goo.gl/oNadKmXoFmk9e4Di9,Ci9DQUlRQUNvZENodHljRjlvT21kT1RGOWlNVmh1V1RabFEzZG5OMHAxUld4VFVFRRAB,Millat Hossan,https://www.google.com/maps/contrib/113616121608878342071/reviews?hl=en,5,5 months ago,Quite and good place,False,True,False,2026-09-25
P02,القرية الشعبية,الدمام,تراثي / ثقافي,https://maps.app.goo.gl/oNadKmXoFmk9e4Di9,Ci9DQUlRQUNvZENodHljRjlvT2xwR2FsTlVObW96VVhoV1QzUnlVM0k0Y1RWbFFYYxAB,ahmad Khalel,https://www.google.com/maps/contrib/118133945672258865294/reviews?hl=en,1,5 months ago,,False,True,False,2026-09-25
P02,القرية الشعبية,الدمام,تراثي / ثقافي,https://maps.app.goo.gl/oNadKmXoFmk9e4Di9,Ci9DQUlRQUNvZENodHljRjlvT2xwU1JqRk9PR1JYUkZWTVEyRkJhR1l5UTNwbFYyYxAB,Khalda,https://www.google.com/maps/contrib/116658290891383687653/reviews?hl=en,5,5 months ago,تجربه فريده,True,True,False,2026-09-25
P02,القرية الشعبية,الدمام,تراثي / ثقافي,https://maps.app.goo.gl/oNadKmXoFmk9e4Di9,Ci9DQUlRQUNvZENodHljRjlvT2tsMk1YTndOVE5hV21wb1ZITkhNbFZXVWxaaVlsRRAB,أريج الزهراني,https://www.google.com/maps/contrib/110790709451007689861/reviews?hl=en,5,5 months ago,المكان حلو وتغدينا كبسه دجاج ولذيذه وحلو ان المكان في كورنيش الدمام,True,True,False,2026-09-25
P02,القرية الشعبية,الدمام,تراثي / ثقافي,https://maps.app.goo.gl/oNadKmXoFmk9e4Di9,Ci9DQUlRQUNvZENodHljRjlvT2tKa01VVXlRemRKVkZwSVVGOHpZakJNYVU1dFpVRRAB,Mahmoud Alaroomi,https://www.google.com/maps/contrib/100907468085869615300/reviews?hl=en,4,5 months ago,"There are wonderful heritage items, a restaurant, private dining rooms, and an events and party hall.",True,False,False,2026-09-25
P02,القرية الشعبية,الدمام,تراثي / ثقافي,https://maps.app.goo.gl/oNadKmXoFmk9e4Di9,Ci9DQUlRQUNvZENodHljRjlvT2pGbFRUUjNVVkEwYUVndFNFcDVSR05pTm01aWJrRRAB,Ahmed Elhadidy,https://www.google.com/maps/contrib/111246540867624747311/reviews?hl=en,5,5 months ago,,False,True,False,2026-09-25
P02,القرية الشعبية,الدمام,تراثي / ثقافي,https://maps.app.goo.gl/oNadKmXoFmk9e4Di9,Ci9DQUlRQUNvZENodHljRjlvT2poblluQTJUVmhwT0c1WVJGUk1SWEpKWVVsWVYxRRAB,Mohsen Aldossary,https://www.google.com/maps/contrib/116764161036588964758/reviews?hl=en,5,5 months ago,,False,True,False,2026-09-25
P02,القرية الشعبية,الدمام,تراثي / ثقافي,https://maps.app.goo.gl/oNadKmXoFmk9e4Di9,Ci9DQUlRQUNvZENodHljRjlvT2xWS05IZFJWVTkzWmtGV1dVeFFTMUpCWkhSNVdsRRAB,ahmed aldubaikel,https://www.google.com/maps/contrib/113694380429034916622/reviews?hl=en,5,5 months ago,,False,True,False,2026-09-25
P02,القرية الشعبية,الدمام,تراثي / ثقافي,https://maps.app.goo.gl/oNadKmXoFmk9e4Di9,Ci9DQUlRQUNvZENodHljRjlvT25WS1EzaHNNelJJTFhseVpYVmpVMEpUU1ZKcFNIYxAB,omer alaqeel,https://www.google.com/maps/contrib/114525969836415549469/reviews?hl=en,1,5 months ago,كنت مفكر اروح. لكن من شفت موضوع الدخول. كنسلت.,True,True,False,2026-09-25
P02,القرية الشعبية,الدمام,تراثي / ثقافي,https://maps.app.goo.gl/oNadKmXoFmk9e4Di9,Ci9DQUlRQUNvZENodHljRjlvT2tkQmFHMDBVV05hWVdWYU9VcDROWEkyWVU4dGFVRRAB,Abdul Arabian,https://www.google.com/maps/contrib/107388875386763014159/reviews?hl=en,4,Edited 5 months ago,Good place to visit weekend,False,True,False,2026-09-25
P02,القرية الشعبية,الدمام,تراثي / ثقافي,https://maps.app.goo.gl/oNadKmXoFmk9e4Di9,Ci9DQUlRQUNvZENodHljRjlvT210WVF6STNUV3BsWjFkQ2RVbFpabE5oWkVSTldVRRAB,TAG,https://www.google.com/maps/contrib/102764444487351524739/reviews?hl=en,4,5 months ago,‏المكان ممتاز جدا ولكن الأسعار مرتفعة,True,True,False,2026-09-25
P02,القرية الشعبية,الدمام,تراثي / ثقافي,https://maps.app.goo.gl/oNadKmXoFmk9e4Di9,Ci9DQUlRQUNvZENodHljRjlvT201WGRWVkxiV2hrVHpoWVlYSjZOME5OU205TmVFRRAB,الشافعي للمشاوير الخاصة,https://www.google.com/maps/contrib/112151182275339394770/reviews?hl=en,5,5 months ago,,False,True,False,2026-09-25
P02,القرية الشعبية,الدمام,تراثي / ثقافي,https://maps.app.goo.gl/oNadKmXoFmk9e4Di9,Ci9DQUlRQUNvZENodHljRjlvT25GMU1WWTJja05XZGpSUE1HMW5NWEZUWVRoWVgyYxAB,عادل الربيعي,https://www.google.com/maps/contrib/100751677764482547865/reviews?hl=en,5,5 months ago,مكان ممتاز فيه بضائع متنوعة,True,True,False,2026-09-25
P02,القرية الشعبية,الدمام,تراثي / ثقافي,https://maps.app.goo.gl/oNadKmXoFmk9e4Di9,Ci9DQUlRQUNvZENodHljRjlvT21aWFZsbE1Sbk01U1RkSGVsTkhUVjgxVlZwdU5VRRAB,مدينه حسين,https://www.google.com/maps/contrib/105286780853632418278/reviews?hl=en,5,5 months ago,,False,True,False,2026-09-25
P02,القرية الشعبية,الدمام,تراثي / ثقافي,https://maps.app.goo.gl/oNadKmXoFmk9e4Di9,Ci9DQUlRQUNvZENodHljRjlvT21sMFVHMW5aa3B4ZVU5eE5TMW5hSFJRVTI1cVozYxAB,Eman Joher,https://www.google.com/maps/contrib/109577645676357427935/reviews?hl=en,1,5 months ago,,False,True,False,2026-09-25
P02,القرية الشعبية,الدمام,تراثي / ثقافي,https://maps.app.goo.gl/oNadKmXoFmk9e4Di9,Ci9DQUlRQUNvZENodHljRjlvT2tjeVNUaHFXRTlhYWxOQ1VtTnlOR1JPZW01UU0xRRAB,Yaqub Sharf,https://www.google.com/maps/contrib/114626803198635061370/reviews?hl=en,4,5 months ago,,False,True,False,2026-09-25
P02,القرية الشعبية,الدمام,تراثي / ثقافي,https://maps.app.goo.gl/oNadKmXoFmk9e4Di9,Ci9DQUlRQUNvZENodHljRjlvT2tOb2NVZDJkWGxyYzBWM1pVaHlWMDVQWmxkclMxRRAB,ابو نورة,https://www.google.com/maps/contrib/103557599843176156721/reviews?hl=en,5,5 months ago,Amazing,True,False,False,2026-09-25
P02,القرية الشعبية,الدمام,تراثي / ثقافي,https://maps.app.goo.gl/oNadKmXoFmk9e4Di9,Ci9DQUlRQUNvZENodHljRjlvT2tOc2MzVlFia1JoZDBWckxVRlZPRVJ0Vm1OQ1oyYxAB,GiGi Camz,https://www.google.com/maps/contrib/113304506431845178454/reviews?hl=en,5,5 months ago,If you want to experience Saudi culture and heritage.. Come and see for yourself...,False,True,False,2026-09-25
P02,القرية الشعبية,الدمام,تراثي / ثقافي,https://maps.app.goo.gl/oNadKmXoFmk9e4Di9,Ci9DQUlRQUNvZENodHljRjlvT20xUlR6YzRVRXBLVkY5Q1IybzVOMWhDTWxoSlptYxAB,Waleed Waleed,https://www.google.com/maps/contrib/115718084805215242497/reviews?hl=en,5,5 months ago,"واجهه سياحية للملكة العربية السعودية وليس للدمام
ومكان يمكن تستضيف فيه ضيوفك بشكل شخصي او تستضيف وفد رسمي اذا انت جهه مسؤلة",True,True,False,2026-09-25
P02,القرية الشعبية,الدمام,تراثي / ثقافي,https://maps.app.goo.gl/oNadKmXoFmk9e4Di9,Ci9DQUlRQUNvZENodHljRjlvT2xoTlZUQlJkMWgzZFZCdU5HUkdialZvUTBRelptYxAB,الوليد بو علي,https://www.google.com/maps/contrib/115204181425397845544/reviews?hl=en,5,5 months ago,,False,True,False,2026-09-25
P02,القرية الشعبية,الدمام,تراثي / ثقافي,https://maps.app.goo.gl/oNadKmXoFmk9e4Di9,Ci9DQUlRQUNvZENodHljRjlvT25wdGVHWnlRekEyUlRaeWIzZEVWRVJUUzNSSlNrRRAB,fayez ali Shehri,https://www.google.com/maps/contrib/101151433988937496609/reviews?hl=en,5,5 months ago,,False,True,False,2026-09-25
P02,القرية الشعبية,الدمام,تراثي / ثقافي,https://maps.app.goo.gl/oNadKmXoFmk9e4Di9,Ci9DQUlRQUNvZENodHljRjlvT2pKall6bExOR1Z0TFRkc1VsVlBRMkZhVUhSSFJtYxAB,Amjad Talea Alghamdi,https://www.google.com/maps/contrib/106945360227584416096/reviews?hl=en,5,5 months ago,,False,True,False,2026-09-25
P02,القرية الشعبية,الدمام,تراثي / ثقافي,https://maps.app.goo.gl/oNadKmXoFmk9e4Di9,Ci9DQUlRQUNvZENodHljRjlvT25nM1VFcDBTMjFJV0hsaE5tMHlNVTg1ZEdveFJGRRAB,زعيم محمد,https://www.google.com/maps/contrib/109720513101988159766/reviews?hl=en,4,5 months ago,,False,True,False,2026-09-25
P02,القرية الشعبية,الدمام,تراثي / ثقافي,https://maps.app.goo.gl/oNadKmXoFmk9e4Di9,Ci9DQUlRQUNvZENodHljRjlvT2t4MlNXaHNjREF4ZG0wMVlVWk1aV1JXZEhOZmNGRRAB,محمد الجبران,https://www.google.com/maps/contrib/111324744951121919045/reviews?hl=en,5,5 months ago,,False,True,False,2026-09-25
P02,القرية الشعبية,الدمام,تراثي / ثقافي,https://maps.app.goo.gl/oNadKmXoFmk9e4Di9,Ci9DQUlRQUNvZENodHljRjlvT2w5cFREaFhZVlJVY1dFNVgyNW5RVmhwYWsxaGIyYxAB,Omar Amer,https://www.google.com/maps/contrib/101252048394882892624/reviews?hl=en,5,5 months ago,,False,True,False,2026-09-25
P02,القرية الشعبية,الدمام,تراثي / ثقافي,https://maps.app.goo.gl/oNadKmXoFmk9e4Di9,Ci9DQUlRQUNvZENodHljRjlvT2w5QlZ6UnlWVzVCTld0NlYweFRRMjVSY2xNMWRHYxAB,Hamad,https://www.google.com/maps/contrib/118264394499953687953/reviews?hl=en,5,5 months ago,,False,True,False,2026-09-25
P02,القرية الشعبية,الدمام,تراثي / ثقافي,https://maps.app.goo.gl/oNadKmXoFmk9e4Di9,Ci9DQUlRQUNvZENodHljRjlvT2xsTE1sWm9kMnd4YW5OWVdGUjFibkZuWkdreWVIYxAB,Pascal,https://www.google.com/maps/contrib/114485263150213961393/reviews?hl=en,4,5 months ago,"Great food, friendly and competent staff.",False,True,False,2026-09-25
P02,القرية الشعبية,الدمام,تراثي / ثقافي,https://maps.app.goo.gl/oNadKmXoFmk9e4Di9,Ci9DQUlRQUNvZENodHljRjlvT205MU1sVm5NRFZmUTBFMGFuZG5iRlYwYjJwd1MzYxAB,ashfaq rothenberger,https://www.google.com/maps/contrib/112335886249886153740/reviews?hl=en,5,5 months ago,,False,True,False,2026-09-25
P02,القرية الشعبية,الدمام,تراثي / ثقافي,https://maps.app.goo.gl/oNadKmXoFmk9e4Di9,Ci9DQUlRQUNvZENodHljRjlvT2tWUGRuaGFNWGxhTUZoclUzUndObkZoWDJsT2QwRRAB,لوفي الهمداني,https://www.google.com/maps/contrib/117060065470373928709/reviews?hl=en,5,5 months ago,,False,True,False,2026-09-25
P02,القرية الشعبية,الدمام,تراثي / ثقافي,https://maps.app.goo.gl/oNadKmXoFmk9e4Di9,Ci9DQUlRQUNvZENodHljRjlvT2xCa1dGQXRkemRpTlROU2RGTndOMVowY0hoNWFWRRAB,Shahad,https://www.google.com/maps/contrib/116119313248009849512/reviews?hl=en,5,5 months ago,,False,True,False,2026-09-25
P02,القرية الشعبية,الدمام,تراثي / ثقافي,https://maps.app.goo.gl/oNadKmXoFmk9e4Di9,Ci9DQUlRQUNvZENodHljRjlvT25aRlJrdEVVMWc0U0VOQk5sVlZiMDFsU2tZemJGRRAB,قناة الإعلامي بندر المليفي,https://www.google.com/maps/contrib/102272417645622526662/reviews?hl=en,,5 months ago,"I tried their breakfast and honestly, it's beyond amazing! They have a Saudi cook who deserves five stars. May God grant her health and well-being; she's incredibly talented! 👏🏼 …",True,False,True,2026-09-25
P02,القرية الشعبية,الدمام,تراثي / ثقافي,https://maps.app.goo.gl/oNadKmXoFmk9e4Di9,ChZDSUhNMG9nS0VJQ0FnSURpMmNyb2NREAE,ALI ALGHAMDI,https://www.google.com/maps/contrib/108559931030227679056/reviews?hl=en,5,Edited 5 months ago,,False,True,False,2026-09-25
P02,القرية الشعبية,الدمام,تراثي / ثقافي,https://maps.app.goo.gl/oNadKmXoFmk9e4Di9,Ci9DQUlRQUNvZENodHljRjlvT2tSUFQwRlpZVTF5VVVFdFRHOXJhbWRNWjJaU1VWRRAB,محل فل الفيصليه الرياض لبيع انواع الزهور محل فل,https://www.google.com/maps/contrib/104623592710190169429/reviews?hl=en,5,5 months ago,,False,True,False,2026-09-25
P02,القرية الشعبية,الدمام,تراثي / ثقافي,https://maps.app.goo.gl/oNadKmXoFmk9e4Di9,Ci9DQUlRQUNvZENodHljRjlvT2tOMlUwcFhXRGxzZWxCQk9HRXlVR2Q2Tld4SmNFRRAB,عزوز ولد عبود,https://www.google.com/maps/contrib/116799542051846689673/reviews?hl=en,5,5 months ago,,False,True,False,2026-09-25
P02,القرية الشعبية,الدمام,تراثي / ثقافي,https://maps.app.goo.gl/oNadKmXoFmk9e4Di9,Ci9DQUlRQUNvZENodHljRjlvT2tsaU1FUjNRemhKVEVZMWVIbHlVRUo2VmpsclRVRRAB,Daily Quran,https://www.google.com/maps/contrib/112915147736024138106/reviews?hl=en,1,5 months ago,,False,True,False,2026-09-25
P02,القرية الشعبية,الدمام,تراثي / ثقافي,https://maps.app.goo.gl/oNadKmXoFmk9e4Di9,Ci9DQUlRQUNvZENodHljRjlvT2xKVWFFbFFTREpFV1VSbWVXWTBUakF6UmkxS2VWRRAB,الفريد,https://www.google.com/maps/contrib/111908781667739857145/reviews?hl=en,1,5 months ago,,False,True,False,2026-09-25
P02,القرية الشعبية,الدمام,تراثي / ثقافي,https://maps.app.goo.gl/oNadKmXoFmk9e4Di9,ChdDSUhNMG9nS0VJQ0FnSUNDbklqSnl3RRAB,عبدالمجيد الحسن,https://www.google.com/maps/contrib/109202112752924649084/reviews?hl=en,3,Edited 5 months ago,The ticket is rather expensive,True,False,False,2026-09-25
P02,القرية الشعبية,الدمام,تراثي / ثقافي,https://maps.app.goo.gl/oNadKmXoFmk9e4Di9,Ci9DQUlRQUNvZENodHljRjlvT2xONFNqVXRTREJvVVU1ck1WTldNSFozZFhkMVprRRAB,mohamed mousa,https://www.google.com/maps/contrib/104483526494914462863/reviews?hl=en,5,5 months ago,,False,True,False,2026-09-25
P02,القرية الشعبية,الدمام,تراثي / ثقافي,https://maps.app.goo.gl/oNadKmXoFmk9e4Di9,Ci9DQUlRQUNvZENodHljRjlvT2xkRUxVZDNaekJUTFdsdE5sbHlUREpaTTBsemIyYxAB,Mohd Najeeb Uz Zaman,https://www.google.com/maps/contrib/111805697151268727981/reviews?hl=en,4,5 months ago,,False,True,False,2026-09-25
P02,القرية الشعبية,الدمام,تراثي / ثقافي,https://maps.app.goo.gl/oNadKmXoFmk9e4Di9,Ci9DQUlRQUNvZENodHljRjlvT2taT09VTXdXR1J2ZUVkbmRXVkZTbU13Yldkd00wRRAB,ابو منيف ثامر,https://www.google.com/maps/contrib/114620518665594813820/reviews?hl=en,5,5 months ago,لاباس به,True,True,False,2026-09-25
P02,القرية الشعبية,الدمام,تراثي / ثقافي,https://maps.app.goo.gl/oNadKmXoFmk9e4Di9,Ci9DQUlRQUNvZENodHljRjlvT2xRdE5EQnFRbkZ2Y1VGMGVIVnRTVVZSVVVaRVJYYxAB,سمار السالم,https://www.google.com/maps/contrib/117833275455716235607/reviews?hl=en,4,5 months ago,,False,True,False,2026-09-25
P02,القرية الشعبية,الدمام,تراثي / ثقافي,https://maps.app.goo.gl/oNadKmXoFmk9e4Di9,Ci9DQUlRQUNvZENodHljRjlvT2tabE9FWjRNR3BYTkRKTmFHVTRNRjloZVZoME1WRRAB,Sarah Suraya,https://www.google.com/maps/contrib/115992242519498277371/reviews?hl=en,5,5 months ago,"Definitely worth going..
Amazing atmosphere & food
The fact that's it's big enough to place more than 5000 customers is shocking
Museum with a restaurant a wonderful mix
Perfect to bring visitors from out of town or even if those who would like experience the old culture",False,True,False,2026-09-25
P02,القرية الشعبية,الدمام,تراثي / ثقافي,https://maps.app.goo.gl/oNadKmXoFmk9e4Di9,Ci9DQUlRQUNvZENodHljRjlvT2paRExWSlBjbFpVWm1sUFdWcElYMGN5TWtwclRYYxAB,The Man,https://www.google.com/maps/contrib/107552167297397641979/reviews?hl=en,5,5 months ago,,False,True,False,2026-09-25
P02,القرية الشعبية,الدمام,تراثي / ثقافي,https://maps.app.goo.gl/oNadKmXoFmk9e4Di9,Ci9DQUlRQUNvZENodHljRjlvT21ObVVUUnlOVXBPU1ZGQ2QxZDBZblZPY0RkMWVFRRAB,Amal S,https://www.google.com/maps/contrib/111153160710655569891/reviews?hl=en,5,5 months ago,Very cozy place full of history and the food was delicious,False,True,False,2026-09-25
P02,القرية الشعبية,الدمام,تراثي / ثقافي,https://maps.app.goo.gl/oNadKmXoFmk9e4Di9,Ci9DQUlRQUNvZENodHljRjlvT2twRFNtUXhURWRLYjFobGJVdFNkbm8xVlVsRGVuYxAB,غزيل غريب اليامي,https://www.google.com/maps/contrib/102634102859397332945/reviews?hl=en,3,5 months ago,,False,True,False,2026-09-25
P02,القرية الشعبية,الدمام,تراثي / ثقافي,https://maps.app.goo.gl/oNadKmXoFmk9e4Di9,Ci9DQUlRQUNvZENodHljRjlvT2taMlZITkxSa04xU1VGU1NGTlVZa0paUlhSYUxYYxAB,عهود الشمري,https://www.google.com/maps/contrib/100903369033177147082/reviews?hl=en,5,5 months ago,,False,True,False,2026-09-25
P02,القرية الشعبية,الدمام,تراثي / ثقافي,https://maps.app.goo.gl/oNadKmXoFmk9e4Di9,Ci9DQUlRQUNvZENodHljRjlvT25KMFpYSjZNVXBSY1dnMGJISmxjM0ZFZFhSdWNIYxAB,Raneem Gh,https://www.google.com/maps/contrib/116379994504271703187/reviews?hl=en,5,5 months ago,,False,True,False,2026-09-25
P02,القرية الشعبية,الدمام,تراثي / ثقافي,https://maps.app.goo.gl/oNadKmXoFmk9e4Di9,Ci9DQUlRQUNvZENodHljRjlvT21sVFoyVkdRVnBLZGtkSFJFRlJaa05yY2xadlFsRRAB,Sadhiya Al Jifry,https://www.google.com/maps/contrib/116938050703643793750/reviews?hl=en,5,5 months ago,The best,False,True,False,2026-09-25
P02,القرية الشعبية,الدمام,تراثي / ثقافي,https://maps.app.goo.gl/oNadKmXoFmk9e4Di9,Ci9DQUlRQUNvZENodHljRjlvT2pkZmEwTnlNRWxWZVdaZmFqWk1Oa1JEYXpCUE5sRRAB,Muhammad Adil,https://www.google.com/maps/contrib/117570877822108433633/reviews?hl=en,3,5 months ago,,False,True,False,2026-09-25
P02,القرية الشعبية,الدمام,تراثي / ثقافي,https://maps.app.goo.gl/oNadKmXoFmk9e4Di9,Ci9DQUlRQUNvZENodHljRjlvT21GV2JUWnJRV3hpYkc5aWFqTXlNMGxRUkd4dGExRRAB,Zz Zz,https://www.google.com/maps/contrib/102756465010427367884/reviews?hl=en,5,5 months ago,,False,True,False,2026-09-25
P02,القرية الشعبية,الدمام,تراثي / ثقافي,https://maps.app.goo.gl/oNadKmXoFmk9e4Di9,Ci9DQUlRQUNvZENodHljRjlvT2poa2FXNW5TV2hHWkVsNmRFaFhOMDFtVUhwRlJIYxAB,BB m,https://www.google.com/maps/contrib/109568830864766783627/reviews?hl=en,3,5 months ago,"He's still insisting on an entry fee of 20 riyals, which is unbelievable!",True,False,False,2026-09-25
P02,القرية الشعبية,الدمام,تراثي / ثقافي,https://maps.app.goo.gl/oNadKmXoFmk9e4Di9,Ci9DQUlRQUNvZENodHljRjlvT201T1IxOUdNall6Wlc1aVlVZFhUa05QY21oS09XYxAB,Shukurov Azimkhon,https://www.google.com/maps/contrib/106694485594636222802/reviews?hl=en,4,5 months ago,,False,True,False,2026-09-25
P02,القرية الشعبية,الدمام,تراثي / ثقافي,https://maps.app.goo.gl/oNadKmXoFmk9e4Di9,Ci9DQUlRQUNvZENodHljRjlvT20xeU9UaDBaRkZaU1hCRWFHRjFVMFJvZWpsSVgwRRAB,Amen Ahmed,https://www.google.com/maps/contrib/104475735543592821560/reviews?hl=en,5,5 months ago,,False,True,False,2026-09-25
P02,القرية الشعبية,الدمام,تراثي / ثقافي,https://maps.app.goo.gl/oNadKmXoFmk9e4Di9,Ci9DQUlRQUNvZENodHljRjlvT2psS1gwRlJNSEZ4V0hFd01tTm5UVTh4Vkc5RVFsRRAB,خالد,https://www.google.com/maps/contrib/107225918241020717252/reviews?hl=en,5,5 months ago,,False,True,False,2026-09-25
P02,القرية الشعبية,الدمام,تراثي / ثقافي,https://maps.app.goo.gl/oNadKmXoFmk9e4Di9,Ci9DQUlRQUNvZENodHljRjlvT2xBdGRFRXdOVmhZT0V0RFFXVTJVRWRLYkRCVmJHYxAB,SAWT AL-FURSAN,https://www.google.com/maps/contrib/115618554483083361307/reviews?hl=en,5,5 months ago,,False,True,False,2026-09-25
P02,القرية الشعبية,الدمام,تراثي / ثقافي,https://maps.app.goo.gl/oNadKmXoFmk9e4Di9,Ci9DQUlRQUNvZENodHljRjlvT25OTWVVaHhOM1o2ZWxadmFtVkJabTlCTTJKb1FuYxAB,أبوأنس السليماني,https://www.google.com/maps/contrib/115369298145532268478/reviews?hl=en,5,5 months ago,,False,True,False,2026-09-25
P02,القرية الشعبية,الدمام,تراثي / ثقافي,https://maps.app.goo.gl/oNadKmXoFmk9e4Di9,ChdDSUhNMG9nS0VJQ0FnSUNpbUpITTNRRRAB,SOOM,https://www.google.com/maps/contrib/107723589210021575262/reviews?hl=en,5,Edited 5 months ago,,False,True,False,2026-09-25
P02,القرية الشعبية,الدمام,تراثي / ثقافي,https://maps.app.goo.gl/oNadKmXoFmk9e4Di9,Ci9DQUlRQUNvZENodHljRjlvT2sxQ1MxWk9ZVEE0ZEhKbGJXUjFOazV3Y1hGV1oyYxAB,Kemo Abdlelrhem,https://www.google.com/maps/contrib/112014477576231409589/reviews?hl=en,5,5 months ago,,False,True,False,2026-09-25
P02,القرية الشعبية,الدمام,تراثي / ثقافي,https://maps.app.goo.gl/oNadKmXoFmk9e4Di9,Ci9DQUlRQUNvZENodHljRjlvT2kxelQyMU5Razh4VDNGdFRUbG1ZMDlKVDJnMFNFRRAB,Hamdan,https://www.google.com/maps/contrib/109689172371682791401/reviews?hl=en,3,5 months ago,,False,True,False,2026-09-25
P02,القرية الشعبية,الدمام,تراثي / ثقافي,https://maps.app.goo.gl/oNadKmXoFmk9e4Di9,Ci9DQUlRQUNvZENodHljRjlvT2sxV2J6aFdWVFZZWm10U1NWbFdPRFkwY1doVmRtYxAB,Ibn Ezz,https://www.google.com/maps/contrib/111906702292343923196/reviews?hl=en,5,5 months ago,,False,True,False,2026-09-25
P02,القرية الشعبية,الدمام,تراثي / ثقافي,https://maps.app.goo.gl/oNadKmXoFmk9e4Di9,Ci9DQUlRQUNvZENodHljRjlvT2s0d01HdGhRamRXUWpsMGQwZGFORGxFUzFSaVRXYxAB,Abu Hashem,https://www.google.com/maps/contrib/117718091123018621763/reviews?hl=en,5,5 months ago,"It's located in a prime location, and I've even tried them at their old branch.",True,False,False,2026-09-25
P02,القرية الشعبية,الدمام,تراثي / ثقافي,https://maps.app.goo.gl/oNadKmXoFmk9e4Di9,Ci9DQUlRQUNvZENodHljRjlvT2psQmVuZ3pRVVZCZW10NVdrRTVVbTUxVERCblZXYxAB,Fatmah Albader,https://www.google.com/maps/contrib/106662523376072224393/reviews?hl=en,5,5 months ago,جميله,True,True,False,2026-09-25
P02,القرية الشعبية,الدمام,تراثي / ثقافي,https://maps.app.goo.gl/oNadKmXoFmk9e4Di9,Ci9DQUlRQUNvZENodHljRjlvT2pKSlQzbDJhRmxSZDJ4S1ZGbGZXV2h2YWpGVVRXYxAB,ساره القحطاني,https://www.google.com/maps/contrib/100763017918763573872/reviews?hl=en,5,5 months ago,مكان حميل ويعتبر مزار سياحي واكله حلو ومتنوع يعكس تراث المملكه,True,True,False,2026-09-25
P02,القرية الشعبية,الدمام,تراثي / ثقافي,https://maps.app.goo.gl/oNadKmXoFmk9e4Di9,Ci9DQUlRQUNvZENodHljRjlvT2kxRWVqTm9Wa2RWTW5nMmQxZGZXa3R5WVhoWmNWRRAB,عامر الحجري,https://www.google.com/maps/contrib/103518779571166013744/reviews?hl=en,5,5 months ago,مكان جميل كل ما تحتاجه في مكان واحد,True,True,False,2026-09-25
P02,القرية الشعبية,الدمام,تراثي / ثقافي,https://maps.app.goo.gl/oNadKmXoFmk9e4Di9,Ci9DQUlRQUNvZENodHljRjlvT2psV0xXeFJXalJmVDNKTU9FbEpjVFpwUjJGdFduYxAB,abdulhafizz Zz,https://www.google.com/maps/contrib/103217295402635158975/reviews?hl=en,5,5 months ago,,False,True,False,2026-09-25
P02,القرية الشعبية,الدمام,تراثي / ثقافي,https://maps.app.goo.gl/oNadKmXoFmk9e4Di9,Ci9DQUlRQUNvZENodHljRjlvT2pKdExVcG1UVFpMU1c4emRVOUNURlUzWTBoUFpXYxAB,THESHARK,https://www.google.com/maps/contrib/101258517342172373916/reviews?hl=en,5,5 months ago,,False,True,False,2026-09-25
P02,القرية الشعبية,الدمام,تراثي / ثقافي,https://maps.app.goo.gl/oNadKmXoFmk9e4Di9,Ci9DQUlRQUNvZENodHljRjlvT21oU1FtNU9SR3RDZVhkbFUzRk9iVmxOTmtGYUxXYxAB,Mohammad Hazem,https://www.google.com/maps/contrib/101456571112928734077/reviews?hl=en,5,5 months ago,,False,True,False,2026-09-25
P02,القرية الشعبية,الدمام,تراثي / ثقافي,https://maps.app.goo.gl/oNadKmXoFmk9e4Di9,Ci9DQUlRQUNvZENodHljRjlvT21GV1kweHFObkJyTFRBNGJtWklUWGRTV2pFNVEzYxAB,عامر العبسي,https://www.google.com/maps/contrib/106186594995782556177/reviews?hl=en,5,5 months ago,,False,True,False,2026-09-25
P02,القرية الشعبية,الدمام,تراثي / ثقافي,https://maps.app.goo.gl/oNadKmXoFmk9e4Di9,Ci9DQUlRQUNvZENodHljRjlvT2pZNVJWcDJka1JrZUdWWFZYbGxSRFJvZFhSdlRuYxAB,Youness LYAAKOBI,https://www.google.com/maps/contrib/109386731264549646837/reviews?hl=en,5,5 months ago,,False,True,False,2026-09-25
P02,القرية الشعبية,الدمام,تراثي / ثقافي,https://maps.app.goo.gl/oNadKmXoFmk9e4Di9,Ci9DQUlRQUNvZENodHljRjlvT21GYWVYTmlVa2hTVVRkR1FtcERVR3d6VHpGVVVIYxAB,nayeem 4u,https://www.google.com/maps/contrib/101560202911372415046/reviews?hl=en,5,5 months ago,,False,True,False,2026-09-25
P02,القرية الشعبية,الدمام,تراثي / ثقافي,https://maps.app.goo.gl/oNadKmXoFmk9e4Di9,Ci9DQUlRQUNvZENodHljRjlvT2s1TlUyUXlOVUU1WjBzMExVcGZaVGh6ZDFjMVNHYxAB,JASSAR ALOTAIBI,https://www.google.com/maps/contrib/103651734086396846166/reviews?hl=en,5,5 months ago,,False,True,False,2026-09-25
P02,القرية الشعبية,الدمام,تراثي / ثقافي,https://maps.app.goo.gl/oNadKmXoFmk9e4Di9,Ci9DQUlRQUNvZENodHljRjlvT25KSlJreFFaa1ZJT0VKSGJIWk9ZMjFQWVhsQ1ZFRRAB,Mo Salh,https://www.google.com/maps/contrib/106138227882715552632/reviews?hl=en,5,5 months ago,,False,True,False,2026-09-25
P02,القرية الشعبية,الدمام,تراثي / ثقافي,https://maps.app.goo.gl/oNadKmXoFmk9e4Di9,Ci9DQUlRQUNvZENodHljRjlvT2t4WlpYaFdPVmd5Ym5KWWNrUk5NRTVsYW1KcmFYYxAB,AbDul RehMan (AbDu),https://www.google.com/maps/contrib/101998411966531512412/reviews?hl=en,5,5 months ago,,False,True,False,2026-09-25
P02,القرية الشعبية,الدمام,تراثي / ثقافي,https://maps.app.goo.gl/oNadKmXoFmk9e4Di9,Ci9DQUlRQUNvZENodHljRjlvT2tGYWRrNWFSSGRFYzBOV1RqSnBMVlY0Y21ZdFdVRRAB,506,https://www.google.com/maps/contrib/109903916838677527574/reviews?hl=en,5,5 months ago,,False,True,False,2026-09-25
P02,القرية الشعبية,الدمام,تراثي / ثقافي,https://maps.app.goo.gl/oNadKmXoFmk9e4Di9,Ci9DQUlRQUNvZENodHljRjlvT2pNM1IxSTBSRTFGY1ZOblRISXpiVk13ZGtJMk9VRRAB,Mohammed Hasan,https://www.google.com/maps/contrib/115804430596559021603/reviews?hl=en,5,5 months ago,,False,True,False,2026-09-25
P02,القرية الشعبية,الدمام,تراثي / ثقافي,https://maps.app.goo.gl/oNadKmXoFmk9e4Di9,Ci9DQUlRQUNvZENodHljRjlvT2twRlduSlBSMUpwTlc1dlIzQXlOeTFhUVRWTlMxRRAB,Gbzhfgjf Ghcj,https://www.google.com/maps/contrib/106271959971795490492/reviews?hl=en,5,5 months ago,,False,True,False,2026-09-25
P02,القرية الشعبية,الدمام,تراثي / ثقافي,https://maps.app.goo.gl/oNadKmXoFmk9e4Di9,Ci9DQUlRQUNvZENodHljRjlvT2s1bE0zRlVSM2wxYzFoNkxYSnVkbEZmTjBOYU5FRRAB,Sadaqat Ullah,https://www.google.com/maps/contrib/101072443953579185669/reviews?hl=en,1,5 months ago,Very so beautiful ❤️,False,True,False,2026-09-25
P02,القرية الشعبية,الدمام,تراثي / ثقافي,https://maps.app.goo.gl/oNadKmXoFmk9e4Di9,Ci9DQUlRQUNvZENodHljRjlvT25kSmVuVjFiemhOVUhFeVJYUjJRV3RIVURBMU1GRRAB,خالد الوعيلي,https://www.google.com/maps/contrib/117299535954161438448/reviews?hl=en,5,5 months ago,,False,True,False,2026-09-25
P02,القرية الشعبية,الدمام,تراثي / ثقافي,https://maps.app.goo.gl/oNadKmXoFmk9e4Di9,Ci9DQUlRQUNvZENodHljRjlvT2pkbWNtVlJhelpKTUVKcFEweDJjMVJ3ZFVWdE5tYxAB,Faris Alshahrani,https://www.google.com/maps/contrib/111978665960643404026/reviews?hl=en,5,5 months ago,I had a wonderful experience at this restaurant. A staff member named Mahboob welcomed my guests warmly and made us feel very comfortable. He provided excellent service and treated us with great professionalism and kindness. Thank you for the beautiful hospitality.,False,True,False,2026-09-25
P02,القرية الشعبية,الدمام,تراثي / ثقافي,https://maps.app.goo.gl/oNadKmXoFmk9e4Di9,Ci9DQUlRQUNvZENodHljRjlvT2pWbVNFeGpXRmRqYVZOMFVsbEtTMlIwYnpZd1NXYxAB,فهد بن محمد,https://www.google.com/maps/contrib/102683309421547086043/reviews?hl=en,5,5 months ago,upscale place,True,False,False,2026-09-25
P02,القرية الشعبية,الدمام,تراثي / ثقافي,https://maps.app.goo.gl/oNadKmXoFmk9e4Di9,Ci9DQUlRQUNvZENodHljRjlvT205SVpWVmlWelpvWTNadmVYSnhMVGt4U2pGWkxWRRAB,Mawada Ahmad,https://www.google.com/maps/contrib/106672603603977194700/reviews?hl=en,5,5 months ago,,False,True,False,2026-09-25
P02,القرية الشعبية,الدمام,تراثي / ثقافي,https://maps.app.goo.gl/oNadKmXoFmk9e4Di9,Ci9DQUlRQUNvZENodHljRjlvT2tWNU5URXhjRVJ4WWtoUGJFTkllSGhRV2xGU2FFRRAB,ناصر ناصر,https://www.google.com/maps/contrib/113997411657387245384/reviews?hl=en,5,5 months ago,,False,True,False,2026-09-25
P02,القرية الشعبية,الدمام,تراثي / ثقافي,https://maps.app.goo.gl/oNadKmXoFmk9e4Di9,Ci9DQUlRQUNvZENodHljRjlvT2tKM1VGaDRkMUJDYW5NM1NpMXBSekV6WlVzdFIwRRAB,Duaa Jwad,https://www.google.com/maps/contrib/106216957123609432172/reviews?hl=en,4,5 months ago,,False,True,False,2026-09-25
P02,القرية الشعبية,الدمام,تراثي / ثقافي,https://maps.app.goo.gl/oNadKmXoFmk9e4Di9,Ci9DQUlRQUNvZENodHljRjlvT2tNME1FazFkbEZRVjJ3M1VGcHVaVmRrUTNOb1dtYxAB,Sheikh Mahfuz,https://www.google.com/maps/contrib/112194163993742169223/reviews?hl=en,5,5 months ago,,False,True,False,2026-09-25
P02,القرية الشعبية,الدمام,تراثي / ثقافي,https://maps.app.goo.gl/oNadKmXoFmk9e4Di9,Ci9DQUlRQUNvZENodHljRjlvT2twWVdESjNObWcxY210VFNHSmlPVVJvV2xCWGIwRRAB,Bandar Aldawood,https://www.google.com/maps/contrib/106275353665753581981/reviews?hl=en,5,5 months ago,"The restaurant is absolutely fantastic in terms of its diverse dishes, excellent service, and reasonable prices. Plus, you can visit the museum and see classic cars, antique devices, coins, and much more. I highly recommend it, even if you're from the area. There are also private rooms for families and guests.",True,False,False,2026-09-25
P02,القرية الشعبية,الدمام,تراثي / ثقافي,https://maps.app.goo.gl/oNadKmXoFmk9e4Di9,Ci9DQUlRQUNvZENodHljRjlvT2pWa1ltMDBUbGwwVXpoNU5ISm1WRWRhTlV4UlUxRRAB,صلو على اطهر خلق الله,https://www.google.com/maps/contrib/108592841161037951054/reviews?hl=en,5,5 months ago,"Honestly, it's luxurious. I visited it yesterday evening; it's very classy.",True,False,False,2026-09-25
P02,القرية الشعبية,الدمام,تراثي / ثقافي,https://maps.app.goo.gl/oNadKmXoFmk9e4Di9,Ci9DQUlRQUNvZENodHljRjlvT21wM2RXczJjRVpLZFRKVGIya3lVMFl0ZWpScWNsRRAB,عزه الزهراني,https://www.google.com/maps/contrib/116028179676645306449/reviews?hl=en,5,5 months ago,,False,True,False,2026-09-25
P02,القرية الشعبية,الدمام,تراثي / ثقافي,https://maps.app.goo.gl/oNadKmXoFmk9e4Di9,ChZDSUhNMG9nS0VJQ0FnSURKejZlWEJREAE,مهيوب الشهابي,https://www.google.com/maps/contrib/102402087558013089225/reviews?hl=en,5,Edited 5 months ago,,False,True,False,2026-09-25
P02,القرية الشعبية,الدمام,تراثي / ثقافي,https://maps.app.goo.gl/oNadKmXoFmk9e4Di9,Ci9DQUlRQUNvZENodHljRjlvT2xsTFMxbGxVMWRJVWpKcFZIWTRjbTFUVFhkTFpGRRAB,عمر آل عجاج النهدي,https://www.google.com/maps/contrib/108868415138074182729/reviews?hl=en,1,5 months ago,مكان جميل جداً,True,True,False,2026-09-25
P02,القرية الشعبية,الدمام,تراثي / ثقافي,https://maps.app.goo.gl/oNadKmXoFmk9e4Di9,Ci9DQUlRQUNvZENodHljRjlvT2xvM05rZHRiMFIxT1VaTlNETldiMGt5ZUV0TlIzYxAB,ابتث جحخ,https://www.google.com/maps/contrib/108564593333198611721/reviews?hl=en,5,5 months ago,,False,True,False,2026-09-25
P02,القرية الشعبية,الدمام,تراثي / ثقافي,https://maps.app.goo.gl/oNadKmXoFmk9e4Di9,Ci9DQUlRQUNvZENodHljRjlvT25WM2FuWnlla2MzV0VGUGFrNXpXRmRCZGpoNlJVRRAB,صلاح ياسين الجحيفي,https://www.google.com/maps/contrib/107172270651101932046/reviews?hl=en,5,5 months ago,,False,True,False,2026-09-25
P02,القرية الشعبية,الدمام,تراثي / ثقافي,https://maps.app.goo.gl/oNadKmXoFmk9e4Di9,Ci9DQUlRQUNvZENodHljRjlvT25sbVJHaFpPRFpXWWpScVdtUkhVMWRrWW5ORGExRRAB,Mahmoud Shola,https://www.google.com/maps/contrib/103595884693081864920/reviews?hl=en,5,5 months ago,,False,True,False,2026-09-25
P02,القرية الشعبية,الدمام,تراثي / ثقافي,https://maps.app.goo.gl/oNadKmXoFmk9e4Di9,Ci9DQUlRQUNvZENodHljRjlvT21oclYydGZPSGRhYmtoMU5HWnZkek5NUm1kUGFtYxAB,وليد النقيب,https://www.google.com/maps/contrib/117525498026687883440/reviews?hl=en,5,Edited 5 months ago,انصح بزيارتها,True,True,False,2026-09-25
P02,القرية الشعبية,الدمام,تراثي / ثقافي,https://maps.app.goo.gl/oNadKmXoFmk9e4Di9,Ci9DQUlRQUNvZENodHljRjlvT2tOUlFrZGFhVjlHTFZaT1ZGZzVWVEJFVEd0ZmJWRRAB,الاصيل,https://www.google.com/maps/contrib/113949901120377415409/reviews?hl=en,5,5 months ago,,False,True,False,2026-09-25
P02,القرية الشعبية,الدمام,تراثي / ثقافي,https://maps.app.goo.gl/oNadKmXoFmk9e4Di9,Ci9DQUlRQUNvZENodHljRjlvT2pKcFRFWTBibFZ1TVRkWmIzaFRNMXAwU1RGc1FXYxAB,عبدالسلام بافياض,https://www.google.com/maps/contrib/112704552509047677132/reviews?hl=en,5,5 months ago,,False,True,False,2026-09-25
P02,القرية الشعبية,الدمام,تراثي / ثقافي,https://maps.app.goo.gl/oNadKmXoFmk9e4Di9,Ci9DQUlRQUNvZENodHljRjlvT2tRelVERk9VVFpXWVRkVlpERXdSME0zV1MxclpXYxAB,Abdullah Ghanem Al-Jaradi,https://www.google.com/maps/contrib/101145792000329830963/reviews?hl=en,5,5 months ago,,False,True,False,2026-09-25
P02,القرية الشعبية,الدمام,تراثي / ثقافي,https://maps.app.goo.gl/oNadKmXoFmk9e4Di9,Ci9DQUlRQUNvZENodHljRjlvT21kcFZFVktURjl2YW5GaU5tTmtjbEJ4VVZsd09IYxAB,sohag razz3,https://www.google.com/maps/contrib/102404292972454864278/reviews?hl=en,5,5 months ago,,False,True,False,2026-09-25
P02,القرية الشعبية,الدمام,تراثي / ثقافي,https://maps.app.goo.gl/oNadKmXoFmk9e4Di9,Ci9DQUlRQUNvZENodHljRjlvT210WU9EWkhPVVJtTkROalZqWnJaWGx2TkZkaFJsRRAB,mohammed abdulrahman,https://www.google.com/maps/contrib/115578784798466990156/reviews?hl=en,5,Edited 5 months ago,,False,True,False,2026-09-25
P02,القرية الشعبية,الدمام,تراثي / ثقافي,https://maps.app.goo.gl/oNadKmXoFmk9e4Di9,Ci9DQUlRQUNvZENodHljRjlvT21od2FuQlROV04wTUc1NVdrUmhZbHBFY21ONFYwRRAB,gada mahmoud,https://www.google.com/maps/contrib/106746980176273899082/reviews?hl=en,5,5 months ago,,False,True,False,2026-09-25
P02,القرية الشعبية,الدمام,تراثي / ثقافي,https://maps.app.goo.gl/oNadKmXoFmk9e4Di9,Ci9DQUlRQUNvZENodHljRjlvT2psaWQxRnlXVFpLUW05SlJGWm5WM3AxWTE5c1JIYxAB,عبداللطيف محمد,https://www.google.com/maps/contrib/112762899787230144084/reviews?hl=en,5,5 months ago,,False,True,False,2026-09-25
P02,القرية الشعبية,الدمام,تراثي / ثقافي,https://maps.app.goo.gl/oNadKmXoFmk9e4Di9,Ci9DQUlRQUNvZENodHljRjlvT25Wd1dXMVdRVkZvUkRSUmMwVlhObEpET1hKMVduYxAB,Holyod abobaker,https://www.google.com/maps/contrib/102523099977232750700/reviews?hl=en,5,5 months ago,,False,True,False,2026-09-25
P02,القرية الشعبية,الدمام,تراثي / ثقافي,https://maps.app.goo.gl/oNadKmXoFmk9e4Di9,Ci9DQUlRQUNvZENodHljRjlvT2s5dExWSTRhaTAwTld4ZmNHSnJVMHBoZVRWMkxYYxAB,مازن فارع,https://www.google.com/maps/contrib/106097297207355492981/reviews?hl=en,4,5 months ago,"A beautiful tourist attraction; when you visit it and move through its corridors, you feel as if you are living through a bygone era, one that still holds memories. Among these memories and landmarks of the old style is the traditional village.",True,False,False,2026-09-25
P02,القرية الشعبية,الدمام,تراثي / ثقافي,https://maps.app.goo.gl/oNadKmXoFmk9e4Di9,ChdDSUhNMG9nS0VJQ0FnSURHeEl2em5nRRAB,ezel1405 ezel1405,https://www.google.com/maps/contrib/106089730196331408444/reviews?hl=en,5,Edited 5 months ago,ممتازه جدا,True,True,False,2026-09-25
P02,القرية الشعبية,الدمام,تراثي / ثقافي,https://maps.app.goo.gl/oNadKmXoFmk9e4Di9,Ci9DQUlRQUNvZENodHljRjlvT25CUFMwOVFORjgwTkdSdVdtSlVibmwxUW1nNGQwRRAB,ناصر الثابت,https://www.google.com/maps/contrib/113234377261185848700/reviews?hl=en,5,5 months ago,تجربة جميلة,True,True,False,2026-09-25
P02,القرية الشعبية,الدمام,تراثي / ثقافي,https://maps.app.goo.gl/oNadKmXoFmk9e4Di9,Ci9DQUlRQUNvZENodHljRjlvT2tKU2FESlNhMWRNZGsxTmMzZ3hSbTE1Y1Radk1GRRAB,Ahmed Altamimi,https://www.google.com/maps/contrib/115764108109831632092/reviews?hl=en,5,5 months ago,,False,True,False,2026-09-25
P02,القرية الشعبية,الدمام,تراثي / ثقافي,https://maps.app.goo.gl/oNadKmXoFmk9e4Di9,Ci9DQUlRQUNvZENodHljRjlvT25aWVkwVlpNbTVyVWtOcU9VOVBkR1YwVW5reVZHYxAB,Abdulla,https://www.google.com/maps/contrib/113452282911806645034/reviews?hl=en,5,5 months ago,,False,True,False,2026-09-25
P02,القرية الشعبية,الدمام,تراثي / ثقافي,https://maps.app.goo.gl/oNadKmXoFmk9e4Di9,Ci9DQUlRQUNvZENodHljRjlvT21vMWRsOW5OVVJKY1RkWWIwcHJYM0ZWZDA5SGVtYxAB,Mo Alhamed,https://www.google.com/maps/contrib/116330181042301220192/reviews?hl=en,5,5 months ago,A beautiful and wonderful place with excellent food and cleanliness.,True,False,False,2026-09-25
P02,القرية الشعبية,الدمام,تراثي / ثقافي,https://maps.app.goo.gl/oNadKmXoFmk9e4Di9,Ci9DQUlRQUNvZENodHljRjlvT2xCeGNFSmFSVTlXVW1GUWRYcENNblZzWkRreFJtYxAB,A M,https://www.google.com/maps/contrib/108324007573430672913/reviews?hl=en,1,5 months ago,زرت المكان انا وزوجتي وكان جميل جدا ولكن حبيت اطلب طلب واجلس في إحدى الجلسات فقالوا ممنوع شخصين لازم اربعه اشخاص وفوق فحقيقه انزعجت علما اني دفعت دخول انا وزوجتي وما قالو أنه ممنوع تدخل الغرف اذا عددكم اثنين والمفروض يعطون التفاصيل هذي من بدري وانتو حاطين جلسات والمفروض يكون نظامكم واحد ليش تدخلوني بتذاكر واذا اجيت ابي اجلس فالغرف تقولون ممنوع وما ادري كيف ذالنظام أنه ممنوع اثنين يدخلون الغرف وياكلون أو يشربون شاهي وقهوه اش السبب المقنع لمنع شخصين يشترطون لازم اربعه اشخاص انا وزوجتي ما عندنا اولاد تحرمونا من الجلسه وتاخذون حق التذاكر حقيقه طلعت وياليتني ما جيت هالمكان الواحد جاي يغير جو ويتمشى والي ابغى افهمه اش السبب في منع الشخصين من دخول الغرف والجلسه فيها وبيطلب اكل وقهوه وشاهي.. فياليت الاداره يحذفون هالشرط أو يبينون السبب.. وزياره كانت غير جيده وان شاء الله ما اكررها لهذا المكان,True,True,False,2026-09-25
P02,القرية الشعبية,الدمام,تراثي / ثقافي,https://maps.app.goo.gl/oNadKmXoFmk9e4Di9,Ci9DQUlRQUNvZENodHljRjlvT2tGRVptVjFiV3hWUmxCdGNWUjFabVJCTkdaTlNYYxAB,Majid,https://www.google.com/maps/contrib/104226671003416156292/reviews?hl=en,4,5 months ago,,False,True,False,2026-09-25
P02,القرية الشعبية,الدمام,تراثي / ثقافي,https://maps.app.goo.gl/oNadKmXoFmk9e4Di9,Ci9DQUlRQUNvZENodHljRjlvT2tzMUxUSjFibEJ2VUUxM1VrcHpaRkoxZDBkTmIwRRAB,Mohammed Al-Qahtani,https://www.google.com/maps/contrib/114605441028139880372/reviews?hl=en,5,5 months ago,,False,True,False,2026-09-25
P02,القرية الشعبية,الدمام,تراثي / ثقافي,https://maps.app.goo.gl/oNadKmXoFmk9e4Di9,Ci9DQUlRQUNvZENodHljRjlvT2tSU1dYWjFjWFJEZVdoQ2IxWlROblZ2WDFGQ1FWRRAB,ايمن المبارزي,https://www.google.com/maps/contrib/101834433843411385582/reviews?hl=en,5,5 months ago,حلو,True,True,False,2026-09-25
P02,القرية الشعبية,الدمام,تراثي / ثقافي,https://maps.app.goo.gl/oNadKmXoFmk9e4Di9,Ci9DQUlRQUNvZENodHljRjlvT2tZMFluQmZTalJUZDBoTVNXMWlURVZMVlZGZldHYxAB,Manea Sayal,https://www.google.com/maps/contrib/107914465322531323890/reviews?hl=en,5,5 months ago,"اجواء رائعة
أطباق لذيذة و متحف غني جدا",True,True,False,2026-09-25
P02,القرية الشعبية,الدمام,تراثي / ثقافي,https://maps.app.goo.gl/oNadKmXoFmk9e4Di9,Ci9DQUlRQUNvZENodHljRjlvT2xSMmVHTlFVbXAyZWtGdVowMXVTVTFDUVRkd2FrRRAB,Haneen Alqhtani,https://www.google.com/maps/contrib/108256191885886434807/reviews?hl=en,3,5 months ago,التجارب الاولى كانت الذ,True,True,False,2026-09-25
P02,القرية الشعبية,الدمام,تراثي / ثقافي,https://maps.app.goo.gl/oNadKmXoFmk9e4Di9,Ci9DQUlRQUNvZENodHljRjlvT2pST056RTJUazVWYVhOek0xQkxZbE4yYWw5aldtYxAB,samialias,https://www.google.com/maps/contrib/110325539456126812315/reviews?hl=en,1,5 months ago,,False,True,False,2026-09-25
P02,القرية الشعبية,الدمام,تراثي / ثقافي,https://maps.app.goo.gl/oNadKmXoFmk9e4Di9,Ci9DQUlRQUNvZENodHljRjlvT2pOMVJrNU9jRWxzYWtkb1h6ZHphM0pqYm1keVVrRRAB,ابو فيصل,https://www.google.com/maps/contrib/115967119474697190688/reviews?hl=en,5,5 months ago,,False,True,False,2026-09-25
P02,القرية الشعبية,الدمام,تراثي / ثقافي,https://maps.app.goo.gl/oNadKmXoFmk9e4Di9,Ci9DQUlRQUNvZENodHljRjlvT2xkM2RsbFNNR1ZIV1hwcFh6VXRNeTF4VUZkWWNuYxAB,Faisal Alghamdi,https://www.google.com/maps/contrib/107862114382496996079/reviews?hl=en,5,5 months ago,,False,True,False,2026-09-25
P02,القرية الشعبية,الدمام,تراثي / ثقافي,https://maps.app.goo.gl/oNadKmXoFmk9e4Di9,Ci9DQUlRQUNvZENodHljRjlvT2tjMWEyMUxOVUpMWW1aT2N6VjBZblEwUmtsVk9IYxAB,MUQBIL hamoud,https://www.google.com/maps/contrib/104291523329707097504/reviews?hl=en,5,5 months ago,,False,True,False,2026-09-25
P02,القرية الشعبية,الدمام,تراثي / ثقافي,https://maps.app.goo.gl/oNadKmXoFmk9e4Di9,Ci9DQUlRQUNvZENodHljRjlvT2psdVRFWkVWMEZvWmpWemRtZHlZa3hWV2tkQ1RsRRAB,حمود العسيري,https://www.google.com/maps/contrib/115961739915835642430/reviews?hl=en,3,5 months ago,,False,True,False,2026-09-25
P02,القرية الشعبية,الدمام,تراثي / ثقافي,https://maps.app.goo.gl/oNadKmXoFmk9e4Di9,Ci9DQUlRQUNvZENodHljRjlvT201dFkycEVYMjgyVGkxYWRVRXRSRXRzY2xBM1pYYxAB,DOA N,https://www.google.com/maps/contrib/118440776856915277456/reviews?hl=en,5,5 months ago,Their food is delicious,True,False,False,2026-09-25
P02,القرية الشعبية,الدمام,تراثي / ثقافي,https://maps.app.goo.gl/oNadKmXoFmk9e4Di9,Ci9DQUlRQUNvZENodHljRjlvT2pKd1YxVnFjVFZTTWs5YVJuTlJUMHBTVTNOZlQwRRAB,تفصيل ستائر وتركيب,https://www.google.com/maps/contrib/107653496599152012326/reviews?hl=en,5,5 months ago,👍 …,True,False,True,2026-09-25
P02,القرية الشعبية,الدمام,تراثي / ثقافي,https://maps.app.goo.gl/oNadKmXoFmk9e4Di9,Ci9DQUlRQUNvZENodHljRjlvT2sxUVVuZDZaWGRpWlhweFlrNDNSRU5WV2paSE1XYxAB,Mr H,https://www.google.com/maps/contrib/116838298217579697874/reviews?hl=en,5,5 months ago,مره جيدة انصح بها,True,True,False,2026-09-25
P02,القرية الشعبية,الدمام,تراثي / ثقافي,https://maps.app.goo.gl/oNadKmXoFmk9e4Di9,Ci9DQUlRQUNvZENodHljRjlvT2xKRWVWUlJZVkIzYTNsb2VuQmlNV0ZzYVVwblRYYxAB,eisa khattak,https://www.google.com/maps/contrib/114215393540554323114/reviews?hl=en,5,5 months ago,"It was really nice. It had such a nice historical background, and everything was very nostalgic and cool. The food was amazing, and the cars were so cool along with the museum. I would definitely come back again.",False,True,False,2026-09-25
P02,القرية الشعبية,الدمام,تراثي / ثقافي,https://maps.app.goo.gl/oNadKmXoFmk9e4Di9,Ci9DQUlRQUNvZENodHljRjlvT2pjMU9YaGZWbGt3VEZWb2JrUnZjVkY1VFRCZlFXYxAB,Raghad M,https://www.google.com/maps/contrib/112637560772350138148/reviews?hl=en,5,5 months ago,,False,True,False,2026-09-25
P02,القرية الشعبية,الدمام,تراثي / ثقافي,https://maps.app.goo.gl/oNadKmXoFmk9e4Di9,Ci9DQUlRQUNvZENodHljRjlvT2kxbmNYRnNOM1ZmYVZoWVpUWjVkelpHZFRaeWVGRRAB,Faisal Aleid,https://www.google.com/maps/contrib/105332997352172429062/reviews?hl=en,5,5 months ago,,False,True,False,2026-09-25
P02,القرية الشعبية,الدمام,تراثي / ثقافي,https://maps.app.goo.gl/oNadKmXoFmk9e4Di9,Ci9DQUlRQUNvZENodHljRjlvT2tKbVZqbHpXR3hQV2t0dGQwcG1YMDFYVjJwR01FRRAB,Ibrahim Al Mohsin,https://www.google.com/maps/contrib/102471348663050179499/reviews?hl=en,4,5 months ago,"The place is a popular restaurant and museum with banquet halls.

The food was good. I tried the Ramadan buffet, which was decent and the dishes …",True,False,True,2026-09-25
P02,القرية الشعبية,الدمام,تراثي / ثقافي,https://maps.app.goo.gl/oNadKmXoFmk9e4Di9,Ci9DQUlRQUNvZENodHljRjlvT205Q1UzSmZSRnBYWVVneU9XcFhjSHBwWkhCQ1RtYxAB,naser alwan,https://www.google.com/maps/contrib/105408562806025472358/reviews?hl=en,5,5 months ago,,False,True,False,2026-09-25
P02,القرية الشعبية,الدمام,تراثي / ثقافي,https://maps.app.goo.gl/oNadKmXoFmk9e4Di9,Ci9DQUlRQUNvZENodHljRjlvT2paeVNHdGZkV1phV2poek5IaG1aalZNTVdOYU1GRRAB,المعمري المعمري,https://www.google.com/maps/contrib/113535476313485048354/reviews?hl=en,5,5 months ago,,False,True,False,2026-09-25
P02,القرية الشعبية,الدمام,تراثي / ثقافي,https://maps.app.goo.gl/oNadKmXoFmk9e4Di9,Ci9DQUlRQUNvZENodHljRjlvT25sT1RrUlBWM1J1VW1ob1dsQXRYMGM0ZEVWeVdXYxAB,Sĥbl,https://www.google.com/maps/contrib/115775204520539685265/reviews?hl=en,4,5 months ago,,False,True,False,2026-09-25
P02,القرية الشعبية,الدمام,تراثي / ثقافي,https://maps.app.goo.gl/oNadKmXoFmk9e4Di9,Ci9DQUlRQUNvZENodHljRjlvT2xCNWFFbGlkMlp3TW10UFNVSmxlbmRsTlVJeVMwRRAB,يوسف,https://www.google.com/maps/contrib/113849163902522540030/reviews?hl=en,5,5 months ago,So cool! 🔥,True,False,False,2026-09-25
P02,القرية الشعبية,الدمام,تراثي / ثقافي,https://maps.app.goo.gl/oNadKmXoFmk9e4Di9,Ci9DQUlRQUNvZENodHljRjlvT2pkb1pHVkJZV2t5V2pCeFQwNUZNMGhPVldsYWNrRRAB,يوسف الناظري,https://www.google.com/maps/contrib/116540034579399107925/reviews?hl=en,5,5 months ago,,False,True,False,2026-09-25
P02,القرية الشعبية,الدمام,تراثي / ثقافي,https://maps.app.goo.gl/oNadKmXoFmk9e4Di9,Ci9DQUlRQUNvZENodHljRjlvT2preExVdHRjSEExWkdzM05ubHFSa05MTTNST2NWRRAB,mhmmed altuap,https://www.google.com/maps/contrib/100685575292291728157/reviews?hl=en,5,Edited 5 months ago,موقع جميل  لاجتماع الاهل والاصدقاء   وايضا في منطقة للعب الاطفال,True,True,False,2026-09-25
P02,القرية الشعبية,الدمام,تراثي / ثقافي,https://maps.app.goo.gl/oNadKmXoFmk9e4Di9,Ci9DQUlRQUNvZENodHljRjlvT214aFNXTk1jbFJLYVd4VWRrazVZM2xZU2xaSWVGRRAB,Dafer jaber,https://www.google.com/maps/contrib/100844526444161933444/reviews?hl=en,5,5 months ago,,False,True,False,2026-09-25
P02,القرية الشعبية,الدمام,تراثي / ثقافي,https://maps.app.goo.gl/oNadKmXoFmk9e4Di9,Ci9DQUlRQUNvZENodHljRjlvT25SUWVFTlliRTFoVVdaVmRFUk9jMng0ZG05blRsRRAB,مروان الجعدي,https://www.google.com/maps/contrib/109070239538426227245/reviews?hl=en,5,5 months ago,جميل جداً,True,True,False,2026-09-25
P02,القرية الشعبية,الدمام,تراثي / ثقافي,https://maps.app.goo.gl/oNadKmXoFmk9e4Di9,Ci9DQUlRQUNvZENodHljRjlvT205VFYycEtkVzFyVDNkbmFsOTFORUZRWlRKT1owRRAB,H,https://www.google.com/maps/contrib/105119387462877099955/reviews?hl=en,5,5 months ago,,False,True,False,2026-09-25
P02,القرية الشعبية,الدمام,تراثي / ثقافي,https://maps.app.goo.gl/oNadKmXoFmk9e4Di9,Ci9DQUlRQUNvZENodHljRjlvT2xKbWIweE1kV0pvUVZJMmNHTmhjMHR4UzBwUGFXYxAB,salooha fallatah,https://www.google.com/maps/contrib/111779704531824744037/reviews?hl=en,5,5 months ago,"Everything you could want, from furniture and jewelry to clothing, at reasonable prices. A wonderful and beautiful market.",True,False,False,2026-09-25
P02,القرية الشعبية,الدمام,تراثي / ثقافي,https://maps.app.goo.gl/oNadKmXoFmk9e4Di9,Ci9DQUlRQUNvZENodHljRjlvT2s5MmIycE9MVTFLTVZCNFUzWnlObkJhUTJkV1VHYxAB,H Albinali,https://www.google.com/maps/contrib/101390767362799416793/reviews?hl=en,5,5 months ago,,False,True,False,2026-09-25
P02,القرية الشعبية,الدمام,تراثي / ثقافي,https://maps.app.goo.gl/oNadKmXoFmk9e4Di9,Ci9DQUlRQUNvZENodHljRjlvT2kxbk1XWXlXa3BEWDBaZlpUWktjRFI2TW5kVVRWRRAB,عبدالله A,https://www.google.com/maps/contrib/109144319383893678114/reviews?hl=en,1,5 months ago,A visit that will not be repeated,True,False,False,2026-09-25
P02,القرية الشعبية,الدمام,تراثي / ثقافي,https://maps.app.goo.gl/oNadKmXoFmk9e4Di9,Ci9DQUlRQUNvZENodHljRjlvT21Fd05XVnRjRUZ0WjJKdFIyeG9WVm90TVZwdFduYxAB,HIND,https://www.google.com/maps/contrib/109476591073588432104/reviews?hl=en,5,5 months ago,,False,True,False,2026-09-25
P02,القرية الشعبية,الدمام,تراثي / ثقافي,https://maps.app.goo.gl/oNadKmXoFmk9e4Di9,Ci9DQUlRQUNvZENodHljRjlvT2xJMmFUWnphWFpTTjJWdU9HZExkRlpoZFZsUmFYYxAB,غلا فيصل,https://www.google.com/maps/contrib/100709035788490228405/reviews?hl=en,5,5 months ago,,False,True,False,2026-09-25
P02,القرية الشعبية,الدمام,تراثي / ثقافي,https://maps.app.goo.gl/oNadKmXoFmk9e4Di9,Ci9DQUlRQUNvZENodHljRjlvT2xaNFRteEJVbmx5U1V0aVpXMUNZVXQyWTBkcWRFRRAB,Mohammed J,https://www.google.com/maps/contrib/102430831591524363610/reviews?hl=en,5,5 months ago,مكان يستحق الزياره واكل لذيذ وتعامل 👍🏻👍🏻,True,True,False,2026-09-25
P02,القرية الشعبية,الدمام,تراثي / ثقافي,https://maps.app.goo.gl/oNadKmXoFmk9e4Di9,Ci9DQUlRQUNvZENodHljRjlvT2pGMFZrazNTblJHYlhFd1kyNWtiVEYxUlhoT1RIYxAB,Adel Aboalghet,https://www.google.com/maps/contrib/100617225569054129574/reviews?hl=en,5,5 months ago,,False,True,False,2026-09-25
P02,القرية الشعبية,الدمام,تراثي / ثقافي,https://maps.app.goo.gl/oNadKmXoFmk9e4Di9,Ci9DQUlRQUNvZENodHljRjlvT21adlZsWlVNM0pLVTB4cFFXaEdOMlZFZUVSMU5GRRAB,Mirza Rizwan Baig,https://www.google.com/maps/contrib/110271139482811990067/reviews?hl=en,5,5 months ago,,False,True,False,2026-09-25
P02,القرية الشعبية,الدمام,تراثي / ثقافي,https://maps.app.goo.gl/oNadKmXoFmk9e4Di9,ChZDSUhNMG9nS0VJQ0FnSUNHMnIycVl3EAE,بشار بن عبدالله الشنبه,https://www.google.com/maps/contrib/112098410822743034804/reviews?hl=en,5,Edited 5 months ago,ممتاز,True,True,False,2026-09-25
P02,القرية الشعبية,الدمام,تراثي / ثقافي,https://maps.app.goo.gl/oNadKmXoFmk9e4Di9,Ci9DQUlRQUNvZENodHljRjlvT25KWmJVc3RYMmcwY1hoeWRXVjNaMnN4VFZRdFNVRRAB,عبدالرحمن العامودي,https://www.google.com/maps/contrib/116772656351139504181/reviews?hl=en,4,5 months ago,"المطعم ممتاز طبخهم وعندهم اكل شعبي مثل هريس وجريش وغيره ةعندهم قسم للافطار بالدور العلوي مع اطلالة على البحر

عندهم غرف خاصة لاقامة المناسبات

كما يحتوي على متحف جميل لمقتنيات قديمة مختلفة من عملات وادوات وسيارات من ضمنها سيارة الملك سلمان بن عبدالعزيز

يوجد ايضا بعض المحلات [خواتم سبح جلابيات ذهب]",True,True,False,2026-09-25
P02,القرية الشعبية,الدمام,تراثي / ثقافي,https://maps.app.goo.gl/oNadKmXoFmk9e4Di9,Ci9DQUlRQUNvZENodHljRjlvT2tWd01HMTRkRXB1YzBaeE1WSTNjRkkyUVZWd1VIYxAB,المصمم المبدع,https://www.google.com/maps/contrib/106198171803260933142/reviews?hl=en,5,5 months ago,The village is distinguished by its beautiful traditional style.,True,False,False,2026-09-25
P02,القرية الشعبية,الدمام,تراثي / ثقافي,https://maps.app.goo.gl/oNadKmXoFmk9e4Di9,Ci9DQUlRQUNvZENodHljRjlvT21ZdFJIQklVMkk0UnpWQ1dGQkJPR3d5WDNoQ01FRRAB,tmnyt Wlikn,https://www.google.com/maps/contrib/116098397142796333239/reviews?hl=en,5,5 months ago,,False,True,False,2026-09-25
P02,القرية الشعبية,الدمام,تراثي / ثقافي,https://maps.app.goo.gl/oNadKmXoFmk9e4Di9,Ci9DQUlRQUNvZENodHljRjlvT2t4WlEyVnFNMTlRYlU5UVlWZFhlVUpZVTBVMVkxRRAB,Wael Galal Ibrahim,https://www.google.com/maps/contrib/115984150700610501621/reviews?hl=en,4,5 months ago,,False,True,False,2026-09-25
P02,القرية الشعبية,الدمام,تراثي / ثقافي,https://maps.app.goo.gl/oNadKmXoFmk9e4Di9,Ci9DQUlRQUNvZENodHljRjlvT2xsMlQwZFVjRkpyZWpjMGNtSlZPRkZ0UkZrd2NIYxAB,عبدالعزيز سعود,https://www.google.com/maps/contrib/103125542171570664286/reviews?hl=en,5,5 months ago,,True,False,False,2026-09-25
P02,القرية الشعبية,الدمام,تراثي / ثقافي,https://maps.app.goo.gl/oNadKmXoFmk9e4Di9,Ci9DQUlRQUNvZENodHljRjlvT21wM1RISkdXbWx0TFVKTWNERlBhR00wY0V4d2FYYxAB,يعقوب الرعوي,https://www.google.com/maps/contrib/105080073836781169354/reviews?hl=en,5,5 months ago,راس تنوره مكان جميل وهادئ  يبعد حوالي 40دقيقه من الدمام  لكنه يستحق الذهاب  وتجربة صيد السمك تجربه حلوه  يوجد امكان للاطفال   وملاعب كره,True,True,False,2026-09-25
P02,القرية الشعبية,الدمام,تراثي / ثقافي,https://maps.app.goo.gl/oNadKmXoFmk9e4Di9,Ci9DQUlRQUNvZENodHljRjlvT2trM01FaDVaemx2UjJsTk5YcHNlbGRwTmxGd05rRRAB,anwar alghamdi,https://www.google.com/maps/contrib/109690685545684558841/reviews?hl=en,5,5 months ago,,False,True,False,2026-09-25
P02,القرية الشعبية,الدمام,تراثي / ثقافي,https://maps.app.goo.gl/oNadKmXoFmk9e4Di9,Ci9DQUlRQUNvZENodHljRjlvT2taelRWcEdOVTlxYzBOclNGRnpXV05WZURGM2FtYxAB,Fifi 055,https://www.google.com/maps/contrib/106100114430667797298/reviews?hl=en,5,5 months ago,,False,True,False,2026-09-25
P02,القرية الشعبية,الدمام,تراثي / ثقافي,https://maps.app.goo.gl/oNadKmXoFmk9e4Di9,Ci9DQUlRQUNvZENodHljRjlvT2tNM01qZ3dVa28zTW0xbVlVWnJORGRRVW5GTGIxRRAB,عبدالله محمد,https://www.google.com/maps/contrib/106577067856356357240/reviews?hl=en,5,5 months ago,,False,True,False,2026-09-25
P02,القرية الشعبية,الدمام,تراثي / ثقافي,https://maps.app.goo.gl/oNadKmXoFmk9e4Di9,Ci9DQUlRQUNvZENodHljRjlvT2pGbWVYWlVWMFpHTTJac1ZGUktURTVKYkVONFluYxAB,Shiim Siif,https://www.google.com/maps/contrib/114691156247676169602/reviews?hl=en,5,5 months ago,اكلهم جميل بس نوع ما مبالغين بنص الاشياء,True,True,False,2026-09-25
P02,القرية الشعبية,الدمام,تراثي / ثقافي,https://maps.app.goo.gl/oNadKmXoFmk9e4Di9,Ci9DQUlRQUNvZENodHljRjlvT21nMU5HcDFXWEpKUzNaQlVXbGxWRWc0TjJvME0xRRAB,مشاري القحطاني,https://www.google.com/maps/contrib/109654771976678259638/reviews?hl=en,5,5 months ago,,False,True,False,2026-09-25
P02,القرية الشعبية,الدمام,تراثي / ثقافي,https://maps.app.goo.gl/oNadKmXoFmk9e4Di9,Ci9DQUlRQUNvZENodHljRjlvT2pVMmMwNHdZMGRRUldaNmFXSjJlV1p6Y2tkTmFYYxAB,Bader Aljasem,https://www.google.com/maps/contrib/101399251310292373393/reviews?hl=en,5,5 months ago,Beautiful,True,False,False,2026-09-25
P02,القرية الشعبية,الدمام,تراثي / ثقافي,https://maps.app.goo.gl/oNadKmXoFmk9e4Di9,Ci9DQUlRQUNvZENodHljRjlvT2xadFZqZEljamRhVWxWcWRWRmZiMVIwTkV3M05VRRAB,MOHAMMED AL-HAMELI,https://www.google.com/maps/contrib/110040417564607367231/reviews?hl=en,4,5 months ago,"The place is spacious and comfortable, making it suitable for long sessions and relaxation. However, one of its main drawbacks is the limited privacy, as some may feel uncomfortable due to the openness to the surroundings. Furthermore, the …",True,False,True,2026-09-25
P02,القرية الشعبية,الدمام,تراثي / ثقافي,https://maps.app.goo.gl/oNadKmXoFmk9e4Di9,Ci9DQUlRQUNvZENodHljRjlvT2tOMlQweEpURVpmYTAxeVFVdE5aRWt6ZDJkcWJFRRAB,Haji Mohamed,https://www.google.com/maps/contrib/113134219268351028307/reviews?hl=en,5,5 months ago,,False,True,False,2026-09-25
P02,القرية الشعبية,الدمام,تراثي / ثقافي,https://maps.app.goo.gl/oNadKmXoFmk9e4Di9,Ci9DQUlRQUNvZENodHljRjlvT2tSWlZXWnlXV3hFUzJFMkxWbFNaSFZrVkZSVFJrRRAB,Mohamed,https://www.google.com/maps/contrib/109719499849853454703/reviews?hl=en,5,5 months ago,,False,True,False,2026-09-25
P02,القرية الشعبية,الدمام,تراثي / ثقافي,https://maps.app.goo.gl/oNadKmXoFmk9e4Di9,Ci9DQUlRQUNvZENodHljRjlvT210RVpFczRVM1Z1WVRsWlV6RkZZV2xFWmt0cU4wRRAB,tayyaba hafeez,https://www.google.com/maps/contrib/118205955171638580129/reviews?hl=en,5,5 months ago,,False,True,False,2026-09-25
P02,القرية الشعبية,الدمام,تراثي / ثقافي,https://maps.app.goo.gl/oNadKmXoFmk9e4Di9,Ci9DQUlRQUNvZENodHljRjlvT2kxaGMwaFZjVTVpUmxCVGNVTjBUWFkzYjJKNFpuYxAB,هدئ هدئ,https://www.google.com/maps/contrib/100149393933911203170/reviews?hl=en,5,5 months ago,,False,True,False,2026-09-25
P02,القرية الشعبية,الدمام,تراثي / ثقافي,https://maps.app.goo.gl/oNadKmXoFmk9e4Di9,Ci9DQUlRQUNvZENodHljRjlvT21kQk5WQm9Ua1I0WmpSbFh6QlFiRGRGV0dKTmVtYxAB,فني المنيوم ابواب شبابيك مطابخ,https://www.google.com/maps/contrib/106506399486159077890/reviews?hl=en,5,5 months ago,,False,True,False,2026-09-25
P02,القرية الشعبية,الدمام,تراثي / ثقافي,https://maps.app.goo.gl/oNadKmXoFmk9e4Di9,Ci9DQUlRQUNvZENodHljRjlvT200dFJXSkhNRVJ6YmpobWRtOXlXbms1Ym1ZMVRXYxAB,fahad M,https://www.google.com/maps/contrib/117611036154941724044/reviews?hl=en,5,5 months ago,,False,True,False,2026-09-25
P02,القرية الشعبية,الدمام,تراثي / ثقافي,https://maps.app.goo.gl/oNadKmXoFmk9e4Di9,Ci9DQUlRQUNvZENodHljRjlvT21wZmQxWlFiRXRHTUZOaFJVSkdTMEYxZEc5SllrRRAB,Jamal Ameen,https://www.google.com/maps/contrib/100780324657236670939/reviews?hl=en,5,5 months ago,,False,True,False,2026-09-25
P02,القرية الشعبية,الدمام,تراثي / ثقافي,https://maps.app.goo.gl/oNadKmXoFmk9e4Di9,Ci9DQUlRQUNvZENodHljRjlvT21WMGNuTkJlVVkyYlMxVVJ6UldWRmxXVGw5dFZuYxAB,عساف الرشيدي,https://www.google.com/maps/contrib/101443265441677440105/reviews?hl=en,1,5 months ago,غاليه حيل,True,True,False,2026-09-25
P02,القرية الشعبية,الدمام,تراثي / ثقافي,https://maps.app.goo.gl/oNadKmXoFmk9e4Di9,Ci9DQUlRQUNvZENodHljRjlvT21od00xZDNjRFJCYm5WRFJXMHlTMDVFTWpoRk9VRRAB,md shuvo,https://www.google.com/maps/contrib/107004302211933137483/reviews?hl=en,5,5 months ago,,False,True,False,2026-09-25
P02,القرية الشعبية,الدمام,تراثي / ثقافي,https://maps.app.goo.gl/oNadKmXoFmk9e4Di9,Ci9DQUlRQUNvZENodHljRjlvT2padVowUmtjR1ZxV2s5dkxUaFFjbE5PTFdKc1EyYxAB,nafees rajput,https://www.google.com/maps/contrib/114690139071470029369/reviews?hl=en,5,5 months ago,,False,True,False,2026-09-25
P02,القرية الشعبية,الدمام,تراثي / ثقافي,https://maps.app.goo.gl/oNadKmXoFmk9e4Di9,Ci9DQUlRQUNvZENodHljRjlvT20xM1lrRmZORmRtVURaVVVqUktlalZPWTBVemFWRRAB,Nimer M.O.Rumman,https://www.google.com/maps/contrib/117904706224509885132/reviews?hl=en,5,5 months ago,,False,True,False,2026-09-25
P02,القرية الشعبية,الدمام,تراثي / ثقافي,https://maps.app.goo.gl/oNadKmXoFmk9e4Di9,Ci9DQUlRQUNvZENodHljRjlvT2pOVU0yZE1NVFEyUzJ0bFZYVkxXRmh0U25aaUxWRRAB,Sayed Ali,https://www.google.com/maps/contrib/109955775863267639917/reviews?hl=en,5,5 months ago,"A brilliant idea. A restaurant in a museum!

The food is also very delicious.",True,False,False,2026-09-25
P02,القرية الشعبية,الدمام,تراثي / ثقافي,https://maps.app.goo.gl/oNadKmXoFmk9e4Di9,Ci9DQUlRQUNvZENodHljRjlvT2pSd2IzSXljM0ZtUVV0VVgwYzFia001T1hkU1pVRRAB,Shamsul Islam,https://www.google.com/maps/contrib/110270162799679197506/reviews?hl=en,5,6 months ago,"Heritage restaurants in Dammam offer a unique blend of culture, tradition, and authentic flavors that reflect the rich history of the region. These dining spots go beyond just food,they provide an immersive experience with traditional architecture, classic décor and warm Arabian hospitality.",False,True,False,2026-09-25
P02,القرية الشعبية,الدمام,تراثي / ثقافي,https://maps.app.goo.gl/oNadKmXoFmk9e4Di9,Ci9DQUlRQUNvZENodHljRjlvT2xsbVFsaEhXWGxOVkVoaFVFSkljRmN4WWtGbFIxRRAB,Sadeq Ahmed Sadeq Al-fakih,https://www.google.com/maps/contrib/100807653248883167889/reviews?hl=en,5,6 months ago,,False,True,False,2026-09-25
P02,القرية الشعبية,الدمام,تراثي / ثقافي,https://maps.app.goo.gl/oNadKmXoFmk9e4Di9,Ci9DQUlRQUNvZENodHljRjlvT2pabGFYSlRTemR6UVdGelRsbGhUVFJITkZoNWJHYxAB,Dr.Abdullah Alghamdi,https://www.google.com/maps/contrib/112550855671185455715/reviews?hl=en,5,6 months ago,Beautiful and offering a wonderful historical experience and delicious traditional dishes. …,True,False,True,2026-09-25
P02,القرية الشعبية,الدمام,تراثي / ثقافي,https://maps.app.goo.gl/oNadKmXoFmk9e4Di9,Ci9DQUlRQUNvZENodHljRjlvT25wNlRtWTVaVXhXUmsxaWJXUlVUMEppT0V3M1UwRRAB,Saleh Alkharji,https://www.google.com/maps/contrib/100835475749806547292/reviews?hl=en,5,6 months ago,,False,True,False,2026-09-25
P02,القرية الشعبية,الدمام,تراثي / ثقافي,https://maps.app.goo.gl/oNadKmXoFmk9e4Di9,Ci9DQUlRQUNvZENodHljRjlvT21aa1oydFBZMkV6YlRBeU4xQnNVMnc0ZUdwcmRIYxAB,شاهين أبو سعد,https://www.google.com/maps/contrib/113943225147223437477/reviews?hl=en,5,6 months ago,,False,True,False,2026-09-25
P02,القرية الشعبية,الدمام,تراثي / ثقافي,https://maps.app.goo.gl/oNadKmXoFmk9e4Di9,Ci9DQUlRQUNvZENodHljRjlvT2pWTVMzWkxZalo1YkZSWFUwaDZWRE50ZVZCVGFYYxAB,Ali Ateya,https://www.google.com/maps/contrib/107259436243588499851/reviews?hl=en,5,6 months ago,What about lovely atmosphere.  I Highly recommend it.,False,True,False,2026-09-25
P02,القرية الشعبية,الدمام,تراثي / ثقافي,https://maps.app.goo.gl/oNadKmXoFmk9e4Di9,Ci9DQUlRQUNvZENodHljRjlvT25wRFpXaEdPWE5oWVRjNGFFcEdMVVkyUkhVdFNuYxAB,عبدالله التميمي,https://www.google.com/maps/contrib/109490686163866782830/reviews?hl=en,1,6 months ago,"This place isn't worth visiting, and the entrance fee is 20 riyals per person. The receptionist was rude and disrespectful. When we went out, they refused to let us through the main entrance and made us go through the emergency exit! Is this really their policy? They didn't even offer complimentary water or tea.",True,False,False,2026-09-25
P02,القرية الشعبية,الدمام,تراثي / ثقافي,https://maps.app.goo.gl/oNadKmXoFmk9e4Di9,Ci9DQUlRQUNvZENodHljRjlvT2xoNWFEaEJSek56UjJsTE5tRk1SRzQ1YlVSckxVRRAB,Abofiras,https://www.google.com/maps/contrib/105970450081717067175/reviews?hl=en,4,6 months ago,"A popular, well-organized place with a professional, respectful, and courteous chef. Prices are moderate, ranging from 100 to 200 riyals for 5 people. Entry is through Gate 3 free of charge. Open from 6 AM. Indoor and outdoor seating available.",True,False,False,2026-09-25
P02,القرية الشعبية,الدمام,تراثي / ثقافي,https://maps.app.goo.gl/oNadKmXoFmk9e4Di9,Ci9DQUlRQUNvZENodHljRjlvT21kbFpHcHVNMmRhYkRsaldEQktjV0pIY0dweGJGRRAB,Sultan Mesfer,https://www.google.com/maps/contrib/107419176331522445439/reviews?hl=en,5,6 months ago,A beautiful place with a touch of the past. The food is delicious and you enjoy eating it.,True,False,False,2026-09-25
P02,القرية الشعبية,الدمام,تراثي / ثقافي,https://maps.app.goo.gl/oNadKmXoFmk9e4Di9,Ci9DQUlRQUNvZENodHljRjlvT2s1NFNrVTNNbFpwUW1RNWJWRXRSSEo2VEU1SFNrRRAB,Naseem _m,https://www.google.com/maps/contrib/108764083287006273500/reviews?hl=en,4,6 months ago,,False,True,False,2026-09-25
P02,القرية الشعبية,الدمام,تراثي / ثقافي,https://maps.app.goo.gl/oNadKmXoFmk9e4Di9,Ci9DQUlRQUNvZENodHljRjlvT2poSVRVOUlNV2xLV2tSRlEwUXhTVEpPU0UwelZIYxAB,Shahad,https://www.google.com/maps/contrib/107445796621976385125/reviews?hl=en,5,6 months ago,,False,True,False,2026-09-25
P02,القرية الشعبية,الدمام,تراثي / ثقافي,https://maps.app.goo.gl/oNadKmXoFmk9e4Di9,Ci9DQUlRQUNvZENodHljRjlvT21ocGIxZHdWbGxzU2swdFpXOXZWVzR6YjAxU1VHYxAB,محمد ابو ثابت,https://www.google.com/maps/contrib/104704664911647491510/reviews?hl=en,5,6 months ago,,False,True,False,2026-09-25
P02,القرية الشعبية,الدمام,تراثي / ثقافي,https://maps.app.goo.gl/oNadKmXoFmk9e4Di9,Ci9DQUlRQUNvZENodHljRjlvT20xeVpuQkRXRFF0YUhaQ01rbHNSa3cxV0hkSmEyYxAB,muhtrf alaman,https://www.google.com/maps/contrib/115520770745679894444/reviews?hl=en,4,6 months ago,جيد,True,True,False,2026-09-25
P02,القرية الشعبية,الدمام,تراثي / ثقافي,https://maps.app.goo.gl/oNadKmXoFmk9e4Di9,Ci9DQUlRQUNvZENodHljRjlvT25RdFdVWmllRmxVWlRaSVdGOVljemc1U0VGalQxRRAB,Niyas Kunju,https://www.google.com/maps/contrib/109467672629767848957/reviews?hl=en,4,6 months ago,,False,True,False,2026-09-25
P02,القرية الشعبية,الدمام,تراثي / ثقافي,https://maps.app.goo.gl/oNadKmXoFmk9e4Di9,Ci9DQUlRQUNvZENodHljRjlvT2pGUFVYRTFTR1JzWDNoSGFFZ3RjR2RxVDBwYVQzYxAB,عبدالله الاشعري,https://www.google.com/maps/contrib/100179830067664046143/reviews?hl=en,1,6 months ago,لايوجد أماكن لجلوس,True,True,False,2026-09-25
P02,القرية الشعبية,الدمام,تراثي / ثقافي,https://maps.app.goo.gl/oNadKmXoFmk9e4Di9,Ci9DQUlRQUNvZENodHljRjlvT2xOeFVIb3dWUzF5ZEVkYVNYRm5Va3gzWkdObFZIYxAB,بحر ر,https://www.google.com/maps/contrib/114415738520058686390/reviews?hl=en,5,6 months ago,"مكان اكثر من رائع مكان جميل وتنظيم يرفع الراس
أشكر القائمين عليه",True,True,False,2026-09-25
P02,القرية الشعبية,الدمام,تراثي / ثقافي,https://maps.app.goo.gl/oNadKmXoFmk9e4Di9,Ci9DQUlRQUNvZENodHljRjlvT25sbVVFRnpWMDFxT1RnNU5FNXZZVzFLVDBaRmJYYxAB,بدر الظافر,https://www.google.com/maps/contrib/101018068395776252140/reviews?hl=en,1,6 months ago,Its prices are extremely high; anyone who goes there will be broke for the rest of the month.,True,False,False,2026-09-25
P02,القرية الشعبية,الدمام,تراثي / ثقافي,https://maps.app.goo.gl/oNadKmXoFmk9e4Di9,Ci9DQUlRQUNvZENodHljRjlvT2paa2NVeDFaMFZZVFdOak1FMVJjM2g1TkVrd1ZHYxAB,Mohannad Hassan,https://www.google.com/maps/contrib/104739432166499737339/reviews?hl=en,4,6 months ago,,False,True,False,2026-09-25
P02,القرية الشعبية,الدمام,تراثي / ثقافي,https://maps.app.goo.gl/oNadKmXoFmk9e4Di9,ChdDSUhNMG9nS0VJQ0FnSURUMjRyLTBBRRAB,Sudan As,https://www.google.com/maps/contrib/105466506161076581005/reviews?hl=en,4,Edited 6 months ago,Good,False,True,False,2026-09-25
P02,القرية الشعبية,الدمام,تراثي / ثقافي,https://maps.app.goo.gl/oNadKmXoFmk9e4Di9,Ci9DQUlRQUNvZENodHljRjlvT2t4Tk1uQm1WRmxIZEVKWmMxazJYMFJJWDFKU2JuYxAB,qaz qaz,https://www.google.com/maps/contrib/100217852014389986420/reviews?hl=en,5,6 months ago,"Supervisor Hossam Khaled
Very classy, ​​cooperative, and generous",True,False,False,2026-09-25
P02,القرية الشعبية,الدمام,تراثي / ثقافي,https://maps.app.goo.gl/oNadKmXoFmk9e4Di9,Ci9DQUlRQUNvZENodHljRjlvT21NemRXcFdWVkpPWkZvMU5IWnVZbWR1U25JNGRGRRAB,Tota Oney,https://www.google.com/maps/contrib/104402151208889484527/reviews?hl=en,5,6 months ago,,False,True,False,2026-09-25
P02,القرية الشعبية,الدمام,تراثي / ثقافي,https://maps.app.goo.gl/oNadKmXoFmk9e4Di9,Ci9DQUlRQUNvZENodHljRjlvT2xWd05sVXpPREpvYjFkdlFXRlNRalpsYld0MlkyYxAB,هلاا وغلاا,https://www.google.com/maps/contrib/104607330382820870597/reviews?hl=en,5,6 months ago,,False,True,False,2026-09-25
P02,القرية الشعبية,الدمام,تراثي / ثقافي,https://maps.app.goo.gl/oNadKmXoFmk9e4Di9,Ci9DQUlRQUNvZENodHljRjlvT25CTFVXVm9WMEoyVjFoRk1rOVJWall0VnpodlFWRRAB,Alfonzo Moro,https://www.google.com/maps/contrib/106982631453366967387/reviews?hl=en,1,6 months ago,"We ordered half a sheep and repeatedly asked for the meat to be tender and thawed. Unfortunately, the order arrived cold and the meat was undercooked. It was a disappointment, especially considering the price – a sheep costing 2700. For that price, they should prioritize quality!",True,False,False,2026-09-25
P02,القرية الشعبية,الدمام,تراثي / ثقافي,https://maps.app.goo.gl/oNadKmXoFmk9e4Di9,Ci9DQUlRQUNvZENodHljRjlvT21Oc05sRjRUamR2ZDBGYVpESXRaVVpFV0RCNk1XYxAB,Aziz Saud,https://www.google.com/maps/contrib/105468209606289112933/reviews?hl=en,4,6 months ago,,False,True,False,2026-09-25
P02,القرية الشعبية,الدمام,تراثي / ثقافي,https://maps.app.goo.gl/oNadKmXoFmk9e4Di9,Ci9DQUlRQUNvZENodHljRjlvT25BeVZEWlJURGhXVlRob1MzRnRTMlJoUTNaTGMzYxAB,Abdulmajeed Alzahrani,https://www.google.com/maps/contrib/106737127161370628970/reviews?hl=en,3,6 months ago,,False,True,False,2026-09-25
P02,القرية الشعبية,الدمام,تراثي / ثقافي,https://maps.app.goo.gl/oNadKmXoFmk9e4Di9,Ci9DQUlRQUNvZENodHljRjlvT2xkc1JtcEhSa0Z6TnpkWGNVWTBiMEpFV0RKalJYYxAB,محمد الحربي,https://www.google.com/maps/contrib/104160547901574708583/reviews?hl=en,5,6 months ago,,False,True,False,2026-09-25
P02,القرية الشعبية,الدمام,تراثي / ثقافي,https://maps.app.goo.gl/oNadKmXoFmk9e4Di9,Ci9DQUlRQUNvZENodHljRjlvT2pCWWFITlZaVFZaVlZaSmVUWnRiMk5QVGtWaGNXYxAB,عادل ال مزهر,https://www.google.com/maps/contrib/107935906484570568353/reviews?hl=en,1,6 months ago,,False,True,False,2026-09-25
P02,القرية الشعبية,الدمام,تراثي / ثقافي,https://maps.app.goo.gl/oNadKmXoFmk9e4Di9,Ci9DQUlRQUNvZENodHljRjlvT21WRGJXdHRUa1UzVmxKMWNIQk9XSEJPVERaaVIxRRAB,MOHAMED,https://www.google.com/maps/contrib/111650167704047245492/reviews?hl=en,4,6 months ago,,False,True,False,2026-09-25
P02,القرية الشعبية,الدمام,تراثي / ثقافي,https://maps.app.goo.gl/oNadKmXoFmk9e4Di9,Ci9DQUlRQUNvZENodHljRjlvT2xRNFkwMHlaR0Z0ZEVkQ1JFdzRObGRtVVhVeldtYxAB,محمد العمري,https://www.google.com/maps/contrib/113684939056485879223/reviews?hl=en,5,6 months ago,,False,True,False,2026-09-25
P02,القرية الشعبية,الدمام,تراثي / ثقافي,https://maps.app.goo.gl/oNadKmXoFmk9e4Di9,Ci9DQUlRQUNvZENodHljRjlvT25CMU5HMVhialJhZFRkU1YyRmFOMFEyZFUxSGQwRRAB,M Hamza Butt,https://www.google.com/maps/contrib/108487575002149522379/reviews?hl=en,5,6 months ago,Loved the vibe of this place,False,True,False,2026-09-25
P02,القرية الشعبية,الدمام,تراثي / ثقافي,https://maps.app.goo.gl/oNadKmXoFmk9e4Di9,Ci9DQUlRQUNvZENodHljRjlvT21GaU9FeHlRVlF5UWpSblJtdExaRXhvWW1Wa1dVRRAB,ابو احمد الجعفري,https://www.google.com/maps/contrib/100110172381645716435/reviews?hl=en,5,6 months ago,A beautiful and historic place,True,False,False,2026-09-25
P02,القرية الشعبية,الدمام,تراثي / ثقافي,https://maps.app.goo.gl/oNadKmXoFmk9e4Di9,Ci9DQUlRQUNvZENodHljRjlvT25kMFdtOXdMV2Q0VjNWdVdHcHJkR05HTW1aUU9GRRAB,Khalid Al-Madkahli,https://www.google.com/maps/contrib/108307450745279372141/reviews?hl=en,4,6 months ago,Do you organize corporate events?,True,False,False,2026-09-25
P02,القرية الشعبية,الدمام,تراثي / ثقافي,https://maps.app.goo.gl/oNadKmXoFmk9e4Di9,Ci9DQUlRQUNvZENodHljRjlvT2pOU2JUZGFNV2hzWW1JelIxRm1hRkJzUmxsbWJFRRAB,khaled akram,https://www.google.com/maps/contrib/102022602517454457285/reviews?hl=en,5,6 months ago,,False,True,False,2026-09-25
P02,القرية الشعبية,الدمام,تراثي / ثقافي,https://maps.app.goo.gl/oNadKmXoFmk9e4Di9,ChdDSUhNMG9nS0VJQ0FnTUNvczRxLTN3RRAB,Mahmoud talaat,https://www.google.com/maps/contrib/112266899855861961914/reviews?hl=en,5,Edited 6 months ago,,False,True,False,2026-09-25
P02,القرية الشعبية,الدمام,تراثي / ثقافي,https://maps.app.goo.gl/oNadKmXoFmk9e4Di9,Ci9DQUlRQUNvZENodHljRjlvT2xKclVWQmlVbGxhV0RReE9YQlFXSFUxU1VsVVpsRRAB,علي الرشيدي,https://www.google.com/maps/contrib/103049320955499536667/reviews?hl=en,5,6 months ago,ماشاءالله تحفه يستحق الزياره مرا اخرى,True,True,False,2026-09-25
P02,القرية الشعبية,الدمام,تراثي / ثقافي,https://maps.app.goo.gl/oNadKmXoFmk9e4Di9,Ci9DQUlRQUNvZENodHljRjlvT2xCbGJrdERTVE5hWkd4c2VIWXdTVTB4Y3pSUmRtYxAB,حافظ الجماعي,https://www.google.com/maps/contrib/113034270194884021765/reviews?hl=en,5,6 months ago,القرية الشعبية هي وجهة تراثية وثقافية تجسد أصالة الماضي ونكهة التراث السعودي، تجمع بين التاريخ والمطاعم والمتحف في مكان واحد. توفر تجربة سياحية فريدة، تضم معروضات تراثية قديمة (قد تصل لآلاف القطع)، بيوتًا شعبية، وأسواقًا تقليدية، مما يجعلها تجسيدًا حيًا لحياة الآباء والأجداد,True,True,False,2026-09-25
P02,القرية الشعبية,الدمام,تراثي / ثقافي,https://maps.app.goo.gl/oNadKmXoFmk9e4Di9,Ci9DQUlRQUNvZENodHljRjlvT2s1a1RGOTRNblpSYmtsM1lUaDBYemhEVVhSRE5HYxAB,فؤاد المسلم,https://www.google.com/maps/contrib/105512453417566692306/reviews?hl=en,4,6 months ago,,False,True,False,2026-09-25
P02,القرية الشعبية,الدمام,تراثي / ثقافي,https://maps.app.goo.gl/oNadKmXoFmk9e4Di9,Ci9DQUlRQUNvZENodHljRjlvT21Ob2NteE9iVWRhTlZKU1VIcGlTMTl3V0dwRlpYYxAB,أبو فياض,https://www.google.com/maps/contrib/108451024753344851123/reviews?hl=en,5,6 months ago,,False,True,False,2026-09-25
P02,القرية الشعبية,الدمام,تراثي / ثقافي,https://maps.app.goo.gl/oNadKmXoFmk9e4Di9,Ci9DQUlRQUNvZENodHljRjlvT2twaE9FSTNaa3A0U21WR1ZtZERVbkZTY0hOV1UyYxAB,عيسى البيحاني,https://www.google.com/maps/contrib/107196539026873091676/reviews?hl=en,5,6 months ago,One of the places that I really liked,True,False,False,2026-09-25
P02,القرية الشعبية,الدمام,تراثي / ثقافي,https://maps.app.goo.gl/oNadKmXoFmk9e4Di9,Ci9DQUlRQUNvZENodHljRjlvT2s4NGEyeHJlRGxHT1VOVldrTnBWRU51ZDFaalluYxAB,اكرم محسن,https://www.google.com/maps/contrib/110547644781139232875/reviews?hl=en,5,6 months ago,,False,True,False,2026-09-25
P02,القرية الشعبية,الدمام,تراثي / ثقافي,https://maps.app.goo.gl/oNadKmXoFmk9e4Di9,Ci9DQUlRQUNvZENodHljRjlvT21GbVJXRnlSVk5YVTNOamRreFdabXcyVGpNMmVIYxAB,tarek ahmed,https://www.google.com/maps/contrib/107931144428784205260/reviews?hl=en,5,6 months ago,,False,True,False,2026-09-25
P02,القرية الشعبية,الدمام,تراثي / ثقافي,https://maps.app.goo.gl/oNadKmXoFmk9e4Di9,Ci9DQUlRQUNvZENodHljRjlvT25KVGIxQlBVM3B4TXpZMWFVRkVVVkIxU2pGeWNrRRAB,صدام سعيد,https://www.google.com/maps/contrib/110637161834390691319/reviews?hl=en,3,6 months ago,,False,True,False,2026-09-25
P02,القرية الشعبية,الدمام,تراثي / ثقافي,https://maps.app.goo.gl/oNadKmXoFmk9e4Di9,Ci9DQUlRQUNvZENodHljRjlvT25KR1VuUjRSVTF3VlVjemNITm9WRlZUVEMxMlRXYxAB,Thea Verwey,https://www.google.com/maps/contrib/104427229107506822430/reviews?hl=en,4,6 months ago,Reception is warm and very professional.  The exhibitions are interesting and well maintained.  The personnel are helpful and kind. Suggestion: add names and information to animal mummies. The experience is worth while.,False,True,False,2026-09-25
P02,القرية الشعبية,الدمام,تراثي / ثقافي,https://maps.app.goo.gl/oNadKmXoFmk9e4Di9,Ci9DQUlRQUNvZENodHljRjlvT21kdlFuUmtRazF6ZFRWaGRXVmFWMHhUZEV0WGQwRRAB,AKRAMUL KOBIR,https://www.google.com/maps/contrib/112113869354177282097/reviews?hl=en,5,6 months ago,Very nice place with family,False,True,False,2026-09-25
P02,القرية الشعبية,الدمام,تراثي / ثقافي,https://maps.app.goo.gl/oNadKmXoFmk9e4Di9,Ci9DQUlRQUNvZENodHljRjlvT25kNmVucHFOa2h4VFRBeWN5MDNhREJ3Wm5BM2FXYxAB,ناجي شاجع,https://www.google.com/maps/contrib/110123893173293631456/reviews?hl=en,5,6 months ago,"Excellent, worth a visit",True,False,False,2026-09-25
P02,القرية الشعبية,الدمام,تراثي / ثقافي,https://maps.app.goo.gl/oNadKmXoFmk9e4Di9,Ci9DQUlRQUNvZENodHljRjlvT2tGVmVXWXlXVkZJV1V0NlZXRnNSbmxETlc1TlFVRRAB,NasHmi Al Yami,https://www.google.com/maps/contrib/100704997873464655933/reviews?hl=en,5,6 months ago,,False,True,False,2026-09-25
P02,القرية الشعبية,الدمام,تراثي / ثقافي,https://maps.app.goo.gl/oNadKmXoFmk9e4Di9,Ci9DQUlRQUNvZENodHljRjlvT25WUlRYazRabTVoTjJkTE0xOHhhVUpVWVhORk5FRRAB,Marwan Morsy,https://www.google.com/maps/contrib/112901097210540881490/reviews?hl=en,5,6 months ago,,False,True,False,2026-09-25
P02,القرية الشعبية,الدمام,تراثي / ثقافي,https://maps.app.goo.gl/oNadKmXoFmk9e4Di9,Ci9DQUlRQUNvZENodHljRjlvT2tZeVFuWTFlRXRCVmxsR1JraEJWMlZuYURKdFoyYxAB,Saud Abu-Harbesh (‫Saud سعود ابوحربش‬‎),https://www.google.com/maps/contrib/106940918403848329377/reviews?hl=en,5,6 months ago,A wonderful museum,True,False,False,2026-09-25
P02,القرية الشعبية,الدمام,تراثي / ثقافي,https://maps.app.goo.gl/oNadKmXoFmk9e4Di9,Ci9DQUlRQUNvZENodHljRjlvT214M2VGOUpjRzlXZFZsMllXMURjWFJyYkZGMVEzYxAB,باسم ياسين,https://www.google.com/maps/contrib/106994827450732997741/reviews?hl=en,5,6 months ago,,False,True,False,2026-09-25
P02,القرية الشعبية,الدمام,تراثي / ثقافي,https://maps.app.goo.gl/oNadKmXoFmk9e4Di9,Ci9DQUlRQUNvZENodHljRjlvT2pobGVXdENTalJXWTFseFpYbFdVVlZUV25WQk9FRRAB,Yousef,https://www.google.com/maps/contrib/105129852436546325155/reviews?hl=en,4,6 months ago,,False,True,False,2026-09-25
P02,القرية الشعبية,الدمام,تراثي / ثقافي,https://maps.app.goo.gl/oNadKmXoFmk9e4Di9,Ci9DQUlRQUNvZENodHljRjlvT2t3emJVNDVWMjlKV1VJeFduUjFUMDlCTjFSamIzYxAB,Saeed E Ghodran,https://www.google.com/maps/contrib/114589981115627439285/reviews?hl=en,4,6 months ago,,False,True,False,2026-09-25
P02,القرية الشعبية,الدمام,تراثي / ثقافي,https://maps.app.goo.gl/oNadKmXoFmk9e4Di9,Ci9DQUlRQUNvZENodHljRjlvT2paWVJtNHpTbXQyVld3eFZtdHlkVWxJVVcxRVFVRRAB,عصام مصطفى الدبعي,https://www.google.com/maps/contrib/109955304897384895656/reviews?hl=en,5,6 months ago,,False,True,False,2026-09-25
P02,القرية الشعبية,الدمام,تراثي / ثقافي,https://maps.app.goo.gl/oNadKmXoFmk9e4Di9,Ci9DQUlRQUNvZENodHljRjlvT2xkSGRUSktTVXRYY2tOVmIycG5UMVY0VWxoR1RHYxAB,ابتسام الاسمري,https://www.google.com/maps/contrib/116062266275152250754/reviews?hl=en,5,6 months ago,,False,True,False,2026-09-25
P02,القرية الشعبية,الدمام,تراثي / ثقافي,https://maps.app.goo.gl/oNadKmXoFmk9e4Di9,Ci9DQUlRQUNvZENodHljRjlvT2tkUlZHNDBNVlo0U3kxSlYxUTBZbDkyYlZwcmQxRRAB,Abdulnafea Barnawi,https://www.google.com/maps/contrib/108416640904014596197/reviews?hl=en,5,6 months ago,,False,True,False,2026-09-25
P02,القرية الشعبية,الدمام,تراثي / ثقافي,https://maps.app.goo.gl/oNadKmXoFmk9e4Di9,Ci9DQUlRQUNvZENodHljRjlvT21GTGRtZGpVMXBwYW1KdWJFdG5XR04zVEcwMVoxRRAB,Danish Danish,https://www.google.com/maps/contrib/100087522332620517100/reviews?hl=en,5,6 months ago,,False,True,False,2026-09-25
P02,القرية الشعبية,الدمام,تراثي / ثقافي,https://maps.app.goo.gl/oNadKmXoFmk9e4Di9,Ci9DQUlRQUNvZENodHljRjlvT2t4emFHRk5aR2xsVkZCcFFXVXdTbmgwVEhoRFMyYxAB,mohammed fahad,https://www.google.com/maps/contrib/107657647698460700504/reviews?hl=en,5,6 months ago,,False,True,False,2026-09-25
P02,القرية الشعبية,الدمام,تراثي / ثقافي,https://maps.app.goo.gl/oNadKmXoFmk9e4Di9,Ci9DQUlRQUNvZENodHljRjlvT25aVWJUSkNUemgzVTBOSE5GZFNRV3RxZFVzd1dXYxAB,Gelerie Feruelo,https://www.google.com/maps/contrib/103192356250816217168/reviews?hl=en,5,6 months ago,,False,True,False,2026-09-25
P02,القرية الشعبية,الدمام,تراثي / ثقافي,https://maps.app.goo.gl/oNadKmXoFmk9e4Di9,Ci9DQUlRQUNvZENodHljRjlvT2pOTlpWaDZjbTFIYzBwTWNXWkROMGhWVXpCTlRsRRAB,DR. Shokhp,https://www.google.com/maps/contrib/114878801380476004018/reviews?hl=en,4,6 months ago,A special place to spend a pleasant time with friends or alone,True,False,False,2026-09-25
P02,القرية الشعبية,الدمام,تراثي / ثقافي,https://maps.app.goo.gl/oNadKmXoFmk9e4Di9,Ci9DQUlRQUNvZENodHljRjlvT25GNFVGRTBhM2hsWmpWemEybzBSMng1Tlc5SlRVRRAB,DR JABER AL-NEMER,https://www.google.com/maps/contrib/112171286704652434251/reviews?hl=en,5,6 months ago,,False,True,False,2026-09-25
P02,القرية الشعبية,الدمام,تراثي / ثقافي,https://maps.app.goo.gl/oNadKmXoFmk9e4Di9,Ci9DQUlRQUNvZENodHljRjlvT25saVEyTjFlbXhzVFVVdGFWOHlRbmN3ZG1WU04wRRAB,Hamada Abo zied,https://www.google.com/maps/contrib/116623280472799305176/reviews?hl=en,5,6 months ago,,False,True,False,2026-09-25
P02,القرية الشعبية,الدمام,تراثي / ثقافي,https://maps.app.goo.gl/oNadKmXoFmk9e4Di9,Ci9DQUlRQUNvZENodHljRjlvT205bGNrUXpMVW8zTm00MU16UkNhbHBuYmxsWVpsRRAB,متذوق و صريح,https://www.google.com/maps/contrib/111097727703853516578/reviews?hl=en,1,6 months ago,The entrance fees are expensive and the food is very average.,True,False,False,2026-09-25
P02,القرية الشعبية,الدمام,تراثي / ثقافي,https://maps.app.goo.gl/oNadKmXoFmk9e4Di9,Ci9DQUlRQUNvZENodHljRjlvT2pOM05sZGxPVXAxVTBKdWRWOVRWMmR2VmpadFozYxAB,Jabir Al Azeez,https://www.google.com/maps/contrib/117707132433886035357/reviews?hl=en,4,6 months ago,"Nice views, must visit. Great ambience and kept as a traditional monument in a modern city.",False,True,False,2026-09-25
P02,القرية الشعبية,الدمام,تراثي / ثقافي,https://maps.app.goo.gl/oNadKmXoFmk9e4Di9,Ci9DQUlRQUNvZENodHljRjlvT2twTGNIVk1hak4yT0hWNFNtMXhiRUZmU1RCVGIyYxAB,Duck Bizniz,https://www.google.com/maps/contrib/114519248188080219314/reviews?hl=en,,6 months ago,I was on an extended Saudi Arabia trip. It was my last day in Dammam and I was flying to Madinah in the late afternoon. I was driving my rental car to Dammam International Airport. I followed the coastline and drove along the Corniche. I …,False,True,True,2026-09-25
P02,القرية الشعبية,الدمام,تراثي / ثقافي,https://maps.app.goo.gl/oNadKmXoFmk9e4Di9,Ci9DQUlRQUNvZENodHljRjlvT2pkVVpGQTFWVUYwVDNoSFR6UjRkMmd6VDA0eGExRRAB,Mujahed Salloum,https://www.google.com/maps/contrib/100157876682976320778/reviews?hl=en,5,6 months ago,,False,True,False,2026-09-25
P02,القرية الشعبية,الدمام,تراثي / ثقافي,https://maps.app.goo.gl/oNadKmXoFmk9e4Di9,Ci9DQUlRQUNvZENodHljRjlvT2twMmRTMHdjRWt4UkRFdFkyeFBMVEZ2ZVhoelYzYxAB,SULTAN BAHKALI,https://www.google.com/maps/contrib/104179826072749125231/reviews?hl=en,5,6 months ago,,False,True,False,2026-09-25
P02,القرية الشعبية,الدمام,تراثي / ثقافي,https://maps.app.goo.gl/oNadKmXoFmk9e4Di9,Ci9DQUlRQUNvZENodHljRjlvT2xaMWNrNVBhbUpTY0RsaFIwNU1NWGcwWTNwV1IzYxAB,Kh Khaled,https://www.google.com/maps/contrib/118083049900720437725/reviews?hl=en,1,6 months ago,مطعم غالي جدا مبالغ بسعره والأكل غير متنوع. ماانصح فيه نهائيا,True,True,False,2026-09-25
P02,القرية الشعبية,الدمام,تراثي / ثقافي,https://maps.app.goo.gl/oNadKmXoFmk9e4Di9,Ci9DQUlRQUNvZENodHljRjlvT2w4M1JrdFdObVJyYkU4elYxSmpkRFJKTlRocE9VRRAB,Muhammad Sabahat Noor,https://www.google.com/maps/contrib/100868745695166287977/reviews?hl=en,4,6 months ago,,False,True,False,2026-09-25
P02,القرية الشعبية,الدمام,تراثي / ثقافي,https://maps.app.goo.gl/oNadKmXoFmk9e4Di9,Ci9DQUlRQUNvZENodHljRjlvT25neFduUklOMUZpWlV0WFdYRjBkakZWV1hWVWFuYxAB,Shameem Abdul Vaheed,https://www.google.com/maps/contrib/116920173208305963293/reviews?hl=en,5,6 months ago,,False,True,False,2026-09-25
P02,القرية الشعبية,الدمام,تراثي / ثقافي,https://maps.app.goo.gl/oNadKmXoFmk9e4Di9,Ci9DQUlRQUNvZENodHljRjlvT21OTmRYZGhNRTB0VEZwRGVuWnVRWFJNZUdOUmFFRRAB,ibrahem elshazly,https://www.google.com/maps/contrib/108797539921637058792/reviews?hl=en,5,6 months ago,Excellent Restaurant and Coffee Shop,True,False,False,2026-09-25
P02,القرية الشعبية,الدمام,تراثي / ثقافي,https://maps.app.goo.gl/oNadKmXoFmk9e4Di9,Ci9DQUlRQUNvZENodHljRjlvT20xMmFuQlJNWFEyU21KUFZVbENhbUpGTjJ4aVMzYxAB,Wassim Aldabbas,https://www.google.com/maps/contrib/100101491680469577619/reviews?hl=en,5,6 months ago,,False,True,False,2026-09-25
P02,القرية الشعبية,الدمام,تراثي / ثقافي,https://maps.app.goo.gl/oNadKmXoFmk9e4Di9,Ci9DQUlRQUNvZENodHljRjlvT21sTk1tWjFNazVTWTBWcE5WcHZZV2c1WW5Gc1JXYxAB,اميرة ساتى,https://www.google.com/maps/contrib/103158119622640134933/reviews?hl=en,4,6 months ago,,False,True,False,2026-09-25
P02,القرية الشعبية,الدمام,تراثي / ثقافي,https://maps.app.goo.gl/oNadKmXoFmk9e4Di9,ChdDSUhNMG9nS0VJQ0FnSURTcV9HcW9nRRAB,Ahmed Mohib,https://www.google.com/maps/contrib/104169664454577174311/reviews?hl=en,4,Edited 6 months ago,👌 …,False,True,True,2026-09-25
P02,القرية الشعبية,الدمام,تراثي / ثقافي,https://maps.app.goo.gl/oNadKmXoFmk9e4Di9,Ci9DQUlRQUNvZENodHljRjlvT2xKaVJEQTFjblJwU1dsbE5uUkdhbkU0ZVZkclRYYxAB,khamis salem,https://www.google.com/maps/contrib/100817677723142907444/reviews?hl=en,5,6 months ago,,False,True,False,2026-09-25
P02,القرية الشعبية,الدمام,تراثي / ثقافي,https://maps.app.goo.gl/oNadKmXoFmk9e4Di9,Ci9DQUlRQUNvZENodHljRjlvT2kxTmQwaEpZbDlZWmpSRU1VTnBXVWhpY0hSeGNWRRAB,ismael shakour,https://www.google.com/maps/contrib/104371833070294394368/reviews?hl=en,4,6 months ago,,False,True,False,2026-09-25
P02,القرية الشعبية,الدمام,تراثي / ثقافي,https://maps.app.goo.gl/oNadKmXoFmk9e4Di9,Ci9DQUlRQUNvZENodHljRjlvT2xkTWQyTnlNa2hNZFVOMlNuZFdla0puVGxkSmIxRRAB,Nivethitha Ramprasad,https://www.google.com/maps/contrib/110500471387967487997/reviews?hl=en,5,6 months ago,"Museum
Cars museum
Village cafe",False,True,False,2026-09-25
P02,القرية الشعبية,الدمام,تراثي / ثقافي,https://maps.app.goo.gl/oNadKmXoFmk9e4Di9,Ci9DQUlRQUNvZENodHljRjlvT21oUFNsWjVPSEpuVFY5eWEzWkJMVmxTZG5KbVRGRRAB,علي صادق,https://www.google.com/maps/contrib/105526863505907537400/reviews?hl=en,5,6 months ago,Who can rate heritage less than 5 stars?,True,False,False,2026-09-25
P02,القرية الشعبية,الدمام,تراثي / ثقافي,https://maps.app.goo.gl/oNadKmXoFmk9e4Di9,Ci9DQUlRQUNvZENodHljRjlvT21GQmVqTnBOVzR0UVRObFprWnNXRkpOZW5jMWFHYxAB,تركي الحارث,https://www.google.com/maps/contrib/113775307704203501985/reviews?hl=en,1,6 months ago,"The food is very bad.
Zero. There is an odor in the food.",True,False,False,2026-09-25
P02,القرية الشعبية,الدمام,تراثي / ثقافي,https://maps.app.goo.gl/oNadKmXoFmk9e4Di9,Ci9DQUlRQUNvZENodHljRjlvT214elZWZDBja3BwUVc5S2RWRm5Ta3d0Y2pKa2FsRRAB,mohammad elmogtpa mahamoud,https://www.google.com/maps/contrib/105850290721653715305/reviews?hl=en,5,6 months ago,"Oh, the beauty of Saudi heritage!",True,False,False,2026-09-25
P02,القرية الشعبية,الدمام,تراثي / ثقافي,https://maps.app.goo.gl/oNadKmXoFmk9e4Di9,Ci9DQUlRQUNvZENodHljRjlvT25GRWMwOXRZVXBUYkRWd1pFeExlbDl3YmxCb2JYYxAB,Saad Adv,https://www.google.com/maps/contrib/107780628288336086963/reviews?hl=en,4,6 months ago,"A beautiful place
Restaurant
Museum
Coffee shop

Worth a visit",True,False,False,2026-09-25
P02,القرية الشعبية,الدمام,تراثي / ثقافي,https://maps.app.goo.gl/oNadKmXoFmk9e4Di9,Ci9DQUlRQUNvZENodHljRjlvT2xBM1VFWkNRVTlQVUVKblNFeENlbmRMVmpsUVFuYxAB,Osamah Mohammed Aljadaly,https://www.google.com/maps/contrib/115442617041942916048/reviews?hl=en,5,6 months ago,,False,True,False,2026-09-25
P02,القرية الشعبية,الدمام,تراثي / ثقافي,https://maps.app.goo.gl/oNadKmXoFmk9e4Di9,Ci9DQUlRQUNvZENodHljRjlvT21WVWEwMVliSGRvVDBaelQybFVSRUZxYkZrMGNIYxAB,Nel Hernandez,https://www.google.com/maps/contrib/115063773514003369746/reviews?hl=en,5,6 months ago,Iftar 2026,False,True,False,2026-09-25
P02,القرية الشعبية,الدمام,تراثي / ثقافي,https://maps.app.goo.gl/oNadKmXoFmk9e4Di9,Ci9DQUlRQUNvZENodHljRjlvT2pWMGJtbFNNMTlNUkVsbmFVUjNkMHhqUlU5SFRFRRAB,عبدالله عون الحاتمي,https://www.google.com/maps/contrib/103354903355690126460/reviews?hl=en,5,6 months ago,,False,True,False,2026-09-25
P02,القرية الشعبية,الدمام,تراثي / ثقافي,https://maps.app.goo.gl/oNadKmXoFmk9e4Di9,Ci9DQUlRQUNvZENodHljRjlvT2xWaFFqTk1jRXh2Y2t4eE1HVnBja054U1VONVRsRRAB,Amani Abedraboh,https://www.google.com/maps/contrib/111557252461704565782/reviews?hl=en,5,6 months ago,المكان جميل وهادئ والخدمة ممتازة والأكل لذيذ وأسعاره جيدة,True,True,False,2026-09-25
P02,القرية الشعبية,الدمام,تراثي / ثقافي,https://maps.app.goo.gl/oNadKmXoFmk9e4Di9,Ci9DQUlRQUNvZENodHljRjlvT25Wa1pHYzBkSGhrYkRkT1JFeDFhWFF0WjNWRWQwRRAB,Hazem Sadam,https://www.google.com/maps/contrib/118356817082876155068/reviews?hl=en,5,6 months ago,,False,True,False,2026-09-25
P02,القرية الشعبية,الدمام,تراثي / ثقافي,https://maps.app.goo.gl/oNadKmXoFmk9e4Di9,Ci9DQUlRQUNvZENodHljRjlvT2tGellscHhNekpvWmxwNWJESkhRMDFhVVdwSFZVRRAB,Khaled Alfaifi,https://www.google.com/maps/contrib/108122085758690757558/reviews?hl=en,5,6 months ago,,False,True,False,2026-09-25
P02,القرية الشعبية,الدمام,تراثي / ثقافي,https://maps.app.goo.gl/oNadKmXoFmk9e4Di9,Ci9DQUlRQUNvZENodHljRjlvT25SWmQwUXhNV1JsT0hKbVJEWldSMWx2UmpWT1IxRRAB,Mohamed Daliel,https://www.google.com/maps/contrib/110308401957523490631/reviews?hl=en,4,6 months ago,,False,True,False,2026-09-25
P02,القرية الشعبية,الدمام,تراثي / ثقافي,https://maps.app.goo.gl/oNadKmXoFmk9e4Di9,Ci9DQUlRQUNvZENodHljRjlvT2xFMU9XWkZURk0yUkhvdE4wSnRjVkYxU1dsQlpVRRAB,Maroof Khan,https://www.google.com/maps/contrib/106803806942589474980/reviews?hl=en,5,6 months ago,,False,True,False,2026-09-25
P02,القرية الشعبية,الدمام,تراثي / ثقافي,https://maps.app.goo.gl/oNadKmXoFmk9e4Di9,Ci9DQUlRQUNvZENodHljRjlvT214aVNXeHVPSEpCV2psT1dYaExOM1JQZG5wbWJtYxAB,Zahra Abdullah,https://www.google.com/maps/contrib/101002255030906434573/reviews?hl=en,5,6 months ago,"It was a company breakfast, and it was well-organized, tidy, and featured a delicious breakfast and a variety of desserts.",True,False,False,2026-09-25
P02,القرية الشعبية,الدمام,تراثي / ثقافي,https://maps.app.goo.gl/oNadKmXoFmk9e4Di9,Ci9DQUlRQUNvZENodHljRjlvT2tNNFZrNDRlVlpqVFdkbWNrSnRaWEl0ZUVKbVIyYxAB,M Alghamdi,https://www.google.com/maps/contrib/117802668333241789495/reviews?hl=en,5,6 months ago,The place is very beautiful; it has a museum and a restaurant. The food is delicious and worth a visit.,True,False,False,2026-09-25
P02,القرية الشعبية,الدمام,تراثي / ثقافي,https://maps.app.goo.gl/oNadKmXoFmk9e4Di9,Ci9DQUlRQUNvZENodHljRjlvT2preGRtaDNjMFp6VkhWRGNHcDJNazFEVEdGMk9VRRAB,Shuvo Ahmed,https://www.google.com/maps/contrib/112091693254371253147/reviews?hl=en,5,6 months ago,,False,True,False,2026-09-25
P02,القرية الشعبية,الدمام,تراثي / ثقافي,https://maps.app.goo.gl/oNadKmXoFmk9e4Di9,Ci9DQUlRQUNvZENodHljRjlvT201bFpFNUlUSE5mWVRsWVJIcHVibWMxVERCUVdsRRAB,Amal,https://www.google.com/maps/contrib/108895264700253540525/reviews?hl=en,5,6 months ago,,False,True,False,2026-09-25
P02,القرية الشعبية,الدمام,تراثي / ثقافي,https://maps.app.goo.gl/oNadKmXoFmk9e4Di9,Ci9DQUlRQUNvZENodHljRjlvT2pSbVdTMDNYM2RxY0UxdlJGaEhVV1F0Ym1KS1ZYYxAB,Mohammad Jahangir,https://www.google.com/maps/contrib/116272687670374839166/reviews?hl=en,5,6 months ago,,False,True,False,2026-09-25
P02,القرية الشعبية,الدمام,تراثي / ثقافي,https://maps.app.goo.gl/oNadKmXoFmk9e4Di9,Ci9DQUlRQUNvZENodHljRjlvT2psMVdWaE9iazV6ZUd0S1ZtTTVkbU5CYkVWZmEyYxAB,محمد زاهر,https://www.google.com/maps/contrib/112738072365415536502/reviews?hl=en,5,6 months ago,جيد,True,True,False,2026-09-25
P02,القرية الشعبية,الدمام,تراثي / ثقافي,https://maps.app.goo.gl/oNadKmXoFmk9e4Di9,Ci9DQUlRQUNvZENodHljRjlvT2pGeFNGTnBiMUJFUWs5aU4xTkRZM2xpZG5aclZFRRAB,نبيل محمد سلاط,https://www.google.com/maps/contrib/101432161379026072740/reviews?hl=en,5,6 months ago,الا بروح مع الوالدين ينتبه ليهم لانه سوف يبكون من زمان الجميل ولازم يذكروا أحد من الماضي,True,True,False,2026-09-25
P02,القرية الشعبية,الدمام,تراثي / ثقافي,https://maps.app.goo.gl/oNadKmXoFmk9e4Di9,Ci9DQUlRQUNvZENodHljRjlvT2toTFZGTldRMTlGVEc4eldrVmpZMnhrVFZONFpXYxAB,عبد العزيز الكحلاني,https://www.google.com/maps/contrib/104561433120152423623/reviews?hl=en,4,6 months ago,,False,True,False,2026-09-25
P02,القرية الشعبية,الدمام,تراثي / ثقافي,https://maps.app.goo.gl/oNadKmXoFmk9e4Di9,Ci9DQUlRQUNvZENodHljRjlvT21wRlRYSjZlamt0Yld4R2RVaHhibFJ1UWxaM1VrRRAB,Sultan T,https://www.google.com/maps/contrib/105288827789056679987/reviews?hl=en,3,6 months ago,,False,True,False,2026-09-25
P02,القرية الشعبية,الدمام,تراثي / ثقافي,https://maps.app.goo.gl/oNadKmXoFmk9e4Di9,Ci9DQUlRQUNvZENodHljRjlvT2pCMGJXWlRhazgzWDJWMVYxQkZRV28wV1RWaldtYxAB,Ramy Naber,https://www.google.com/maps/contrib/110948210854122362590/reviews?hl=en,4,6 months ago,,False,True,False,2026-09-25
P02,القرية الشعبية,الدمام,تراثي / ثقافي,https://maps.app.goo.gl/oNadKmXoFmk9e4Di9,Ci9DQUlRQUNvZENodHljRjlvT2xoMVRFdGhPRGRRWkZWRFVHOUdNV010T0Zsb1dsRRAB,Mona Al,https://www.google.com/maps/contrib/103483535210226107822/reviews?hl=en,5,6 months ago,"One of the most beautiful places, well worth a visit. We spent a wonderful day there, surrounded by heritage sites, a packed museum, and delicious food. Every penny was well spent, not to mention the warm welcome and hospitality.",True,False,False,2026-09-25
P02,القرية الشعبية,الدمام,تراثي / ثقافي,https://maps.app.goo.gl/oNadKmXoFmk9e4Di9,Ci9DQUlRQUNvZENodHljRjlvT2xCZmRXNVJaRVpxUTNSd2FXeFBjWGxyYWtGQlpWRRAB,ابو سلمان,https://www.google.com/maps/contrib/104231340679870357922/reviews?hl=en,5,6 months ago,,False,True,False,2026-09-25
P02,القرية الشعبية,الدمام,تراثي / ثقافي,https://maps.app.goo.gl/oNadKmXoFmk9e4Di9,Ci9DQUlRQUNvZENodHljRjlvT2pWS2RXbDZNRVp5UlMxdlZsZENkVUUyWVRGUFdFRRAB,abdulaziz dossary,https://www.google.com/maps/contrib/106448879669214928263/reviews?hl=en,5,6 months ago,,False,True,False,2026-09-25
P02,القرية الشعبية,الدمام,تراثي / ثقافي,https://maps.app.goo.gl/oNadKmXoFmk9e4Di9,Ci9DQUlRQUNvZENodHljRjlvT21wb1JrNXpZMVZEY0RJd05qRmxjRWszVFVKZmJGRRAB,Salih DURAN,https://www.google.com/maps/contrib/109067046499332314492/reviews?hl=en,5,6 months ago,I honestly didn't think there would be such a diverse and beautiful collection; I really liked it when I saw it.,True,False,False,2026-09-25
P02,القرية الشعبية,الدمام,تراثي / ثقافي,https://maps.app.goo.gl/oNadKmXoFmk9e4Di9,Ci9DQUlRQUNvZENodHljRjlvT21GWlNuVkpjbE51YTNwNk5YazJkRlJWUmw5dVZGRRAB,Mohammed Alshehri,https://www.google.com/maps/contrib/104994146503565672252/reviews?hl=en,5,6 months ago,,False,True,False,2026-09-25
P02,القرية الشعبية,الدمام,تراثي / ثقافي,https://maps.app.goo.gl/oNadKmXoFmk9e4Di9,Ci9DQUlRQUNvZENodHljRjlvT21sMVprOWhhblJRVGtaSVpHOXdibVYwYWpOSFoyYxAB,Mohamed Saied,https://www.google.com/maps/contrib/101372644211908777538/reviews?hl=en,5,6 months ago,Excellent and suitable for families,True,False,False,2026-09-25
P02,القرية الشعبية,الدمام,تراثي / ثقافي,https://maps.app.goo.gl/oNadKmXoFmk9e4Di9,Ci9DQUlRQUNvZENodHljRjlvT2toUU1WaEJSell3Y1ZwTVRVdHBNMFJxVkRScE5WRRAB,ادريس الردفاني,https://www.google.com/maps/contrib/111244312820215234516/reviews?hl=en,5,6 months ago,مكان جميل,True,True,False,2026-09-25
P02,القرية الشعبية,الدمام,تراثي / ثقافي,https://maps.app.goo.gl/oNadKmXoFmk9e4Di9,Ci9DQUlRQUNvZENodHljRjlvT25CdWFIUTBOVFpGWjFKNGFrcFRSMlZxVnpWdGExRRAB,اشرف الجميل,https://www.google.com/maps/contrib/114962431939478207159/reviews?hl=en,5,6 months ago,,False,True,False,2026-09-25
P02,القرية الشعبية,الدمام,تراثي / ثقافي,https://maps.app.goo.gl/oNadKmXoFmk9e4Di9,Ci9DQUlRQUNvZENodHljRjlvT2tGV1IyRTVOR3A0U2xwNU5WSkxhVmhsTlZCR05IYxAB,Abdul Mohsin,https://www.google.com/maps/contrib/118277918525305123277/reviews?hl=en,3,6 months ago,,False,True,False,2026-09-25
P02,القرية الشعبية,الدمام,تراثي / ثقافي,https://maps.app.goo.gl/oNadKmXoFmk9e4Di9,ChdDSUhNMG9nS0VJQ0FnSURoa3VHWHRBRRAB,ناصر سالم الدرعي,https://www.google.com/maps/contrib/100345567130978877608/reviews?hl=en,3,Edited 6 months ago,,False,True,False,2026-09-25
P02,القرية الشعبية,الدمام,تراثي / ثقافي,https://maps.app.goo.gl/oNadKmXoFmk9e4Di9,Ci9DQUlRQUNvZENodHljRjlvT25WYU9Fa3hObTlYUW05MlgxQnpiM0JPVG5wU1dIYxAB,معتز الدوسري,https://www.google.com/maps/contrib/106475280231687044550/reviews?hl=en,5,6 months ago,,False,True,False,2026-09-25
P02,القرية الشعبية,الدمام,تراثي / ثقافي,https://maps.app.goo.gl/oNadKmXoFmk9e4Di9,Ci9DQUlRQUNvZENodHljRjlvT2tkUlEySlRUazl5WTBka1dUbGhPRkZSYlRkVE5uYxAB,ليث أبو رعد,https://www.google.com/maps/contrib/114001877154699222162/reviews?hl=en,4,6 months ago,,False,True,False,2026-09-25
P02,القرية الشعبية,الدمام,تراثي / ثقافي,https://maps.app.goo.gl/oNadKmXoFmk9e4Di9,Ci9DQUlRQUNvZENodHljRjlvT2s1aWFuVTRhSEIzTVRWNk1qaFhXVXRoV21VMVluYxAB,FROMA,https://www.google.com/maps/contrib/101843782038980671826/reviews?hl=en,5,6 months ago,"I'm so excited for it! I'll be there during the holidays, God willing! I saw it on Amira's Snapchats.",True,False,False,2026-09-25
P02,القرية الشعبية,الدمام,تراثي / ثقافي,https://maps.app.goo.gl/oNadKmXoFmk9e4Di9,Ci9DQUlRQUNvZENodHljRjlvT21aUFVGTkdRamRqZFZSTlUwcDVRVGRqTkMxblEyYxAB,زكريا علي,https://www.google.com/maps/contrib/114226274863602452708/reviews?hl=en,5,6 months ago,,False,True,False,2026-09-25
P02,القرية الشعبية,الدمام,تراثي / ثقافي,https://maps.app.goo.gl/oNadKmXoFmk9e4Di9,Ci9DQUlRQUNvZENodHljRjlvT21wTU0yNW1OazFCZGpaNlJVOTBZVnBsV1VsbmFFRRAB,Smooore Eltayeb,https://www.google.com/maps/contrib/102166792619970421784/reviews?hl=en,5,6 months ago,,False,True,False,2026-09-25
P02,القرية الشعبية,الدمام,تراثي / ثقافي,https://maps.app.goo.gl/oNadKmXoFmk9e4Di9,ChZDSUhNMG9nS0VJQ0FnSURDbDhDNUZ3EAE,ابو سعيد,https://www.google.com/maps/contrib/103377084780275350496/reviews?hl=en,5,Edited 6 months ago,A quiet and beautiful place,True,False,False,2026-09-25
P02,القرية الشعبية,الدمام,تراثي / ثقافي,https://maps.app.goo.gl/oNadKmXoFmk9e4Di9,Ci9DQUlRQUNvZENodHljRjlvT2s5T2NGSm9OVzFHVTFOVldVaDZjblpPTVZGRldVRRAB,القهيدان رياض التميمي,https://www.google.com/maps/contrib/110963379095342466726/reviews?hl=en,5,6 months ago,"A beautiful, comprehensive, and complete place with delicious food.",True,False,False,2026-09-25
P02,القرية الشعبية,الدمام,تراثي / ثقافي,https://maps.app.goo.gl/oNadKmXoFmk9e4Di9,Ci9DQUlRQUNvZENodHljRjlvT21aTmFtaEJiekEwUVhKcGFuQklaR0ZJVDFGb1RXYxAB,عابد ابراهيم,https://www.google.com/maps/contrib/108839453950977759302/reviews?hl=en,3,6 months ago,الدخول غالي مو كل الناس تقدر تدفع .. المطعم الاكل الصدق ممتاز .. بالنسبة للطلبات الخارجية تأخير في إنجاز الطلبات والعمال حايسين مو عارفين ينجزون الطلبات بسهوله,True,True,False,2026-09-25
P02,القرية الشعبية,الدمام,تراثي / ثقافي,https://maps.app.goo.gl/oNadKmXoFmk9e4Di9,Ci9DQUlRQUNvZENodHljRjlvT2w5cGEzUTRjMVJFVHpaRlJIcExaWEV5VUU5VFZrRRAB,Reham Alsayahi,https://www.google.com/maps/contrib/100292545569769097688/reviews?hl=en,4,6 months ago,معلم سياحي جميل واجواء تراثية مميزة ، حظينا بحضور سحور كليات الأصالة واعجبنا بالتنظيم ..,True,True,False,2026-09-25
P02,القرية الشعبية,الدمام,تراثي / ثقافي,https://maps.app.goo.gl/oNadKmXoFmk9e4Di9,Ci9DQUlRQUNvZENodHljRjlvT201NE1GZEJWalY0Ym5CVVNWZFFPRkJOVFdkcU1sRRAB,سامي الشمراني,https://www.google.com/maps/contrib/101328996470969150755/reviews?hl=en,5,6 months ago,Zain's dealings,True,False,False,2026-09-25
P02,القرية الشعبية,الدمام,تراثي / ثقافي,https://maps.app.goo.gl/oNadKmXoFmk9e4Di9,Ci9DQUlRQUNvZENodHljRjlvT2pKSloxSlBTVEZVYVdOd2VUY3paMkkzWlRneFNGRRAB,Bandar Almalki,https://www.google.com/maps/contrib/108498992674166677477/reviews?hl=en,4,6 months ago,,False,True,False,2026-09-25
P02,القرية الشعبية,الدمام,تراثي / ثقافي,https://maps.app.goo.gl/oNadKmXoFmk9e4Di9,Ci9DQUlRQUNvZENodHljRjlvT2xGM1lWRmhiVjlLWVd4MmVYZGpWbFJ6VGtsR1MxRRAB,مهند عبدالعزيز,https://www.google.com/maps/contrib/107485723705909908138/reviews?hl=en,5,6 months ago,"👀🔥
Do you know where to find a truly refreshing breakfast? …",True,False,True,2026-09-25
P02,القرية الشعبية,الدمام,تراثي / ثقافي,https://maps.app.goo.gl/oNadKmXoFmk9e4Di9,Ci9DQUlRQUNvZENodHljRjlvT2tnelpraFZSMWR3VlV4S2MzcE5iVXgwVFZkSWQxRRAB,Muneerh,https://www.google.com/maps/contrib/101573234723246892918/reviews?hl=en,5,6 months ago,A traditional village with an atmosphere that takes you back to the past.,True,False,False,2026-09-25
P02,القرية الشعبية,الدمام,تراثي / ثقافي,https://maps.app.goo.gl/oNadKmXoFmk9e4Di9,Ci9DQUlRQUNvZENodHljRjlvT2sxeFMyNXFiVVkwVnkxTk1WUlBjVnA2UkhKSmJHYxAB,Saleh Ot,https://www.google.com/maps/contrib/103925773519707761165/reviews?hl=en,2,6 months ago,جاييين ٢ ونصف وزيادة شوية نبي ناخذ سحور سفري من بوابة ٢ يقول روح لبوابة ٤ اروح القاها مقفلة ارجع له يقول نقفل المطبخ ثلاث الا ربع . طيب انا عندكم قبلها !!!!!,True,True,False,2026-09-25
P02,القرية الشعبية,الدمام,تراثي / ثقافي,https://maps.app.goo.gl/oNadKmXoFmk9e4Di9,Ci9DQUlRQUNvZENodHljRjlvT2kxd1UyUnRNa28wYWtGUGJYSnlTMFpGZUVSVE9YYxAB,T A,https://www.google.com/maps/contrib/108836500536663463762/reviews?hl=en,4,6 months ago,,False,True,False,2026-09-25
P02,القرية الشعبية,الدمام,تراثي / ثقافي,https://maps.app.goo.gl/oNadKmXoFmk9e4Di9,Ci9DQUlRQUNvZENodHljRjlvT2xJNFJVNVlSSFZLVDJsc2JVbHNPR1l0VDBSZlpHYxAB,Mustafa Zaher,https://www.google.com/maps/contrib/115832514295960033407/reviews?hl=en,5,6 months ago,,False,True,False,2026-09-25
P02,القرية الشعبية,الدمام,تراثي / ثقافي,https://maps.app.goo.gl/oNadKmXoFmk9e4Di9,Ci9DQUlRQUNvZENodHljRjlvT21vMFFVWlJOVzlJTTI1cFpEZFljMVZtUkdWT2VYYxAB,ALHABIB TOURS,https://www.google.com/maps/contrib/110009081587717568021/reviews?hl=en,5,Edited 6 months ago,,False,True,False,2026-09-25
P02,القرية الشعبية,الدمام,تراثي / ثقافي,https://maps.app.goo.gl/oNadKmXoFmk9e4Di9,Ci9DQUlRQUNvZENodHljRjlvT214aGJ6VnNUV1IwTlZWU1dIZzBObVprTlZWRVFrRRAB,فهد,https://www.google.com/maps/contrib/117090124282117104828/reviews?hl=en,3,6 months ago,,False,True,False,2026-09-25
P02,القرية الشعبية,الدمام,تراثي / ثقافي,https://maps.app.goo.gl/oNadKmXoFmk9e4Di9,Ci9DQUlRQUNvZENodHljRjlvT2pkQ1dFdExVbTl1TFcxS2MyNWZjMjVCTmpGTFQzYxAB,حسن,https://www.google.com/maps/contrib/113504843517985876141/reviews?hl=en,5,6 months ago,,False,True,False,2026-09-25
P02,القرية الشعبية,الدمام,تراثي / ثقافي,https://maps.app.goo.gl/oNadKmXoFmk9e4Di9,Ci9DQUlRQUNvZENodHljRjlvT2tSaU0ydG5UMFkwZDFGWVkweDFjVjloYkhOTFFtYxAB,Peter Paul Belarmino,https://www.google.com/maps/contrib/110630254726751501893/reviews?hl=en,5,6 months ago,"The museum offered an engaging historical experience with well-curated exhibits, followed by a relaxing dining experience at the restaurant with exquisite food. It was a perfect blend of cultural enrichment and culinary pleasure of Saudi Arabia.",False,True,False,2026-09-25
P02,القرية الشعبية,الدمام,تراثي / ثقافي,https://maps.app.goo.gl/oNadKmXoFmk9e4Di9,Ci9DQUlRQUNvZENodHljRjlvT2xNd1RtZHNOM0p5UWpCc1owdG1Vekp1VUhGQlNuYxAB,‫قاسم خرمي (ابو القاسم)‬‎,https://www.google.com/maps/contrib/109973101437075439825/reviews?hl=en,3,6 months ago,Good 👍 …,True,False,True,2026-09-25
P02,القرية الشعبية,الدمام,تراثي / ثقافي,https://maps.app.goo.gl/oNadKmXoFmk9e4Di9,Ci9DQUlRQUNvZENodHljRjlvT2sxc2RqQTBNVVF6TUVaaGJVVkdUWE5WWVdaSWEzYxAB,افراح البناي,https://www.google.com/maps/contrib/101548500456873893036/reviews?hl=en,5,6 months ago,,False,True,False,2026-09-25
P02,القرية الشعبية,الدمام,تراثي / ثقافي,https://maps.app.goo.gl/oNadKmXoFmk9e4Di9,Ci9DQUlRQUNvZENodHljRjlvT2pGa1NUWm9NWE5NY0RKRlpubFdSa2xhV0dGTExXYxAB,omer balhabak,https://www.google.com/maps/contrib/109753619180867043830/reviews?hl=en,2,7 months ago,It's just a hype people are going for if you wanna change just go and visit the rest is normal and food it's normal,False,True,False,2026-09-25
P02,القرية الشعبية,الدمام,تراثي / ثقافي,https://maps.app.goo.gl/oNadKmXoFmk9e4Di9,Ci9DQUlRQUNvZENodHljRjlvT2tKRllsOU5jbDlYY3pKdWNGSkdkVXMxY1hSQlMwRRAB,ABDULLAH ALOWAYSHIZ,https://www.google.com/maps/contrib/112765808828800604600/reviews?hl=en,5,7 months ago,,False,True,False,2026-09-25
P02,القرية الشعبية,الدمام,تراثي / ثقافي,https://maps.app.goo.gl/oNadKmXoFmk9e4Di9,Ci9DQUlRQUNvZENodHljRjlvT25Oa2IzcHRTWEZMZVZScWRUSlVXRlpzWW1ORWNXYxAB,صالح الزهراني,https://www.google.com/maps/contrib/103295547671961657959/reviews?hl=en,5,7 months ago,,False,True,False,2026-09-25
P02,القرية الشعبية,الدمام,تراثي / ثقافي,https://maps.app.goo.gl/oNadKmXoFmk9e4Di9,Ci9DQUlRQUNvZENodHljRjlvT2kxUFdtdFVkSGR0TjNRdFYyWnZOV05LWkhsSlgyYxAB,Ahmed Alomary,https://www.google.com/maps/contrib/100255971853881692814/reviews?hl=en,5,7 months ago,,False,True,False,2026-09-25
P02,القرية الشعبية,الدمام,تراثي / ثقافي,https://maps.app.goo.gl/oNadKmXoFmk9e4Di9,Ci9DQUlRQUNvZENodHljRjlvT2xKeFN6WmFORmcwV0VkSk1VMU9UazAzTm0xWU1tYxAB,محمد رشاد,https://www.google.com/maps/contrib/110220849272293092052/reviews?hl=en,5,7 months ago,Beautiful and a wonderful idea,True,False,False,2026-09-25
P02,القرية الشعبية,الدمام,تراثي / ثقافي,https://maps.app.goo.gl/oNadKmXoFmk9e4Di9,Ci9DQUlRQUNvZENodHljRjlvT2kxcWRuUkRiMWxmYTNkNFNYcDBNMkZNU0ZwMFZuYxAB,Khaled Nasser,https://www.google.com/maps/contrib/101562073197164483308/reviews?hl=en,5,7 months ago,,False,True,False,2026-09-25
P02,القرية الشعبية,الدمام,تراثي / ثقافي,https://maps.app.goo.gl/oNadKmXoFmk9e4Di9,Ci9DQUlRQUNvZENodHljRjlvT2xKQmVXczFWV1pqYVY5SVV6RmpZVE5RZUdoVmIwRRAB,NF Naijme,https://www.google.com/maps/contrib/107412487017695946318/reviews?hl=en,5,7 months ago,,False,True,False,2026-09-25
P02,القرية الشعبية,الدمام,تراثي / ثقافي,https://maps.app.goo.gl/oNadKmXoFmk9e4Di9,Ci9DQUlRQUNvZENodHljRjlvT2s0MVFUTTFObEJKWjJkblZqWjFNVkl3TjA0eFIwRRAB,Ahmed Sharaf,https://www.google.com/maps/contrib/118355601829227692946/reviews?hl=en,5,7 months ago,Best traditional food in the area,False,True,False,2026-09-25
P02,القرية الشعبية,الدمام,تراثي / ثقافي,https://maps.app.goo.gl/oNadKmXoFmk9e4Di9,Ci9DQUlRQUNvZENodHljRjlvT2paVmFHOWxPVEp5VkVGMlJHbElObDlTWDA5VGVtYxAB,Francesco D'Ercole,https://www.google.com/maps/contrib/106026123752485552192/reviews?hl=en,5,7 months ago,,False,True,False,2026-09-25
P02,القرية الشعبية,الدمام,تراثي / ثقافي,https://maps.app.goo.gl/oNadKmXoFmk9e4Di9,Ci9DQUlRQUNvZENodHljRjlvT2pGcVluZFZUV0pOYzFGVmFVVkZkR2xMTlRCSmEyYxAB,Majed Dawas,https://www.google.com/maps/contrib/102442448121834959139/reviews?hl=en,4,7 months ago,Menu is expensive,False,True,False,2026-09-25
P02,القرية الشعبية,الدمام,تراثي / ثقافي,https://maps.app.goo.gl/oNadKmXoFmk9e4Di9,Ci9DQUlRQUNvZENodHljRjlvT2pCS1dISTFaV3RRV21SRU9GTTVYMFpKT1ZjM05YYxAB,الوكيل الدوليه,https://www.google.com/maps/contrib/103562067683633295130/reviews?hl=en,5,7 months ago,,False,True,False,2026-09-25
P02,القرية الشعبية,الدمام,تراثي / ثقافي,https://maps.app.goo.gl/oNadKmXoFmk9e4Di9,Ci9DQUlRQUNvZENodHljRjlvT21oaGJsRlFXRXB5WW5KblNUVkxUREYyUVRSNmQwRRAB,nadeen events,https://www.google.com/maps/contrib/118367507750032502276/reviews?hl=en,5,7 months ago,beautiful,True,False,False,2026-09-25
P02,القرية الشعبية,الدمام,تراثي / ثقافي,https://maps.app.goo.gl/oNadKmXoFmk9e4Di9,Ci9DQUlRQUNvZENodHljRjlvT21Sa1kzTXpYM2hHZGs1NmMyOVlPV2w0T0RoemMzYxAB,مصعب احمد,https://www.google.com/maps/contrib/115382335427891471057/reviews?hl=en,5,7 months ago,"It was a beautiful day.

The creativity was beyond imagination. …",True,False,True,2026-09-25
P02,القرية الشعبية,الدمام,تراثي / ثقافي,https://maps.app.goo.gl/oNadKmXoFmk9e4Di9,Ci9DQUlRQUNvZENodHljRjlvT2s1SU5WRTBUbGhDY0hjMVJVeGZja2R3ZW5CNlFYYxAB,Catecolamain,https://www.google.com/maps/contrib/106940510706862303159/reviews?hl=en,1,7 months ago,"If there were a rating lower than one star, I would have given it. It was a terrible experience and left a bitter taste in my mouth. A bill for two people for breakfast was 370 riyals just to find leftovers and scraps from other people's meals in an open buffet? I went an hour after Maghrib prayer to avoid the crowds. If the breakfast buffet was finished, why didn't they tell us at the door? Why make us pay 370 riyals to go in and eat other people's leftovers? If you're not capable of running an open buffet properly, why open it? The money you took from me and those who came in at the same time and after us is ill-gotten. You take money from people to come in and find empty trays with only cold leftovers! If you had turned us away at the door and said the breakfast buffet was closed, I would have accepted it. But to make us pay for this level of food! Leftovers! You embarrassed me in front of my companions. A feast of other people's leftovers and scraps! May God blacken your faces. And the money you took from me during this holy month for merchandise that you didn't even let me see and that you deceived me about is forbidden.",True,False,False,2026-09-25
P02,القرية الشعبية,الدمام,تراثي / ثقافي,https://maps.app.goo.gl/oNadKmXoFmk9e4Di9,Ci9DQUlRQUNvZENodHljRjlvT2pGelJsbFZVM05JYXpkaGJEaFdRbEZrYlZKT1NsRRAB,Nafil Abdulla,https://www.google.com/maps/contrib/104356184184006239863/reviews?hl=en,1,7 months ago,"Very poor service and hospitality from the staffs of the restaurant.

Not recommended",False,True,False,2026-09-25
P02,القرية الشعبية,الدمام,تراثي / ثقافي,https://maps.app.goo.gl/oNadKmXoFmk9e4Di9,Ci9DQUlRQUNvZENodHljRjlvT25OTk5rZG5lRTFNTWpFNVZVbEVXa2gwY1hscFpsRRAB,,https://www.google.com/maps/contrib/102898565364420256729/reviews?hl=en,5,7 months ago,,False,True,False,2026-09-25
P02,القرية الشعبية,الدمام,تراثي / ثقافي,https://maps.app.goo.gl/oNadKmXoFmk9e4Di9,Ci9DQUlRQUNvZENodHljRjlvT2xrMVkwVjZabHBrY2xSSU5WSXRibXhoUWpGVVNXYxAB,Belal Eissa,https://www.google.com/maps/contrib/110672650356168256962/reviews?hl=en,5,7 months ago,,False,True,False,2026-09-25
P02,القرية الشعبية,الدمام,تراثي / ثقافي,https://maps.app.goo.gl/oNadKmXoFmk9e4Di9,Ci9DQUlRQUNvZENodHljRjlvT2w5S09XVm1VRmhJZW0xcVFtd3hTRlV4VWtoT00yYxAB,Saif QH,https://www.google.com/maps/contrib/107904063759340652721/reviews?hl=en,5,7 months ago,"In my opinion, this is the best place to serve traditional Saudi dishes, and if you want to cook meat dishes, it's the best place to do so.",True,False,False,2026-09-25
P02,القرية الشعبية,الدمام,تراثي / ثقافي,https://maps.app.goo.gl/oNadKmXoFmk9e4Di9,Ci9DQUlRQUNvZENodHljRjlvT25KaWFWQjVlVGRPY1ZaeFZVWllSblphWWxWcFpGRRAB,aryo wicaksono,https://www.google.com/maps/contrib/108471826189459197988/reviews?hl=en,5,7 months ago,"Nice place with family and friends. Dinner after museum was just perfect. Staffs were very friendly. My father and mother were so happy with the traditional dress photo session. Make sure you do that, located at the corner of the ground floor.",False,True,False,2026-09-25
P02,القرية الشعبية,الدمام,تراثي / ثقافي,https://maps.app.goo.gl/oNadKmXoFmk9e4Di9,Ci9DQUlRQUNvZENodHljRjlvT2tKSldVRnlOVE0zWW14dk4xbFJiVUV5VjFvMU1sRRAB,عامر الشهري,https://www.google.com/maps/contrib/106970312749395586034/reviews?hl=en,5,7 months ago,,False,True,False,2026-09-25
P02,القرية الشعبية,الدمام,تراثي / ثقافي,https://maps.app.goo.gl/oNadKmXoFmk9e4Di9,Ci9DQUlRQUNvZENodHljRjlvT25WT1lXTTRRbVJaWkdoek16SlFPVGxCWkhKcVRuYxAB,Nas Alh,https://www.google.com/maps/contrib/107904512370601969426/reviews?hl=en,5,7 months ago,,False,True,False,2026-09-25
P02,القرية الشعبية,الدمام,تراثي / ثقافي,https://maps.app.goo.gl/oNadKmXoFmk9e4Di9,Ci9DQUlRQUNvZENodHljRjlvT25sNGN6TnJhM2RZZFVob1MyaEhTblJ3UldsaU9WRRAB,سعيد احمد,https://www.google.com/maps/contrib/113148093439980670184/reviews?hl=en,5,7 months ago,,False,True,False,2026-09-25
P02,القرية الشعبية,الدمام,تراثي / ثقافي,https://maps.app.goo.gl/oNadKmXoFmk9e4Di9,Ci9DQUlRQUNvZENodHljRjlvT20wMVJVdHRSV0pyUmpOVWFHbHFlbEp4VDB0MlZYYxAB,Khalid Al jabri,https://www.google.com/maps/contrib/116399697546847160736/reviews?hl=en,5,7 months ago,,False,True,False,2026-09-25
P02,القرية الشعبية,الدمام,تراثي / ثقافي,https://maps.app.goo.gl/oNadKmXoFmk9e4Di9,Ci9DQUlRQUNvZENodHljRjlvT2sxc1kyOVZhME4yVmpSNGJsa3lkblJaU0ZsNVdIYxAB,Medhat Khalil,https://www.google.com/maps/contrib/112835950192470797900/reviews?hl=en,5,7 months ago,,False,True,False,2026-09-25
P02,القرية الشعبية,الدمام,تراثي / ثقافي,https://maps.app.goo.gl/oNadKmXoFmk9e4Di9,Ci9DQUlRQUNvZENodHljRjlvT2xGS1dVd3RlR2hVT1VwRFEwUmljMmxQT0U5NldsRRAB,ABEER AN,https://www.google.com/maps/contrib/105824874905624401862/reviews?hl=en,4,7 months ago,,False,True,False,2026-09-25
P02,القرية الشعبية,الدمام,تراثي / ثقافي,https://maps.app.goo.gl/oNadKmXoFmk9e4Di9,Ci9DQUlRQUNvZENodHljRjlvT2tNd2EzQTNXbkpPY3pOMGJHaHRUVzFtY0ZreU5tYxAB,أسعد الغزواني,https://www.google.com/maps/contrib/115004198473808799486/reviews?hl=en,5,7 months ago,,False,True,False,2026-09-25
P02,القرية الشعبية,الدمام,تراثي / ثقافي,https://maps.app.goo.gl/oNadKmXoFmk9e4Di9,Ci9DQUlRQUNvZENodHljRjlvT2xsamFuaHRVV05hUW5oMlFsQTJSM0JmVVRoR1EyYxAB,Mo Khan,https://www.google.com/maps/contrib/116876822162325677236/reviews?hl=en,5,7 months ago,,False,True,False,2026-09-25
P02,القرية الشعبية,الدمام,تراثي / ثقافي,https://maps.app.goo.gl/oNadKmXoFmk9e4Di9,Ci9DQUlRQUNvZENodHljRjlvT2s5U2RVeElObTB6U0U5bmNrbHlSMFZuVjJkbGQyYxAB,Mogahed Ganem,https://www.google.com/maps/contrib/102731902224779607993/reviews?hl=en,5,7 months ago,,False,True,False,2026-09-25
P02,القرية الشعبية,الدمام,تراثي / ثقافي,https://maps.app.goo.gl/oNadKmXoFmk9e4Di9,Ci9DQUlRQUNvZENodHljRjlvT2tadFRUTk1XVWRpVFMxRFQwMTJaMWxMV21GQllVRRAB,Abdullah Awad,https://www.google.com/maps/contrib/103005365054985682530/reviews?hl=en,5,7 months ago,,False,True,False,2026-09-25
P02,القرية الشعبية,الدمام,تراثي / ثقافي,https://maps.app.goo.gl/oNadKmXoFmk9e4Di9,Ci9DQUlRQUNvZENodHljRjlvT2t4QlVUbFhXVEowY0dWd2RUVkdlVVpvTmpsblprRRAB,محمود خلف Mahmoud Khalaf,https://www.google.com/maps/contrib/103434936490284184299/reviews?hl=en,1,7 months ago,,False,True,False,2026-09-25
P02,القرية الشعبية,الدمام,تراثي / ثقافي,https://maps.app.goo.gl/oNadKmXoFmk9e4Di9,Ci9DQUlRQUNvZENodHljRjlvT2tST1NsSk9SQzB4WlVSS1lubFphMngzVEd0WWMxRRAB,عبدالقادر الحمدي,https://www.google.com/maps/contrib/114751567613661649182/reviews?hl=en,5,7 months ago,,False,True,False,2026-09-25
P02,القرية الشعبية,الدمام,تراثي / ثقافي,https://maps.app.goo.gl/oNadKmXoFmk9e4Di9,ChdDSUhNMG9nS0VJQ0FnSURDLTZfVTJ3RRAB,مستشار,https://www.google.com/maps/contrib/118421257446542658058/reviews?hl=en,3,Edited 7 months ago,,False,True,False,2026-09-25
P02,القرية الشعبية,الدمام,تراثي / ثقافي,https://maps.app.goo.gl/oNadKmXoFmk9e4Di9,Ci9DQUlRQUNvZENodHljRjlvT21KM1FrWTRkR3A2WVVSQ1JqUTBjWEozVmkxdFVHYxAB,sumon biswas,https://www.google.com/maps/contrib/110069271786274345457/reviews?hl=en,5,7 months ago,,False,True,False,2026-09-25
P02,القرية الشعبية,الدمام,تراثي / ثقافي,https://maps.app.goo.gl/oNadKmXoFmk9e4Di9,Ci9DQUlRQUNvZENodHljRjlvT2t4alpIWklhVlJ6T1VwNlgwSnlWRkJvZG1SaWRWRRAB,Mohammed Al-Saeed,,,7 months ago,Walk down the memory lane with Saudi old time Hertige museum...a must see..,False,True,False,2026-09-25
P02,القرية الشعبية,الدمام,تراثي / ثقافي,https://maps.app.goo.gl/oNadKmXoFmk9e4Di9,Ci9DQUlRQUNvZENodHljRjlvT2xVMlNFNUlUMGhqUlU1V09XNTBVVzV3UkVJeGFVRRAB,Mohammed Alshami,https://www.google.com/maps/contrib/104216931255443667309/reviews?hl=en,5,7 months ago,,False,True,False,2026-09-25
P02,القرية الشعبية,الدمام,تراثي / ثقافي,https://maps.app.goo.gl/oNadKmXoFmk9e4Di9,Ci9DQUlRQUNvZENodHljRjlvT21OVE1HSXphamhRWjJkclVuSnlRVXgzTlc4eFJrRRAB,Abdulrahman Buhaish (‫عبدالرحمن بهيش‬‎),https://www.google.com/maps/contrib/101109364883799362422/reviews?hl=en,3,7 months ago,,False,True,False,2026-09-25
P03,الواجهة البحرية,الدمام,كورنيش,https://maps.app.goo.gl/E5ZBjcN8sv3pc3Jh8,Ci9DQUlRQUNvZENodHljRjlvT2tkMVoyZE1jVUZZTkVnd1lWUjBSRzVOZDJSdVpWRRAB,حمد الدخيل,https://www.google.com/maps/contrib/102862616420617785462/reviews?hl=en,5,7 hours ago,,False,True,False,2026-09-25
P03,الواجهة البحرية,الدمام,كورنيش,https://maps.app.goo.gl/E5ZBjcN8sv3pc3Jh8,Ci9DQUlRQUNvZENodHljRjlvT2tOUVFYQlFSekZNV1ZaSVlVMDBibkYzTVZkUFRXYxAB,وليد,https://www.google.com/maps/contrib/113600857041981271158/reviews?hl=en,5,7 hours ago,,False,True,False,2026-09-25
P03,الواجهة البحرية,الدمام,كورنيش,https://maps.app.goo.gl/E5ZBjcN8sv3pc3Jh8,Ci9DQUlRQUNvZENodHljRjlvT2twcWVWUTVlbVZPVkdkd1RHY3hTalJXT1Rrd1FVRRAB,محمد الجعمي,https://www.google.com/maps/contrib/106541768331965305183/reviews?hl=en,5,a day ago,مكان جميل وممتع قريب من جميع الخدمات ومواقف لا بأس بها رغم شحتها في وقت الزحام رائع ومع مرور الوقت يتم تطويره أكثر وأكثر,True,True,False,2026-09-25
P03,الواجهة البحرية,الدمام,كورنيش,https://maps.app.goo.gl/E5ZBjcN8sv3pc3Jh8,Ci9DQUlRQUNvZENodHljRjlvT21GYVdrOU5iSEpvTkcxblowNVhOR3g0TkVKU05WRRAB,سالم محمد اليافعي,https://www.google.com/maps/contrib/108867650132397905347/reviews?hl=en,5,6 days ago,,False,True,False,2026-09-25
P03,الواجهة البحرية,الدمام,كورنيش,https://maps.app.goo.gl/E5ZBjcN8sv3pc3Jh8,Ci9DQUlRQUNvZENodHljRjlvT2xsR01sRTRWVGRxVWxkVE9GcHdUblF5WldGSlJsRRAB,Mohamed barakat1,https://www.google.com/maps/contrib/107217621668284862743/reviews?hl=en,3,6 days ago,جيد,True,True,False,2026-09-25
P03,الواجهة البحرية,الدمام,كورنيش,https://maps.app.goo.gl/E5ZBjcN8sv3pc3Jh8,Ci9DQUlRQUNvZENodHljRjlvT2xodloybzJURk0xV2xZeFNYVnpOVUp0Y1hSWlUzYxAB,حنان الغامدي,https://www.google.com/maps/contrib/106136036200000220879/reviews?hl=en,5,a week ago,,False,True,False,2026-09-25
P03,الواجهة البحرية,الدمام,كورنيش,https://maps.app.goo.gl/E5ZBjcN8sv3pc3Jh8,Ci9DQUlRQUNvZENodHljRjlvT21Oa2IzZGthRVIwVURORGRYaG9MVFp5Um5SMGNFRRAB,ابو درر القحطاني,https://www.google.com/maps/contrib/102537648023979535736/reviews?hl=en,4,2 weeks ago,,False,True,False,2026-09-25
P03,الواجهة البحرية,الدمام,كورنيش,https://maps.app.goo.gl/E5ZBjcN8sv3pc3Jh8,Ci9DQUlRQUNvZENodHljRjlvT25BNWNUUjBlVzk1Um1FMVJVUmxSbXBpZG1KUGRHYxAB,Adam Shafiey644,https://www.google.com/maps/contrib/118296126421940761886/reviews?hl=en,5,3 weeks ago,,False,True,False,2026-09-25
P03,الواجهة البحرية,الدمام,كورنيش,https://maps.app.goo.gl/E5ZBjcN8sv3pc3Jh8,Ci9DQUlRQUNvZENodHljRjlvT2xOMmJHNU9WM1EwU2toUWEwdGZSbUY2U1hkTFYxRRAB,فالح الشمري,https://www.google.com/maps/contrib/113753655544087923796/reviews?hl=en,5,3 weeks ago,,False,True,False,2026-09-25
P03,الواجهة البحرية,الدمام,كورنيش,https://maps.app.goo.gl/E5ZBjcN8sv3pc3Jh8,Ci9DQUlRQUNvZENodHljRjlvT2t0RVdUTllYekJsUVdwNFJUVmxWRzVFU1c5cFpsRRAB,راشــد _,https://www.google.com/maps/contrib/100463608136210558074/reviews?hl=en,3,4 weeks ago,,False,True,False,2026-09-25
P03,الواجهة البحرية,الدمام,كورنيش,https://maps.app.goo.gl/E5ZBjcN8sv3pc3Jh8,Ci9DQUlRQUNvZENodHljRjlvT2xwQ1RXbGtVVTVwUlcxRFUwSjJObmx2U2paMlJHYxAB,Eng. Ahmed AmrAllah,https://www.google.com/maps/contrib/111171136112302550068/reviews?hl=en,5,a month ago,,False,True,False,2026-09-25
P03,الواجهة البحرية,الدمام,كورنيش,https://maps.app.goo.gl/E5ZBjcN8sv3pc3Jh8,Ci9DQUlRQUNvZENodHljRjlvT2xsRU4zUklibFZvWmt0elNGbFdPRVZwZG1GeFZVRRAB,Kawther Habib,https://www.google.com/maps/contrib/116306850001983598090/reviews?hl=en,5,a month ago,رحت فترة هدوء مكان مريح,True,True,False,2026-09-25
P03,الواجهة البحرية,الدمام,كورنيش,https://maps.app.goo.gl/E5ZBjcN8sv3pc3Jh8,Ci9DQUlRQUNvZENodHljRjlvT2paclYzQmFlRUpsTVc0NWJtWm9XbWxwU25wT1pHYxAB,JUNED AHMED KHAN,https://www.google.com/maps/contrib/116019476028763830904/reviews?hl=en,5,a month ago,,False,True,False,2026-09-25
P03,الواجهة البحرية,الدمام,كورنيش,https://maps.app.goo.gl/E5ZBjcN8sv3pc3Jh8,Ci9DQUlRQUNvZENodHljRjlvT2paMFgyTnVYMDE1TmpCbVdVWkZlVlIwWDBkbVlYYxAB,Talib Ta,https://www.google.com/maps/contrib/108511926464508271243/reviews?hl=en,5,a month ago,,False,True,False,2026-09-25
P03,الواجهة البحرية,الدمام,كورنيش,https://maps.app.goo.gl/E5ZBjcN8sv3pc3Jh8,Ci9DQUlRQUNvZENodHljRjlvT2xaVlNYRmZSMjlGUkVaMlgzUjBiVU50TkhGUVpuYxAB,عزوز,https://www.google.com/maps/contrib/111085399113398485933/reviews?hl=en,5,a month ago,,False,True,False,2026-09-25
P03,الواجهة البحرية,الدمام,كورنيش,https://maps.app.goo.gl/E5ZBjcN8sv3pc3Jh8,Ci9DQUlRQUNvZENodHljRjlvT2tWNVQwSndZelp6T1UxbE1rTkhZV00wUldGa2RFRRAB,aeed ahmed,https://www.google.com/maps/contrib/116655184189536938177/reviews?hl=en,5,a month ago,,False,True,False,2026-09-25
P03,الواجهة البحرية,الدمام,كورنيش,https://maps.app.goo.gl/E5ZBjcN8sv3pc3Jh8,Ci9DQUlRQUNvZENodHljRjlvT2pacFgwSldWR0pmWmxvMFRuRlRNMmd5WWtkclFWRRAB,ابو محمد,https://www.google.com/maps/contrib/109154059832684509275/reviews?hl=en,5,a month ago,مكان جميل,True,True,False,2026-09-25
P03,الواجهة البحرية,الدمام,كورنيش,https://maps.app.goo.gl/E5ZBjcN8sv3pc3Jh8,Ci9DQUlRQUNvZENodHljRjlvT25saGRXeFVhRWRFU1VOclNEaE1NSGRDUTB4R09YYxAB,Aleem Saleem,https://www.google.com/maps/contrib/114346739527708987350/reviews?hl=en,5,2 months ago,One of the peacefull corniche in Dammam. Lovely place,False,True,False,2026-09-25
P03,الواجهة البحرية,الدمام,كورنيش,https://maps.app.goo.gl/E5ZBjcN8sv3pc3Jh8,Ci9DQUlRQUNvZENodHljRjlvT21Ob1l6RlRka1pzWTBsM2N6TlVRVXRDTWpSRU5uYxAB,Ali Alameer,https://www.google.com/maps/contrib/105917358953328954155/reviews?hl=en,5,2 months ago,مناسبه جدا,True,True,False,2026-09-25
P03,الواجهة البحرية,الدمام,كورنيش,https://maps.app.goo.gl/E5ZBjcN8sv3pc3Jh8,Ci9DQUlRQUNvZENodHljRjlvT21aWlJHcEVabmRhT1hKdk5ubFlOek5IYjA5dWJGRRAB,Mrzok Aljmaan,https://www.google.com/maps/contrib/112976707653505389281/reviews?hl=en,5,2 months ago,المكان جميل وهادئ,True,True,False,2026-09-25
P03,الواجهة البحرية,الدمام,كورنيش,https://maps.app.goo.gl/E5ZBjcN8sv3pc3Jh8,Ci9DQUlRQUNvZENodHljRjlvT2tndGVDMVpTM2hLTlVaeWNVMUtjbGhsU0dwWFNHYxAB,أبو خليل,https://www.google.com/maps/contrib/102408572212952419666/reviews?hl=en,5,2 months ago,,False,True,False,2026-09-25
P03,الواجهة البحرية,الدمام,كورنيش,https://maps.app.goo.gl/E5ZBjcN8sv3pc3Jh8,Ci9DQUlRQUNvZENodHljRjlvT2xoQ1RuVlBZMWs0UTJ4MVUwTkZaVzVGWlhSUlprRRAB,Dalal Alanizi,https://www.google.com/maps/contrib/115796742334724947002/reviews?hl=en,4,2 months ago,حلو ة جمله ورايقة وهدوء,True,True,False,2026-09-25
P03,الواجهة البحرية,الدمام,كورنيش,https://maps.app.goo.gl/E5ZBjcN8sv3pc3Jh8,Ci9DQUlRQUNvZENodHljRjlvT2tGUlNuVjRZMHBTTW5GclpXUTRjM2xHVW5vMFRIYxAB,Olla Abdallah,https://www.google.com/maps/contrib/101110087889401166775/reviews?hl=en,5,2 months ago,,False,True,False,2026-09-25
P03,الواجهة البحرية,الدمام,كورنيش,https://maps.app.goo.gl/E5ZBjcN8sv3pc3Jh8,Ci9DQUlRQUNvZENodHljRjlvT21SU1MxTjNZMjkxV1VReE9VUjFXbWx4WldzeVVsRRAB,Moktar,https://www.google.com/maps/contrib/115534034302252322226/reviews?hl=en,5,2 months ago,ما شاء الله يالمكان روعه,True,True,False,2026-09-25
P03,الواجهة البحرية,الدمام,كورنيش,https://maps.app.goo.gl/E5ZBjcN8sv3pc3Jh8,Ci9DQUlRQUNvZENodHljRjlvT2t4a1JXWldORGR1ZHpaNlJsbFFXRlp2YlhOUmFrRRAB,محمد صالح,https://www.google.com/maps/contrib/106571677038588748907/reviews?hl=en,5,2 months ago,جميلة,True,True,False,2026-09-25
P03,الواجهة البحرية,الدمام,كورنيش,https://maps.app.goo.gl/E5ZBjcN8sv3pc3Jh8,Ci9DQUlRQUNvZENodHljRjlvT205d1lreEROR2hNZFZWVVRYVTNlVlpWVmsxTVdXYxAB,محمد المزيني,https://www.google.com/maps/contrib/110243149210522344905/reviews?hl=en,5,2 months ago,,False,True,False,2026-09-25
P03,الواجهة البحرية,الدمام,كورنيش,https://maps.app.goo.gl/E5ZBjcN8sv3pc3Jh8,Ci9DQUlRQUNvZENodHljRjlvT21WamNITkViV3RpVVdaV2RqRnRRVWxZUlUwM01YYxAB,edrees,https://www.google.com/maps/contrib/116996771015557924781/reviews?hl=en,5,2 months ago,مكان جميل انصح فيه,True,True,False,2026-09-25
P03,الواجهة البحرية,الدمام,كورنيش,https://maps.app.goo.gl/E5ZBjcN8sv3pc3Jh8,Ci9DQUlRQUNvZENodHljRjlvT21sak4wbERiREUzY3pCUGVFVkZUMGxSVVdVM05IYxAB,حسن الحمدي,https://www.google.com/maps/contrib/114697484021901620017/reviews?hl=en,1,2 months ago,,False,True,False,2026-09-25
P03,الواجهة البحرية,الدمام,كورنيش,https://maps.app.goo.gl/E5ZBjcN8sv3pc3Jh8,ChZDSUhNMG9nS0VJQ0FnSUN4NFl2Ukl3EAE,عبدالله العصيمي,https://www.google.com/maps/contrib/117367286729810865541/reviews?hl=en,5,Edited 3 months ago,,False,True,False,2026-09-25
P03,الواجهة البحرية,الدمام,كورنيش,https://maps.app.goo.gl/E5ZBjcN8sv3pc3Jh8,Ci9DQUlRQUNvZENodHljRjlvT2xFelIyRmtRWFJHTFd0M1gwbzFYemx3TTA1UGEyYxAB,Ameen Rashdeh,https://www.google.com/maps/contrib/103252168163646670195/reviews?hl=en,1,3 months ago,سيئ جدا لا خدمات لا انارة لا حمامات,True,True,False,2026-09-25
P03,الواجهة البحرية,الدمام,كورنيش,https://maps.app.goo.gl/E5ZBjcN8sv3pc3Jh8,Ci9DQUlRQUNvZENodHljRjlvT2xWb09GVlRhbEJYUkRWaGRrdEtOWEppYTNGVlpHYxAB,بلال حرفوش,https://www.google.com/maps/contrib/117299784691559729865/reviews?hl=en,5,3 months ago,متنفس جميل للعوائل,True,True,False,2026-09-25
P03,الواجهة البحرية,الدمام,كورنيش,https://maps.app.goo.gl/E5ZBjcN8sv3pc3Jh8,Ci9DQUlRQUNvZENodHljRjlvT2xGNWJGcEZUa2xKVUdveFYyaFBPRjlyZFdOMU1sRRAB,Emad Lashen,https://www.google.com/maps/contrib/103042038943857904421/reviews?hl=en,5,3 months ago,رائعة جداً موقع مميز يسهل الوصول الية نظيف ومرتب,True,True,False,2026-09-25
P03,الواجهة البحرية,الدمام,كورنيش,https://maps.app.goo.gl/E5ZBjcN8sv3pc3Jh8,Ci9DQUlRQUNvZENodHljRjlvT2pNd1ltbHpaR0pJUjFGaFoxSjZla2xDTmtaQ2IzYxAB,MOHAMMED OMRAN,https://www.google.com/maps/contrib/102860274203890913027/reviews?hl=en,4,3 months ago,,False,True,False,2026-09-25
P03,الواجهة البحرية,الدمام,كورنيش,https://maps.app.goo.gl/E5ZBjcN8sv3pc3Jh8,Ci9DQUlRQUNvZENodHljRjlvT25jMmNWZGxZMmRzZWpOMFdXVldWM0k0YkhodGFsRRAB,سليمان الحداد -FM- SULAIMAN,https://www.google.com/maps/contrib/111744128614634082771/reviews?hl=en,5,3 months ago,,False,True,False,2026-09-25
P03,الواجهة البحرية,الدمام,كورنيش,https://maps.app.goo.gl/E5ZBjcN8sv3pc3Jh8,Ci9DQUlRQUNvZENodHljRjlvT2pOME5VNVphVzB3VVhwMU4waG5TbWh0V2xsSFJIYxAB,فضيات الزهراء,https://www.google.com/maps/contrib/108908366984409701854/reviews?hl=en,4,3 months ago,,False,True,False,2026-09-25
P03,الواجهة البحرية,الدمام,كورنيش,https://maps.app.goo.gl/E5ZBjcN8sv3pc3Jh8,Ci9DQUlRQUNvZENodHljRjlvT2twa1dYUkNjRlZUY1cxUFdHSmhSMEpJT0doNE5HYxAB,محمد يتيمي,https://www.google.com/maps/contrib/108088685619400717177/reviews?hl=en,1,3 months ago,,False,True,False,2026-09-25
P03,الواجهة البحرية,الدمام,كورنيش,https://maps.app.goo.gl/E5ZBjcN8sv3pc3Jh8,Ci9DQUlRQUNvZENodHljRjlvT21sSFNrTXlUM0JKVTIxdFNtUm5la3huTWtoNVQxRRAB,Rashad Almasri,https://www.google.com/maps/contrib/105040848607672887348/reviews?hl=en,5,3 months ago,,False,True,False,2026-09-25
P03,الواجهة البحرية,الدمام,كورنيش,https://maps.app.goo.gl/E5ZBjcN8sv3pc3Jh8,Ci9DQUlRQUNvZENodHljRjlvT2pReVRXRnhXVVJrZEVKZlQySnZabUpmYkhkdU5FRRAB,Abo Hamed,https://www.google.com/maps/contrib/103690369052057543312/reviews?hl=en,5,3 months ago,,False,True,False,2026-09-25
P03,الواجهة البحرية,الدمام,كورنيش,https://maps.app.goo.gl/E5ZBjcN8sv3pc3Jh8,Ci9DQUlRQUNvZENodHljRjlvT2xGemNVZ3lZVGx0VVhGUU5tUlVaVlpmVGsxd1dGRRAB,محمد المحمد,https://www.google.com/maps/contrib/111112990594213144764/reviews?hl=en,2,3 months ago,,False,True,False,2026-09-25
P03,الواجهة البحرية,الدمام,كورنيش,https://maps.app.goo.gl/E5ZBjcN8sv3pc3Jh8,Ci9DQUlRQUNvZENodHljRjlvT2tsdlJYSTJkVmRsZVdWeFFtSkZWR2g0Y2xsQ2JVRRAB,AMIR ALHUTABI,https://www.google.com/maps/contrib/100173223185659354396/reviews?hl=en,3,3 months ago,,False,True,False,2026-09-25
P03,الواجهة البحرية,الدمام,كورنيش,https://maps.app.goo.gl/E5ZBjcN8sv3pc3Jh8,Ci9DQUlRQUNvZENodHljRjlvT2tONWEzQk9TR1JGTTBjNE5qYzNSSEZXUzBvNFNtYxAB,محمد هرهره,https://www.google.com/maps/contrib/107786800158265264825/reviews?hl=en,5,4 months ago,,False,True,False,2026-09-25
P03,الواجهة البحرية,الدمام,كورنيش,https://maps.app.goo.gl/E5ZBjcN8sv3pc3Jh8,Ci9DQUlRQUNvZENodHljRjlvT2t4dU1WVkZNemhYUlhwSVVHbHdWaTFOZG5GbFJYYxAB,Salem Sultan,https://www.google.com/maps/contrib/101820633374392206154/reviews?hl=en,3,4 months ago,المكان هادئ وغير مزحوم وجزء منه تحت الصيانة لكن موقعه المقابل لجزيرة المرجان يضفي عليه جمال خاص.,True,True,False,2026-09-25
P03,الواجهة البحرية,الدمام,كورنيش,https://maps.app.goo.gl/E5ZBjcN8sv3pc3Jh8,Ci9DQUlRQUNvZENodHljRjlvT2twdWJuaGZVMFp5Y2kxWWMyRTRlR0V3YTB4cGNGRRAB,محمد البقمي,https://www.google.com/maps/contrib/112030748521719290944/reviews?hl=en,5,4 months ago,,False,True,False,2026-09-25
P03,الواجهة البحرية,الدمام,كورنيش,https://maps.app.goo.gl/E5ZBjcN8sv3pc3Jh8,Ci9DQUlRQUNvZENodHljRjlvT2pBdFF6aHlOVTA1ZGxkM1EweDRkbDgyUVVVdFMxRRAB,معتصم يفوز,https://www.google.com/maps/contrib/107429025808091846958/reviews?hl=en,5,4 months ago,مكان هادى وجميل مره حلو,True,True,False,2026-09-25
P03,الواجهة البحرية,الدمام,كورنيش,https://maps.app.goo.gl/E5ZBjcN8sv3pc3Jh8,Ci9DQUlRQUNvZENodHljRjlvT25SWFNETnNOMFJDVlc4MlFVZG9NblIyYldaSFZIYxAB,غرم سعد ال حاقان,https://www.google.com/maps/contrib/102768145412388350999/reviews?hl=en,5,4 months ago,,False,True,False,2026-09-25
P03,الواجهة البحرية,الدمام,كورنيش,https://maps.app.goo.gl/E5ZBjcN8sv3pc3Jh8,Ci9DQUlRQUNvZENodHljRjlvT2psTE9XMVJWR1pKU0dkM2RtTk1NR3RyVEhKZmIwRRAB,hey guys the first time,https://www.google.com/maps/contrib/105252354452672749528/reviews?hl=en,2,4 months ago,يحتاج تطوير,True,True,False,2026-09-25
P03,الواجهة البحرية,الدمام,كورنيش,https://maps.app.goo.gl/E5ZBjcN8sv3pc3Jh8,Ci9DQUlRQUNvZENodHljRjlvT25aUGJqSTNPSGRvYWtOeU0yNTVkM2hGUTBkZk9YYxAB,Tahir Alhazoom,https://www.google.com/maps/contrib/115431281275895256936/reviews?hl=en,5,4 months ago,,False,True,False,2026-09-25
P03,الواجهة البحرية,الدمام,كورنيش,https://maps.app.goo.gl/E5ZBjcN8sv3pc3Jh8,Ci9DQUlRQUNvZENodHljRjlvT210RmMwdFRWRzVFUW0xTlpGaFhiVmxVZW5kRFoyYxAB,MOHAMED ِALMISRIY,https://www.google.com/maps/contrib/113769776846382805132/reviews?hl=en,5,4 months ago,,False,True,False,2026-09-25
P03,الواجهة البحرية,الدمام,كورنيش,https://maps.app.goo.gl/E5ZBjcN8sv3pc3Jh8,Ci9DQUlRQUNvZENodHljRjlvT2pBdFpIUXlTR1pWT0RGblQyTmtWa2R1TkVGNk1FRRAB,قناة عبدالهادي عرفة التعليمية,https://www.google.com/maps/contrib/112913735153812166243/reviews?hl=en,5,4 months ago,,False,True,False,2026-09-25
P03,الواجهة البحرية,الدمام,كورنيش,https://maps.app.goo.gl/E5ZBjcN8sv3pc3Jh8,Ci9DQUlRQUNvZENodHljRjlvT2pScGVFeFFiVlV6Y3pCcE1UUnpOR2R0TkRKTE1tYxAB,sas asa,https://www.google.com/maps/contrib/103377933295304389684/reviews?hl=en,5,4 months ago,,False,True,False,2026-09-25
P03,الواجهة البحرية,الدمام,كورنيش,https://maps.app.goo.gl/E5ZBjcN8sv3pc3Jh8,Ci9DQUlRQUNvZENodHljRjlvT21FMmMxVkhiaTA0TjJGQ2JYVk1MVlZEYVZCaVpIYxAB,عباس القيسي,https://www.google.com/maps/contrib/118322396680750735248/reviews?hl=en,5,4 months ago,,False,True,False,2026-09-25
P03,الواجهة البحرية,الدمام,كورنيش,https://maps.app.goo.gl/E5ZBjcN8sv3pc3Jh8,Ci9DQUlRQUNvZENodHljRjlvT2tOWU4yNXhkV2cwYVRKVGNrNWZVR0pyY0U1NVFtYxAB,كروم هزازي,https://www.google.com/maps/contrib/110478225656190929812/reviews?hl=en,5,4 months ago,روعه,True,True,False,2026-09-25
P03,الواجهة البحرية,الدمام,كورنيش,https://maps.app.goo.gl/E5ZBjcN8sv3pc3Jh8,Ci9DQUlRQUNvZENodHljRjlvT2xKbFRsWjNlR1puV2xKdlJGazBNa2RQVFZZNWNHYxAB,Tamer Moussa,https://www.google.com/maps/contrib/113617873892932206408/reviews?hl=en,5,4 months ago,,False,True,False,2026-09-25
P03,الواجهة البحرية,الدمام,كورنيش,https://maps.app.goo.gl/E5ZBjcN8sv3pc3Jh8,Ci9DQUlRQUNvZENodHljRjlvT21weE1WSnVZbEJ0VGkxa2FtUnJTMmxmTVRWU1IwRRAB,FAHAD ALSULAIH,https://www.google.com/maps/contrib/110199369092799233149/reviews?hl=en,5,4 months ago,,False,True,False,2026-09-25
P03,الواجهة البحرية,الدمام,كورنيش,https://maps.app.goo.gl/E5ZBjcN8sv3pc3Jh8,Ci9DQUlRQUNvZENodHljRjlvT2pKclRETmxhM0ZOYTJKV2JXeFJhbEJsU1RBNE9XYxAB,ابراهيم المحسن,https://www.google.com/maps/contrib/106803428201510864539/reviews?hl=en,5,5 months ago,رائع جدا,True,True,False,2026-09-25
P03,الواجهة البحرية,الدمام,كورنيش,https://maps.app.goo.gl/E5ZBjcN8sv3pc3Jh8,Ci9DQUlRQUNvZENodHljRjlvT2xJeE1XeDNiSFpXVDFOQll6ZzNSbTVWYmpKWmJuYxAB,عبدالسلام شمسان الدبعي,https://www.google.com/maps/contrib/105951023462200004986/reviews?hl=en,5,5 months ago,,False,True,False,2026-09-25
P03,الواجهة البحرية,الدمام,كورنيش,https://maps.app.goo.gl/E5ZBjcN8sv3pc3Jh8,Ci9DQUlRQUNvZENodHljRjlvT2pseUxXMDJTM2x0WlRKbVMyTkNTM0oxTmxkeU1HYxAB,bandar mst,https://www.google.com/maps/contrib/101849614287304429650/reviews?hl=en,5,5 months ago,,False,True,False,2026-09-25
P03,الواجهة البحرية,الدمام,كورنيش,https://maps.app.goo.gl/E5ZBjcN8sv3pc3Jh8,ChZDSUhNMG9nS0VJQ0FnSUMybVpTaUpREAE,ali al ahmari,https://www.google.com/maps/contrib/106703618369182606587/reviews?hl=en,5,Edited 5 months ago,كورنيش جميل للجسات العائلية ولعب الاطفال كان فطور رائع تقبل الله طاعتكم,True,True,False,2026-09-25
P03,الواجهة البحرية,الدمام,كورنيش,https://maps.app.goo.gl/E5ZBjcN8sv3pc3Jh8,Ci9DQUlRQUNvZENodHljRjlvT20xMFZuTjZOMDlUT0dSSVl6TjBUbHBYY1RKR1ZWRRAB,Meshal Aldosarry,https://www.google.com/maps/contrib/113662664443448454712/reviews?hl=en,5,5 months ago,مناسب للعائلات,True,True,False,2026-09-25
P03,الواجهة البحرية,الدمام,كورنيش,https://maps.app.goo.gl/E5ZBjcN8sv3pc3Jh8,Ci9DQUlRQUNvZENodHljRjlvT2tReFltZHhYM0ZOUjNSbFdtbGZaRnBYTWtkVmRVRRAB,Arman khan,https://www.google.com/maps/contrib/108543098429187246257/reviews?hl=en,5,5 months ago,,False,True,False,2026-09-25
P03,الواجهة البحرية,الدمام,كورنيش,https://maps.app.goo.gl/E5ZBjcN8sv3pc3Jh8,Ci9DQUlRQUNvZENodHljRjlvT20xdWFsaFVXRXN4VVVkMVFWUkxVamhUTVV4dGVYYxAB,Abo Ahmed,https://www.google.com/maps/contrib/107503512814499331489/reviews?hl=en,5,5 months ago,,False,True,False,2026-09-25
P03,الواجهة البحرية,الدمام,كورنيش,https://maps.app.goo.gl/E5ZBjcN8sv3pc3Jh8,Ci9DQUlRQUNvZENodHljRjlvT2tScmNWQTJUblZuYXpCbk4yMDBhSEYxV1hselRtYxAB,ابو الهيثم الجعمي,https://www.google.com/maps/contrib/111053918228892778270/reviews?hl=en,5,5 months ago,مكان اكثر من رائع,True,True,False,2026-09-25
P03,الواجهة البحرية,الدمام,كورنيش,https://maps.app.goo.gl/E5ZBjcN8sv3pc3Jh8,Ci9DQUlRQUNvZENodHljRjlvT2tGeE5VTlBNbWRPUmpkdmFUTmthRlI2U0hwc1ZuYxAB,أسواق نخبة المكان,https://www.google.com/maps/contrib/118037749785803941123/reviews?hl=en,5,5 months ago,,False,True,False,2026-09-25
P03,الواجهة البحرية,الدمام,كورنيش,https://maps.app.goo.gl/E5ZBjcN8sv3pc3Jh8,Ci9DQUlRQUNvZENodHljRjlvT2pCNFQycDRkVEJoWjBWaVVGVklUakI0TVdwTVkxRRAB,Amin Abdelkawi,https://www.google.com/maps/contrib/100833710275968222495/reviews?hl=en,5,5 months ago,مكان رائع للعائلات يمتزج فيه جمال الطبيعة والخضرة والاهتمام بكل التفاصيل,True,True,False,2026-09-25
P03,الواجهة البحرية,الدمام,كورنيش,https://maps.app.goo.gl/E5ZBjcN8sv3pc3Jh8,Ci9DQUlRQUNvZENodHljRjlvT21seVFtTkJPVGx2ZHpBeGJsVllja3RDY2xoS0xVRRAB,abo-battal,https://www.google.com/maps/contrib/115276498857302268049/reviews?hl=en,1,5 months ago,مكان جميل,True,True,False,2026-09-25
P03,الواجهة البحرية,الدمام,كورنيش,https://maps.app.goo.gl/E5ZBjcN8sv3pc3Jh8,Ci9DQUlRQUNvZENodHljRjlvT2xST01uUTBiWE5TT1dOV1JtRm1NMEpwYmpWbldGRRAB,Ahmed Abdulrahman,https://www.google.com/maps/contrib/106839117398377450429/reviews?hl=en,5,5 months ago,,False,True,False,2026-09-25
P03,الواجهة البحرية,الدمام,كورنيش,https://maps.app.goo.gl/E5ZBjcN8sv3pc3Jh8,Ci9DQUlRQUNvZENodHljRjlvT25OSVQycGljMjR5VVdoM1RGcHNkbnBUYkhkSWNuYxAB,عبدربه الجروي,https://www.google.com/maps/contrib/111949644781506077084/reviews?hl=en,5,5 months ago,,False,True,False,2026-09-25
P03,الواجهة البحرية,الدمام,كورنيش,https://maps.app.goo.gl/E5ZBjcN8sv3pc3Jh8,Ci9DQUlRQUNvZENodHljRjlvT2xaVGVISktiRk5xV0hka2RWZFZkRlpPYUdsVFlVRRAB,hussain ali,https://www.google.com/maps/contrib/107079506921342301413/reviews?hl=en,3,5 months ago,,False,True,False,2026-09-25
P03,الواجهة البحرية,الدمام,كورنيش,https://maps.app.goo.gl/E5ZBjcN8sv3pc3Jh8,Ci9DQUlRQUNvZENodHljRjlvT21KRVREVnZlRzVvTjBGSU5rczRhbTVhZGtSMlYwRRAB,Abdulmajeed Alzahrani,https://www.google.com/maps/contrib/106737127161370628970/reviews?hl=en,3,5 months ago,,False,True,False,2026-09-25
P03,الواجهة البحرية,الدمام,كورنيش,https://maps.app.goo.gl/E5ZBjcN8sv3pc3Jh8,Ci9DQUlRQUNvZENodHljRjlvT2t0NWJFTmpaRk4zUjFkQlZIWkZYMDl4Y2xrMU9XYxAB,Mohd Hasnain,https://www.google.com/maps/contrib/107704821955621297175/reviews?hl=en,5,6 months ago,Good,False,True,False,2026-09-25
P03,الواجهة البحرية,الدمام,كورنيش,https://maps.app.goo.gl/E5ZBjcN8sv3pc3Jh8,Ci9DQUlRQUNvZENodHljRjlvT25GeFpVMXBjMFV5UkZGUlowRndiRVpIUTNrNVUzYxAB,Ahmed Hegazy,https://www.google.com/maps/contrib/104176059711757754716/reviews?hl=en,5,6 months ago,,False,True,False,2026-09-25
P03,الواجهة البحرية,الدمام,كورنيش,https://maps.app.goo.gl/E5ZBjcN8sv3pc3Jh8,Ci9DQUlRQUNvZENodHljRjlvT25OWU5WcHdNVjl6Tlhod1JuRnJkMVJUZDNWdE0yYxAB,رحال 2021,https://www.google.com/maps/contrib/110837260975147675805/reviews?hl=en,3,6 months ago,دورات مياة بعيده,True,True,False,2026-09-25
P03,الواجهة البحرية,الدمام,كورنيش,https://maps.app.goo.gl/E5ZBjcN8sv3pc3Jh8,Ci9DQUlRQUNvZENodHljRjlvT21obFJGVkNXbmRtUW1zelJFeExaVlpJWkdOTlNYYxAB,Moo Lee,https://www.google.com/maps/contrib/113290853329186538426/reviews?hl=en,5,6 months ago,,False,True,False,2026-09-25
P03,الواجهة البحرية,الدمام,كورنيش,https://maps.app.goo.gl/E5ZBjcN8sv3pc3Jh8,Ci9DQUlRQUNvZENodHljRjlvT25wTlNrMHpNbEpYYmtZMU56ZzVVMU42YVdjNVdrRRAB,Apple Key,https://www.google.com/maps/contrib/107930759891850466598/reviews?hl=en,5,6 months ago,Nice place,False,True,False,2026-09-25
P03,الواجهة البحرية,الدمام,كورنيش,https://maps.app.goo.gl/E5ZBjcN8sv3pc3Jh8,Ci9DQUlRQUNvZENodHljRjlvT2toWWFEQk1VVXhGVG14MFRYaDZOV05VUm5SUFIxRRAB,Amal Almusbahi,https://www.google.com/maps/contrib/106906620130884099232/reviews?hl=en,5,6 months ago,,False,True,False,2026-09-25
P03,الواجهة البحرية,الدمام,كورنيش,https://maps.app.goo.gl/E5ZBjcN8sv3pc3Jh8,Ci9DQUlRQUNvZENodHljRjlvT2psS2RrVk1NSGhrY1ZkS2RWWkhSMlJKZVV4elQwRRAB,wael well,https://www.google.com/maps/contrib/115870438435749702399/reviews?hl=en,5,6 months ago,,False,True,False,2026-09-25
P03,الواجهة البحرية,الدمام,كورنيش,https://maps.app.goo.gl/E5ZBjcN8sv3pc3Jh8,Ci9DQUlRQUNvZENodHljRjlvT2pONVEwNVlUM2xLYldWQ1puVkdZbk5sTTJsSGNsRRAB,Bandar Almalki,https://www.google.com/maps/contrib/108498992674166677477/reviews?hl=en,3,6 months ago,,False,True,False,2026-09-25
P03,الواجهة البحرية,الدمام,كورنيش,https://maps.app.goo.gl/E5ZBjcN8sv3pc3Jh8,Ci9DQUlRQUNvZENodHljRjlvT2pOdFV6RkxSalJsY0ZWTlNVZFhYMkZDTVVGaVIzYxAB,زينه الشهري,https://www.google.com/maps/contrib/112681106565339472964/reviews?hl=en,5,6 months ago,,False,True,False,2026-09-25
P03,الواجهة البحرية,الدمام,كورنيش,https://maps.app.goo.gl/E5ZBjcN8sv3pc3Jh8,Ci9DQUlRQUNvZENodHljRjlvT21KdFVESk5aRTFhTUZSM016ZFhhakpEVVZoUVdtYxAB,Fahd Alfahd,https://www.google.com/maps/contrib/101307409641310935126/reviews?hl=en,4,7 months ago,جميلة جدا,True,True,False,2026-09-25
P03,الواجهة البحرية,الدمام,كورنيش,https://maps.app.goo.gl/E5ZBjcN8sv3pc3Jh8,Ci9DQUlRQUNvZENodHljRjlvT2toeE9HSk1Oamh5TkRabU16QmxjRUZMWkZNNVgyYxAB,محمد العمودي,https://www.google.com/maps/contrib/102503244038974642445/reviews?hl=en,5,7 months ago,زحمة,True,True,False,2026-09-25
P03,الواجهة البحرية,الدمام,كورنيش,https://maps.app.goo.gl/E5ZBjcN8sv3pc3Jh8,Ci9DQUlRQUNvZENodHljRjlvT2t4YWMwSjVUR3hQYVhKUWMyUkVORFZ5VWpadFlVRRAB,Mohamed Sharif,https://www.google.com/maps/contrib/111188400967510049314/reviews?hl=en,4,7 months ago,,False,True,False,2026-09-25
P03,الواجهة البحرية,الدمام,كورنيش,https://maps.app.goo.gl/E5ZBjcN8sv3pc3Jh8,Ci9DQUlRQUNvZENodHljRjlvT2psa2J6WmtkVUZLWkdwSk9USkpTVFJyY3poVlpHYxAB,Sami,https://www.google.com/maps/contrib/100426796462657348795/reviews?hl=en,4,7 months ago,,False,True,False,2026-09-25
P03,الواجهة البحرية,الدمام,كورنيش,https://maps.app.goo.gl/E5ZBjcN8sv3pc3Jh8,Ci9DQUlRQUNvZENodHljRjlvT2paUGFrMVBVRTVtTFU5VE1sSkhSa3BLVEVzeE4yYxAB,ابو كنان,https://www.google.com/maps/contrib/107191052965912456734/reviews?hl=en,5,7 months ago,رايق ينقصه دورة المياه,True,True,False,2026-09-25
P03,الواجهة البحرية,الدمام,كورنيش,https://maps.app.goo.gl/E5ZBjcN8sv3pc3Jh8,Ci9DQUlRQUNvZENodHljRjlvT2xGWVFrcFROamN6U2pRMFFXUm5ZamxxZUU0NGQzYxAB,Nasser Al Qahtani (Tntao98),https://www.google.com/maps/contrib/107799796646981908401/reviews?hl=en,5,7 months ago,,False,True,False,2026-09-25
P03,الواجهة البحرية,الدمام,كورنيش,https://maps.app.goo.gl/E5ZBjcN8sv3pc3Jh8,Ci9DQUlRQUNvZENodHljRjlvT25wSFNqVnhNRTlPTkRaSlQxUlVhMGxSTTBkbVpuYxAB,Mohammad Osman,https://www.google.com/maps/contrib/103956159933113631320/reviews?hl=en,5,7 months ago,مناسبة للخروجات العائلية,True,True,False,2026-09-25
P03,الواجهة البحرية,الدمام,كورنيش,https://maps.app.goo.gl/E5ZBjcN8sv3pc3Jh8,Ci9DQUlRQUNvZENodHljRjlvT25WS1FUQXdWR0pPZVdkNGRrRTVNMFoyUnpodFIzYxAB,البدور البدور,https://www.google.com/maps/contrib/112877879779409205346/reviews?hl=en,5,7 months ago,رائعه,True,True,False,2026-09-25
P03,الواجهة البحرية,الدمام,كورنيش,https://maps.app.goo.gl/E5ZBjcN8sv3pc3Jh8,Ci9DQUlRQUNvZENodHljRjlvT2s0M1dVcG5RbGxGTW5GVGNXOVZWRmxQYmtoMGJVRRAB,ف,https://www.google.com/maps/contrib/100829113976917839532/reviews?hl=en,4,7 months ago,جيته باليل المكان رااااييق وجميل ونظيييف واضاءته هااادديية نقصت النجمة لان فيه اكثر من مية بسة بالمكان وانا اخاف منهن 🧎🏽‍♂️ …,True,True,True,2026-09-25
P03,الواجهة البحرية,الدمام,كورنيش,https://maps.app.goo.gl/E5ZBjcN8sv3pc3Jh8,Ci9DQUlRQUNvZENodHljRjlvT2sxclUyWk1ZMUZJUkY5eVFURm5OVVZ0UWtWSFVGRRAB,Resan jamil 3.0,https://www.google.com/maps/contrib/113648551903190185035/reviews?hl=en,5,7 months ago,,False,True,False,2026-09-25
P03,الواجهة البحرية,الدمام,كورنيش,https://maps.app.goo.gl/E5ZBjcN8sv3pc3Jh8,Ci9DQUlRQUNvZENodHljRjlvT2tWYWVIWjBWMGcwYzJRemNXVktlWHBWTjFCZlprRRAB,bandar saeed,https://www.google.com/maps/contrib/112294311333008296328/reviews?hl=en,4,7 months ago,ممتاز جدا ولكن اجزاء كبيرة تحت التطوير اعتقد بعد التطوير ستكون اجمل,True,True,False,2026-09-25
P03,الواجهة البحرية,الدمام,كورنيش,https://maps.app.goo.gl/E5ZBjcN8sv3pc3Jh8,Ci9DQUlRQUNvZENodHljRjlvT21GUVlVMTJRMnRVTjBWaVowSldWVzB5Tms1RldWRRAB,hosam mohamed,https://www.google.com/maps/contrib/107820459608557821606/reviews?hl=en,5,7 months ago,,False,True,False,2026-09-25
P03,الواجهة البحرية,الدمام,كورنيش,https://maps.app.goo.gl/E5ZBjcN8sv3pc3Jh8,Ci9DQUlRQUNvZENodHljRjlvT21ORWMzbGpSV295YTJWVVVWcDNZV1J3TldSRE0xRRAB,Talal Alghamdi,https://www.google.com/maps/contrib/106884860689167258089/reviews?hl=en,4,7 months ago,,False,True,False,2026-09-25
P03,الواجهة البحرية,الدمام,كورنيش,https://maps.app.goo.gl/E5ZBjcN8sv3pc3Jh8,Ci9DQUlRQUNvZENodHljRjlvT25Vd1QweDBTMFZxVGs1bFMwVmZRWHBLZEVwbVZrRRAB,Ahmed Sherif,https://www.google.com/maps/contrib/110595765198852491599/reviews?hl=en,5,8 months ago,,False,True,False,2026-09-25
P03,الواجهة البحرية,الدمام,كورنيش,https://maps.app.goo.gl/E5ZBjcN8sv3pc3Jh8,Ci9DQUlRQUNvZENodHljRjlvT2xOa2VIcFpOM2hsVTFaRFdFVXRTRXh0U3pGS05rRRAB,قليبي بن حمادين,https://www.google.com/maps/contrib/109394843456631671840/reviews?hl=en,5,8 months ago,,False,True,False,2026-09-25
P03,الواجهة البحرية,الدمام,كورنيش,https://maps.app.goo.gl/E5ZBjcN8sv3pc3Jh8,Ci9DQUlRQUNvZENodHljRjlvT2poc1RIbGpkRGxxVUVGclEzZFZOSFZyT1hCZmQwRRAB,RAY,https://www.google.com/maps/contrib/111501071513332897568/reviews?hl=en,5,8 months ago,,False,True,False,2026-09-25
P03,الواجهة البحرية,الدمام,كورنيش,https://maps.app.goo.gl/E5ZBjcN8sv3pc3Jh8,Ci9DQUlRQUNvZENodHljRjlvT2tKSWRHSlBhMXByTld3eVNsbEJXRGgzV0ZNNWNVRRAB,safsaf Shouk,https://www.google.com/maps/contrib/101479163682283010880/reviews?hl=en,5,8 months ago,,False,True,False,2026-09-25
P03,الواجهة البحرية,الدمام,كورنيش,https://maps.app.goo.gl/E5ZBjcN8sv3pc3Jh8,Ci9DQUlRQUNvZENodHljRjlvT2tKa1h6WkJUVTVzZUU1eVdIQkhiUzF0WldoNFRrRRAB,ابو كيان,https://www.google.com/maps/contrib/114680807814079503159/reviews?hl=en,5,8 months ago,مكان جميل وهادي,True,True,False,2026-09-25
P03,الواجهة البحرية,الدمام,كورنيش,https://maps.app.goo.gl/E5ZBjcN8sv3pc3Jh8,Ci9DQUlRQUNvZENodHljRjlvT2s4M1RHZHBVREJrZVZCVlQwMDBXbEJ0WkVseU1HYxAB,عبدالكريم الشراحيلي,https://www.google.com/maps/contrib/113443100661597079799/reviews?hl=en,5,8 months ago,المكان جميل ونظيف ينفع للعوائل,True,True,False,2026-09-25
P03,الواجهة البحرية,الدمام,كورنيش,https://maps.app.goo.gl/E5ZBjcN8sv3pc3Jh8,Ci9DQUlRQUNvZENodHljRjlvT2s1eGNqUXlTVkJKU0hsV1ExQkhOMTlLY3poVGFWRRAB,محمد التليدي,https://www.google.com/maps/contrib/116759648868057144064/reviews?hl=en,2,8 months ago,اغلبها مقفل,True,True,False,2026-09-25
P03,الواجهة البحرية,الدمام,كورنيش,https://maps.app.goo.gl/E5ZBjcN8sv3pc3Jh8,Ci9DQUlRQUNvZENodHljRjlvT25weldYWk9lWGs0UTFGNlZrWnJhbUZLVVVsbWRWRRAB,‫محمد ”‪MOHAMMED‬‏“ المنهالي‬‎,https://www.google.com/maps/contrib/102963759350375368833/reviews?hl=en,4,8 months ago,,False,True,False,2026-09-25
P03,الواجهة البحرية,الدمام,كورنيش,https://maps.app.goo.gl/E5ZBjcN8sv3pc3Jh8,Ci9DQUlRQUNvZENodHljRjlvT2twdU1IRlZXV1k1YURsNWJHeFNjemhaUTBvMmNXYxAB,S.A H.N,https://www.google.com/maps/contrib/114075166771612169178/reviews?hl=en,5,8 months ago,من أفضل امكان التنزه بمدينه الدمام انصح الجميع بزيارته,True,True,False,2026-09-25
P03,الواجهة البحرية,الدمام,كورنيش,https://maps.app.goo.gl/E5ZBjcN8sv3pc3Jh8,Ci9DQUlRQUNvZENodHljRjlvT2trNGVUVkRUMUV6UkV4Zk1WWkVVbkZSU0dOMGRuYxAB,Amani Alsawi,https://www.google.com/maps/contrib/113236423857327101641/reviews?hl=en,5,8 months ago,,False,True,False,2026-09-25
P03,الواجهة البحرية,الدمام,كورنيش,https://maps.app.goo.gl/E5ZBjcN8sv3pc3Jh8,Ci9DQUlRQUNvZENodHljRjlvT204d01VcERObVpOZVhOSFVGRXRkalJDVlRGNE1XYxAB,saad al-dossri,https://www.google.com/maps/contrib/110440216556645405573/reviews?hl=en,5,9 months ago,,False,True,False,2026-09-25
P03,الواجهة البحرية,الدمام,كورنيش,https://maps.app.goo.gl/E5ZBjcN8sv3pc3Jh8,Ci9DQUlRQUNvZENodHljRjlvT210ZlNYVXpORzEyWjB0T2RsSmxXWEIxYW5OdmIzYxAB,خليل السواري,https://www.google.com/maps/contrib/116638699986449273771/reviews?hl=en,5,9 months ago,,False,True,False,2026-09-25
P03,الواجهة البحرية,الدمام,كورنيش,https://maps.app.goo.gl/E5ZBjcN8sv3pc3Jh8,Ci9DQUlRQUNvZENodHljRjlvT2w5emJ6VkNRM0ZJUmtSeVMweFNaVUUyWlRGM1MzYxAB,شريف مصطفي الكاملي,https://www.google.com/maps/contrib/113190767272405657575/reviews?hl=en,5,9 months ago,شاطئ ومنتزه جميل وهادى ومكان مميز للعوايل,True,True,False,2026-09-25
P03,الواجهة البحرية,الدمام,كورنيش,https://maps.app.goo.gl/E5ZBjcN8sv3pc3Jh8,Ci9DQUlRQUNvZENodHljRjlvT2kxNFVFNXJObGR1TW5OdmFVTjBMVUZxTTFVM00xRRAB,A Altamimi,https://www.google.com/maps/contrib/118373559251530191804/reviews?hl=en,5,9 months ago,,False,True,False,2026-09-25
P03,الواجهة البحرية,الدمام,كورنيش,https://maps.app.goo.gl/E5ZBjcN8sv3pc3Jh8,Ci9DQUlRQUNvZENodHljRjlvT2pKdlpFVjNaMlZCTUZKV1dYcE5lbTVZWlhKWVIyYxAB,Waleed Suqi,https://www.google.com/maps/contrib/107549580705908259561/reviews?hl=en,5,9 months ago,,False,True,False,2026-09-25
P03,الواجهة البحرية,الدمام,كورنيش,https://maps.app.goo.gl/E5ZBjcN8sv3pc3Jh8,Ci9DQUlRQUNvZENodHljRjlvT25wUlZ6YzFiMEZJVnpNeU5UTmhOMWhaWm5aeE9YYxAB,nasser alshahrani,https://www.google.com/maps/contrib/114227004560263243747/reviews?hl=en,5,9 months ago,مكان هادي وممتاز,True,True,False,2026-09-25
P03,الواجهة البحرية,الدمام,كورنيش,https://maps.app.goo.gl/E5ZBjcN8sv3pc3Jh8,Ci9DQUlRQUNvZENodHljRjlvT21Zd04yaFpZMFpEU0ZnM2JXOVNibFU0VmpVMmFVRRAB,Maged Jasser,https://www.google.com/maps/contrib/100849284182791525322/reviews?hl=en,5,9 months ago,,False,True,False,2026-09-25
P03,الواجهة البحرية,الدمام,كورنيش,https://maps.app.goo.gl/E5ZBjcN8sv3pc3Jh8,Ci9DQUlRQUNvZENodHljRjlvT2pGelMxUlJkRkZaVDIxaFpsSm5Tbk5tYzE4NFltYxAB,Abo Fahad,https://www.google.com/maps/contrib/116846093806692012586/reviews?hl=en,1,9 months ago,لايوجد عمال نظافة كفاية والأوساخ بكل مكان خاصة البلاستيك مايؤثر على الحياة البيئية,True,True,False,2026-09-25
P03,الواجهة البحرية,الدمام,كورنيش,https://maps.app.goo.gl/E5ZBjcN8sv3pc3Jh8,Ci9DQUlRQUNvZENodHljRjlvT2toamMyTlNlRmhtWVdKUmMwUkhkMVZEWkU0NVNFRRAB,Danish Khan,https://www.google.com/maps/contrib/118387264053680512827/reviews?hl=en,5,9 months ago,,False,True,False,2026-09-25
P03,الواجهة البحرية,الدمام,كورنيش,https://maps.app.goo.gl/E5ZBjcN8sv3pc3Jh8,Ci9DQUlRQUNvZENodHljRjlvT2paMmRHOVBlazVmVEhjNFgwZDRSMTlPUmxCemNGRRAB,F TT,https://www.google.com/maps/contrib/107143231345184992890/reviews?hl=en,3,9 months ago,,False,True,False,2026-09-25
P03,الواجهة البحرية,الدمام,كورنيش,https://maps.app.goo.gl/E5ZBjcN8sv3pc3Jh8,Ci9DQUlRQUNvZENodHljRjlvT2s1RU0wSnlXbUpRYjFCdVpUZFlRVU5HWlVaVU1IYxAB,um khalil,https://www.google.com/maps/contrib/111483772152057487360/reviews?hl=en,5,9 months ago,,False,True,False,2026-09-25
P03,الواجهة البحرية,الدمام,كورنيش,https://maps.app.goo.gl/E5ZBjcN8sv3pc3Jh8,Ci9DQUlRQUNvZENodHljRjlvT2tGWWNUUm1PSGxFUlZKelVXZGtOREpIU1ROVlpYYxAB,sawsan AL-fehaid,https://www.google.com/maps/contrib/117258140926773707571/reviews?hl=en,5,9 months ago,,False,True,False,2026-09-25
P03,الواجهة البحرية,الدمام,كورنيش,https://maps.app.goo.gl/E5ZBjcN8sv3pc3Jh8,Ci9DQUlRQUNvZENodHljRjlvT200eFprRjVXbUZxVkdOaVkxZGlkRW94UVdKMlNrRRAB,Al King,https://www.google.com/maps/contrib/105456832039023679651/reviews?hl=en,5,9 months ago,اجواء💯💯 …,True,True,True,2026-09-25
P03,الواجهة البحرية,الدمام,كورنيش,https://maps.app.goo.gl/E5ZBjcN8sv3pc3Jh8,Ci9DQUlRQUNvZENodHljRjlvT2xCelQxZFFlWFowTW01UVUyeGxWazFzWWxCNGQyYxAB,محمد مفيد,https://www.google.com/maps/contrib/108474828955216921569/reviews?hl=en,5,9 months ago,جيد,True,True,False,2026-09-25
P03,الواجهة البحرية,الدمام,كورنيش,https://maps.app.goo.gl/E5ZBjcN8sv3pc3Jh8,Ci9DQUlRQUNvZENodHljRjlvT21KblVuWmxiV3RKV2xWc1VEaFhhRXhrTlhNNE0xRRAB,Naser Za,https://www.google.com/maps/contrib/100138826699641056353/reviews?hl=en,4,9 months ago,,False,True,False,2026-09-25
P03,الواجهة البحرية,الدمام,كورنيش,https://maps.app.goo.gl/E5ZBjcN8sv3pc3Jh8,Ci9DQUlRQUNvZENodHljRjlvT2xSc0xVZGpXVFZPV0VGVVJtOUNNMmhVYVV0b0xXYxAB,محمد قاسم,https://www.google.com/maps/contrib/116547650373683803405/reviews?hl=en,5,9 months ago,,False,True,False,2026-09-25
P03,الواجهة البحرية,الدمام,كورنيش,https://maps.app.goo.gl/E5ZBjcN8sv3pc3Jh8,Ci9DQUlRQUNvZENodHljRjlvT210Q1ZVYzBRMFF6TWtwMmFIWjZRVWd3ZVdVMk1HYxAB,رجا الشهراني,https://www.google.com/maps/contrib/110525567352660879144/reviews?hl=en,5,9 months ago,,False,True,False,2026-09-25
P03,الواجهة البحرية,الدمام,كورنيش,https://maps.app.goo.gl/E5ZBjcN8sv3pc3Jh8,Ci9DQUlRQUNvZENodHljRjlvT25KUGJFeGFNRFJtUTNJMVQyZElWVmd0YWxkVlkxRRAB,naandriver naandriver,https://www.google.com/maps/contrib/105401961626603537036/reviews?hl=en,5,10 months ago,,False,True,False,2026-09-25
P03,الواجهة البحرية,الدمام,كورنيش,https://maps.app.goo.gl/E5ZBjcN8sv3pc3Jh8,Ci9DQUlRQUNvZENodHljRjlvT2pKRU1IZG5iR0ZmVlZGdGFISmFhR0o0YUdkYVEzYxAB,محمد الجابري,https://www.google.com/maps/contrib/114899584237822529259/reviews?hl=en,5,10 months ago,,False,True,False,2026-09-25
P03,الواجهة البحرية,الدمام,كورنيش,https://maps.app.goo.gl/E5ZBjcN8sv3pc3Jh8,Ci9DQUlRQUNvZENodHljRjlvT2xkNFpHWkJVbWRXYVhKbmQxcDBTM1JvWTFWc1MxRRAB,Ahmed walid GH,https://www.google.com/maps/contrib/108893642279266969838/reviews?hl=en,4,10 months ago,,False,True,False,2026-09-25
P03,الواجهة البحرية,الدمام,كورنيش,https://maps.app.goo.gl/E5ZBjcN8sv3pc3Jh8,Ci9DQUlRQUNvZENodHljRjlvT2t0Qk9VcE5ZelZUZVhWUk4yTnhjelJRYVhGNU1GRRAB,حسابي يوم حسابي,https://www.google.com/maps/contrib/110917255062614911283/reviews?hl=en,1,10 months ago,"مكان اكثر من رائع لكن مليان غربان

واصوات نعب الغربان بشعه خصوصا في الصباح",True,True,False,2026-09-25
P03,الواجهة البحرية,الدمام,كورنيش,https://maps.app.goo.gl/E5ZBjcN8sv3pc3Jh8,Ci9DQUlRQUNvZENodHljRjlvT2t0TmJGRjBRWGxYYURGWlNucE5jV0pQUlY5QldsRRAB,ZIZ M,https://www.google.com/maps/contrib/116842562483542763079/reviews?hl=en,3,10 months ago,,False,True,False,2026-09-25
P03,الواجهة البحرية,الدمام,كورنيش,https://maps.app.goo.gl/E5ZBjcN8sv3pc3Jh8,Ci9DQUlRQUNvZENodHljRjlvT2t4WFdGWkJSVlF0YjBSTldtNXVTWEpyWVRCeFpsRRAB,Walode Kahled,https://www.google.com/maps/contrib/109623824604851572727/reviews?hl=en,5,10 months ago,,False,True,False,2026-09-25
P03,الواجهة البحرية,الدمام,كورنيش,https://maps.app.goo.gl/E5ZBjcN8sv3pc3Jh8,Ci9DQUlRQUNvZENodHljRjlvT2prMUxXOTRXSEowVVhkS1pHODNRbXN3WWxGcGFIYxAB,Ibrahim Altam,https://www.google.com/maps/contrib/100404156576980148670/reviews?hl=en,5,10 months ago,,False,True,False,2026-09-25
P03,الواجهة البحرية,الدمام,كورنيش,https://maps.app.goo.gl/E5ZBjcN8sv3pc3Jh8,Ci9DQUlRQUNvZENodHljRjlvT2xsUE5XZFpYM0pFZVhFeFFXWlpURjlWWVRjMmRHYxAB,مرشد سياحي,https://www.google.com/maps/contrib/116136605104863796584/reviews?hl=en,5,10 months ago,,False,True,False,2026-09-25
P03,الواجهة البحرية,الدمام,كورنيش,https://maps.app.goo.gl/E5ZBjcN8sv3pc3Jh8,Ci9DQUlRQUNvZENodHljRjlvT21wQmFtbEZkVWR0TFVkbGJrZzBlbXgzTkMxRFZVRRAB,Rafat Kukhon,https://www.google.com/maps/contrib/104853569368258746439/reviews?hl=en,5,10 months ago,,False,True,False,2026-09-25
P03,الواجهة البحرية,الدمام,كورنيش,https://maps.app.goo.gl/E5ZBjcN8sv3pc3Jh8,Ci9DQUlRQUNvZENodHljRjlvT21wbFZYQm1URkYwZEd0SldFeGZjV05rYW1wcVRtYxAB,احمد المجيدي,https://www.google.com/maps/contrib/107815874379011187725/reviews?hl=en,5,10 months ago,كرنيش الخبر افضل بكثير,True,True,False,2026-09-25
P03,الواجهة البحرية,الدمام,كورنيش,https://maps.app.goo.gl/E5ZBjcN8sv3pc3Jh8,Ci9DQUlRQUNvZENodHljRjlvT25wYWVuRnNkRmR6Y2pOa1VVeGZWMFJ0U1RobmNFRRAB,Khalid Jassim,https://www.google.com/maps/contrib/103440378060170532434/reviews?hl=en,4,10 months ago,,False,True,False,2026-09-25
P03,الواجهة البحرية,الدمام,كورنيش,https://maps.app.goo.gl/E5ZBjcN8sv3pc3Jh8,Ci9DQUlRQUNvZENodHljRjlvT2taV2RWSnFUM0ZqVGxSSVFsUmtUR0U1VmpWc01HYxAB,بندر الخيبري,https://www.google.com/maps/contrib/107076084250937330010/reviews?hl=en,5,10 months ago,,False,True,False,2026-09-25
P03,الواجهة البحرية,الدمام,كورنيش,https://maps.app.goo.gl/E5ZBjcN8sv3pc3Jh8,Ci9DQUlRQUNvZENodHljRjlvT2poZmVGcExRWEp6UkVOWlZFZzFlbEp2WVVWeFkyYxAB,Mustaq Ahmad,https://www.google.com/maps/contrib/102282523176990933079/reviews?hl=en,5,10 months ago,,False,True,False,2026-09-25
P03,الواجهة البحرية,الدمام,كورنيش,https://maps.app.goo.gl/E5ZBjcN8sv3pc3Jh8,Ci9DQUlRQUNvZENodHljRjlvT2pSc1ptaFZVRkZMYkMxV1pHcFNZVEpyWW04eWJXYxAB,A A,https://www.google.com/maps/contrib/110101537406372985863/reviews?hl=en,3,10 months ago,,False,True,False,2026-09-25
P03,الواجهة البحرية,الدمام,كورنيش,https://maps.app.goo.gl/E5ZBjcN8sv3pc3Jh8,Ci9DQUlRQUNvZENodHljRjlvT2pCUU4wMTVReTF4YlRscFVGZEhUM0pXUlVsNlVHYxAB,سعد,https://www.google.com/maps/contrib/107996139559887886167/reviews?hl=en,5,11 months ago,المكان اخر الليل رااااييييقققققق,True,True,False,2026-09-25
P03,الواجهة البحرية,الدمام,كورنيش,https://maps.app.goo.gl/E5ZBjcN8sv3pc3Jh8,Ci9DQUlRQUNvZENodHljRjlvT2xGWlYyaElkRTVGVUVJM05HUndXbFZhZFRFeFZHYxAB,Mahmo7d,https://www.google.com/maps/contrib/116090015399804160883/reviews?hl=en,5,11 months ago,أجمل كورنيش في الدمام بلا منازع 😍❤️ …,True,True,True,2026-09-25
P03,الواجهة البحرية,الدمام,كورنيش,https://maps.app.goo.gl/E5ZBjcN8sv3pc3Jh8,Ci9DQUlRQUNvZENodHljRjlvT2pkSFRtY3pPRlV6VG1Fek1uaGhiR3haV0V3NGIxRRAB,سامح بارحمة,https://www.google.com/maps/contrib/115089866481687487762/reviews?hl=en,5,11 months ago,,False,True,False,2026-09-25
P03,الواجهة البحرية,الدمام,كورنيش,https://maps.app.goo.gl/E5ZBjcN8sv3pc3Jh8,Ci9DQUlRQUNvZENodHljRjlvT2pKMk9GSTVRV05WT0dOaGJtTkpZbEl3U0RNNFVYYxAB,أحمد العطار Dimond,https://www.google.com/maps/contrib/112345359461913020496/reviews?hl=en,5,11 months ago,,False,True,False,2026-09-25
P03,الواجهة البحرية,الدمام,كورنيش,https://maps.app.goo.gl/E5ZBjcN8sv3pc3Jh8,Ci9DQUlRQUNvZENodHljRjlvT2t0WGRGbFNhMVZmVGxZM1VscGtWM3B2WjA1bFRsRRAB,Abdullah Al-Shahri,https://www.google.com/maps/contrib/102530459680365561648/reviews?hl=en,4,11 months ago,,False,True,False,2026-09-25
P03,الواجهة البحرية,الدمام,كورنيش,https://maps.app.goo.gl/E5ZBjcN8sv3pc3Jh8,Ci9DQUlRQUNvZENodHljRjlvT2xGd1QwOWFkQzF5Ym1GUFFYRkRhekZLUkVGaE1sRRAB,Faisalbilal1000 Faisalbilal1000,https://www.google.com/maps/contrib/112266955573162848758/reviews?hl=en,5,11 months ago,,False,True,False,2026-09-25
P03,الواجهة البحرية,الدمام,كورنيش,https://maps.app.goo.gl/E5ZBjcN8sv3pc3Jh8,Ci9DQUlRQUNvZENodHljRjlvT2s0dFFqSkxkRFp3V1VWaFdWTjVTekJ0TVVKVlMwRRAB,Ali Hazazi,https://www.google.com/maps/contrib/106768688208104649691/reviews?hl=en,5,11 months ago,,False,True,False,2026-09-25
P03,الواجهة البحرية,الدمام,كورنيش,https://maps.app.goo.gl/E5ZBjcN8sv3pc3Jh8,Ci9DQUlRQUNvZENodHljRjlvT2tWb1MwNUpOazE1TUVGSFRtMW9NelUzVjFKYWVsRRAB,جابر العبيدالله الفضلي,https://www.google.com/maps/contrib/110925310882456911047/reviews?hl=en,5,11 months ago,مكان جميل جداً,True,True,False,2026-09-25
P03,الواجهة البحرية,الدمام,كورنيش,https://maps.app.goo.gl/E5ZBjcN8sv3pc3Jh8,Ci9DQUlRQUNvZENodHljRjlvT2tvNE1XUkVaM0ExU1RCa2J6WlpNblJoYW5OS2NYYxAB,Yousef AlMarzooqi,https://www.google.com/maps/contrib/101363382303583438561/reviews?hl=en,4,11 months ago,,False,True,False,2026-09-25
P03,الواجهة البحرية,الدمام,كورنيش,https://maps.app.goo.gl/E5ZBjcN8sv3pc3Jh8,Ci9DQUlRQUNvZENodHljRjlvT2taMFJEVTJiR2RmTkhKS2JFWjZNMEYyUXpKMU1tYxAB,Hassan Sadreldin,https://www.google.com/maps/contrib/102538158430106115171/reviews?hl=en,5,11 months ago,Not enough cats,False,True,False,2026-09-25
P03,الواجهة البحرية,الدمام,كورنيش,https://maps.app.goo.gl/E5ZBjcN8sv3pc3Jh8,Ci9DQUlRQUNvZENodHljRjlvT21sR1ZDMUpZVGhHZEhOMWJuWjFhRkJhUm5kdlJFRRAB,حمدان ابو محمد,https://www.google.com/maps/contrib/115966875822516526964/reviews?hl=en,5,11 months ago,,False,True,False,2026-09-25
P03,الواجهة البحرية,الدمام,كورنيش,https://maps.app.goo.gl/E5ZBjcN8sv3pc3Jh8,Ci9DQUlRQUNvZENodHljRjlvT2tSa1l6bFZObXhtYVhKS2VWbFVXVTlxZGtnNE1GRRAB,Ksa Wanderbites,https://www.google.com/maps/contrib/107312185626859870883/reviews?hl=en,5,11 months ago,This place is great for hangout usually crowded.,False,True,False,2026-09-25
P03,الواجهة البحرية,الدمام,كورنيش,https://maps.app.goo.gl/E5ZBjcN8sv3pc3Jh8,Ci9DQUlRQUNvZENodHljRjlvT2xacFdVbHFieTA1YjFabVpreEZlak01T1VkS2VVRRAB,غريب الدار,https://www.google.com/maps/contrib/115810334744175613485/reviews?hl=en,4,11 months ago,مكان جميل,True,True,False,2026-09-25
P03,الواجهة البحرية,الدمام,كورنيش,https://maps.app.goo.gl/E5ZBjcN8sv3pc3Jh8,Ci9DQUlRQUNvZENodHljRjlvT2pWNlIyVnBSVEJPUTFSck5XVXpTVzVEZWtaWVVrRRAB,yehaiy M,https://www.google.com/maps/contrib/114386117500207708952/reviews?hl=en,5,Edited 11 months ago,اجمل مكان جميل جدا,True,True,False,2026-09-25
P03,الواجهة البحرية,الدمام,كورنيش,https://maps.app.goo.gl/E5ZBjcN8sv3pc3Jh8,Ci9DQUlRQUNvZENodHljRjlvT2todVpUaDNUSGxHVUU5emFIZG9iM0JJWVhVeE9GRRAB,Sszzcc Sszzcc,https://www.google.com/maps/contrib/109087828898958406476/reviews?hl=en,3,11 months ago,"👍

قيد الترتيب …",True,True,True,2026-09-25
P03,الواجهة البحرية,الدمام,كورنيش,https://maps.app.goo.gl/E5ZBjcN8sv3pc3Jh8,Ci9DQUlRQUNvZENodHljRjlvT2tFMVprSndTRXhJT0RKZmVVbHlWVGh0WWtoTGJGRRAB,A Google User,https://www.google.com/maps/contrib/110131952484069980832/reviews?hl=en,5,11 months ago,,False,True,False,2026-09-25
P03,الواجهة البحرية,الدمام,كورنيش,https://maps.app.goo.gl/E5ZBjcN8sv3pc3Jh8,Ci9DQUlRQUNvZENodHljRjlvT2poUlgyTkNWMFZaWlZrNFZVWnRRM0psV0c5eE0yYxAB,Mazen Rabea,https://www.google.com/maps/contrib/115200128258304030075/reviews?hl=en,5,11 months ago,,False,True,False,2026-09-25
P03,الواجهة البحرية,الدمام,كورنيش,https://maps.app.goo.gl/E5ZBjcN8sv3pc3Jh8,Ci9DQUlRQUNvZENodHljRjlvT2pjelQyOXhVVTFtUzNwUGNUZGllVGhFUjNSclZVRRAB,ALI ALQAHTANI,https://www.google.com/maps/contrib/104175601458402629483/reviews?hl=en,5,11 months ago,,False,True,False,2026-09-25
P03,الواجهة البحرية,الدمام,كورنيش,https://maps.app.goo.gl/E5ZBjcN8sv3pc3Jh8,Ci9DQUlRQUNvZENodHljRjlvT2xjd1FqSlhURzEyZVZNemNFUlZlWFpHYlRSdGVHYxAB,زوز الغامدي,https://www.google.com/maps/contrib/104561690149261334426/reviews?hl=en,5,11 months ago,مكان حلو  يناسب الصغار والكبار,True,True,False,2026-09-25
P03,الواجهة البحرية,الدمام,كورنيش,https://maps.app.goo.gl/E5ZBjcN8sv3pc3Jh8,Ci9DQUlRQUNvZENodHljRjlvT2xjM0xXWTVNWGQ1Vm5sQk0weHVUVzVJYXpkWVkzYxAB,أحمد موسى,https://www.google.com/maps/contrib/104607649103737152374/reviews?hl=en,5,11 months ago,,False,True,False,2026-09-25
P03,الواجهة البحرية,الدمام,كورنيش,https://maps.app.goo.gl/E5ZBjcN8sv3pc3Jh8,Ci9DQUlRQUNvZENodHljRjlvT2tGTmFETlhSRUppUkZCQ2FqQkpRbEp4VEU1UFQwRRAB,Abdulaziz Alwan,https://www.google.com/maps/contrib/107363107425745835463/reviews?hl=en,1,a year ago,,False,True,False,2026-09-25
P03,الواجهة البحرية,الدمام,كورنيش,https://maps.app.goo.gl/E5ZBjcN8sv3pc3Jh8,Ci9DQUlRQUNvZENodHljRjlvT21ad1preDRkbVYwU3psblRrdzBjakZZYVhoTWIyYxAB,‫أبو (إبراهيم)‬‎,https://www.google.com/maps/contrib/116898346958163478221/reviews?hl=en,5,a year ago,,False,True,False,2026-09-25
P03,الواجهة البحرية,الدمام,كورنيش,https://maps.app.goo.gl/E5ZBjcN8sv3pc3Jh8,Ci9DQUlRQUNvZENodHljRjlvT2poQk4yOXRabFpvV1hSaFRsTmZZMnRFTnpSNFJWRRAB,احمد الصالح,https://www.google.com/maps/contrib/101739953919974154803/reviews?hl=en,5,a year ago,,False,True,False,2026-09-25
P03,الواجهة البحرية,الدمام,كورنيش,https://maps.app.goo.gl/E5ZBjcN8sv3pc3Jh8,Ci9DQUlRQUNvZENodHljRjlvT25RelMzaEpWSFpmY0RRemVHVktaekpYUVUxUldGRRAB,محمد العطيه,https://www.google.com/maps/contrib/103099516244778409151/reviews?hl=en,5,a year ago,,False,True,False,2026-09-25
P03,الواجهة البحرية,الدمام,كورنيش,https://maps.app.goo.gl/E5ZBjcN8sv3pc3Jh8,Ci9DQUlRQUNvZENodHljRjlvT2xaNmMxcGtWVXB2VDJnNFJGRkZPSGxvWm5GRGFGRRAB,نغم,https://www.google.com/maps/contrib/107558830764558531492/reviews?hl=en,5,a year ago,جميله جدااااا,True,True,False,2026-09-25
P03,الواجهة البحرية,الدمام,كورنيش,https://maps.app.goo.gl/E5ZBjcN8sv3pc3Jh8,Ci9DQUlRQUNvZENodHljRjlvT2toQ05rNUxkbDkxZGw5MmEwOVhibWRFT1VSS2RXYxAB,Hesham Emran,https://www.google.com/maps/contrib/110793676704677853366/reviews?hl=en,5,a year ago,,False,True,False,2026-09-25
P03,الواجهة البحرية,الدمام,كورنيش,https://maps.app.goo.gl/E5ZBjcN8sv3pc3Jh8,Ci9DQUlRQUNvZENodHljRjlvT25KMWEwRTRZMUp5WWs1c2JXRmxhMWRUVUhOelVrRRAB,sami mohammed,https://www.google.com/maps/contrib/106527018861434382607/reviews?hl=en,5,a year ago,ممتاز,True,True,False,2026-09-25
P03,الواجهة البحرية,الدمام,كورنيش,https://maps.app.goo.gl/E5ZBjcN8sv3pc3Jh8,Ci9DQUlRQUNvZENodHljRjlvT25BeU9YVXdkVFJVUVZGSlFYTlVSR00yVTNWVVZuYxAB,BASHAYER,https://www.google.com/maps/contrib/102074124949654094306/reviews?hl=en,5,a year ago,,False,True,False,2026-09-25
P03,الواجهة البحرية,الدمام,كورنيش,https://maps.app.goo.gl/E5ZBjcN8sv3pc3Jh8,Ci9DQUlRQUNvZENodHljRjlvT2tsVGEzSkxiMkoxWjBaM1RGOVlhMlZNVjI5NU0wRRAB,Care Spray,https://www.google.com/maps/contrib/113859719754203899470/reviews?hl=en,5,a year ago,,False,True,False,2026-09-25
P03,الواجهة البحرية,الدمام,كورنيش,https://maps.app.goo.gl/E5ZBjcN8sv3pc3Jh8,Ci9DQUlRQUNvZENodHljRjlvT2tjNGRHcEpNREJXVG1SbVgwMHdWR3hsU0hOSlFYYxAB,SAJID ALI,https://www.google.com/maps/contrib/117166180624427670923/reviews?hl=en,5,a year ago,Very very nice,False,True,False,2026-09-25
P03,الواجهة البحرية,الدمام,كورنيش,https://maps.app.goo.gl/E5ZBjcN8sv3pc3Jh8,Ci9DQUlRQUNvZENodHljRjlvT2paTlkyZGllRXBuYTJScFlsWkZjMnd6TUVzNFNWRRAB,يحيي المحيسن,https://www.google.com/maps/contrib/112943429845243124913/reviews?hl=en,5,a year ago,,False,True,False,2026-09-25
P03,الواجهة البحرية,الدمام,كورنيش,https://maps.app.goo.gl/E5ZBjcN8sv3pc3Jh8,Ci9DQUlRQUNvZENodHljRjlvT2pGVlpHazVVUzFDYjFweldHcERRVEJrV25aRlNFRRAB,Mohammad Abd Elsalam,https://www.google.com/maps/contrib/116186273792628757464/reviews?hl=en,4,a year ago,,False,True,False,2026-09-25
P03,الواجهة البحرية,الدمام,كورنيش,https://maps.app.goo.gl/E5ZBjcN8sv3pc3Jh8,Ci9DQUlRQUNvZENodHljRjlvT2pkNFdsRkVXVU10YWxJNE9VUXlhR3RtZDB4RE9WRRAB,Ahmed Mohammed,https://www.google.com/maps/contrib/111302552002994761117/reviews?hl=en,3,a year ago,,False,True,False,2026-09-25
P03,الواجهة البحرية,الدمام,كورنيش,https://maps.app.goo.gl/E5ZBjcN8sv3pc3Jh8,Ci9DQUlRQUNvZENodHljRjlvT2s1cVFsVk1abEZFY0VJMllrNXlYMjFUVkZCSmVIYxAB,عبدالله الشمراني,https://www.google.com/maps/contrib/109265528309581250669/reviews?hl=en,4,a year ago,,False,True,False,2026-09-25
P03,الواجهة البحرية,الدمام,كورنيش,https://maps.app.goo.gl/E5ZBjcN8sv3pc3Jh8,Ci9DQUlRQUNvZENodHljRjlvT25oS2JURjVTSFpyVGs5T1VHaEVkVlJ2Ylhsc1puYxAB,Abubaker Hasan,https://www.google.com/maps/contrib/106525692534193834316/reviews?hl=en,5,a year ago,,False,True,False,2026-09-25
P03,الواجهة البحرية,الدمام,كورنيش,https://maps.app.goo.gl/E5ZBjcN8sv3pc3Jh8,Ci9DQUlRQUNvZENodHljRjlvT2tvMGIwMUpiekY0UW5KRFlXODFORXh4WkdKaGQyYxAB,Vip “Omar” Star,https://www.google.com/maps/contrib/104475392885257115330/reviews?hl=en,4,a year ago,,False,True,False,2026-09-25
P03,الواجهة البحرية,الدمام,كورنيش,https://maps.app.goo.gl/E5ZBjcN8sv3pc3Jh8,Ci9DQUlRQUNvZENodHljRjlvT2xGYWRHbGlhR2xtYzB4M2NreElOV2xxT1hrd1dYYxAB,Sultan Zayed,https://www.google.com/maps/contrib/100197204317126466248/reviews?hl=en,5,a year ago,مكان جميل وهادئ ينفع للعوائل ولاكن علية تطوير حاليآ,True,True,False,2026-09-25
P03,الواجهة البحرية,الدمام,كورنيش,https://maps.app.goo.gl/E5ZBjcN8sv3pc3Jh8,Ci9DQUlRQUNvZENodHljRjlvT2toMFl6UkpSbHBPT0ZJeFpIRmFRMlJQU3kxVWIyYxAB,تاج السر فتحى,https://www.google.com/maps/contrib/106171199670460198899/reviews?hl=en,4,a year ago,"حالياً فيه اصلاحات كثيره
ولذلك ينقصه النظافة والاهتمام",True,True,False,2026-09-25
P03,الواجهة البحرية,الدمام,كورنيش,https://maps.app.goo.gl/E5ZBjcN8sv3pc3Jh8,Ci9DQUlRQUNvZENodHljRjlvT21GUVNYSmpObU14YTFkSmVYTk5NMnQxWkZoQ2NsRRAB,الأثر الجميل عبدالرحمن,https://www.google.com/maps/contrib/101854793619822707326/reviews?hl=en,5,a year ago,,False,True,False,2026-09-25
P03,الواجهة البحرية,الدمام,كورنيش,https://maps.app.goo.gl/E5ZBjcN8sv3pc3Jh8,Ci9DQUlRQUNvZENodHljRjlvT2w5YVluQkNWbGhKUW1Wb1JuUllNVTA1WlhCTVNHYxAB,aliabdalrheem Omer,https://www.google.com/maps/contrib/100436437588889116774/reviews?hl=en,5,a year ago,مكان جميل ومرتب يصلح للترفيه,True,True,False,2026-09-25
P03,الواجهة البحرية,الدمام,كورنيش,https://maps.app.goo.gl/E5ZBjcN8sv3pc3Jh8,Ci9DQUlRQUNvZENodHljRjlvT21oS01rUk5aR1ZhU2xaWFpIVXhZMjVuUmpSTmNrRRAB,‫مهند (ابو احمد)‬‎,https://www.google.com/maps/contrib/104531038071874140305/reviews?hl=en,5,a year ago,,False,True,False,2026-09-25
P03,الواجهة البحرية,الدمام,كورنيش,https://maps.app.goo.gl/E5ZBjcN8sv3pc3Jh8,Ci9DQUlRQUNvZENodHljRjlvT2t3M1YybEpUMUYwTkVKNExWcG5aVzlaYmxkWE5VRRAB,ABDULAZUZ,https://www.google.com/maps/contrib/105376711004583825828/reviews?hl=en,5,a year ago,المكان روعه,True,True,False,2026-09-25
P03,الواجهة البحرية,الدمام,كورنيش,https://maps.app.goo.gl/E5ZBjcN8sv3pc3Jh8,Ci9DQUlRQUNvZENodHljRjlvT2xWclpYbHpSbVZYVGpKUVNGOHliazE0V2xsTFdIYxAB,محمد الدوسري,https://www.google.com/maps/contrib/117281719890216633258/reviews?hl=en,5,a year ago,,False,True,False,2026-09-25
P03,الواجهة البحرية,الدمام,كورنيش,https://maps.app.goo.gl/E5ZBjcN8sv3pc3Jh8,Ci9DQUlRQUNvZENodHljRjlvT2tKRVNYRlROV2hrYkdoV1kwMVNTREpJYlhsMVFVRRAB,king Fahd,https://www.google.com/maps/contrib/110677001224466922519/reviews?hl=en,5,a year ago,,False,True,False,2026-09-25
P03,الواجهة البحرية,الدمام,كورنيش,https://maps.app.goo.gl/E5ZBjcN8sv3pc3Jh8,Ci9DQUlRQUNvZENodHljRjlvT2pJeU5XVTJXVGxKZWtWSmFsZGlORjlOZERGVk0yYxAB,سمير الجهني,https://www.google.com/maps/contrib/105859153554725765191/reviews?hl=en,5,a year ago,نظيفة ومناسبه للعوائل والشباب وجميلة جداً والعابهم ممتازه وكمان دورات المياه عزكم الله,True,True,False,2026-09-25
P03,الواجهة البحرية,الدمام,كورنيش,https://maps.app.goo.gl/E5ZBjcN8sv3pc3Jh8,Ci9DQUlRQUNvZENodHljRjlvT2tVNVJGUk9hVEZKTURKd2R6TnllR2x1VFhSNVYyYxAB,Lafi Muhammad,https://www.google.com/maps/contrib/108444992956474332251/reviews?hl=en,5,Edited a year ago,"**الواجهة البحرية بالدمام: جوهرة الساحل الشرقي**

تعد الواجهة البحرية في الدمام واحدة من أبرز المعالم السياحية والترفيهية في المنطقة الشرقية، حيث تجمع بين جمال الطبيعة الساحرة وروعة التصاميم العصرية. تمتد هذه الواجهة على طول ساحل الخليج العربي، مما يوفر إطلالة خلابة على المياه الزرقاء والمناظر الطبيعية الهادئة، مما يجعلها مقصداً للعائلات والشباب والسياح على حد سواء.

تتميز الواجهة البحرية بمسارات للمشي والركوب الدراجات، مزودة بإضاءة جميلة تزيد من جمالها ليلاً، بالإضافة إلى مناطق خضراء واسعة ومقاعد مريحة للاسترخاء. كما تحتوي على العديد من المطاعم والمقاهي التي تقدم أشهى المأكولات والمشروبات مع إطلالة مباشرة على البحر، مما يجعلها مكاناً مثالياً للتنزه وقضاء الأوقات الممتعة.

ولا تخلو الواجهة من الأنشطة الترفيهية، مثل الألعاب المائية والجولات البحرية، فضلاً عن المهرجانات والفعاليات التي تقام فيها على مدار العام، مما يضفي حيوية وبهجة على المكان. بفضل هذه المميزات، أصبحت الواجهة البحرية بالدمام وجهة لا غنى عنها لكل من يبحث عن الاستجمام والترفيه في أجواء ساحلية فريدة.

باختصار، تمثل الواجهة البحرية بالدمام لوحة فنية تجسد جمال الطبيعة وعبقرية التخطيط الحضري، مما يجعلها فخراً للمنطقة ومصدراً للفخر لأهلها وزوارها.",True,True,False,2026-09-25
P03,الواجهة البحرية,الدمام,كورنيش,https://maps.app.goo.gl/E5ZBjcN8sv3pc3Jh8,Ci9DQUlRQUNvZENodHljRjlvT2xZeWJFMVpaVmd5TFdzMFRtRnpUR3R3UTBsaGFVRRAB,بو محمد ال خليفة,https://www.google.com/maps/contrib/111199084337311324211/reviews?hl=en,5,a year ago,كل رغبات العوائل والافراد فيه,True,True,False,2026-09-25
P03,الواجهة البحرية,الدمام,كورنيش,https://maps.app.goo.gl/E5ZBjcN8sv3pc3Jh8,Ci9DQUlRQUNvZENodHljRjlvT2pOd01ubHBSbUkwVVVweVVuWkNiR3BqV25KT1ZIYxAB,Abu Ali Qawzay,https://www.google.com/maps/contrib/110563753281283688002/reviews?hl=en,5,a year ago,,False,True,False,2026-09-25
P03,الواجهة البحرية,الدمام,كورنيش,https://maps.app.goo.gl/E5ZBjcN8sv3pc3Jh8,Ci9DQUlRQUNvZENodHljRjlvT2twS1NtVlpVMmxGWVhCcVEydFJNWFJpTURkYWMzYxAB,Musab Hossein,https://www.google.com/maps/contrib/103154884248288345406/reviews?hl=en,5,a year ago,,False,True,False,2026-09-25
P03,الواجهة البحرية,الدمام,كورنيش,https://maps.app.goo.gl/E5ZBjcN8sv3pc3Jh8,Ci9DQUlRQUNvZENodHljRjlvT2s1a2F6azNjM2RYWmxWb1RsSlFiVGhMYkROcU4xRRAB,Mahamed Saeed,https://www.google.com/maps/contrib/103018606263830901223/reviews?hl=en,5,a year ago,,False,True,False,2026-09-25
P03,الواجهة البحرية,الدمام,كورنيش,https://maps.app.goo.gl/E5ZBjcN8sv3pc3Jh8,Ci9DQUlRQUNvZENodHljRjlvT2pkMWNGUkhTMmxWV20xNlkyaE9OMnRmTUcxYVQwRRAB,sadam jori,https://www.google.com/maps/contrib/105529747106679159565/reviews?hl=en,5,a year ago,منطقة كويسه تطل على البحر,True,True,False,2026-09-25
P03,الواجهة البحرية,الدمام,كورنيش,https://maps.app.goo.gl/E5ZBjcN8sv3pc3Jh8,Ci9DQUlRQUNvZENodHljRjlvT25sUGFtWjFUbmRLYTNGSFlUQlZOV3R6TFhWb2VHYxAB,KHALED MATAR,https://www.google.com/maps/contrib/108643040078488942307/reviews?hl=en,4,a year ago,مكان جميل وممتع,True,True,False,2026-09-25
P03,الواجهة البحرية,الدمام,كورنيش,https://maps.app.goo.gl/E5ZBjcN8sv3pc3Jh8,Ci9DQUlRQUNvZENodHljRjlvT21kM00xaE5kbEZYZUZocFJFaElaVVJpTlVsdllVRRAB,marwa ibrahim,https://www.google.com/maps/contrib/115682764326104281850/reviews?hl=en,5,a year ago,,False,True,False,2026-09-25
P03,الواجهة البحرية,الدمام,كورنيش,https://maps.app.goo.gl/E5ZBjcN8sv3pc3Jh8,ChZDSUhNMG9nS0VOUzV2N0tINS16U0pBEAE,Mohammed Al Gomaie,https://www.google.com/maps/contrib/108595107670156907343/reviews?hl=en,5,a year ago,,False,True,False,2026-09-25
P03,الواجهة البحرية,الدمام,كورنيش,https://maps.app.goo.gl/E5ZBjcN8sv3pc3Jh8,Ci9DQUlRQUNvZENodHljRjlvT2t0ZlR6bDVVa2RrYm5KVmFqZzJMVlpOTmtsQ2NWRRAB,Haleem Ullah,https://www.google.com/maps/contrib/103132322907679575620/reviews?hl=en,5,a year ago,,False,True,False,2026-09-25
P03,الواجهة البحرية,الدمام,كورنيش,https://maps.app.goo.gl/E5ZBjcN8sv3pc3Jh8,ChRDSUhNMG9nS0VMU1ZrYTY5M2VjRRAB,مرتضئ مرتضئ,https://www.google.com/maps/contrib/106803631885686252569/reviews?hl=en,5,a year ago,يستحق العناء,True,True,False,2026-09-25
P03,الواجهة البحرية,الدمام,كورنيش,https://maps.app.goo.gl/E5ZBjcN8sv3pc3Jh8,ChdDSUhNMG9nS0VOYU9pczMxODlqdHVnRRAB,مرتضى احمد,https://www.google.com/maps/contrib/104132898085007428805/reviews?hl=en,5,a year ago,,False,True,False,2026-09-25
P03,الواجهة البحرية,الدمام,كورنيش,https://maps.app.goo.gl/E5ZBjcN8sv3pc3Jh8,ChdDSUhNMG9nS0VJdUFsOWJJMGIzbmtRRRAB,عبدالعزيز الفويس,https://www.google.com/maps/contrib/109667951957064525508/reviews?hl=en,4,Edited a year ago,مكان جيد,True,True,False,2026-09-25
P03,الواجهة البحرية,الدمام,كورنيش,https://maps.app.goo.gl/E5ZBjcN8sv3pc3Jh8,ChdDSUhNMG9nS0VQX2g0TXZZd3JiOHNBRRAB,سفر وتنقل ابو صالح 1,https://www.google.com/maps/contrib/116370776847368690550/reviews?hl=en,5,a year ago,جميلة جدآ,True,True,False,2026-09-25
P03,الواجهة البحرية,الدمام,كورنيش,https://maps.app.goo.gl/E5ZBjcN8sv3pc3Jh8,ChdDSUhNMG9nS0VKLXl1c24wX2RqQmpnRRAB,Salah ٩٠٩٠,https://www.google.com/maps/contrib/103114307649509041497/reviews?hl=en,5,a year ago,,False,True,False,2026-09-25
P03,الواجهة البحرية,الدمام,كورنيش,https://maps.app.goo.gl/E5ZBjcN8sv3pc3Jh8,ChZDSUhNMG9nS0VJQ0FnSUMzay1pRWRBEAE,Abdullah Abo alsel,https://www.google.com/maps/contrib/117014551685818693091/reviews?hl=en,5,Edited a year ago,"كورنيش جميل و نظيف ولكن المشكلة في العربات الكرهبائية المؤجرة يحطون اغاني بصوت عالي و مزعج و رايحين جايين و عدا عن خطورتها ممكن يدهسون اطفال
ارجوا من البلدية مشكورين منع تاجير العربات الكهربائية أو وضع ضوابط لها",True,True,False,2026-09-25
P03,الواجهة البحرية,الدمام,كورنيش,https://maps.app.goo.gl/E5ZBjcN8sv3pc3Jh8,ChdDSUhNMG9nS0VKMmhrYzN1a0xyRXV3RRAB,Mahmoud Mobark,https://www.google.com/maps/contrib/103100856670452850862/reviews?hl=en,4,a year ago,تحفه فنيه,True,True,False,2026-09-25
P03,الواجهة البحرية,الدمام,كورنيش,https://maps.app.goo.gl/E5ZBjcN8sv3pc3Jh8,ChZDSUhNMG9nS0VKM2RuZXFNeFBXMVV3EAE,- عبدالرحمن,https://www.google.com/maps/contrib/105485850065213262099/reviews?hl=en,4,a year ago,,False,True,False,2026-09-25
P03,الواجهة البحرية,الدمام,كورنيش,https://maps.app.goo.gl/E5ZBjcN8sv3pc3Jh8,ChZDSUhNMG9nS0VJakZqZGJ4X3JiUUV3EAE,Basim Abdulaziz,https://www.google.com/maps/contrib/107312877970774836899/reviews?hl=en,2,a year ago,تحتاج الكثير من الصيانة والتجديد.,True,True,False,2026-09-25
P03,الواجهة البحرية,الدمام,كورنيش,https://maps.app.goo.gl/E5ZBjcN8sv3pc3Jh8,ChdDSUhNMG9nS0VNTDVpTTZvMDkyUS1nRRAB,محمد العيسوى,https://www.google.com/maps/contrib/114040055272444767689/reviews?hl=en,4,a year ago,,False,True,False,2026-09-25
P03,الواجهة البحرية,الدمام,كورنيش,https://maps.app.goo.gl/E5ZBjcN8sv3pc3Jh8,ChdDSUhNMG9nS0VMSFVzYkhmcU55dXVBRRAB,Amen Grada,https://www.google.com/maps/contrib/118253485595637268306/reviews?hl=en,5,a year ago,,False,True,False,2026-09-25
P03,الواجهة البحرية,الدمام,كورنيش,https://maps.app.goo.gl/E5ZBjcN8sv3pc3Jh8,ChZDSUhNMG9nS0VJQ0FnTUNZM1BQYktnEAE,ÄØ,https://www.google.com/maps/contrib/101041471156100075429/reviews?hl=en,5,a year ago,,False,True,False,2026-09-25
P03,الواجهة البحرية,الدمام,كورنيش,https://maps.app.goo.gl/E5ZBjcN8sv3pc3Jh8,ChZDSUhNMG9nS0VJQ0FnTUNZdElHdUxBEAE,Shadi Nihad,https://www.google.com/maps/contrib/116239070303423819932/reviews?hl=en,5,a year ago,,False,True,False,2026-09-25
P03,الواجهة البحرية,الدمام,كورنيش,https://maps.app.goo.gl/E5ZBjcN8sv3pc3Jh8,ChZDSUhNMG9nS0VJQ0FnTUNZdE15TUd3EAE,ربيع عيسوى,https://www.google.com/maps/contrib/113465282482053043039/reviews?hl=en,4,a year ago,رائع,True,True,False,2026-09-25
P03,الواجهة البحرية,الدمام,كورنيش,https://maps.app.goo.gl/E5ZBjcN8sv3pc3Jh8,ChdDSUhNMG9nS0VJQ0FnTURvcFpmWXlnRRAB,maeadh aleumri,https://www.google.com/maps/contrib/101399814455208322885/reviews?hl=en,4,a year ago,ممتازة لجلسه فيها,True,True,False,2026-09-25
P03,الواجهة البحرية,الدمام,كورنيش,https://maps.app.goo.gl/E5ZBjcN8sv3pc3Jh8,ChdDSUhNMG9nS0VJQ0FnTURvcGIyczRnRRAB,Seka Nono,https://www.google.com/maps/contrib/116694967224795776483/reviews?hl=en,5,a year ago,,False,True,False,2026-09-25
P03,الواجهة البحرية,الدمام,كورنيش,https://maps.app.goo.gl/E5ZBjcN8sv3pc3Jh8,ChdDSUhNMG9nS0VJQ0FnTURvMlBuRi1nRRAB,تحسين ظهور الأنشطةعلى google,https://www.google.com/maps/contrib/102445988531372060818/reviews?hl=en,4,a year ago,ما في كلام يتقال غير رووووعه,True,True,False,2026-09-25
P03,الواجهة البحرية,الدمام,كورنيش,https://maps.app.goo.gl/E5ZBjcN8sv3pc3Jh8,ChdDSUhNMG9nS0VJQ0FnTUNvczhxOHpBRRAB,Mahmoud talaat,https://www.google.com/maps/contrib/112266899855861961914/reviews?hl=en,5,a year ago,,False,True,False,2026-09-25
P03,الواجهة البحرية,الدمام,كورنيش,https://maps.app.goo.gl/E5ZBjcN8sv3pc3Jh8,ChZDSUhNMG9nS0VJQ0FnTUNvOWQyUklBEAE,ابراهيم القزالي,https://www.google.com/maps/contrib/106083955489607262255/reviews?hl=en,5,a year ago,,False,True,False,2026-09-25
P03,الواجهة البحرية,الدمام,كورنيش,https://maps.app.goo.gl/E5ZBjcN8sv3pc3Jh8,ChdDSUhNMG9nS0VJQ0FnTUNveXQyNzZ3RRAB,احمد الحبيشي,https://www.google.com/maps/contrib/107462183350297220618/reviews?hl=en,5,a year ago,اجواء جميله,True,True,False,2026-09-25
P03,الواجهة البحرية,الدمام,كورنيش,https://maps.app.goo.gl/E5ZBjcN8sv3pc3Jh8,ChdDSUhNMG9nS0VJQ0FnTUNvLUtfYjl3RRAB,ss ss,https://www.google.com/maps/contrib/116622417574908559205/reviews?hl=en,1,a year ago,,False,True,False,2026-09-25
P03,الواجهة البحرية,الدمام,كورنيش,https://maps.app.goo.gl/E5ZBjcN8sv3pc3Jh8,ChdDSUhNMG9nS0VJQ0FnTUNvOExLRXVRRRAB,احمد السيقلي,https://www.google.com/maps/contrib/100155347854031338838/reviews?hl=en,5,a year ago,,False,True,False,2026-09-25
P03,الواجهة البحرية,الدمام,كورنيش,https://maps.app.goo.gl/E5ZBjcN8sv3pc3Jh8,ChdDSUhNMG9nS0VJQ0FnTUNvZ09uMjVnRRAB,Sayed Hassan,https://www.google.com/maps/contrib/111409533283773781123/reviews?hl=en,4,a year ago,,False,True,False,2026-09-25
P03,الواجهة البحرية,الدمام,كورنيش,https://maps.app.goo.gl/E5ZBjcN8sv3pc3Jh8,ChZDSUhNMG9nS0VJQ0FnTURJOTVDWU13EAE,Abdulhadi Mohammed,https://www.google.com/maps/contrib/114507315642261266727/reviews?hl=en,4,a year ago,,False,True,False,2026-09-25
P03,الواجهة البحرية,الدمام,كورنيش,https://maps.app.goo.gl/E5ZBjcN8sv3pc3Jh8,ChdDSUhNMG9nS0VJQ0FnTURJay1YbHFRRRAB,ميثم العبداللطيف,https://www.google.com/maps/contrib/103620574565230336218/reviews?hl=en,3,a year ago,"المكان هادئ
الحمامات جيده من حيث النظافة
قلة الزحمة فيه اعقد بسبب الاماكن المغلقة لبناء المتحف و مشاريع أخرى",True,True,False,2026-09-25
P03,الواجهة البحرية,الدمام,كورنيش,https://maps.app.goo.gl/E5ZBjcN8sv3pc3Jh8,ChdDSUhNMG9nS0VJQ0FnTURJM1k2bHN3RRAB,ALI ALQAHTANI,https://www.google.com/maps/contrib/112573674065072413665/reviews?hl=en,5,a year ago,,False,True,False,2026-09-25
P03,الواجهة البحرية,الدمام,كورنيش,https://maps.app.goo.gl/E5ZBjcN8sv3pc3Jh8,ChZDSUhNMG9nS0VJQ0FnTURJOXA3dWZBEAE,ALI M ALHAIDARI,https://www.google.com/maps/contrib/117220109976219747996/reviews?hl=en,5,a year ago,ممتاز,True,True,False,2026-09-25
P03,الواجهة البحرية,الدمام,كورنيش,https://maps.app.goo.gl/E5ZBjcN8sv3pc3Jh8,ChdDSUhNMG9nS0VJQ0FnTURJMnNYZy1nRRAB,اللورد السوري,https://www.google.com/maps/contrib/102137696536486925580/reviews?hl=en,4,a year ago,,False,True,False,2026-09-25
P03,الواجهة البحرية,الدمام,كورنيش,https://maps.app.goo.gl/E5ZBjcN8sv3pc3Jh8,ChdDSUhNMG9nS0VJQ0FnTURJeXUtYzNBRRAB,Adel Youssef,https://www.google.com/maps/contrib/109402239984843878279/reviews?hl=en,5,a year ago,واجهة بحرية جميلة و بها العاب للأطفال و ممشي و مكان للدراجات و الالعاب ❤️,True,True,False,2026-09-25
P03,الواجهة البحرية,الدمام,كورنيش,https://maps.app.goo.gl/E5ZBjcN8sv3pc3Jh8,ChZDSUhNMG9nS0VJQ0FnTURJbVBPTmJ3EAE,alnahr alali,https://www.google.com/maps/contrib/110897104666221871333/reviews?hl=en,5,a year ago,مكان روعه ويوجد العاب اطفال,True,True,False,2026-09-25
P03,الواجهة البحرية,الدمام,كورنيش,https://maps.app.goo.gl/E5ZBjcN8sv3pc3Jh8,ChZDSUhNMG9nS0VJQ0FnTUNJbTdLOFRBEAE,Sabri Elhassan,https://www.google.com/maps/contrib/117967605053432467560/reviews?hl=en,5,a year ago,,False,True,False,2026-09-25
P03,الواجهة البحرية,الدمام,كورنيش,https://maps.app.goo.gl/E5ZBjcN8sv3pc3Jh8,ChdDSUhNMG9nS0VJQ0FnTUNJeTVQVmdRRRAB,خلف الشمراني,https://www.google.com/maps/contrib/106028088601597594311/reviews?hl=en,3,a year ago,,False,True,False,2026-09-25
P03,الواجهة البحرية,الدمام,كورنيش,https://maps.app.goo.gl/E5ZBjcN8sv3pc3Jh8,ChZDSUhNMG9nS0VJQ0FnTUNJMmVmakpREAE,Sarah Almgahwi,https://www.google.com/maps/contrib/112695852847547704854/reviews?hl=en,5,a year ago,,False,True,False,2026-09-25
P03,الواجهة البحرية,الدمام,كورنيش,https://maps.app.goo.gl/E5ZBjcN8sv3pc3Jh8,ChZDSUhNMG9nS0VJQ0FnTUNJMGNDUll3EAE,Mustafa Al Wil,https://www.google.com/maps/contrib/108588391003459585064/reviews?hl=en,5,a year ago,,False,True,False,2026-09-25
P03,الواجهة البحرية,الدمام,كورنيش,https://maps.app.goo.gl/E5ZBjcN8sv3pc3Jh8,ChZDSUhNMG9nS0VJQ0FnTUNJcnFlNFdBEAE,مجموعة الدكتور ياسر الباشا,https://www.google.com/maps/contrib/111199241494376636397/reviews?hl=en,5,a year ago,,False,True,False,2026-09-25
P03,الواجهة البحرية,الدمام,كورنيش,https://maps.app.goo.gl/E5ZBjcN8sv3pc3Jh8,ChZDSUhNMG9nS0VJQ0FnTUNJOUlhX053EAE,αвσ ѕυlтαη,https://www.google.com/maps/contrib/114080593186109008254/reviews?hl=en,3,a year ago,"المكان هادي وحلو
بس يبيله اهتمام وتطوير",True,True,False,2026-09-25
P03,الواجهة البحرية,الدمام,كورنيش,https://maps.app.goo.gl/E5ZBjcN8sv3pc3Jh8,ChdDSUhNMG9nS0VJQ0FnTUR3OTZLSHdnRRAB,Medo O22,https://www.google.com/maps/contrib/114413846386922395154/reviews?hl=en,4,a year ago,,False,True,False,2026-09-25
P03,الواجهة البحرية,الدمام,كورنيش,https://maps.app.goo.gl/E5ZBjcN8sv3pc3Jh8,ChdDSUhNMG9nS0VJQ0FnTUR3d2RubjBBRRAB,فيصل الحارثي,https://www.google.com/maps/contrib/113319755584908842207/reviews?hl=en,5,a year ago,,False,True,False,2026-09-25
P03,الواجهة البحرية,الدمام,كورنيش,https://maps.app.goo.gl/E5ZBjcN8sv3pc3Jh8,ChdDSUhNMG9nS0VJQ0FnTUR3OU42X3ZBRRAB,Dhafer Alshehri,https://www.google.com/maps/contrib/107734817369524985272/reviews?hl=en,4,a year ago,,False,True,False,2026-09-25
P03,الواجهة البحرية,الدمام,كورنيش,https://maps.app.goo.gl/E5ZBjcN8sv3pc3Jh8,ChdDSUhNMG9nS0VJQ0FnSURTd296dDhBRRAB,خالد ابو سليمان,https://www.google.com/maps/contrib/117076966208735078190/reviews?hl=en,4,Edited a year ago,,False,True,False,2026-09-25
P03,الواجهة البحرية,الدمام,كورنيش,https://maps.app.goo.gl/E5ZBjcN8sv3pc3Jh8,ChdDSUhNMG9nS0VJQ0FnTUN3eXBPWjd3RRAB,حلم العنزي,https://www.google.com/maps/contrib/111782471731501881745/reviews?hl=en,5,a year ago,,False,True,False,2026-09-25
P03,الواجهة البحرية,الدمام,كورنيش,https://maps.app.goo.gl/E5ZBjcN8sv3pc3Jh8,ChZDSUhNMG9nS0VJQ0FnTURRNUxmMlNREAE,Assayel Mohammed,https://www.google.com/maps/contrib/107720207216292567173/reviews?hl=en,2,a year ago,والله المكان حلو ومرتب ونظيف بس أنا اخاف من القطاوه وهو كله مليان بشكل فضيع منهم فَ عشان كذا ما احب اروح له اللي تخاف من القطاوه تجيب معها رشاش مويه وتقعد ترش عليهم عشان يروحون منها ولا لا تروح 🤦🏼‍♀️ …,True,True,True,2026-09-25
P03,الواجهة البحرية,الدمام,كورنيش,https://maps.app.goo.gl/E5ZBjcN8sv3pc3Jh8,ChZDSUhNMG9nS0VJQ0FnTURReE16OVZBEAE,Mostafa abd,https://www.google.com/maps/contrib/104700103676001403899/reviews?hl=en,5,a year ago,,False,True,False,2026-09-25
P03,الواجهة البحرية,الدمام,كورنيش,https://maps.app.goo.gl/E5ZBjcN8sv3pc3Jh8,ChZDSUhNMG9nS0VJQ0FnTUNRcGN2SFp3EAE,ابتسام لباد,https://www.google.com/maps/contrib/100887915139607242929/reviews?hl=en,5,a year ago,,False,True,False,2026-09-25
P03,الواجهة البحرية,الدمام,كورنيش,https://maps.app.goo.gl/E5ZBjcN8sv3pc3Jh8,ChdDSUhNMG9nS0VJQ0FnTUNRbk16bmxnRRAB,A/elah Elsayed,https://www.google.com/maps/contrib/116533652647961709258/reviews?hl=en,5,a year ago,,False,True,False,2026-09-25
P03,الواجهة البحرية,الدمام,كورنيش,https://maps.app.goo.gl/E5ZBjcN8sv3pc3Jh8,ChdDSUhNMG9nS0VJQ0FnTUNRcktMcHR3RRAB,alaa kh,https://www.google.com/maps/contrib/105070312996549826633/reviews?hl=en,5,a year ago,منظر غروب جميل,True,True,False,2026-09-25
P03,الواجهة البحرية,الدمام,كورنيش,https://maps.app.goo.gl/E5ZBjcN8sv3pc3Jh8,ChZDSUhNMG9nS0VJQ0FnTURnMzRlNFJ3EAE,el,https://www.google.com/maps/contrib/102037078951135887478/reviews?hl=en,5,a year ago,,False,True,False,2026-09-25
P03,الواجهة البحرية,الدمام,كورنيش,https://maps.app.goo.gl/E5ZBjcN8sv3pc3Jh8,ChdDSUhNMG9nS0VJQ0FnTURnNTYyYXhnRRAB,MAHER ALESSA,https://www.google.com/maps/contrib/100427115547712407338/reviews?hl=en,3,a year ago,,False,True,False,2026-09-25
P03,الواجهة البحرية,الدمام,كورنيش,https://maps.app.goo.gl/E5ZBjcN8sv3pc3Jh8,ChdDSUhNMG9nS0VJQ0FnTURnMmNibHNnRRAB,OMR AL-ABBASI,https://www.google.com/maps/contrib/115616360021119621300/reviews?hl=en,5,a year ago,,False,True,False,2026-09-25
P03,الواجهة البحرية,الدمام,كورنيش,https://maps.app.goo.gl/E5ZBjcN8sv3pc3Jh8,ChdDSUhNMG9nS0VJQ0FnTURnbXNDRm1nRRAB,AHMED AL GHARBI,https://www.google.com/maps/contrib/102413321918172221282/reviews?hl=en,4,a year ago,,False,True,False,2026-09-25
P03,الواجهة البحرية,الدمام,كورنيش,https://maps.app.goo.gl/E5ZBjcN8sv3pc3Jh8,ChZDSUhNMG9nS0VJQ0FnTURBd2RlU1NnEAE,YAHYA KHUBRANI,https://www.google.com/maps/contrib/102445510393686832557/reviews?hl=en,4,a year ago,جميل وهاديء ونظيف ، يحسب ليلدية الدمام هذا الاهتمام,True,True,False,2026-09-25
P03,الواجهة البحرية,الدمام,كورنيش,https://maps.app.goo.gl/E5ZBjcN8sv3pc3Jh8,ChdDSUhNMG9nS0VJQ0FnTURBdXFxMG5BRRAB,MESHAEL M,https://www.google.com/maps/contrib/113458777720129135071/reviews?hl=en,5,a year ago,,False,True,False,2026-09-25
P03,الواجهة البحرية,الدمام,كورنيش,https://maps.app.goo.gl/E5ZBjcN8sv3pc3Jh8,ChZDSUhNMG9nS0VJQ0FnTUNBcTlPMlpBEAE,Ahmed Almalki,https://www.google.com/maps/contrib/102495082322084806116/reviews?hl=en,5,a year ago,,False,True,False,2026-09-25
P03,الواجهة البحرية,الدمام,كورنيش,https://maps.app.goo.gl/E5ZBjcN8sv3pc3Jh8,ChdDSUhNMG9nS0VJQ0FnTUNBMWUtWW53RRAB,Ra Al,https://www.google.com/maps/contrib/116258151901794417351/reviews?hl=en,4,a year ago,,False,True,False,2026-09-25
P03,الواجهة البحرية,الدمام,كورنيش,https://maps.app.goo.gl/E5ZBjcN8sv3pc3Jh8,ChZDSUhNMG9nS0VJQ0FnTUNBM3RhZEZnEAE,amoon nasser,https://www.google.com/maps/contrib/101425997406560147373/reviews?hl=en,5,a year ago,ي الله على المكان و جمال المكان و النظاااااافة ما شاء الله لا قوة إلا بالله 😢😢💕💕💕 …,True,True,True,2026-09-25
P03,الواجهة البحرية,الدمام,كورنيش,https://maps.app.goo.gl/E5ZBjcN8sv3pc3Jh8,ChZDSUhNMG9nS0VJQ0FnTUNBMHJPRU9BEAE,عثمان,https://www.google.com/maps/contrib/115383460684150134922/reviews?hl=en,4,a year ago,مكان جميل و هاديء ساحة للجلوس و مسارات للمشي مناسب للعائلات و الشباب,True,True,False,2026-09-25
P03,الواجهة البحرية,الدمام,كورنيش,https://maps.app.goo.gl/E5ZBjcN8sv3pc3Jh8,ChdDSUhNMG9nS0VJQ0FnTUNBMk5UeGtBRRAB,انا,https://www.google.com/maps/contrib/104728347231998203970/reviews?hl=en,3,a year ago,,False,True,False,2026-09-25
P03,الواجهة البحرية,الدمام,كورنيش,https://maps.app.goo.gl/E5ZBjcN8sv3pc3Jh8,ChZDSUhNMG9nS0VJQ0FnSURfN2UzT0R3EAE,* Ofi * Alofi *,https://www.google.com/maps/contrib/101989531613202707480/reviews?hl=en,4,a year ago,جميل وممشى اجمل لكن دورات المياه سيئة جدا جدا,True,True,False,2026-09-25
P03,الواجهة البحرية,الدمام,كورنيش,https://maps.app.goo.gl/E5ZBjcN8sv3pc3Jh8,ChZDSUhNMG9nS0VJQ0FnSUNtMU9qbENBEAE,Aymnfm,https://www.google.com/maps/contrib/106045237437856592558/reviews?hl=en,5,Edited a year ago,مكان مناسب لقضاء وقت ممتع يناسب كافة أفراد العائلة,True,True,False,2026-09-25
P03,الواجهة البحرية,الدمام,كورنيش,https://maps.app.goo.gl/E5ZBjcN8sv3pc3Jh8,ChdDSUhNMG9nS0VJQ0FnSUNfb3RIMHBnRRAB,Abw Khalid,https://www.google.com/maps/contrib/117614784148227108442/reviews?hl=en,5,a year ago,افضل منتجع سياحي بالنسبة لي,True,True,False,2026-09-25
P03,الواجهة البحرية,الدمام,كورنيش,https://maps.app.goo.gl/E5ZBjcN8sv3pc3Jh8,ChdDSUhNMG9nS0VJQ0FnSUNfeUx2T3p3RRAB,Memories,https://www.google.com/maps/contrib/111944039690433185981/reviews?hl=en,5,a year ago,المكان واسع والتمشيه فيه ممتعه,True,True,False,2026-09-25
P03,الواجهة البحرية,الدمام,كورنيش,https://maps.app.goo.gl/E5ZBjcN8sv3pc3Jh8,ChdDSUhNMG9nS0VJQ0FnSUNfaU5uVzhRRRAB,امجد الرويلي,https://www.google.com/maps/contrib/112967726533652565138/reviews?hl=en,5,a year ago,مكان سياحي درجة اولى,True,True,False,2026-09-25
P03,الواجهة البحرية,الدمام,كورنيش,https://maps.app.goo.gl/E5ZBjcN8sv3pc3Jh8,ChdDSUhNMG9nS0VJQ0FnSURmeTVyUWh3RRAB,Mohammed Moursy,https://www.google.com/maps/contrib/118054477218104320284/reviews?hl=en,5,a year ago,,False,True,False,2026-09-25
P03,الواجهة البحرية,الدمام,كورنيش,https://maps.app.goo.gl/E5ZBjcN8sv3pc3Jh8,ChZDSUhNMG9nS0VJQ0FnSUNma19lZUZREAE,alnoras,https://www.google.com/maps/contrib/105375563629808504803/reviews?hl=en,5,a year ago,,False,True,False,2026-09-25
P03,الواجهة البحرية,الدمام,كورنيش,https://maps.app.goo.gl/E5ZBjcN8sv3pc3Jh8,ChdDSUhNMG9nS0VJQ0FnSUNmckpyZm9BRRAB,Moustafa Othman,https://www.google.com/maps/contrib/101593137720058996913/reviews?hl=en,3,a year ago,,False,True,False,2026-09-25
P03,الواجهة البحرية,الدمام,كورنيش,https://maps.app.goo.gl/E5ZBjcN8sv3pc3Jh8,ChdDSUhNMG9nS0VJQ0FnSUNmeklydDBnRRAB,Medoo Adv,https://www.google.com/maps/contrib/106844473339832580225/reviews?hl=en,4,a year ago,,False,True,False,2026-09-25
P03,الواجهة البحرية,الدمام,كورنيش,https://maps.app.goo.gl/E5ZBjcN8sv3pc3Jh8,ChZDSUhNMG9nS0VJQ0FnSUR2cS1EMEN3EAE,حسن عبدالله,https://www.google.com/maps/contrib/115507414851389963901/reviews?hl=en,5,a year ago,جميله,True,True,False,2026-09-25
P03,الواجهة البحرية,الدمام,كورنيش,https://maps.app.goo.gl/E5ZBjcN8sv3pc3Jh8,ChdDSUhNMG9nS0VJQ0FnSUN2OXY2RmhRRRAB,ابونواف السبيعي,https://www.google.com/maps/contrib/107249140437811511125/reviews?hl=en,5,a year ago,,False,True,False,2026-09-25
P03,الواجهة البحرية,الدمام,كورنيش,https://maps.app.goo.gl/E5ZBjcN8sv3pc3Jh8,ChZDSUhNMG9nS0VJQ0FnSUN2MXNQOWJnEAE,Mohamed Saleh,https://www.google.com/maps/contrib/103484703619886668872/reviews?hl=en,5,a year ago,اجواء رائعة,True,True,False,2026-09-25
P03,الواجهة البحرية,الدمام,كورنيش,https://maps.app.goo.gl/E5ZBjcN8sv3pc3Jh8,ChdDSUhNMG9nS0VJQ0FnSUN2bUszS2pnRRAB,عبدالكريم الصيرفي,https://www.google.com/maps/contrib/110569823820690179631/reviews?hl=en,4,a year ago,,False,True,False,2026-09-25
P03,الواجهة البحرية,الدمام,كورنيش,https://maps.app.goo.gl/E5ZBjcN8sv3pc3Jh8,ChZDSUhNMG9nS0VJQ0FnSURQLWVpMkNnEAE,Eng.Abdelrahman Hamdan,https://www.google.com/maps/contrib/108343519124499992327/reviews?hl=en,5,a year ago,جميل جدا,True,True,False,2026-09-25
P03,الواجهة البحرية,الدمام,كورنيش,https://maps.app.goo.gl/E5ZBjcN8sv3pc3Jh8,ChdDSUhNMG9nS0VJQ0FnSURQbHJlS3hnRRAB,Mohamed Abdu,https://www.google.com/maps/contrib/100310793967896966763/reviews?hl=en,5,a year ago,,False,True,False,2026-09-25
P03,الواجهة البحرية,الدمام,كورنيش,https://maps.app.goo.gl/E5ZBjcN8sv3pc3Jh8,ChdDSUhNMG9nS0VJQ0FnSURQNnQ2N3pRRRAB,sultan nasser,https://www.google.com/maps/contrib/106011431264113889754/reviews?hl=en,5,a year ago,,False,True,False,2026-09-25
P03,الواجهة البحرية,الدمام,كورنيش,https://maps.app.goo.gl/E5ZBjcN8sv3pc3Jh8,ChZDSUhNMG9nS0VJQ0FnSURQdEk3VFNBEAE,عبدالله الناصر,https://www.google.com/maps/contrib/110154457211365613453/reviews?hl=en,5,a year ago,,False,True,False,2026-09-25
P03,الواجهة البحرية,الدمام,كورنيش,https://maps.app.goo.gl/E5ZBjcN8sv3pc3Jh8,ChZDSUhNMG9nS0VJQ0FnSURQc042Q1dREAE,Ibrahim Mubarak,https://www.google.com/maps/contrib/108434950797475202375/reviews?hl=en,5,a year ago,,False,True,False,2026-09-25
P03,الواجهة البحرية,الدمام,كورنيش,https://maps.app.goo.gl/E5ZBjcN8sv3pc3Jh8,ChZDSUhNMG9nS0VJQ0FnSUNQaWJla0hREAE,rasha youssef,https://www.google.com/maps/contrib/100488551909716940083/reviews?hl=en,4,a year ago,,False,True,False,2026-09-25
P03,الواجهة البحرية,الدمام,كورنيش,https://maps.app.goo.gl/E5ZBjcN8sv3pc3Jh8,ChdDSUhNMG9nS0VJQ0FnSUQzbi12VHpnRRAB,ماهر المصري,https://www.google.com/maps/contrib/104243847492492626715/reviews?hl=en,5,a year ago,,False,True,False,2026-09-25
P03,الواجهة البحرية,الدمام,كورنيش,https://maps.app.goo.gl/E5ZBjcN8sv3pc3Jh8,ChZDSUhNMG9nS0VJQ0FnSUQzbDZDTVJBEAE,Glitter of myasine,https://www.google.com/maps/contrib/117158198360784008819/reviews?hl=en,5,a year ago,راقيه ونظيفه وحلوه,True,True,False,2026-09-25
P03,الواجهة البحرية,الدمام,كورنيش,https://maps.app.goo.gl/E5ZBjcN8sv3pc3Jh8,ChdDSUhNMG9nS0VJQ0FnSUQzd19Ya3dnRRAB,منيرة الصقيه,https://www.google.com/maps/contrib/102296806516169079290/reviews?hl=en,3,a year ago,الواجهة حلوه لكن للأسف الثيل غير معتنى فيه ، ياليت يكون فيه عناية وزراعة ورد أكثر ..,True,True,False,2026-09-25
P03,الواجهة البحرية,الدمام,كورنيش,https://maps.app.goo.gl/E5ZBjcN8sv3pc3Jh8,ChdDSUhNMG9nS0VJQ0FnSUQzeHJLWXlnRRAB,shasani10 wahesh,https://www.google.com/maps/contrib/105904963594894625683/reviews?hl=en,3,a year ago,,False,True,False,2026-09-25
P03,الواجهة البحرية,الدمام,كورنيش,https://maps.app.goo.gl/E5ZBjcN8sv3pc3Jh8,ChZDSUhNMG9nS0VJQ0FnSUQzb3ZtcmV3EAE,مَهّدِيْ ٱٱـشَيِخَ حَسِيْنَ,https://www.google.com/maps/contrib/116347311336688883223/reviews?hl=en,5,a year ago,مكان متسع ومخصص للنزهة العائلة ويوجع ألعاب متنوعة لدى الأطفال وأطلالة خلابه بواجهية البحر ومواقف سيارات متسع ومكان مرتب وخدمة ممتازه بالنضافة المكان ....وفق الله الجميع لما يحبه ويرضاه....,True,True,False,2026-09-25
P03,الواجهة البحرية,الدمام,كورنيش,https://maps.app.goo.gl/E5ZBjcN8sv3pc3Jh8,ChZDSUhNMG9nS0VJQ0FnSUQzd3R6ZmNnEAE,Saad Alzahrani,https://www.google.com/maps/contrib/112671201848114550402/reviews?hl=en,5,a year ago,,False,True,False,2026-09-25
P03,الواجهة البحرية,الدمام,كورنيش,https://maps.app.goo.gl/E5ZBjcN8sv3pc3Jh8,ChdDSUhNMG9nS0VJQ0FnSUQzc0kyM3F3RRAB,ليلي يوسف,https://www.google.com/maps/contrib/108364861025787972204/reviews?hl=en,5,a year ago,,False,True,False,2026-09-25
P03,الواجهة البحرية,الدمام,كورنيش,https://maps.app.goo.gl/E5ZBjcN8sv3pc3Jh8,ChZDSUhNMG9nS0VJQ0FnSUQzNFBDZktnEAE,Ameen Alshafai,https://www.google.com/maps/contrib/104083902734042593272/reviews?hl=en,5,a year ago,الواجهه البحريه بالدمام,True,True,False,2026-09-25
P03,الواجهة البحرية,الدمام,كورنيش,https://maps.app.goo.gl/E5ZBjcN8sv3pc3Jh8,ChZDSUhNMG9nS0VJQ0FnSUMzalo2WVlBEAE,Mumdoh Elamin,https://www.google.com/maps/contrib/118297946395500868033/reviews?hl=en,5,a year ago,,False,True,False,2026-09-25
P03,الواجهة البحرية,الدمام,كورنيش,https://maps.app.goo.gl/E5ZBjcN8sv3pc3Jh8,ChdDSUhNMG9nS0VJQ0FnSUMzN3NQZGlnRRAB,S14,https://www.google.com/maps/contrib/114695528045604264046/reviews?hl=en,5,a year ago,افضل كورنيش بالكرة الأرضية مناظر مريحة للعين ونظافة وبيئه كويسه وكل شيء فيه حلو والاحظ في تطور ملحوظ وكثره الفعليات الموجوده فيه,True,True,False,2026-09-25
P03,الواجهة البحرية,الدمام,كورنيش,https://maps.app.goo.gl/E5ZBjcN8sv3pc3Jh8,ChdDSUhNMG9nS0VJQ0FnSURYcDlTQzRnRRAB,محمد بن سالم البخيت,https://www.google.com/maps/contrib/117150167559401905887/reviews?hl=en,5,a year ago,,False,True,False,2026-09-25
P03,الواجهة البحرية,الدمام,كورنيش,https://maps.app.goo.gl/E5ZBjcN8sv3pc3Jh8,ChdDSUhNMG9nS0VJQ0FnSURYcm9MQ19nRRAB,جهاد حلمي,https://www.google.com/maps/contrib/113316634728113360675/reviews?hl=en,5,a year ago,,False,True,False,2026-09-25
P03,الواجهة البحرية,الدمام,كورنيش,https://maps.app.goo.gl/E5ZBjcN8sv3pc3Jh8,ChdDSUhNMG9nS0VJQ0FnSUNHel9QOXF3RRAB,saud R,https://www.google.com/maps/contrib/118051936263826096750/reviews?hl=en,4,Edited a year ago,Good 👍 …,False,True,True,2026-09-25
P03,الواجهة البحرية,الدمام,كورنيش,https://maps.app.goo.gl/E5ZBjcN8sv3pc3Jh8,ChdDSUhNMG9nS0VJQ0FnSUNYeGVhcTV3RRAB,khaled ahmed,https://www.google.com/maps/contrib/109965083304535896570/reviews?hl=en,5,a year ago,مكان جميل ورائق خصوصا اذ مافي رطوبة عالية 👍 …,True,True,True,2026-09-25
P03,الواجهة البحرية,الدمام,كورنيش,https://maps.app.goo.gl/E5ZBjcN8sv3pc3Jh8,ChdDSUhNMG9nS0VJQ0FnSUNYek95OHBRRRAB,علي الضامن,https://www.google.com/maps/contrib/100452244912301993549/reviews?hl=en,2,a year ago,كانت بحال افضل سابقا,True,True,False,2026-09-25
P03,الواجهة البحرية,الدمام,كورنيش,https://maps.app.goo.gl/E5ZBjcN8sv3pc3Jh8,ChdDSUhNMG9nS0VJQ0FnSURuOTZpSmhBRRAB,ابو احمد,https://www.google.com/maps/contrib/116472705782761921457/reviews?hl=en,1,a year ago,,False,True,False,2026-09-25
P03,الواجهة البحرية,الدمام,كورنيش,https://maps.app.goo.gl/E5ZBjcN8sv3pc3Jh8,ChdDSUhNMG9nS0VJQ0FnSURuNF9hSW1BRRAB,صلاح القادري,https://www.google.com/maps/contrib/102216269881740186175/reviews?hl=en,5,a year ago,,False,True,False,2026-09-25
P03,الواجهة البحرية,الدمام,كورنيش,https://maps.app.goo.gl/E5ZBjcN8sv3pc3Jh8,ChZDSUhNMG9nS0VJQ0FnSURuX3Fxb0hBEAE,جاكلين سعد,https://www.google.com/maps/contrib/113897832312490134381/reviews?hl=en,5,a year ago,,False,True,False,2026-09-25
P03,الواجهة البحرية,الدمام,كورنيش,https://maps.app.goo.gl/E5ZBjcN8sv3pc3Jh8,ChdDSUhNMG9nS0VJQ0FnSURuam9pMTZnRRAB,ابو عبدالعزيز,https://www.google.com/maps/contrib/105533188484407658593/reviews?hl=en,5,a year ago,,False,True,False,2026-09-25
P03,الواجهة البحرية,الدمام,كورنيش,https://maps.app.goo.gl/E5ZBjcN8sv3pc3Jh8,ChZDSUhNMG9nS0VJQ0FnSURuME82TUZ3EAE,mohamed maysara,https://www.google.com/maps/contrib/108963797670535740519/reviews?hl=en,2,a year ago,,False,True,False,2026-09-25
P03,الواجهة البحرية,الدمام,كورنيش,https://maps.app.goo.gl/E5ZBjcN8sv3pc3Jh8,ChdDSUhNMG9nS0VJQ0FnSUNud2JHYzZnRRAB,معتز العنبة,https://www.google.com/maps/contrib/100617352642734824394/reviews?hl=en,5,a year ago,,False,True,False,2026-09-25
P03,الواجهة البحرية,الدمام,كورنيش,https://maps.app.goo.gl/E5ZBjcN8sv3pc3Jh8,ChdDSUhNMG9nS0VJQ0FnSUNuM0p2U3BRRRAB,محمد العنزي,https://www.google.com/maps/contrib/114927188337888254119/reviews?hl=en,5,2 years ago,ممتعه,True,True,False,2026-09-25
P03,الواجهة البحرية,الدمام,كورنيش,https://maps.app.goo.gl/E5ZBjcN8sv3pc3Jh8,ChdDSUhNMG9nS0VJQ0FnSUNuM01IOXp3RRAB,Mohammed88,https://www.google.com/maps/contrib/104928663741163349783/reviews?hl=en,2,2 years ago,,False,True,False,2026-09-25
P03,الواجهة البحرية,الدمام,كورنيش,https://maps.app.goo.gl/E5ZBjcN8sv3pc3Jh8,ChdDSUhNMG9nS0VJQ0FnSUNuN05fZ3lRRRAB,Ibrahim ALaTeeQ,https://www.google.com/maps/contrib/117335619998294552549/reviews?hl=en,1,2 years ago,‏يحتاج إلى صيانة واهتمام زي ما يعملون في الخبر,True,True,False,2026-09-25
P03,الواجهة البحرية,الدمام,كورنيش,https://maps.app.goo.gl/E5ZBjcN8sv3pc3Jh8,ChdDSUhNMG9nS0VJQ0FnSUNueUtiMnhnRRAB,amal alamri,https://www.google.com/maps/contrib/108337852461452720768/reviews?hl=en,5,2 years ago,,False,True,False,2026-09-25
P03,الواجهة البحرية,الدمام,كورنيش,https://maps.app.goo.gl/E5ZBjcN8sv3pc3Jh8,ChdDSUhNMG9nS0VJQ0FnSUNIamE2VGdRRRAB,Eiman A,https://www.google.com/maps/contrib/100170078817231333740/reviews?hl=en,5,2 years ago,,False,True,False,2026-09-25
P03,الواجهة البحرية,الدمام,كورنيش,https://maps.app.goo.gl/E5ZBjcN8sv3pc3Jh8,ChdDSUhNMG9nS0VJQ0FnSUM3MVlURnhRRRAB,Mohktar hazaa,https://www.google.com/maps/contrib/109531090080652180862/reviews?hl=en,5,2 years ago,,False,True,False,2026-09-25
P03,الواجهة البحرية,الدمام,كورنيش,https://maps.app.goo.gl/E5ZBjcN8sv3pc3Jh8,ChZDSUhNMG9nS0VJQ0FnSURiOS16bVRBEAE,عبدالله الرشيد,https://www.google.com/maps/contrib/101400529409348570165/reviews?hl=en,5,2 years ago,,False,True,False,2026-09-25
P03,الواجهة البحرية,الدمام,كورنيش,https://maps.app.goo.gl/E5ZBjcN8sv3pc3Jh8,ChdDSUhNMG9nS0VJQ0FnSURiX2NQbS13RRAB,mohammed aldebaijel,https://www.google.com/maps/contrib/100217244642374463283/reviews?hl=en,1,2 years ago,,False,True,False,2026-09-25
P03,الواجهة البحرية,الدمام,كورنيش,https://maps.app.goo.gl/E5ZBjcN8sv3pc3Jh8,ChZDSUhNMG9nS0VJQ0FnSURibHR5MVdBEAE,Zaheed Mohmmad,https://www.google.com/maps/contrib/106811684783554307988/reviews?hl=en,4,2 years ago,جيد,True,True,False,2026-09-25
P03,الواجهة البحرية,الدمام,كورنيش,https://maps.app.goo.gl/E5ZBjcN8sv3pc3Jh8,ChZDSUhNMG9nS0VJQ0FnSURickt5M0ZBEAE,Abderrahmane Khelil,https://www.google.com/maps/contrib/103758337387969313317/reviews?hl=en,5,2 years ago,,False,True,False,2026-09-25
P03,الواجهة البحرية,الدمام,كورنيش,https://maps.app.goo.gl/E5ZBjcN8sv3pc3Jh8,ChdDSUhNMG9nS0VJQ0FnSUNiZ3ZhdnB3RRAB,ابو مناف,https://www.google.com/maps/contrib/102952687385025675551/reviews?hl=en,5,2 years ago,غايه في الجمال,True,True,False,2026-09-25
P03,الواجهة البحرية,الدمام,كورنيش,https://maps.app.goo.gl/E5ZBjcN8sv3pc3Jh8,ChZDSUhNMG9nS0VJQ0FnSURPNExxZ0FREAE,Bader Bnalsh,https://www.google.com/maps/contrib/101390784179518872648/reviews?hl=en,1,Edited 2 years ago,"كثرة الأوساخ و القوارض و القطط
شي مخجل
دورات المياه جدا سيئة",True,True,False,2026-09-25
P03,الواجهة البحرية,الدمام,كورنيش,https://maps.app.goo.gl/E5ZBjcN8sv3pc3Jh8,ChdDSUhNMG9nS0VJQ0FnSURMdV9tUTV3RRAB,سلمان الصوفي,https://www.google.com/maps/contrib/112713240857761149372/reviews?hl=en,1,2 years ago,,False,True,False,2026-09-25
P03,الواجهة البحرية,الدمام,كورنيش,https://maps.app.goo.gl/E5ZBjcN8sv3pc3Jh8,ChdDSUhNMG9nS0VJQ0FnSURMNDRXOXV3RRAB,Ali Hossan,https://www.google.com/maps/contrib/117353856513422581435/reviews?hl=en,5,2 years ago,,False,True,False,2026-09-25
P03,الواجهة البحرية,الدمام,كورنيش,https://maps.app.goo.gl/E5ZBjcN8sv3pc3Jh8,ChdDSUhNMG9nS0VJQ0FnSURMLU16ZzFnRRAB,شاجع العقيل,https://www.google.com/maps/contrib/103988942459039144316/reviews?hl=en,4,2 years ago,,False,True,False,2026-09-25
P03,الواجهة البحرية,الدمام,كورنيش,https://maps.app.goo.gl/E5ZBjcN8sv3pc3Jh8,ChdDSUhNMG9nS0VJQ0FnSUNMclpHMDZnRRAB,شحص مجهول,https://www.google.com/maps/contrib/110564412311102459931/reviews?hl=en,4,2 years ago,,False,True,False,2026-09-25
P03,الواجهة البحرية,الدمام,كورنيش,https://maps.app.goo.gl/E5ZBjcN8sv3pc3Jh8,ChdDSUhNMG9nS0VJQ0FnSUNMaWFYT2t3RRAB,Anosi Al-Otaibi,https://www.google.com/maps/contrib/101630038954521433679/reviews?hl=en,4,2 years ago,مره حلووه,True,True,False,2026-09-25
P03,الواجهة البحرية,الدمام,كورنيش,https://maps.app.goo.gl/E5ZBjcN8sv3pc3Jh8,ChdDSUhNMG9nS0VJQ0FnSUNMcHBlbWhRRRAB,ahmed shehabeldin,https://www.google.com/maps/contrib/103183931258668618521/reviews?hl=en,5,2 years ago,,False,True,False,2026-09-25
P03,الواجهة البحرية,الدمام,كورنيش,https://maps.app.goo.gl/E5ZBjcN8sv3pc3Jh8,ChdDSUhNMG9nS0VJQ0FnSUNMLW9UYV9RRRAB,Haitham Jayyousi,https://www.google.com/maps/contrib/108904860972843960581/reviews?hl=en,4,2 years ago,,False,True,False,2026-09-25
P03,الواجهة البحرية,الدمام,كورنيش,https://maps.app.goo.gl/E5ZBjcN8sv3pc3Jh8,ChdDSUhNMG9nS0VJQ0FnSUNMM09yOHNnRRAB,بنت السعوديه دام عزك يبلادي,https://www.google.com/maps/contrib/114033774306398302274/reviews?hl=en,5,2 years ago,,False,True,False,2026-09-25
P03,الواجهة البحرية,الدمام,كورنيش,https://maps.app.goo.gl/E5ZBjcN8sv3pc3Jh8,ChZDSUhNMG9nS0VJQ0FnSUNMbEtHSmRnEAE,Sara,https://www.google.com/maps/contrib/103226395368459746789/reviews?hl=en,4,2 years ago,كورنيش الطفولة 🥺 نظيف لكن يحتاج الي تطوير و الاهتمام بالنبات و الارضية,True,True,False,2026-09-25
P03,الواجهة البحرية,الدمام,كورنيش,https://maps.app.goo.gl/E5ZBjcN8sv3pc3Jh8,ChZDSUhNMG9nS0VJQ0FnSUR6di1lY0ZREAE,حسن مجهلي,https://www.google.com/maps/contrib/115180352700001249776/reviews?hl=en,5,2 years ago,,False,True,False,2026-09-25
P03,الواجهة البحرية,الدمام,كورنيش,https://maps.app.goo.gl/E5ZBjcN8sv3pc3Jh8,ChZDSUhNMG9nS0VJQ0FnSUR6N2RHSGRREAE,م محمد,https://www.google.com/maps/contrib/116290685701154069881/reviews?hl=en,2,2 years ago,,False,True,False,2026-09-25
P03,الواجهة البحرية,الدمام,كورنيش,https://maps.app.goo.gl/E5ZBjcN8sv3pc3Jh8,ChdDSUhNMG9nS0VJQ0FnSUR6dGJLdDhnRRAB,Muharib Hazzaa,https://www.google.com/maps/contrib/108826521361517435125/reviews?hl=en,5,2 years ago,,False,True,False,2026-09-25
P03,الواجهة البحرية,الدمام,كورنيش,https://maps.app.goo.gl/E5ZBjcN8sv3pc3Jh8,ChZDSUhNMG9nS0VJQ0FnSUR6cXNmQmRnEAE,Mahmoud Alnagar,https://www.google.com/maps/contrib/113897095719982361336/reviews?hl=en,5,2 years ago,أجمل مكان,True,True,False,2026-09-25
P03,الواجهة البحرية,الدمام,كورنيش,https://maps.app.goo.gl/E5ZBjcN8sv3pc3Jh8,ChdDSUhNMG9nS0VJQ0FnSUR6Z29Ic2tnRRAB,‫سامي ”أبو رائد“‬‎,https://www.google.com/maps/contrib/101129370531181764183/reviews?hl=en,5,2 years ago,👍 …,False,True,True,2026-09-25
P03,الواجهة البحرية,الدمام,كورنيش,https://maps.app.goo.gl/E5ZBjcN8sv3pc3Jh8,ChdDSUhNMG9nS0VJQ0FnSUR6bkpYQmt3RRAB,Jawaheer ٣٣,https://www.google.com/maps/contrib/108510114158847308153/reviews?hl=en,1,2 years ago,ماحبيت كله 🪳 صراصير …,True,True,True,2026-09-25
P03,الواجهة البحرية,الدمام,كورنيش,https://maps.app.goo.gl/E5ZBjcN8sv3pc3Jh8,ChZDSUhNMG9nS0VJQ0FnSUN6MDlLZVpREAE,منصور عريشي,https://www.google.com/maps/contrib/108497517865989061954/reviews?hl=en,5,2 years ago,,False,True,False,2026-09-25
P03,الواجهة البحرية,الدمام,كورنيش,https://maps.app.goo.gl/E5ZBjcN8sv3pc3Jh8,ChdDSUhNMG9nS0VJQ0FnSUN6eGUzYWtBRRAB,Esa Ahmed,https://www.google.com/maps/contrib/106205572520509862427/reviews?hl=en,5,2 years ago,حلوة جدا جميلة جدا ممتازة جداجدا,True,True,False,2026-09-25
P03,الواجهة البحرية,الدمام,كورنيش,https://maps.app.goo.gl/E5ZBjcN8sv3pc3Jh8,ChdDSUhNMG9nS0VJQ0FnSURUclkyc3R3RRAB,Ahmed SABBOUR,https://www.google.com/maps/contrib/113606984614822422345/reviews?hl=en,5,2 years ago,,False,True,False,2026-09-25
P03,الواجهة البحرية,الدمام,كورنيش,https://maps.app.goo.gl/E5ZBjcN8sv3pc3Jh8,ChdDSUhNMG9nS0VJQ0FnSURUdUpTTWx3RRAB,علي اليزيدي,https://www.google.com/maps/contrib/117382755849812927353/reviews?hl=en,5,2 years ago,,False,True,False,2026-09-25
P03,الواجهة البحرية,الدمام,كورنيش,https://maps.app.goo.gl/E5ZBjcN8sv3pc3Jh8,ChZDSUhNMG9nS0VJQ0FnSURUNEtMTktBEAE,عبدالله الكريمي,https://www.google.com/maps/contrib/108695645758075731920/reviews?hl=en,5,2 years ago,,False,True,False,2026-09-25
P03,الواجهة البحرية,الدمام,كورنيش,https://maps.app.goo.gl/E5ZBjcN8sv3pc3Jh8,ChZDSUhNMG9nS0VJQ0FnSURUd05DMkdREAE,Mamoon Qashqeesh مأمون القشقيش,https://www.google.com/maps/contrib/115790536351663793194/reviews?hl=en,5,2 years ago,,False,True,False,2026-09-25
P03,الواجهة البحرية,الدمام,كورنيش,https://maps.app.goo.gl/E5ZBjcN8sv3pc3Jh8,ChdDSUhNMG9nS0VJQ0FnSUNUaC1PMWtBRRAB,Ahmed Morsy,https://www.google.com/maps/contrib/112346980976591313612/reviews?hl=en,5,2 years ago,,False,True,False,2026-09-25
P03,الواجهة البحرية,الدمام,كورنيش,https://maps.app.goo.gl/E5ZBjcN8sv3pc3Jh8,ChZDSUhNMG9nS0VJQ0FnSUNUbzYya0pREAE,Ramesh allala,https://www.google.com/maps/contrib/105390265679144481480/reviews?hl=en,5,2 years ago,,False,True,False,2026-09-25
P03,الواجهة البحرية,الدمام,كورنيش,https://maps.app.goo.gl/E5ZBjcN8sv3pc3Jh8,ChZDSUhNMG9nS0VJQ0FnSUNUcGZ5NUJnEAE,moad dalgamoni,https://www.google.com/maps/contrib/104116247234894300464/reviews?hl=en,5,2 years ago,,False,True,False,2026-09-25
P03,الواجهة البحرية,الدمام,كورنيش,https://maps.app.goo.gl/E5ZBjcN8sv3pc3Jh8,ChZDSUhNMG9nS0VJQ0FnSURqN2EySEV3EAE,عبد العزيز,https://www.google.com/maps/contrib/105594472883958018079/reviews?hl=en,5,2 years ago,زينت سيارات,True,True,False,2026-09-25
P03,الواجهة البحرية,الدمام,كورنيش,https://maps.app.goo.gl/E5ZBjcN8sv3pc3Jh8,ChdDSUhNMG9nS0VJQ0FnSURqbWZXSTNBRRAB,A&F,https://www.google.com/maps/contrib/107794623149347554131/reviews?hl=en,3,2 years ago,مناسب,True,True,False,2026-09-25
P03,الواجهة البحرية,الدمام,كورنيش,https://maps.app.goo.gl/E5ZBjcN8sv3pc3Jh8,ChdDSUhNMG9nS0VJQ0FnSURqMGFDNHF3RRAB,عبدالمجيد,https://www.google.com/maps/contrib/108865247301999524984/reviews?hl=en,5,2 years ago,,False,True,False,2026-09-25
P03,الواجهة البحرية,الدمام,كورنيش,https://maps.app.goo.gl/E5ZBjcN8sv3pc3Jh8,ChdDSUhNMG9nS0VJQ0FnSURqeHRMaDdnRRAB,عبد العزيز ا,https://www.google.com/maps/contrib/108644816286038475581/reviews?hl=en,5,2 years ago,,False,True,False,2026-09-25
P03,الواجهة البحرية,الدمام,كورنيش,https://maps.app.goo.gl/E5ZBjcN8sv3pc3Jh8,ChZDSUhNMG9nS0VJQ0FnSURqaU02a0h3EAE,ابوخالد ال,https://www.google.com/maps/contrib/105380738237736904813/reviews?hl=en,5,2 years ago,,False,True,False,2026-09-25
P03,الواجهة البحرية,الدمام,كورنيش,https://maps.app.goo.gl/E5ZBjcN8sv3pc3Jh8,ChdDSUhNMG9nS0VJQ0FnSUNqcmF6dG1RRRAB,blueoottycat,https://www.google.com/maps/contrib/111025530177812792561/reviews?hl=en,4,2 years ago,Love this place ❤️,False,True,False,2026-09-25
P03,الواجهة البحرية,الدمام,كورنيش,https://maps.app.goo.gl/E5ZBjcN8sv3pc3Jh8,ChdDSUhNMG9nS0VJQ0FnSUREdzZUQTBRRRAB,عبدالكريم العثمان,https://www.google.com/maps/contrib/108056470920176375993/reviews?hl=en,4,Edited 2 years ago,,False,True,False,2026-09-25
P03,الواجهة البحرية,الدمام,كورنيش,https://maps.app.goo.gl/E5ZBjcN8sv3pc3Jh8,ChdDSUhNMG9nS0VJQ0FnSUNqamFqSTlRRRAB,gamar moon,https://www.google.com/maps/contrib/102311571895468754538/reviews?hl=en,5,2 years ago,,False,True,False,2026-09-25
P03,الواجهة البحرية,الدمام,كورنيش,https://maps.app.goo.gl/E5ZBjcN8sv3pc3Jh8,ChdDSUhNMG9nS0VJQ0FnSUNqaWZPcnRBRRAB,رامي الثقفي,https://www.google.com/maps/contrib/111513455627873283289/reviews?hl=en,5,2 years ago,,False,True,False,2026-09-25
P03,الواجهة البحرية,الدمام,كورنيش,https://maps.app.goo.gl/E5ZBjcN8sv3pc3Jh8,ChdDSUhNMG9nS0VJQ0FnSUNqN3NqWXd3RRAB,ميثاق الحيدري,https://www.google.com/maps/contrib/108565998010300737306/reviews?hl=en,5,2 years ago,واجهه كبيره وجميله وهادئه,True,True,False,2026-09-25
P03,الواجهة البحرية,الدمام,كورنيش,https://maps.app.goo.gl/E5ZBjcN8sv3pc3Jh8,ChdDSUhNMG9nS0VJQ0FnSUNqbHZ2OHB3RRAB,دبي لشاشات السيارات,https://www.google.com/maps/contrib/116238713077177440617/reviews?hl=en,5,2 years ago,,False,True,False,2026-09-25
P03,الواجهة البحرية,الدمام,كورنيش,https://maps.app.goo.gl/E5ZBjcN8sv3pc3Jh8,ChZDSUhNMG9nS0VJQ0FnSUNqa3FqQ0xnEAE,Ahmed Abdulkareem,https://www.google.com/maps/contrib/106991472451517477784/reviews?hl=en,5,2 years ago,❤️,False,True,False,2026-09-25
P03,الواجهة البحرية,الدمام,كورنيش,https://maps.app.goo.gl/E5ZBjcN8sv3pc3Jh8,ChZDSUhNMG9nS0VJQ0FnSUNqZ3BfcldREAE,Ibrahim Omer,https://www.google.com/maps/contrib/105751188041469121784/reviews?hl=en,5,2 years ago,رائعة,True,True,False,2026-09-25
P03,الواجهة البحرية,الدمام,كورنيش,https://maps.app.goo.gl/E5ZBjcN8sv3pc3Jh8,ChZDSUhNMG9nS0VJQ0FnSUNqZ3AyR0R3EAE,ابوحمدد,https://www.google.com/maps/contrib/114406224734103389056/reviews?hl=en,3,2 years ago,تختاج مظلات,True,True,False,2026-09-25
P03,الواجهة البحرية,الدمام,كورنيش,https://maps.app.goo.gl/E5ZBjcN8sv3pc3Jh8,ChZDSUhNMG9nS0VJQ0FnSUNqZ3NXY1NREAE,Mourid Safi,https://www.google.com/maps/contrib/100162292656184135348/reviews?hl=en,5,2 years ago,,False,True,False,2026-09-25
P03,الواجهة البحرية,الدمام,كورنيش,https://maps.app.goo.gl/E5ZBjcN8sv3pc3Jh8,ChdDSUhNMG9nS0VJQ0FnSUNqak8zSXhRRRAB,فؤاد غبان,https://www.google.com/maps/contrib/116621207348852575973/reviews?hl=en,5,2 years ago,,False,True,False,2026-09-25
P03,الواجهة البحرية,الدمام,كورنيش,https://maps.app.goo.gl/E5ZBjcN8sv3pc3Jh8,ChZDSUhNMG9nS0VJQ0FnSURENzdhekZ3EAE,Majed H aljabri,https://www.google.com/maps/contrib/104541096628096983758/reviews?hl=en,5,2 years ago,,False,True,False,2026-09-25
P03,الواجهة البحرية,الدمام,كورنيش,https://maps.app.goo.gl/E5ZBjcN8sv3pc3Jh8,ChZDSUhNMG9nS0VJQ0FnSURENl8tbWFBEAE,Motasim Ziad,https://www.google.com/maps/contrib/111017713189786239139/reviews?hl=en,5,2 years ago,Ok,False,True,False,2026-09-25
P03,الواجهة البحرية,الدمام,كورنيش,https://maps.app.goo.gl/E5ZBjcN8sv3pc3Jh8,ChZDSUhNMG9nS0VJQ0FnSUREeThTdWR3EAE,الناشط ابوسعود,https://www.google.com/maps/contrib/104061440653419237671/reviews?hl=en,5,2 years ago,اطلالة جميلة,True,True,False,2026-09-25
P03,الواجهة البحرية,الدمام,كورنيش,https://maps.app.goo.gl/E5ZBjcN8sv3pc3Jh8,ChZDSUhNMG9nS0VJQ0FnSURENWRDclp3EAE,ABDUL HAMID MOHAMAD AMIN,https://www.google.com/maps/contrib/112601664908622646122/reviews?hl=en,5,2 years ago,,False,True,False,2026-09-25
P03,الواجهة البحرية,الدمام,كورنيش,https://maps.app.goo.gl/E5ZBjcN8sv3pc3Jh8,ChdDSUhNMG9nS0VJQ0FnSUREbWJHTm93RRAB,Ayman ALbadany,https://www.google.com/maps/contrib/100856650830348794764/reviews?hl=en,5,2 years ago,,False,True,False,2026-09-25
P03,الواجهة البحرية,الدمام,كورنيش,https://maps.app.goo.gl/E5ZBjcN8sv3pc3Jh8,ChdDSUhNMG9nS0VJQ0FnSUREaWZEWWlBRRAB,Cbt CBT,https://www.google.com/maps/contrib/103169831251856380852/reviews?hl=en,5,2 years ago,ممتاز وهاديء مافيه زحمه للي يحب الهدوء,True,True,False,2026-09-25
P03,الواجهة البحرية,الدمام,كورنيش,https://maps.app.goo.gl/E5ZBjcN8sv3pc3Jh8,ChdDSUhNMG9nS0VJQ0FnSUREc2R5ZXpBRRAB,Mohamed Ragab,https://www.google.com/maps/contrib/114797019597714301277/reviews?hl=en,5,2 years ago,,False,True,False,2026-09-25
P03,الواجهة البحرية,الدمام,كورنيش,https://maps.app.goo.gl/E5ZBjcN8sv3pc3Jh8,ChZDSUhNMG9nS0VJQ0FnSUREcnBPLUxnEAE,Kareem Haggag,https://www.google.com/maps/contrib/103224905318586271315/reviews?hl=en,5,2 years ago,,False,True,False,2026-09-25
P03,الواجهة البحرية,الدمام,كورنيش,https://maps.app.goo.gl/E5ZBjcN8sv3pc3Jh8,ChZDSUhNMG9nS0VJQ0FnSUREakk3MUJREAE,Ahmed Shoulkami,https://www.google.com/maps/contrib/105679065734101028053/reviews?hl=en,5,2 years ago,Relax 🧘 place and sea 🌊 view …,False,True,True,2026-09-25
P03,الواجهة البحرية,الدمام,كورنيش,https://maps.app.goo.gl/E5ZBjcN8sv3pc3Jh8,ChdDSUhNMG9nS0VJQ0FnSUNEbTV6NHhRRRAB,hassan ahmed,https://www.google.com/maps/contrib/104689941447978583158/reviews?hl=en,5,2 years ago,,False,True,False,2026-09-25
P03,الواجهة البحرية,الدمام,كورنيش,https://maps.app.goo.gl/E5ZBjcN8sv3pc3Jh8,ChZDSUhNMG9nS0VJQ0FnSUNENUpXcWN3EAE,Sultan Almutairi,https://www.google.com/maps/contrib/103077453701467873723/reviews?hl=en,5,2 years ago,مكان جميل للاسترخاء ويوجد فيه مقاهي قهوه ومطاعم,True,True,False,2026-09-25
P03,الواجهة البحرية,الدمام,كورنيش,https://maps.app.goo.gl/E5ZBjcN8sv3pc3Jh8,ChZDSUhNMG9nS0VJQ0FnSUNEeUpfeU93EAE,سحر الشهري,https://www.google.com/maps/contrib/104999544811007370962/reviews?hl=en,5,2 years ago,,False,True,False,2026-09-25
P03,الواجهة البحرية,الدمام,كورنيش,https://maps.app.goo.gl/E5ZBjcN8sv3pc3Jh8,ChZDSUhNMG9nS0VJQ0FnSUQ5bUtQWlRBEAE,FAISAL,https://www.google.com/maps/contrib/117376648618916136033/reviews?hl=en,5,2 years ago,,False,True,False,2026-09-25
P03,الواجهة البحرية,الدمام,كورنيش,https://maps.app.goo.gl/E5ZBjcN8sv3pc3Jh8,ChdDSUhNMG9nS0VJQ0FnSUM5ajZxRTN3RRAB,Zainab1409,https://www.google.com/maps/contrib/117410401297398465685/reviews?hl=en,5,2 years ago,هادي ورايق وعائلي جدآ,True,True,False,2026-09-25
P03,الواجهة البحرية,الدمام,كورنيش,https://maps.app.goo.gl/E5ZBjcN8sv3pc3Jh8,ChdDSUhNMG9nS0VJQ0FnSUM5eV9hY3RBRRAB,جمال العنزي,https://www.google.com/maps/contrib/109179055886917449744/reviews?hl=en,3,2 years ago,,False,True,False,2026-09-25
P03,الواجهة البحرية,الدمام,كورنيش,https://maps.app.goo.gl/E5ZBjcN8sv3pc3Jh8,ChdDSUhNMG9nS0VJQ0FnSUM5dmJLV25RRRAB,Tv Home,https://www.google.com/maps/contrib/114564744420773139084/reviews?hl=en,5,2 years ago,اسطوريهههععع,True,True,False,2026-09-25
P03,الواجهة البحرية,الدمام,كورنيش,https://maps.app.goo.gl/E5ZBjcN8sv3pc3Jh8,ChZDSUhNMG9nS0VJQ0FnSUM5amFxeU1nEAE,Humadi Qahtani,https://www.google.com/maps/contrib/116527187743108621868/reviews?hl=en,5,2 years ago,,False,True,False,2026-09-25
P03,الواجهة البحرية,الدمام,كورنيش,https://maps.app.goo.gl/E5ZBjcN8sv3pc3Jh8,ChdDSUhNMG9nS0VJQ0FnSUM5M0tqVGp3RRAB,مجاهد النور,https://www.google.com/maps/contrib/117212233112962801676/reviews?hl=en,4,2 years ago,مكان للتنزه جيد جدا هواء طلق واجواء رائعه,True,True,False,2026-09-25
P03,الواجهة البحرية,الدمام,كورنيش,https://maps.app.goo.gl/E5ZBjcN8sv3pc3Jh8,ChdDSUhNMG9nS0VJQ0FnSUM5ckxDMm5RRRAB,zaid البيشي,https://www.google.com/maps/contrib/116737079126631172429/reviews?hl=en,5,2 years ago,,False,True,False,2026-09-25
P03,الواجهة البحرية,الدمام,كورنيش,https://maps.app.goo.gl/E5ZBjcN8sv3pc3Jh8,ChZDSUhNMG9nS0VJQ0FnSURkbjktVWRREAE,shosho Alasere,https://www.google.com/maps/contrib/110912414699821290110/reviews?hl=en,5,2 years ago,من اجمل الاماكن لقضاء وقت مع الاهل وجميله ايضا في ترتيب المهرجانات,True,True,False,2026-09-25
P03,الواجهة البحرية,الدمام,كورنيش,https://maps.app.goo.gl/E5ZBjcN8sv3pc3Jh8,ChZDSUhNMG9nS0VJQ0FnSURkci1lVkNnEAE,Tamer,https://www.google.com/maps/contrib/105524254876888379254/reviews?hl=en,4,2 years ago,,False,True,False,2026-09-25
P03,الواجهة البحرية,الدمام,كورنيش,https://maps.app.goo.gl/E5ZBjcN8sv3pc3Jh8,ChdDSUhNMG9nS0VJQ0FnSURkaDdtVTl3RRAB,تركي الفيصل,https://www.google.com/maps/contrib/106986866573265323623/reviews?hl=en,5,2 years ago,رائع وهادئ وجميل,True,True,False,2026-09-25
P03,الواجهة البحرية,الدمام,كورنيش,https://maps.app.goo.gl/E5ZBjcN8sv3pc3Jh8,ChdDSUhNMG9nS0VJQ0FnSURkaTV5ZzJRRRAB,Alim Uddin Chowdhury,https://www.google.com/maps/contrib/107529204415132465355/reviews?hl=en,5,2 years ago,Safe and beautiful place,False,True,False,2026-09-25
P03,الواجهة البحرية,الدمام,كورنيش,https://maps.app.goo.gl/E5ZBjcN8sv3pc3Jh8,ChZDSUhNMG9nS0VJQ0FnSURkeVl2VmR3EAE,Sahar G,https://www.google.com/maps/contrib/105130658708139968152/reviews?hl=en,4,2 years ago,,False,True,False,2026-09-25
P03,الواجهة البحرية,الدمام,كورنيش,https://maps.app.goo.gl/E5ZBjcN8sv3pc3Jh8,ChdDSUhNMG9nS0VJQ0FnSURkOGFxSWxnRRAB,‫عبدالله الأسمري (‪Alasmeri‬‏)‬‎,https://www.google.com/maps/contrib/116294132751311705572/reviews?hl=en,4,2 years ago,مكان جميل ومنظم,True,True,False,2026-09-25
P03,الواجهة البحرية,الدمام,كورنيش,https://maps.app.goo.gl/E5ZBjcN8sv3pc3Jh8,ChdDSUhNMG9nS0VJQ0FnSURkNGFtZG9BRRAB,Eslam Gamal,https://www.google.com/maps/contrib/102288497699367654852/reviews?hl=en,5,2 years ago,المنطقة الشرقية والواجهه البحرية جميلة جدا ومكان كويس للاطفال والعائلات,True,True,False,2026-09-25
P03,الواجهة البحرية,الدمام,كورنيش,https://maps.app.goo.gl/E5ZBjcN8sv3pc3Jh8,ChZDSUhNMG9nS0VJQ0FnSUNkN2FPVEpnEAE,حسين لحنف,https://www.google.com/maps/contrib/105147099943893146376/reviews?hl=en,5,2 years ago,مكان حلو ويصلح للنزهات,True,True,False,2026-09-25
P03,الواجهة البحرية,الدمام,كورنيش,https://maps.app.goo.gl/E5ZBjcN8sv3pc3Jh8,ChZDSUhNMG9nS0VJQ0FnSUNkM0tmU09BEAE,ماجد,https://www.google.com/maps/contrib/112885911183974156299/reviews?hl=en,5,2 years ago,"مكان هادئ جدا وجميل خصوصا في أوقات الخريف والشتاء
اماكن جلوس مباشرة على البحر واماكن خضراء كثيرة للجلسات العائلية",True,True,False,2026-09-25
P03,الواجهة البحرية,الدمام,كورنيش,https://maps.app.goo.gl/E5ZBjcN8sv3pc3Jh8,ChZDSUhNMG9nS0VJQ0FnSUNkckxhaFhnEAE,ابوحمود المليكي,https://www.google.com/maps/contrib/116100884682806169133/reviews?hl=en,3,2 years ago,,False,True,False,2026-09-25
P03,الواجهة البحرية,الدمام,كورنيش,https://maps.app.goo.gl/E5ZBjcN8sv3pc3Jh8,ChdDSUhNMG9nS0VJQ0FnSUR0MzRQX3NnRRAB,noor alqatif,https://www.google.com/maps/contrib/112029452426847185602/reviews?hl=en,5,2 years ago,,False,True,False,2026-09-25
P03,الواجهة البحرية,الدمام,كورنيش,https://maps.app.goo.gl/E5ZBjcN8sv3pc3Jh8,ChdDSUhNMG9nS0VJQ0FnSUR0dDdpQXJnRRAB,Q8 Q8,https://www.google.com/maps/contrib/104000901317438644486/reviews?hl=en,5,2 years ago,مرتبه,True,True,False,2026-09-25
P03,الواجهة البحرية,الدمام,كورنيش,https://maps.app.goo.gl/E5ZBjcN8sv3pc3Jh8,ChdDSUhNMG9nS0VJQ0FnSUN0ajZtMHJRRRAB,Wassem Alfhel,https://www.google.com/maps/contrib/111865912005725371448/reviews?hl=en,5,2 years ago,,False,True,False,2026-09-25
P03,الواجهة البحرية,الدمام,كورنيش,https://maps.app.goo.gl/E5ZBjcN8sv3pc3Jh8,ChdDSUhNMG9nS0VJQ0FnSUN0akl6NDhnRRAB,abdul bari,https://www.google.com/maps/contrib/105814684615378912230/reviews?hl=en,5,2 years ago,,False,True,False,2026-09-25
P03,الواجهة البحرية,الدمام,كورنيش,https://maps.app.goo.gl/E5ZBjcN8sv3pc3Jh8,ChZDSUhNMG9nS0VJQ0FnSUN0aElEZVN3EAE,سامي البريك,https://www.google.com/maps/contrib/103732693448960071257/reviews?hl=en,4,2 years ago,بحاجه الى ترتيب وزيادة الاناره,True,True,False,2026-09-25
P03,الواجهة البحرية,الدمام,كورنيش,https://maps.app.goo.gl/E5ZBjcN8sv3pc3Jh8,ChdDSUhNMG9nS0VJQ0FnSUN0aUotWi1RRRAB,ابو باسل,https://www.google.com/maps/contrib/117213705559832544098/reviews?hl=en,1,2 years ago,للأسف كانت من أفضل الشواطي الان سيئه جداً,True,True,False,2026-09-25
P03,الواجهة البحرية,الدمام,كورنيش,https://maps.app.goo.gl/E5ZBjcN8sv3pc3Jh8,ChZDSUhNMG9nS0VJQ0FnSURONzgtNlZnEAE,Azoz Azoz,https://www.google.com/maps/contrib/113175234103942927141/reviews?hl=en,5,2 years ago,واجهه الرهيبه💙💙 …,True,True,True,2026-09-25
P03,الواجهة البحرية,الدمام,كورنيش,https://maps.app.goo.gl/E5ZBjcN8sv3pc3Jh8,ChZDSUhNMG9nS0VJQ0FnSUROczlpLUJ3EAE,Othman Almajdour,https://www.google.com/maps/contrib/105698788963189070619/reviews?hl=en,5,2 years ago,,False,True,False,2026-09-25
P03,الواجهة البحرية,الدمام,كورنيش,https://maps.app.goo.gl/E5ZBjcN8sv3pc3Jh8,ChdDSUhNMG9nS0VJQ0FnSUROMGF5czh3RRAB,Awidh .M al-dossery,https://www.google.com/maps/contrib/101118835985334278074/reviews?hl=en,4,2 years ago,,False,True,False,2026-09-25
P03,الواجهة البحرية,الدمام,كورنيش,https://maps.app.goo.gl/E5ZBjcN8sv3pc3Jh8,ChdDSUhNMG9nS0VJQ0FnSUROdVBTcW53RRAB,nuna eldery,https://www.google.com/maps/contrib/101057459503838102045/reviews?hl=en,5,2 years ago,,False,True,False,2026-09-25
P03,الواجهة البحرية,الدمام,كورنيش,https://maps.app.goo.gl/E5ZBjcN8sv3pc3Jh8,ChZDSUhNMG9nS0VJQ0FnSUNObmJ6YVR3EAE,هاشم مقبل,https://www.google.com/maps/contrib/115351171652737430072/reviews?hl=en,5,2 years ago,,False,True,False,2026-09-25
P03,الواجهة البحرية,الدمام,كورنيش,https://maps.app.goo.gl/E5ZBjcN8sv3pc3Jh8,ChZDSUhNMG9nS0VJQ0FnSUNOcGNIc2V3EAE,Naif Alanzie,https://www.google.com/maps/contrib/105106455771638625546/reviews?hl=en,5,2 years ago,رائعه,True,True,False,2026-09-25
P03,الواجهة البحرية,الدمام,كورنيش,https://maps.app.goo.gl/E5ZBjcN8sv3pc3Jh8,ChZDSUhNMG9nS0VJQ0FnSUNObnEycVV3EAE,Ali Alfaisal,https://www.google.com/maps/contrib/114913973868918773700/reviews?hl=en,5,2 years ago,,False,True,False,2026-09-25
P03,الواجهة البحرية,الدمام,كورنيش,https://maps.app.goo.gl/E5ZBjcN8sv3pc3Jh8,ChdDSUhNMG9nS0VJQ0FnSUQxX2MtUGpBRRAB,meysan _,https://www.google.com/maps/contrib/109632711988410839363/reviews?hl=en,5,Edited 2 years ago,أحلى مكان نظيف ويصلح للمشي,True,True,False,2026-09-25
P03,الواجهة البحرية,الدمام,كورنيش,https://maps.app.goo.gl/E5ZBjcN8sv3pc3Jh8,ChZDSUhNMG9nS0VJQ0FnSUQxM2VMSVdREAE,بنين الناصر,https://www.google.com/maps/contrib/115675638309382701828/reviews?hl=en,5,2 years ago,ممتاز,True,True,False,2026-09-25
P03,الواجهة البحرية,الدمام,كورنيش,https://maps.app.goo.gl/E5ZBjcN8sv3pc3Jh8,ChZDSUhNMG9nS0VJQ0FnSUQxZ2JQQUtBEAE,Dr. Abeer H. Ali (Bero),https://www.google.com/maps/contrib/116312122684949532554/reviews?hl=en,3,2 years ago,,False,True,False,2026-09-25
P03,الواجهة البحرية,الدمام,كورنيش,https://maps.app.goo.gl/E5ZBjcN8sv3pc3Jh8,ChdDSUhNMG9nS0VJQ0FnSUQxOVA2c2pnRRAB,Abdulatef Sadiq,https://www.google.com/maps/contrib/116400337186784893843/reviews?hl=en,3,2 years ago,,False,True,False,2026-09-25
P03,الواجهة البحرية,الدمام,كورنيش,https://maps.app.goo.gl/E5ZBjcN8sv3pc3Jh8,ChZDSUhNMG9nS0VJQ0FnSUQxMUlYSkdnEAE,May A,https://www.google.com/maps/contrib/103454221949498259336/reviews?hl=en,3,2 years ago,"المكان رائع ،، لكن عدم وجود نقاط لتدخين بعيده عند المواقف مثلاً تؤذي العائله و الأطفال الرائحه مزعجة ومضره للجميع ،،،

اضافه إلى تشغيل الموسيقى بصوت عالي جدا",True,True,False,2026-09-25
P03,الواجهة البحرية,الدمام,كورنيش,https://maps.app.goo.gl/E5ZBjcN8sv3pc3Jh8,ChdDSUhNMG9nS0VJQ0FnSUQxZ09MaDd3RRAB,Omer Albashir,https://www.google.com/maps/contrib/114447287210006638395/reviews?hl=en,5,2 years ago,"Nice place to relax and enjoy and convenient for familys and children, couple's",False,True,False,2026-09-25
P03,الواجهة البحرية,الدمام,كورنيش,https://maps.app.goo.gl/E5ZBjcN8sv3pc3Jh8,ChZDSUhNMG9nS0VJQ0FnSUMxaWJ5MWRREAE,yousef alkowitem,https://www.google.com/maps/contrib/114248819098564703085/reviews?hl=en,5,2 years ago,,False,True,False,2026-09-25
P03,الواجهة البحرية,الدمام,كورنيش,https://maps.app.goo.gl/E5ZBjcN8sv3pc3Jh8,ChZDSUhNMG9nS0VJQ0FnSUMxdnRubWZnEAE,I-Faisal S,https://www.google.com/maps/contrib/116215596914598098569/reviews?hl=en,5,2 years ago,,False,True,False,2026-09-25
P03,الواجهة البحرية,الدمام,كورنيش,https://maps.app.goo.gl/E5ZBjcN8sv3pc3Jh8,ChdDSUhNMG9nS0VJQ0FnSUMxaHUyUjd3RRAB,Mohammed Al-Mufaddel,https://www.google.com/maps/contrib/115132911024451314896/reviews?hl=en,5,2 years ago,,False,True,False,2026-09-25
P03,الواجهة البحرية,الدمام,كورنيش,https://maps.app.goo.gl/E5ZBjcN8sv3pc3Jh8,ChZDSUhNMG9nS0VJQ0FnSUMxX09qR0FREAE,saif yahya,https://www.google.com/maps/contrib/113795301177796089412/reviews?hl=en,5,2 years ago,,False,True,False,2026-09-25
P03,الواجهة البحرية,الدمام,كورنيش,https://maps.app.goo.gl/E5ZBjcN8sv3pc3Jh8,ChZDSUhNMG9nS0VJQ0FnSUMxaExpdU13EAE,Yassen Hamed,https://www.google.com/maps/contrib/104898944782312319714/reviews?hl=en,5,2 years ago,,False,True,False,2026-09-25
P03,الواجهة البحرية,الدمام,كورنيش,https://maps.app.goo.gl/E5ZBjcN8sv3pc3Jh8,ChZDSUhNMG9nS0VJQ0FnSUMxLVBMX0VnEAE,هيثم ابو قاسم العيسائي haitham alesaei,https://www.google.com/maps/contrib/101317853443619431073/reviews?hl=en,5,2 years ago,,False,True,False,2026-09-25
P03,الواجهة البحرية,الدمام,كورنيش,https://maps.app.goo.gl/E5ZBjcN8sv3pc3Jh8,ChZDSUhNMG9nS0VJQ0FnSURWcF9TcmRnEAE,Shayma Jaffer,https://www.google.com/maps/contrib/113401468171683404039/reviews?hl=en,5,2 years ago,,False,True,False,2026-09-25
P03,الواجهة البحرية,الدمام,كورنيش,https://maps.app.goo.gl/E5ZBjcN8sv3pc3Jh8,ChZDSUhNMG9nS0VJQ0FnSURWdTVLQ0p3EAE,ahmed ezz,https://www.google.com/maps/contrib/113877276459367437179/reviews?hl=en,5,2 years ago,مكان جميل,True,True,False,2026-09-25
P03,الواجهة البحرية,الدمام,كورنيش,https://maps.app.goo.gl/E5ZBjcN8sv3pc3Jh8,ChZDSUhNMG9nS0VJQ0FnSURWbmIyOUJnEAE,Loai Bastawi,https://www.google.com/maps/contrib/116020132715393410096/reviews?hl=en,4,2 years ago,,False,True,False,2026-09-25
P03,الواجهة البحرية,الدمام,كورنيش,https://maps.app.goo.gl/E5ZBjcN8sv3pc3Jh8,ChdDSUhNMG9nS0VJQ0FnSURWd3YtNWd3RRAB,abdullah almamoon,https://www.google.com/maps/contrib/100074324845640191679/reviews?hl=en,4,2 years ago,,False,True,False,2026-09-25
P03,الواجهة البحرية,الدمام,كورنيش,https://maps.app.goo.gl/E5ZBjcN8sv3pc3Jh8,ChZDSUhNMG9nS0VJQ0FnSUNWc2F1TVNREAE,Ali Saad,https://www.google.com/maps/contrib/110483859515006598181/reviews?hl=en,5,2 years ago,,False,True,False,2026-09-25
P03,الواجهة البحرية,الدمام,كورنيش,https://maps.app.goo.gl/E5ZBjcN8sv3pc3Jh8,ChZDSUhNMG9nS0VJQ0FnSUNWc2U2aUF3EAE,Alaa El DeeB,https://www.google.com/maps/contrib/110346110821283956921/reviews?hl=en,4,2 years ago,,False,True,False,2026-09-25
P03,الواجهة البحرية,الدمام,كورنيش,https://maps.app.goo.gl/E5ZBjcN8sv3pc3Jh8,ChdDSUhNMG9nS0VJQ0FnSUNWeUx5QTlRRRAB,Imad Faraj,https://www.google.com/maps/contrib/103807557702561994536/reviews?hl=en,5,2 years ago,,False,True,False,2026-09-25
P03,الواجهة البحرية,الدمام,كورنيش,https://maps.app.goo.gl/E5ZBjcN8sv3pc3Jh8,ChdDSUhNMG9nS0VJQ0FnSURsazRqSG93RRAB,Om Mahrah,https://www.google.com/maps/contrib/112408736369324004713/reviews?hl=en,5,2 years ago,,False,True,False,2026-09-25
P03,الواجهة البحرية,الدمام,كورنيش,https://maps.app.goo.gl/E5ZBjcN8sv3pc3Jh8,ChZDSUhNMG9nS0VJQ0FnSURsbWR1bkRBEAE,الراقي الشرعي أبو عمر الشهراني,https://www.google.com/maps/contrib/109122444757381207383/reviews?hl=en,4,2 years ago,"يحتاج عناية اكبر
ما اجمل الغروب على شاطيء البحر",True,True,False,2026-09-25
P03,الواجهة البحرية,الدمام,كورنيش,https://maps.app.goo.gl/E5ZBjcN8sv3pc3Jh8,ChdDSUhNMG9nS0VJQ0FnSUNsejdHdG93RRAB,رباح المرهون,https://www.google.com/maps/contrib/110688921024533089926/reviews?hl=en,4,2 years ago,,False,True,False,2026-09-25
P03,الواجهة البحرية,الدمام,كورنيش,https://maps.app.goo.gl/E5ZBjcN8sv3pc3Jh8,ChdDSUhNMG9nS0VJQ0FnSUNsNTVMWHdBRRAB,Hasan Alnasser,https://www.google.com/maps/contrib/101710852829355640527/reviews?hl=en,4,2 years ago,,False,True,False,2026-09-25
P03,الواجهة البحرية,الدمام,كورنيش,https://maps.app.goo.gl/E5ZBjcN8sv3pc3Jh8,ChZDSUhNMG9nS0VJQ0FnSUNseV9EOU9REAE,يسرا,https://www.google.com/maps/contrib/102117424083637126069/reviews?hl=en,5,2 years ago,,False,True,False,2026-09-25
P03,الواجهة البحرية,الدمام,كورنيش,https://maps.app.goo.gl/E5ZBjcN8sv3pc3Jh8,ChdDSUhNMG9nS0VJQ0FnSUNsOC1TVTZnRRAB,ssm ssm,https://www.google.com/maps/contrib/113268201326948525666/reviews?hl=en,5,2 years ago,موقع ممتاز على البحر نظافة وهدوء وراحة نفسية مكان مرتب على ساحل البحر تتجمع العائلات  مع اطفالها وروقان ولازم تحمل بساط تجلس عليه ودلات قهوة وشاي ومكسرات وفطاير وغداء وماي ومخدات,True,True,False,2026-09-25
P03,الواجهة البحرية,الدمام,كورنيش,https://maps.app.goo.gl/E5ZBjcN8sv3pc3Jh8,ChdDSUhNMG9nS0VJQ0FnSUNscmRXMmxnRRAB,Abu salman,https://www.google.com/maps/contrib/109914219481899883655/reviews?hl=en,4,2 years ago,,False,True,False,2026-09-25
P03,الواجهة البحرية,الدمام,كورنيش,https://maps.app.goo.gl/E5ZBjcN8sv3pc3Jh8,ChdDSUhNMG9nS0VJQ0FnSUNsdGViRHVRRRAB,Baty Hebshi,https://www.google.com/maps/contrib/110868196209375243937/reviews?hl=en,4,2 years ago,جميلة جدا . مساحتها كبيرة . أغلب المهرجانات تقام في هذه المنطة .يوجد بها ألعاب للأطفال . ومسار للقطار . كما يوجد دراجات بالايجار . وتوجد مطاعم ومقاهي تطل على  البحر .,True,True,False,2026-09-25
P03,الواجهة البحرية,الدمام,كورنيش,https://maps.app.goo.gl/E5ZBjcN8sv3pc3Jh8,ChZDSUhNMG9nS0VJQ0FnSUNscFp5NkdBEAE,Hosam Arabasy,https://www.google.com/maps/contrib/103337496687446720929/reviews?hl=en,4,2 years ago,,False,True,False,2026-09-25
P03,الواجهة البحرية,الدمام,كورنيش,https://maps.app.goo.gl/E5ZBjcN8sv3pc3Jh8,ChdDSUhNMG9nS0VJQ0FnSUNsOGJLemd3RRAB,1 “‪THR9‬” 0,https://www.google.com/maps/contrib/101488066612272053216/reviews?hl=en,5,2 years ago,,False,True,False,2026-09-25
P03,الواجهة البحرية,الدمام,كورنيش,https://maps.app.goo.gl/E5ZBjcN8sv3pc3Jh8,ChZDSUhNMG9nS0VJQ0FnSUNsdnFXZkVBEAE,محمد قاسم لقمان,https://www.google.com/maps/contrib/103054483050114110910/reviews?hl=en,5,2 years ago,,False,True,False,2026-09-25
P03,الواجهة البحرية,الدمام,كورنيش,https://maps.app.goo.gl/E5ZBjcN8sv3pc3Jh8,ChZDSUhNMG9nS0VJQ0FnSUNsM29pLUNREAE,ام احمد الزهراني,https://www.google.com/maps/contrib/100792829727798493099/reviews?hl=en,3,2 years ago,,False,True,False,2026-09-25
P03,الواجهة البحرية,الدمام,كورنيش,https://maps.app.goo.gl/E5ZBjcN8sv3pc3Jh8,ChZDSUhNMG9nS0VJQ0FnSUNsanEtOEJ3EAE,غيداء,https://www.google.com/maps/contrib/110096740340986445801/reviews?hl=en,4,2 years ago,المكان جممممممميل خاصه عند الغروب والممشى وسيع وهادي واضاءته مناسبه والتشجير والمسطحات الخضراء روعه 😍 …,True,True,True,2026-09-25
P03,الواجهة البحرية,الدمام,كورنيش,https://maps.app.goo.gl/E5ZBjcN8sv3pc3Jh8,ChdDSUhNMG9nS0VJQ0FnSUNsanJXWTBnRRAB,DJ JOSH,https://www.google.com/maps/contrib/100570240730024302872/reviews?hl=en,5,2 years ago,Nice place to relax,False,True,False,2026-09-25
P03,الواجهة البحرية,الدمام,كورنيش,https://maps.app.goo.gl/E5ZBjcN8sv3pc3Jh8,ChZDSUhNMG9nS0VJQ0FnSUNsam96QkhREAE,Hamad Aldubayan,https://www.google.com/maps/contrib/113992734910775226587/reviews?hl=en,5,2 years ago,,False,True,False,2026-09-25
P03,الواجهة البحرية,الدمام,كورنيش,https://maps.app.goo.gl/E5ZBjcN8sv3pc3Jh8,ChdDSUhNMG9nS0VJQ0FnSUNsMXJPSXd3RRAB,Ahmad Almesranda,https://www.google.com/maps/contrib/105532546901580328381/reviews?hl=en,5,2 years ago,,False,True,False,2026-09-25
P03,الواجهة البحرية,الدمام,كورنيش,https://maps.app.goo.gl/E5ZBjcN8sv3pc3Jh8,ChZDSUhNMG9nS0VJQ0FnSUNsbG9hN1lnEAE,Marwan Abdullah,https://www.google.com/maps/contrib/111881425050043423737/reviews?hl=en,5,2 years ago,,False,True,False,2026-09-25
P03,الواجهة البحرية,الدمام,كورنيش,https://maps.app.goo.gl/E5ZBjcN8sv3pc3Jh8,ChdDSUhNMG9nS0VJQ0FnSUNsOHVtcHBBRRAB,Abdul Hamid,https://www.google.com/maps/contrib/107018927114611500676/reviews?hl=en,5,2 years ago,من اجمل الاماكن في منطقة الدمام افضل كورنيش بالنسبة لي وانصحكم جدا تجربو وتروحو للكورنيش كثير حلو ومساحة الكورنيش جدا كبيرة واجواء رائعة ومن ناحية الاكل او الشرب لا تخافو كثير عربات موجودة من اكل وشرب وحلويات ❤,True,True,False,2026-09-25
P03,الواجهة البحرية,الدمام,كورنيش,https://maps.app.goo.gl/E5ZBjcN8sv3pc3Jh8,ChdDSUhNMG9nS0VJQ0FnSURGaDZ5ZzJ3RRAB,عبدالملك خالد,https://www.google.com/maps/contrib/102085240087111304297/reviews?hl=en,5,2 years ago,,False,True,False,2026-09-25
P03,الواجهة البحرية,الدمام,كورنيش,https://maps.app.goo.gl/E5ZBjcN8sv3pc3Jh8,ChdDSUhNMG9nS0VJQ0FnSURGNWFEeXl3RRAB,M Alblaihid,https://www.google.com/maps/contrib/108670409304670397789/reviews?hl=en,2,2 years ago,تحتاج الى تطوير,True,True,False,2026-09-25
P03,الواجهة البحرية,الدمام,كورنيش,https://maps.app.goo.gl/E5ZBjcN8sv3pc3Jh8,ChZDSUhNMG9nS0VJQ0FnSURGenNYUmVREAE,Designers alkhalij,https://www.google.com/maps/contrib/110714650393017136816/reviews?hl=en,5,2 years ago,هدوء,True,True,False,2026-09-25
P03,الواجهة البحرية,الدمام,كورنيش,https://maps.app.goo.gl/E5ZBjcN8sv3pc3Jh8,ChdDSUhNMG9nS0VJQ0FnSUNGbTVmLTNBRRAB,رمش العين,https://www.google.com/maps/contrib/116437639671908721896/reviews?hl=en,1,2 years ago,جداً عاديه وفاضية,True,True,False,2026-09-25
P03,الواجهة البحرية,الدمام,كورنيش,https://maps.app.goo.gl/E5ZBjcN8sv3pc3Jh8,ChZDSUhNMG9nS0VJQ0FnSUNGdE1lRFR3EAE,ابراهيم اليافعي,https://www.google.com/maps/contrib/100539236320652529913/reviews?hl=en,4,2 years ago,حلو,True,True,False,2026-09-25
P03,الواجهة البحرية,الدمام,كورنيش,https://maps.app.goo.gl/E5ZBjcN8sv3pc3Jh8,ChdDSUhNMG9nS0VJQ0FnSUQ1MFl5RnlRRRAB,بشار بن عبدالله الشنبه,https://www.google.com/maps/contrib/112098410822743034804/reviews?hl=en,5,2 years ago,ممتعة,True,True,False,2026-09-25
P03,الواجهة البحرية,الدمام,كورنيش,https://maps.app.goo.gl/E5ZBjcN8sv3pc3Jh8,ChZDSUhNMG9nS0VJQ0FnSUQ1aXIyR1JREAE,تامر رضا,https://www.google.com/maps/contrib/102847954891694297025/reviews?hl=en,4,2 years ago,مكان ممكن الخروج والفسحه فيه وكمان ممكن تمارس نشاط صيد السمك,True,True,False,2026-09-25
P03,الواجهة البحرية,الدمام,كورنيش,https://maps.app.goo.gl/E5ZBjcN8sv3pc3Jh8,ChdDSUhNMG9nS0VJQ0FnSUQ1N1BmdnZBRRAB,rashd aldossry,https://www.google.com/maps/contrib/104544334205856205586/reviews?hl=en,5,2 years ago,الواجهه البحريه روحي كلها احبك يالدمام بكل مافيك😍♥️ …,True,True,True,2026-09-25
P03,الواجهة البحرية,الدمام,كورنيش,https://maps.app.goo.gl/E5ZBjcN8sv3pc3Jh8,ChdDSUhNMG9nS0VJQ0FnSUQ1N0xMb29RRRAB,Taiseer Taha,https://www.google.com/maps/contrib/113326304002538240275/reviews?hl=en,2,2 years ago,رائعة,True,True,False,2026-09-25
P03,الواجهة البحرية,الدمام,كورنيش,https://maps.app.goo.gl/E5ZBjcN8sv3pc3Jh8,ChZDSUhNMG9nS0VJQ0FnSUQ1dUllWVRBEAE,سعيد الغامدي,https://www.google.com/maps/contrib/113447485102058055804/reviews?hl=en,4,2 years ago,مكان جميل وهادي,True,True,False,2026-09-25
P03,الواجهة البحرية,الدمام,كورنيش,https://maps.app.goo.gl/E5ZBjcN8sv3pc3Jh8,ChdDSUhNMG9nS0VJQ0FnSUM1c1lxdmxnRRAB,シoo,https://www.google.com/maps/contrib/116985485540177229155/reviews?hl=en,5,2 years ago,الكونيش، روعه و القعده فيه ترد الروح,True,True,False,2026-09-25
P03,الواجهة البحرية,الدمام,كورنيش,https://maps.app.goo.gl/E5ZBjcN8sv3pc3Jh8,ChdDSUhNMG9nS0VJQ0FnSUM1eXFqOWtRRRAB,ahmed alhobayshe أحمد الحبيشي,https://www.google.com/maps/contrib/100812860478599871015/reviews?hl=en,4,2 years ago,جميلة,True,True,False,2026-09-25
P03,الواجهة البحرية,الدمام,كورنيش,https://maps.app.goo.gl/E5ZBjcN8sv3pc3Jh8,ChZDSUhNMG9nS0VJQ0FnSUM1cFAyeFRBEAE,الزعيم الافضل,https://www.google.com/maps/contrib/111280668312235644841/reviews?hl=en,5,2 years ago,,False,True,False,2026-09-25
P03,الواجهة البحرية,الدمام,كورنيش,https://maps.app.goo.gl/E5ZBjcN8sv3pc3Jh8,ChZDSUhNMG9nS0VJQ0FnSURaMC1xOUJBEAE,Syed Adil Mashkoor,https://www.google.com/maps/contrib/104508845829156306276/reviews?hl=en,4,2 years ago,,False,True,False,2026-09-25
P03,الواجهة البحرية,الدمام,كورنيش,https://maps.app.goo.gl/E5ZBjcN8sv3pc3Jh8,ChZDSUhNMG9nS0VJQ0FnSURaX1pYM1JBEAE,Usama Fattouh,https://www.google.com/maps/contrib/113720371936683405242/reviews?hl=en,5,2 years ago,,False,True,False,2026-09-25
P03,الواجهة البحرية,الدمام,كورنيش,https://maps.app.goo.gl/E5ZBjcN8sv3pc3Jh8,ChZDSUhNMG9nS0VJQ0FnSURacmVHaFpBEAE,محمد عنبتاوي,https://www.google.com/maps/contrib/109062113880448725398/reviews?hl=en,5,2 years ago,,False,True,False,2026-09-25
P03,الواجهة البحرية,الدمام,كورنيش,https://maps.app.goo.gl/E5ZBjcN8sv3pc3Jh8,ChdDSUhNMG9nS0VJQ0FnSURaOWNXeXZ3RRAB,suhaib alkhadra,https://www.google.com/maps/contrib/101457416384519835224/reviews?hl=en,5,2 years ago,,False,True,False,2026-09-25
P03,الواجهة البحرية,الدمام,كورنيش,https://maps.app.goo.gl/E5ZBjcN8sv3pc3Jh8,ChdDSUhNMG9nS0VJQ0FnSURaam9yemlBRRAB,Ahmed Alsabhan,https://www.google.com/maps/contrib/100562137583922523642/reviews?hl=en,4,2 years ago,تحتاج اكثر اهتمام واماكن ترفيه ومطاعم واناره جيده,True,True,False,2026-09-25
P03,الواجهة البحرية,الدمام,كورنيش,https://maps.app.goo.gl/E5ZBjcN8sv3pc3Jh8,ChZDSUhNMG9nS0VJQ0FnSURaOXZDVGVnEAE,IBRAHEM ALGHAMDI,https://www.google.com/maps/contrib/118033209859846807270/reviews?hl=en,5,2 years ago,"الاجواء جميله النظافه جميله ولكن تحتاج بعض الاهتمام بدورات المياه ، فما المانع من جعل دورات المياه برسوم ريال واحد وتكون عائد للنظافه والاهتمام ، كذلك مكافحة الحشرات باستمرار والقطاوه ، توفير اماكن خاصه بالشواء
اتمنى من ادارة الخدمات اقتباس بعض الافكار من الخارج وتطبيقها لدينا",True,True,False,2026-09-25
P03,الواجهة البحرية,الدمام,كورنيش,https://maps.app.goo.gl/E5ZBjcN8sv3pc3Jh8,ChdDSUhNMG9nS0VJQ0FnSURaNXRDcnJnRRAB,محمد العيوطي,https://www.google.com/maps/contrib/106649561319428205636/reviews?hl=en,3,2 years ago,,False,True,False,2026-09-25
P03,الواجهة البحرية,الدمام,كورنيش,https://maps.app.goo.gl/E5ZBjcN8sv3pc3Jh8,ChZDSUhNMG9nS0VJQ0FnSURaeEp1dVVBEAE,وائل الصرمي,https://www.google.com/maps/contrib/115029059453887167236/reviews?hl=en,5,3 years ago,مكان حلو,True,True,False,2026-09-25
P03,الواجهة البحرية,الدمام,كورنيش,https://maps.app.goo.gl/E5ZBjcN8sv3pc3Jh8,ChZDSUhNMG9nS0VJQ0FnSURaMk5yU2NREAE,سهم عتيبه,https://www.google.com/maps/contrib/114986518544740770636/reviews?hl=en,5,3 years ago,جميله ونظيفه,True,True,False,2026-09-25
P03,الواجهة البحرية,الدمام,كورنيش,https://maps.app.goo.gl/E5ZBjcN8sv3pc3Jh8,ChZDSUhNMG9nS0VJQ0FnSUNacTV5ZEVnEAE,عمر عمر الخالدي,https://www.google.com/maps/contrib/117376051353883995158/reviews?hl=en,5,3 years ago,‏مكان في ذكريات كثيره🥺 …,True,True,True,2026-09-25
P03,الواجهة البحرية,الدمام,كورنيش,https://maps.app.goo.gl/E5ZBjcN8sv3pc3Jh8,ChZDSUhNMG9nS0VJQ0FnSUNadmZLQkNBEAE,نبيل الحسني,https://www.google.com/maps/contrib/115922445868454790972/reviews?hl=en,4,3 years ago,,False,True,False,2026-09-25
P03,الواجهة البحرية,الدمام,كورنيش,https://maps.app.goo.gl/E5ZBjcN8sv3pc3Jh8,ChZDSUhNMG9nS0VJQ0FnSUNaemJyZ0xnEAE,عبدالله الجبور,https://www.google.com/maps/contrib/111748686090080635029/reviews?hl=en,5,3 years ago,اطلاله رائعه جداً,True,True,False,2026-09-25
P03,الواجهة البحرية,الدمام,كورنيش,https://maps.app.goo.gl/E5ZBjcN8sv3pc3Jh8,ChZDSUhNMG9nS0VJQ0FnSUNaeGJUNVV3EAE,nora,https://www.google.com/maps/contrib/104265894341106573905/reviews?hl=en,3,3 years ago,,False,True,False,2026-09-25
P03,الواجهة البحرية,الدمام,كورنيش,https://maps.app.goo.gl/E5ZBjcN8sv3pc3Jh8,ChZDSUhNMG9nS0VJQ0FnSURwMGFTYlhnEAE,HUDA FAHAD,https://www.google.com/maps/contrib/103189618155310535521/reviews?hl=en,5,Edited 3 years ago,,False,True,False,2026-09-25
P03,الواجهة البحرية,الدمام,كورنيش,https://maps.app.goo.gl/E5ZBjcN8sv3pc3Jh8,ChdDSUhNMG9nS0VJQ0FnSUNacWFxWnh3RRAB,أكرم البكاري,https://www.google.com/maps/contrib/114222223282108557914/reviews?hl=en,4,3 years ago,مكان جميل ورائع,True,True,False,2026-09-25
P03,الواجهة البحرية,الدمام,كورنيش,https://maps.app.goo.gl/E5ZBjcN8sv3pc3Jh8,ChZDSUhNMG9nS0VJQ0FnSUNab3A3OERnEAE,Basim Ghadban,https://www.google.com/maps/contrib/102656139427831744768/reviews?hl=en,5,3 years ago,,False,True,False,2026-09-25
P03,الواجهة البحرية,الدمام,كورنيش,https://maps.app.goo.gl/E5ZBjcN8sv3pc3Jh8,ChRDSUhNMG9nS0VJQ0FnSURweGFkVRAB,borhan moussa,https://www.google.com/maps/contrib/113738498158277838504/reviews?hl=en,5,3 years ago,,False,True,False,2026-09-25
P03,الواجهة البحرية,الدمام,كورنيش,https://maps.app.goo.gl/E5ZBjcN8sv3pc3Jh8,ChZDSUhNMG9nS0VJQ0FnSURwaXJEbkt3EAE,أبوكيان أحمد المالكي AbuKayan Ahmed Almalki,https://www.google.com/maps/contrib/114633119091643552463/reviews?hl=en,4,3 years ago,,False,True,False,2026-09-25
P03,الواجهة البحرية,الدمام,كورنيش,https://maps.app.goo.gl/E5ZBjcN8sv3pc3Jh8,ChZDSUhNMG9nS0VJQ0FnSUNwc2V1ZEVREAE,George Cristiano,https://www.google.com/maps/contrib/103020349306831042325/reviews?hl=en,4,3 years ago,,False,True,False,2026-09-25
P03,الواجهة البحرية,الدمام,كورنيش,https://maps.app.goo.gl/E5ZBjcN8sv3pc3Jh8,ChdDSUhNMG9nS0VJQ0FnSUNwbnJ2TjlBRRAB,TURKI,https://www.google.com/maps/contrib/108880338637921079100/reviews?hl=en,5,3 years ago,المكان جميل جدا,True,True,False,2026-09-25
P03,الواجهة البحرية,الدمام,كورنيش,https://maps.app.goo.gl/E5ZBjcN8sv3pc3Jh8,ChdDSUhNMG9nS0VJQ0FnSUNwcXY2MG1nRRAB,Abu yousef,https://www.google.com/maps/contrib/101025126742999800197/reviews?hl=en,5,3 years ago,,False,True,False,2026-09-25
P03,الواجهة البحرية,الدمام,كورنيش,https://maps.app.goo.gl/E5ZBjcN8sv3pc3Jh8,ChdDSUhNMG9nS0VJQ0FnSURKeC16dGdnRRAB,أبو ريان الكبدي,https://www.google.com/maps/contrib/109322903318384716529/reviews?hl=en,5,3 years ago,,False,True,False,2026-09-25
P03,الواجهة البحرية,الدمام,كورنيش,https://maps.app.goo.gl/E5ZBjcN8sv3pc3Jh8,ChZDSUhNMG9nS0VJQ0FnSURKdWNyU2VREAE,ahmed sayed,https://www.google.com/maps/contrib/114255846554892419849/reviews?hl=en,4,3 years ago,زباله كثيييرة,True,True,False,2026-09-25
P03,الواجهة البحرية,الدمام,كورنيش,https://maps.app.goo.gl/E5ZBjcN8sv3pc3Jh8,ChZDSUhNMG9nS0VJQ0FnSURKOFp6ZU5BEAE,نـٌور آلقِّمـر,https://www.google.com/maps/contrib/109908816419269113494/reviews?hl=en,3,3 years ago,اللي بقلبه كلام وخاطره يتامل يروح له,True,True,False,2026-09-25
P03,الواجهة البحرية,الدمام,كورنيش,https://maps.app.goo.gl/E5ZBjcN8sv3pc3Jh8,ChZDSUhNMG9nS0VJQ0FnSURKd1pydGZ3EAE,KING_BIS,https://www.google.com/maps/contrib/103087270971233644754/reviews?hl=en,3,3 years ago,,False,True,False,2026-09-25
P03,الواجهة البحرية,الدمام,كورنيش,https://maps.app.goo.gl/E5ZBjcN8sv3pc3Jh8,ChZDSUhNMG9nS0VJQ0FnSURKNnBtQ0ZREAE,عبدالله العامري,https://www.google.com/maps/contrib/108402167781451415013/reviews?hl=en,2,3 years ago,,False,True,False,2026-09-25
P03,الواجهة البحرية,الدمام,كورنيش,https://maps.app.goo.gl/E5ZBjcN8sv3pc3Jh8,ChZDSUhNMG9nS0VJQ0FnSURKX0s3NmFREAE,مختار النقيب,https://www.google.com/maps/contrib/101824641834600539398/reviews?hl=en,5,3 years ago,,False,True,False,2026-09-25
P03,الواجهة البحرية,الدمام,كورنيش,https://maps.app.goo.gl/E5ZBjcN8sv3pc3Jh8,ChZDSUhNMG9nS0VJQ0FnSURKN08tRk53EAE,سليمان الربعي,https://www.google.com/maps/contrib/103691302310689306916/reviews?hl=en,4,3 years ago,,False,True,False,2026-09-25
P03,الواجهة البحرية,الدمام,كورنيش,https://maps.app.goo.gl/E5ZBjcN8sv3pc3Jh8,ChdDSUhNMG9nS0VJQ0FnSURKOVBEcXJRRRAB,Khaild KSA (Khaled),https://www.google.com/maps/contrib/112489612397797974806/reviews?hl=en,4,3 years ago,,False,True,False,2026-09-25
P03,الواجهة البحرية,الدمام,كورنيش,https://maps.app.goo.gl/E5ZBjcN8sv3pc3Jh8,ChZDSUhNMG9nS0VJQ0FnSUNKdl9UaU9BEAE,Shahbaaz DK,https://www.google.com/maps/contrib/102049549970957114268/reviews?hl=en,4,3 years ago,,False,True,False,2026-09-25
P03,الواجهة البحرية,الدمام,كورنيش,https://maps.app.goo.gl/E5ZBjcN8sv3pc3Jh8,ChZDSUhNMG9nS0VJQ0FnSUNKdDlLT1FBEAE,Roqc -,https://www.google.com/maps/contrib/104266873872104332727/reviews?hl=en,5,3 years ago,,False,True,False,2026-09-25
P03,الواجهة البحرية,الدمام,كورنيش,https://maps.app.goo.gl/E5ZBjcN8sv3pc3Jh8,ChZDSUhNMG9nS0VJQ0FnSUNKN2RHdUx3EAE,محمد السبيعي,https://www.google.com/maps/contrib/106653707502688844370/reviews?hl=en,5,3 years ago,,False,True,False,2026-09-25
P03,الواجهة البحرية,الدمام,كورنيش,https://maps.app.goo.gl/E5ZBjcN8sv3pc3Jh8,ChdDSUhNMG9nS0VJQ0FnSUNKd2RYVHNRRRAB,Ahmed hassan,https://www.google.com/maps/contrib/113847166260106743582/reviews?hl=en,5,3 years ago,,False,True,False,2026-09-25
P03,الواجهة البحرية,الدمام,كورنيش,https://maps.app.goo.gl/E5ZBjcN8sv3pc3Jh8,ChdDSUhNMG9nS0VJQ0FnSUNKM3RmLXBBRRAB,MUHAMMAD ANAS,https://www.google.com/maps/contrib/109879885901962344153/reviews?hl=en,5,3 years ago,"Beautiful, nature, Cornish, trees, sea, Kids play Zone, Sitting Zone. 🤩😘😘🥰 …",False,True,True,2026-09-25
P03,الواجهة البحرية,الدمام,كورنيش,https://maps.app.goo.gl/E5ZBjcN8sv3pc3Jh8,ChdDSUhNMG9nS0VJQ0FnSUNKd3Q3ZnZBRRAB,Hisham Sayed,https://www.google.com/maps/contrib/104472036411483441894/reviews?hl=en,5,3 years ago,,False,True,False,2026-09-25
P03,الواجهة البحرية,الدمام,كورنيش,https://maps.app.goo.gl/E5ZBjcN8sv3pc3Jh8,ChZDSUhNMG9nS0VJQ0FnSUNKdE5LbWZ3EAE,mohammed alahmadi,https://www.google.com/maps/contrib/103791004890735129130/reviews?hl=en,5,3 years ago,أجواء جميلة,True,True,False,2026-09-25
P03,الواجهة البحرية,الدمام,كورنيش,https://maps.app.goo.gl/E5ZBjcN8sv3pc3Jh8,ChZDSUhNMG9nS0VJQ0FnSUNKNFBtVkZBEAE,ابراهيم الدوسري,https://www.google.com/maps/contrib/101135681393767539167/reviews?hl=en,5,3 years ago,ممتاز,True,True,False,2026-09-25
P03,الواجهة البحرية,الدمام,كورنيش,https://maps.app.goo.gl/E5ZBjcN8sv3pc3Jh8,ChdDSUhNMG9nS0VJQ0FnSUR4MTdia3lBRRAB,Ibrahim Z,https://www.google.com/maps/contrib/101164503452512086090/reviews?hl=en,4,3 years ago,,False,True,False,2026-09-25
P03,الواجهة البحرية,الدمام,كورنيش,https://maps.app.goo.gl/E5ZBjcN8sv3pc3Jh8,ChZDSUhNMG9nS0VJQ0FnSUR4LTduekdBEAE,Hossin Saed,https://www.google.com/maps/contrib/114554710306590390301/reviews?hl=en,4,3 years ago,نتمنى يكون هناك مزيد من التطوير,True,True,False,2026-09-25
P03,الواجهة البحرية,الدمام,كورنيش,https://maps.app.goo.gl/E5ZBjcN8sv3pc3Jh8,ChdDSUhNMG9nS0VJQ0FnSUR4cThiWHRBRRAB,طاهر كدش,https://www.google.com/maps/contrib/109965002046905508174/reviews?hl=en,5,3 years ago,,False,True,False,2026-09-25
P03,الواجهة البحرية,الدمام,كورنيش,https://maps.app.goo.gl/E5ZBjcN8sv3pc3Jh8,ChZDSUhNMG9nS0VJQ0FnSUR4LWR2R1JBEAE,ماجد الطويلعي,https://www.google.com/maps/contrib/110561148706064799697/reviews?hl=en,5,3 years ago,,False,True,False,2026-09-25
P03,الواجهة البحرية,الدمام,كورنيش,https://maps.app.goo.gl/E5ZBjcN8sv3pc3Jh8,ChdDSUhNMG9nS0VJQ0FnSUR4bVpUTG5RRRAB,سامي المرزوقي,https://www.google.com/maps/contrib/101395590004789780734/reviews?hl=en,3,3 years ago,الجو حار جدا في النهار وفي الليل ايضا واماكن الترفيه ازيلت وليست كنا كانت قبل كورونا والاجار أصبح في الارتفاع وزوارة قلائل،ارجوا تصليحه.,True,True,False,2026-09-25
P03,الواجهة البحرية,الدمام,كورنيش,https://maps.app.goo.gl/E5ZBjcN8sv3pc3Jh8,ChdDSUhNMG9nS0VJQ0FnSUR4aWJ1M2lBRRAB,محمد الصاوي,https://www.google.com/maps/contrib/106774327946234368930/reviews?hl=en,5,3 years ago,,False,True,False,2026-09-25
P03,الواجهة البحرية,الدمام,كورنيش,https://maps.app.goo.gl/E5ZBjcN8sv3pc3Jh8,ChdDSUhNMG9nS0VJQ0FnSUR4NGNiRHR3RRAB,Majid Alabad,https://www.google.com/maps/contrib/117050757017840833332/reviews?hl=en,5,3 years ago,👍 …,False,True,True,2026-09-25
P03,الواجهة البحرية,الدمام,كورنيش,https://maps.app.goo.gl/E5ZBjcN8sv3pc3Jh8,ChdDSUhNMG9nS0VJQ0FnSUR4OXF5ZWhnRRAB,مشعل الجلعود,https://www.google.com/maps/contrib/102332733706126341380/reviews?hl=en,5,3 years ago,الواجهة رائعه جدا 🙏🏻 …,True,True,True,2026-09-25
P03,الواجهة البحرية,الدمام,كورنيش,https://maps.app.goo.gl/E5ZBjcN8sv3pc3Jh8,ChZDSUhNMG9nS0VJQ0FnSUR4MEktVWJnEAE,ABRAIR AL FARHAN,https://www.google.com/maps/contrib/109027145793115403286/reviews?hl=en,3,3 years ago,واجه بحريه جميله في الدمام منفس لجميع الناس سحات كبيره اللعاب اطفال محلات كافيهات جميع الخدمات,True,True,False,2026-09-25
P03,الواجهة البحرية,الدمام,كورنيش,https://maps.app.goo.gl/E5ZBjcN8sv3pc3Jh8,ChdDSUhNMG9nS0VJQ0FnSUN4XzhhdDdBRRAB,F.A Al.Marhoon,https://www.google.com/maps/contrib/113636869346111603666/reviews?hl=en,4,3 years ago,,False,True,False,2026-09-25
P03,الواجهة البحرية,الدمام,كورنيش,https://maps.app.goo.gl/E5ZBjcN8sv3pc3Jh8,ChZDSUhNMG9nS0VJQ0FnSUN4bjZuNllBEAE,علي النماء,https://www.google.com/maps/contrib/116267277185960099932/reviews?hl=en,4,3 years ago,مكان جميل جدا للعوايل والعزاب وكل الخدمات متوفرة.,True,True,False,2026-09-25
P03,الواجهة البحرية,الدمام,كورنيش,https://maps.app.goo.gl/E5ZBjcN8sv3pc3Jh8,ChZDSUhNMG9nS0VJQ0FnSUN4cjh5Q0xBEAE,Rehab,https://www.google.com/maps/contrib/116535504615287442402/reviews?hl=en,5,3 years ago,الواجه البحريه حلوه ومريحه عيبه كثرة القطط,True,True,False,2026-09-25
P03,الواجهة البحرية,الدمام,كورنيش,https://maps.app.goo.gl/E5ZBjcN8sv3pc3Jh8,ChZDSUhNMG9nS0VJQ0FnSUN4cTdQa0tREAE,مقبل الشمري,https://www.google.com/maps/contrib/105492640471700646820/reviews?hl=en,5,3 years ago,,False,True,False,2026-09-25
P03,الواجهة البحرية,الدمام,كورنيش,https://maps.app.goo.gl/E5ZBjcN8sv3pc3Jh8,ChZDSUhNMG9nS0VJQ0FnSUN4ZzVxbGZREAE,Majed Alghmdi,https://www.google.com/maps/contrib/111497868533904145627/reviews?hl=en,5,3 years ago,,False,True,False,2026-09-25
P03,الواجهة البحرية,الدمام,كورنيش,https://maps.app.goo.gl/E5ZBjcN8sv3pc3Jh8,ChZDSUhNMG9nS0VJQ0FnSUN4M1l5WFBBEAE,وليد القطوي,https://www.google.com/maps/contrib/101689146689966533121/reviews?hl=en,5,3 years ago,,False,True,False,2026-09-25
P03,الواجهة البحرية,الدمام,كورنيش,https://maps.app.goo.gl/E5ZBjcN8sv3pc3Jh8,ChZDSUhNMG9nS0VJQ0FnSUN4MGFmd0xBEAE,زعيم محمد,https://www.google.com/maps/contrib/109720513101988159766/reviews?hl=en,4,3 years ago,,False,True,False,2026-09-25
P03,الواجهة البحرية,الدمام,كورنيش,https://maps.app.goo.gl/E5ZBjcN8sv3pc3Jh8,ChZDSUhNMG9nS0VJQ0FnSUN4a2MtbFpREAE,Maher Alsayed,https://www.google.com/maps/contrib/101027638284019118068/reviews?hl=en,2,3 years ago,,False,True,False,2026-09-25
P03,الواجهة البحرية,الدمام,كورنيش,https://maps.app.goo.gl/E5ZBjcN8sv3pc3Jh8,ChdDSUhNMG9nS0VJQ0FnSUN4dnR5bHB3RRAB,ساره فهد,https://www.google.com/maps/contrib/108753347787642476264/reviews?hl=en,4,3 years ago,"الصمت في حرم الجمال جمال 😍
الواجهة البحرية في الدمام جميلة
وتتمتع بتنسيق النباتات
فيها وبوجدفيها عربات وقطار
وباص لندن
ينقصها وجودكم ♥️
استمتع فيها مع الاحواء الحلوة👌🏼
ينقصها  الزوار اللي يحييون المكان
عموما ممتازه بالاجواء البارده والمعتدله
وممتعه وقت الفجرية 👌🏼🕊",True,True,False,2026-09-25
P03,الواجهة البحرية,الدمام,كورنيش,https://maps.app.goo.gl/E5ZBjcN8sv3pc3Jh8,ChZDSUhNMG9nS0VJQ0FnSUN4M3Q2ZVZREAE,ابو محمد,https://www.google.com/maps/contrib/107067745584509807644/reviews?hl=en,5,3 years ago,مكان جميل لتنزه,True,True,False,2026-09-25
P03,الواجهة البحرية,الدمام,كورنيش,https://maps.app.goo.gl/E5ZBjcN8sv3pc3Jh8,ChdDSUhNMG9nS0VJQ0FnSUN4em92ejNnRRAB,احمد بركات,https://www.google.com/maps/contrib/113765042238914576353/reviews?hl=en,5,3 years ago,,False,True,False,2026-09-25
P03,الواجهة البحرية,الدمام,كورنيش,https://maps.app.goo.gl/E5ZBjcN8sv3pc3Jh8,ChZDSUhNMG9nS0VJQ0FnSUN4NXVDT2F3EAE,saeed aldossri,https://www.google.com/maps/contrib/114244302015028147323/reviews?hl=en,5,3 years ago,بارك الله في جهود اصحاب الفكرة والمشرفين وحتى العاملين فعلا واجهة بحرية كأطول واجهة بالمملكة بطول ١٨ كم واكثر شكرا لكم فكل شي موجود ومتوفر وحتى الجهات الأمنية ومكافحة المخدرات  فالمكان جدا آمن للعوائل حتى لو تأخرت بالإنصراف منه وجميل كذلك بالفعاليات,True,True,False,2026-09-25
P03,الواجهة البحرية,الدمام,كورنيش,https://maps.app.goo.gl/E5ZBjcN8sv3pc3Jh8,ChdDSUhNMG9nS0VJQ0FnSUN4eG9HZDJnRRAB,لؤي الخلف,https://www.google.com/maps/contrib/103505834139144597170/reviews?hl=en,2,3 years ago,,False,True,False,2026-09-25
P03,الواجهة البحرية,الدمام,كورنيش,https://maps.app.goo.gl/E5ZBjcN8sv3pc3Jh8,ChdDSUhNMG9nS0VJQ0FnSUN4Z3N1LXN3RRAB,hhh201047@gmail.com HADI,https://www.google.com/maps/contrib/100587522701566190867/reviews?hl=en,5,3 years ago,,False,True,False,2026-09-25
P03,الواجهة البحرية,الدمام,كورنيش,https://maps.app.goo.gl/E5ZBjcN8sv3pc3Jh8,ChdDSUhNMG9nS0VJQ0FnSUN4Z09YeC1RRRAB,حذيفه عبده علي عباس النجار,https://www.google.com/maps/contrib/114790393841599409517/reviews?hl=en,5,3 years ago,,False,True,False,2026-09-25
P03,الواجهة البحرية,الدمام,كورنيش,https://maps.app.goo.gl/E5ZBjcN8sv3pc3Jh8,ChZDSUhNMG9nS0VJQ0FnSURScjd1OVVBEAE,ROZ,https://www.google.com/maps/contrib/105428871641497635044/reviews?hl=en,5,3 years ago,,False,True,False,2026-09-25
P03,الواجهة البحرية,الدمام,كورنيش,https://maps.app.goo.gl/E5ZBjcN8sv3pc3Jh8,ChdDSUhNMG9nS0VJQ0FnSURSei1pZmdBRRAB,عبد الرزاق,https://www.google.com/maps/contrib/104394237939405464860/reviews?hl=en,5,3 years ago,,False,True,False,2026-09-25
P03,الواجهة البحرية,الدمام,كورنيش,https://maps.app.goo.gl/E5ZBjcN8sv3pc3Jh8,ChZDSUhNMG9nS0VJQ0FnSURSLTZmU0J3EAE,Mohammed A,https://www.google.com/maps/contrib/101111405916997956233/reviews?hl=en,3,3 years ago,,False,True,False,2026-09-25
P03,الواجهة البحرية,الدمام,كورنيش,https://maps.app.goo.gl/E5ZBjcN8sv3pc3Jh8,ChdDSUhNMG9nS0VJQ0FnSURSNjZlcjR3RRAB,Imran hossain,https://www.google.com/maps/contrib/112362335951840931014/reviews?hl=en,5,3 years ago,,False,True,False,2026-09-25
P03,الواجهة البحرية,الدمام,كورنيش,https://maps.app.goo.gl/E5ZBjcN8sv3pc3Jh8,ChZDSUhNMG9nS0VJQ0FnSURSeV9uMEx3EAE,som qod,https://www.google.com/maps/contrib/117498604684277344636/reviews?hl=en,5,3 years ago,"مكان جميل وممشى واسع
يحتوي على جلسات مظللة
وقريب من العاب اطفال ومطاعم",True,True,False,2026-09-25
P03,الواجهة البحرية,الدمام,كورنيش,https://maps.app.goo.gl/E5ZBjcN8sv3pc3Jh8,ChdDSUhNMG9nS0VJQ0FnSURSODlua3RnRRAB,فهد,https://www.google.com/maps/contrib/114651900224869930111/reviews?hl=en,4,3 years ago,,False,True,False,2026-09-25
P03,الواجهة البحرية,الدمام,كورنيش,https://maps.app.goo.gl/E5ZBjcN8sv3pc3Jh8,ChdDSUhNMG9nS0VJQ0FnSURSX2JDYTdnRRAB,Rania Hesham,https://www.google.com/maps/contrib/117329902768087175442/reviews?hl=en,5,3 years ago,,False,True,False,2026-09-25
P03,الواجهة البحرية,الدمام,كورنيش,https://maps.app.goo.gl/E5ZBjcN8sv3pc3Jh8,ChZDSUhNMG9nS0VJQ0FnSURSM2E2VlJnEAE,Mubarak N,https://www.google.com/maps/contrib/111566247044215125410/reviews?hl=en,5,3 years ago,,False,True,False,2026-09-25
P03,الواجهة البحرية,الدمام,كورنيش,https://maps.app.goo.gl/E5ZBjcN8sv3pc3Jh8,ChZDSUhNMG9nS0VJQ0FnSURSaGN1WlN3EAE,محمد القبيسي,https://www.google.com/maps/contrib/117728968623492094343/reviews?hl=en,5,3 years ago,ممتعه جدا .ولكن نأمل من البلدية تعقيم العاب الأطفال بين فرة واخرى وعمل صيانة دورية عليها .ومنع اللعب بالكرة.,True,True,False,2026-09-25
P03,الواجهة البحرية,الدمام,كورنيش,https://maps.app.goo.gl/E5ZBjcN8sv3pc3Jh8,ChdDSUhNMG9nS0VJQ0FnSURSdVltVDVRRRAB,عوض الخراز,https://www.google.com/maps/contrib/114824797737067100625/reviews?hl=en,5,3 years ago,,False,True,False,2026-09-25
P03,الواجهة البحرية,الدمام,كورنيش,https://maps.app.goo.gl/E5ZBjcN8sv3pc3Jh8,ChZDSUhNMG9nS0VJQ0FnSURSOGVHZGN3EAE,H,https://www.google.com/maps/contrib/109275583037540848294/reviews?hl=en,5,3 years ago,,False,True,False,2026-09-25
P03,الواجهة البحرية,الدمام,كورنيش,https://maps.app.goo.gl/E5ZBjcN8sv3pc3Jh8,ChdDSUhNMG9nS0VJQ0FnSURSOGNTZDhRRRAB,ريناد ِ,https://www.google.com/maps/contrib/112921062497973752001/reviews?hl=en,1,3 years ago,,False,True,False,2026-09-25
P03,الواجهة البحرية,الدمام,كورنيش,https://maps.app.goo.gl/E5ZBjcN8sv3pc3Jh8,ChdDSUhNMG9nS0VJQ0FnSURSdnRXN3pnRRAB,sosooa jkiokl,https://www.google.com/maps/contrib/101647448674838381571/reviews?hl=en,5,3 years ago,,False,True,False,2026-09-25
P03,الواجهة البحرية,الدمام,كورنيش,https://maps.app.goo.gl/E5ZBjcN8sv3pc3Jh8,ChZDSUhNMG9nS0VJQ0FnSURScnBEUEVBEAE,Junais Junu,https://www.google.com/maps/contrib/112761223642811607229/reviews?hl=en,4,3 years ago,,False,True,False,2026-09-25
P03,الواجهة البحرية,الدمام,كورنيش,https://maps.app.goo.gl/E5ZBjcN8sv3pc3Jh8,ChdDSUhNMG9nS0VJQ0FnSURScHJDNDV3RRAB,St Alharbi,https://www.google.com/maps/contrib/114958184089003937137/reviews?hl=en,5,3 years ago,روووعه,True,True,False,2026-09-25
P03,الواجهة البحرية,الدمام,كورنيش,https://maps.app.goo.gl/E5ZBjcN8sv3pc3Jh8,ChZDSUhNMG9nS0VJQ0FnSURSaHRYSlhREAE,A -G,https://www.google.com/maps/contrib/106902809192224762991/reviews?hl=en,3,3 years ago,,False,True,False,2026-09-25
P03,الواجهة البحرية,الدمام,كورنيش,https://maps.app.goo.gl/E5ZBjcN8sv3pc3Jh8,ChZDSUhNMG9nS0VJQ0FnSURSdXMzeFFBEAE,Eng.Mohamed,https://www.google.com/maps/contrib/102297931654728367191/reviews?hl=en,4,3 years ago,,False,True,False,2026-09-25
P03,الواجهة البحرية,الدمام,كورنيش,https://maps.app.goo.gl/E5ZBjcN8sv3pc3Jh8,ChdDSUhNMG9nS0VJQ0FnSURSbXZ2UXVnRRAB,shadi alsalem,https://www.google.com/maps/contrib/118231132500068564540/reviews?hl=en,3,3 years ago,الشوايات والجلسات تحتاج نظافة مستمرة عشان تبقى جديدة,True,True,False,2026-09-25
P03,الواجهة البحرية,الدمام,كورنيش,https://maps.app.goo.gl/E5ZBjcN8sv3pc3Jh8,ChZDSUhNMG9nS0VJQ0FnSURSNnViSkhBEAE,Rubeena Shaikh,https://www.google.com/maps/contrib/106814623963954078691/reviews?hl=en,4,3 years ago,Very clean and neatly maintained. 😍,False,True,False,2026-09-25
P03,الواجهة البحرية,الدمام,كورنيش,https://maps.app.goo.gl/E5ZBjcN8sv3pc3Jh8,ChdDSUhNMG9nS0VJQ0FnSURSa0tLdm9BRRAB,Mohamed Elsaman,https://www.google.com/maps/contrib/115813448304472802691/reviews?hl=en,5,3 years ago,,False,True,False,2026-09-25
P03,الواجهة البحرية,الدمام,كورنيش,https://maps.app.goo.gl/E5ZBjcN8sv3pc3Jh8,ChZDSUhNMG9nS0VJQ0FnSUNSdjkzdktBEAE,Mohamed El-Hassan,https://www.google.com/maps/contrib/106498053233800262690/reviews?hl=en,5,3 years ago,,False,True,False,2026-09-25
P03,الواجهة البحرية,الدمام,كورنيش,https://maps.app.goo.gl/E5ZBjcN8sv3pc3Jh8,ChZDSUhNMG9nS0VJQ0FnSUNSdDhxQVVBEAE,Khalid Alzhrani,https://www.google.com/maps/contrib/103125717941177258020/reviews?hl=en,5,3 years ago,روقان,True,True,False,2026-09-25
P03,الواجهة البحرية,الدمام,كورنيش,https://maps.app.goo.gl/E5ZBjcN8sv3pc3Jh8,ChZDSUhNMG9nS0VJQ0FnSUNSbDQybWZ3EAE,ماجد الدخيل,https://www.google.com/maps/contrib/111912658406333311914/reviews?hl=en,5,3 years ago,,False,True,False,2026-09-25
P03,الواجهة البحرية,الدمام,كورنيش,https://maps.app.goo.gl/E5ZBjcN8sv3pc3Jh8,ChdDSUhNMG9nS0VJQ0FnSUNScTktX3ZBRRAB,Abdullah Alqahtani,https://www.google.com/maps/contrib/108965318253815661098/reviews?hl=en,5,3 years ago,,False,True,False,2026-09-25
P03,الواجهة البحرية,الدمام,كورنيش,https://maps.app.goo.gl/E5ZBjcN8sv3pc3Jh8,ChZDSUhNMG9nS0VJQ0FnSUNSX2NIREpnEAE,mohd almusa,https://www.google.com/maps/contrib/113874853949164554850/reviews?hl=en,4,3 years ago,,False,True,False,2026-09-25
P03,الواجهة البحرية,الدمام,كورنيش,https://maps.app.goo.gl/E5ZBjcN8sv3pc3Jh8,ChZDSUhNMG9nS0VJQ0FnSUNSemVMNWNnEAE,‫الملكة (‪BE‬‏)‬‎,https://www.google.com/maps/contrib/118071151903596365619/reviews?hl=en,5,3 years ago,جمييييل المكان ورايق يحتاج يخلصووو العماير الفاضيه ويفتحو نشاطات اكثررر منتظرين الافتتاحات 😍❤️‍🔥. …,True,True,True,2026-09-25
P03,الواجهة البحرية,الدمام,كورنيش,https://maps.app.goo.gl/E5ZBjcN8sv3pc3Jh8,ChdDSUhNMG9nS0VJQ0FnSUNSamF1LTdnRRAB,عشاق صيد الاسماك Rabei fishing,https://www.google.com/maps/contrib/108857774408104563549/reviews?hl=en,5,3 years ago,,False,True,False,2026-09-25
P03,الواجهة البحرية,الدمام,كورنيش,https://maps.app.goo.gl/E5ZBjcN8sv3pc3Jh8,ChdDSUhNMG9nS0VJQ0FnSUNSOVlqcXpnRRAB,mohamed hamdy,https://www.google.com/maps/contrib/112755033018531364562/reviews?hl=en,5,3 years ago,جميلة,True,True,False,2026-09-25
P03,الواجهة البحرية,الدمام,كورنيش,https://maps.app.goo.gl/E5ZBjcN8sv3pc3Jh8,ChZDSUhNMG9nS0VJQ0FnSUNSdGZ6SlNBEAE,Saeed Al-Ali,https://www.google.com/maps/contrib/100006531230952361780/reviews?hl=en,4,3 years ago,,False,True,False,2026-09-25
P03,الواجهة البحرية,الدمام,كورنيش,https://maps.app.goo.gl/E5ZBjcN8sv3pc3Jh8,ChdDSUhNMG9nS0VJQ0FnSUNSM3FIQnpBRRAB,husain ali,https://www.google.com/maps/contrib/117449108170247885141/reviews?hl=en,4,3 years ago,,False,True,False,2026-09-25
P03,الواجهة البحرية,الدمام,كورنيش,https://maps.app.goo.gl/E5ZBjcN8sv3pc3Jh8,ChdDSUhNMG9nS0VJQ0FnSUNSMHZEaXpRRRAB,شهد الناصري,https://www.google.com/maps/contrib/100475099186971267271/reviews?hl=en,3,3 years ago,,False,True,False,2026-09-25
P03,الواجهة البحرية,الدمام,كورنيش,https://maps.app.goo.gl/E5ZBjcN8sv3pc3Jh8,ChdDSUhNMG9nS0VJQ0FnSUNSNU56WDhRRRAB,Mohamed Nasr,https://www.google.com/maps/contrib/106063233739282606762/reviews?hl=en,5,3 years ago,Nice place,False,True,False,2026-09-25
P03,الواجهة البحرية,الدمام,كورنيش,https://maps.app.goo.gl/E5ZBjcN8sv3pc3Jh8,ChdDSUhNMG9nS0VJQ0FnSUNSeE42Q25RRRAB,المرشد السياحي,https://www.google.com/maps/contrib/108020634868697196638/reviews?hl=en,3,3 years ago,مكان جميل يحتاج اهتمام بوضع جلسات ووجود خدمات,True,True,False,2026-09-25
P03,الواجهة البحرية,الدمام,كورنيش,https://maps.app.goo.gl/E5ZBjcN8sv3pc3Jh8,ChZDSUhNMG9nS0VJQ0FnSURoazRfVlN3EAE,عبدالرحمن الغامدي,https://www.google.com/maps/contrib/114969527871592327665/reviews?hl=en,4,3 years ago,ماشاء الله مكان جميل من سنوات طويله وهوه ماتغير,True,True,False,2026-09-25
P03,الواجهة البحرية,الدمام,كورنيش,https://maps.app.goo.gl/E5ZBjcN8sv3pc3Jh8,ChZDSUhNMG9nS0VJQ0FnSURoX2NyN0ZnEAE,Mosa Asire,https://www.google.com/maps/contrib/105183599816061910413/reviews?hl=en,5,3 years ago,غنيه عن التعريف وحلوه للعوائل,True,True,False,2026-09-25
P03,الواجهة البحرية,الدمام,كورنيش,https://maps.app.goo.gl/E5ZBjcN8sv3pc3Jh8,ChZDSUhNMG9nS0VJQ0FnSURobmJUUUx3EAE,Meem Almeqrin (Anaconda),https://www.google.com/maps/contrib/113690565583210579868/reviews?hl=en,5,3 years ago,,False,True,False,2026-09-25
P03,الواجهة البحرية,الدمام,كورنيش,https://maps.app.goo.gl/E5ZBjcN8sv3pc3Jh8,ChdDSUhNMG9nS0VJQ0FnSURobGNEby1RRRAB,Ayman Glallin,https://www.google.com/maps/contrib/115751041966106732953/reviews?hl=en,5,3 years ago,,False,True,False,2026-09-25
P03,الواجهة البحرية,الدمام,كورنيش,https://maps.app.goo.gl/E5ZBjcN8sv3pc3Jh8,ChZDSUhNMG9nS0VJQ0FnSURoaGFfdGNREAE,Abu Roose,https://www.google.com/maps/contrib/105890360119523223044/reviews?hl=en,5,3 years ago,نطمع بالمزيد من التطور والخدمات الترفيهية,True,True,False,2026-09-25
P03,الواجهة البحرية,الدمام,كورنيش,https://maps.app.goo.gl/E5ZBjcN8sv3pc3Jh8,ChdDSUhNMG9nS0VJQ0FnSURoMGF5RmlnRRAB,مؤسسة نظم الصوت التجارية,https://www.google.com/maps/contrib/106284400956296800016/reviews?hl=en,5,3 years ago,,False,True,False,2026-09-25
P03,الواجهة البحرية,الدمام,كورنيش,https://maps.app.goo.gl/E5ZBjcN8sv3pc3Jh8,ChdDSUhNMG9nS0VJQ0FnSURoa1lhb3hBRRAB,Hager Abd El-Hameed,https://www.google.com/maps/contrib/108304870475986897238/reviews?hl=en,5,3 years ago,,False,True,False,2026-09-25
P03,الواجهة البحرية,الدمام,كورنيش,https://maps.app.goo.gl/E5ZBjcN8sv3pc3Jh8,ChZDSUhNMG9nS0VJQ0FnSURoM3BEdE1REAE,ABO AHMAD,https://www.google.com/maps/contrib/114048461792154272460/reviews?hl=en,5,3 years ago,ممتاز يوجد فيه جميع متطلبات الوناسة من الى من افضل كورنيشات العالم لولا الحر والرطوبة,True,True,False,2026-09-25
P03,الواجهة البحرية,الدمام,كورنيش,https://maps.app.goo.gl/E5ZBjcN8sv3pc3Jh8,ChZDSUhNMG9nS0VJQ0FnSURoN3NMQU1nEAE,Ahmed Moafa,https://www.google.com/maps/contrib/112810946898781599553/reviews?hl=en,3,3 years ago,,False,True,False,2026-09-25
P03,الواجهة البحرية,الدمام,كورنيش,https://maps.app.goo.gl/E5ZBjcN8sv3pc3Jh8,ChZDSUhNMG9nS0VJQ0FnSURoOXVqTk93EAE,علي مشرف,https://www.google.com/maps/contrib/114909292048407616678/reviews?hl=en,5,3 years ago,,False,True,False,2026-09-25
P03,الواجهة البحرية,الدمام,كورنيش,https://maps.app.goo.gl/E5ZBjcN8sv3pc3Jh8,ChdDSUhNMG9nS0VJQ0FnSURoaHE3QXh3RRAB,Ahmed Magdy,https://www.google.com/maps/contrib/111842010396720153283/reviews?hl=en,5,3 years ago,❤️❤️,False,True,False,2026-09-25
P03,الواجهة البحرية,الدمام,كورنيش,https://maps.app.goo.gl/E5ZBjcN8sv3pc3Jh8,ChZDSUhNMG9nS0VJQ0FnSURodkktM1ZnEAE,Dr.Ali AlAli,https://www.google.com/maps/contrib/112324931301185631296/reviews?hl=en,4,3 years ago,,False,True,False,2026-09-25
P03,الواجهة البحرية,الدمام,كورنيش,https://maps.app.goo.gl/E5ZBjcN8sv3pc3Jh8,ChZDSUhNMG9nS0VJQ0FnSURoaEtTU1ZREAE,Bilobilo World,https://www.google.com/maps/contrib/116540105051548534885/reviews?hl=en,4,3 years ago,,False,True,False,2026-09-25
P03,الواجهة البحرية,الدمام,كورنيش,https://maps.app.goo.gl/E5ZBjcN8sv3pc3Jh8,ChdDSUhNMG9nS0VJQ0FnSURoOE1TQXFRRRAB,Zeyad K,https://www.google.com/maps/contrib/110168805735205113421/reviews?hl=en,5,3 years ago,رائعه,True,True,False,2026-09-25
P03,الواجهة البحرية,الدمام,كورنيش,https://maps.app.goo.gl/E5ZBjcN8sv3pc3Jh8,ChZDSUhNMG9nS0VJQ0FnSURob0txNVRREAE,محمود خالد,https://www.google.com/maps/contrib/110889192328140800991/reviews?hl=en,5,3 years ago,اكثر من رائع,True,True,False,2026-09-25
P03,الواجهة البحرية,الدمام,كورنيش,https://maps.app.goo.gl/E5ZBjcN8sv3pc3Jh8,ChdDSUhNMG9nS0VJQ0FnSUNoXzQtcXZ3RRAB,Ali ابو عمر,https://www.google.com/maps/contrib/101503033698773735539/reviews?hl=en,3,3 years ago,جيدة ومرتبه,True,True,False,2026-09-25
P03,الواجهة البحرية,الدمام,كورنيش,https://maps.app.goo.gl/E5ZBjcN8sv3pc3Jh8,ChZDSUhNMG9nS0VJQ0FnSUNoOTVYWlZBEAE,abrar_alsharqiyah,https://www.google.com/maps/contrib/107915906225595510468/reviews?hl=en,5,3 years ago,العاب ناريه يوم التأسيس السعوديه 2023🇸🇦 …,True,True,True,2026-09-25
P03,الواجهة البحرية,الدمام,كورنيش,https://maps.app.goo.gl/E5ZBjcN8sv3pc3Jh8,ChZDSUhNMG9nS0VJQ0FnSUNoOV96TFVBEAE,Hus Hus,https://www.google.com/maps/contrib/108077478287858705422/reviews?hl=en,5,3 years ago,مميزه وجميله وكل فتره فيه تطوير افضل واجمل,True,True,False,2026-09-25
P03,الواجهة البحرية,الدمام,كورنيش,https://maps.app.goo.gl/E5ZBjcN8sv3pc3Jh8,ChZDSUhNMG9nS0VJQ0FnSUNodDhmUmJBEAE,W Als,https://www.google.com/maps/contrib/104045868696564035992/reviews?hl=en,5,3 years ago,,False,True,False,2026-09-25
P03,الواجهة البحرية,الدمام,كورنيش,https://maps.app.goo.gl/E5ZBjcN8sv3pc3Jh8,ChdDSUhNMG9nS0VJQ0FnSUNoMV8tRmhnRRAB,Mahmoud Khaled,https://www.google.com/maps/contrib/116230082121640798319/reviews?hl=en,5,3 years ago,موقع ممتاز ونضيف مناسب للعوائل,True,True,False,2026-09-25
P03,الواجهة البحرية,الدمام,كورنيش,https://maps.app.goo.gl/E5ZBjcN8sv3pc3Jh8,ChZDSUhNMG9nS0VJQ0FnSUNocDluZkdBEAE,Ahmed Zmzem (Zmzem),https://www.google.com/maps/contrib/116589444142190922639/reviews?hl=en,3,3 years ago,,False,True,False,2026-09-25
P03,الواجهة البحرية,الدمام,كورنيش,https://maps.app.goo.gl/E5ZBjcN8sv3pc3Jh8,ChdDSUhNMG9nS0VJQ0FnSUNoOWRhVTlRRRAB,Mohamed Abass,https://www.google.com/maps/contrib/115560809129297155907/reviews?hl=en,5,3 years ago,,False,True,False,2026-09-25
P03,الواجهة البحرية,الدمام,كورنيش,https://maps.app.goo.gl/E5ZBjcN8sv3pc3Jh8,ChdDSUhNMG9nS0VJQ0FnSUNoaGVhczRRRRAB,محمد العوامي,https://www.google.com/maps/contrib/107229611392690520877/reviews?hl=en,5,3 years ago,جيد,True,True,False,2026-09-25
P03,الواجهة البحرية,الدمام,كورنيش,https://maps.app.goo.gl/E5ZBjcN8sv3pc3Jh8,ChZDSUhNMG9nS0VJQ0FnSUNocWZ5bEFREAE,المتميزة للذهب والمجوهرات,https://www.google.com/maps/contrib/117441678872131820880/reviews?hl=en,5,3 years ago,,False,True,False,2026-09-25
P03,الواجهة البحرية,الدمام,كورنيش,https://maps.app.goo.gl/E5ZBjcN8sv3pc3Jh8,ChZDSUhNMG9nS0VJQ0FnSURCdjlPbWRREAE,Fatimah Ahmed,https://www.google.com/maps/contrib/105566322218204053856/reviews?hl=en,2,3 years ago,صحراء وليس بحر مافيه حياه لابشر تتمشى وتفتر ولا اطفال الا فقط داخل الالعاب الترفيهيه .. تحس بالوحده والكآبه .. جايبه معاي اولادي مااستانسوا ابد,True,True,False,2026-09-25
P03,الواجهة البحرية,الدمام,كورنيش,https://maps.app.goo.gl/E5ZBjcN8sv3pc3Jh8,ChZDSUhNMG9nS0VJQ0FnSURCdjVXSlRnEAE,mohdaas solmon,https://www.google.com/maps/contrib/107388826011844656927/reviews?hl=en,5,3 years ago,"أمن وأمان وجمال الطبيعة يسحر الألباب مع الاجواء الممطرة والغيوم
دام عزك ياوطني،",True,True,False,2026-09-25
P03,الواجهة البحرية,الدمام,كورنيش,https://maps.app.goo.gl/E5ZBjcN8sv3pc3Jh8,ChZDSUhNMG9nS0VJQ0FnSURCcDhfOWNREAE,zina 1009,https://www.google.com/maps/contrib/102049093425187567230/reviews?hl=en,5,3 years ago,,False,True,False,2026-09-25
P03,الواجهة البحرية,الدمام,كورنيش,https://maps.app.goo.gl/E5ZBjcN8sv3pc3Jh8,ChdDSUhNMG9nS0VJQ0FnSURCNDlYemdBRRAB,Mansour Alshammari,https://www.google.com/maps/contrib/116742338059014670294/reviews?hl=en,4,3 years ago,,False,True,False,2026-09-25
P03,الواجهة البحرية,الدمام,كورنيش,https://maps.app.goo.gl/E5ZBjcN8sv3pc3Jh8,ChZDSUhNMG9nS0VJQ0FnSURCdmVUUmR3EAE,خالد من الخبر سفير السياحة,https://www.google.com/maps/contrib/108691833469659422084/reviews?hl=en,5,3 years ago,كورنيش الدمام متنوع جميع الخدمات موجودة,True,True,False,2026-09-25
P03,الواجهة البحرية,الدمام,كورنيش,https://maps.app.goo.gl/E5ZBjcN8sv3pc3Jh8,ChdDSUhNMG9nS0VJQ0FnSURCcFp5TThBRRAB,سامي خاتم الزهراني,https://www.google.com/maps/contrib/103837831721368475488/reviews?hl=en,5,3 years ago,جميل,True,True,False,2026-09-25
P03,الواجهة البحرية,الدمام,كورنيش,https://maps.app.goo.gl/E5ZBjcN8sv3pc3Jh8,ChZDSUhNMG9nS0VJQ0FnSURCX0lXS1BnEAE,شهد,https://www.google.com/maps/contrib/103657820177032456509/reviews?hl=en,5,3 years ago,"الواجهه البحريه حلوه ونظيفه بس ماهي بذاك المستوى يعني القريه الشعبيه اللي فوق مهجوره لو يكون فيها بوثات مع ان المكان جدا جميل لكن يحتاج اهتمام اكثر وعمال النظافه يمرو وينظفو كل شويه الله يجزاهم خير والالعاب قديمه مو زي العاب الخبر

كانت تُقام مهرجانات حلوه ولكن الحين صارت الواجهه خاويه وخصوصا بهذه الأجواء الجميله واتمنى يرجع مهرجان الزهور",True,True,False,2026-09-25
P03,الواجهة البحرية,الدمام,كورنيش,https://maps.app.goo.gl/E5ZBjcN8sv3pc3Jh8,ChZDSUhNMG9nS0VJQ0FnSURCa0xlMlFBEAE,Aref Ali,https://www.google.com/maps/contrib/106133971199386351850/reviews?hl=en,5,3 years ago,,False,True,False,2026-09-25
P03,الواجهة البحرية,الدمام,كورنيش,https://maps.app.goo.gl/E5ZBjcN8sv3pc3Jh8,ChdDSUhNMG9nS0VJQ0FnSURCa0tPMWt3RRAB,eiadah alshemary,https://www.google.com/maps/contrib/114079973057018029785/reviews?hl=en,5,3 years ago,👍 …,False,True,True,2026-09-25
P03,الواجهة البحرية,الدمام,كورنيش,https://maps.app.goo.gl/E5ZBjcN8sv3pc3Jh8,ChZDSUhNMG9nS0VJQ0FnSUNCejlyMEhBEAE,Faisal M Alraddadi,https://www.google.com/maps/contrib/108466404762627436913/reviews?hl=en,5,3 years ago,,False,True,False,2026-09-25
P03,الواجهة البحرية,الدمام,كورنيش,https://maps.app.goo.gl/E5ZBjcN8sv3pc3Jh8,ChZDSUhNMG9nS0VJQ0FnSUNCcThuX09nEAE,NARX,https://www.google.com/maps/contrib/101477924687390542031/reviews?hl=en,5,3 years ago,,False,True,False,2026-09-25
P03,الواجهة البحرية,الدمام,كورنيش,https://maps.app.goo.gl/E5ZBjcN8sv3pc3Jh8,ChdDSUhNMG9nS0VJQ0FnSUNCdmE2SmdBRRAB,Ahmed mohammed,https://www.google.com/maps/contrib/103817905093353396494/reviews?hl=en,4,3 years ago,مكتن لطيف و حلو,True,True,False,2026-09-25
P03,الواجهة البحرية,الدمام,كورنيش,https://maps.app.goo.gl/E5ZBjcN8sv3pc3Jh8,ChZDSUhNMG9nS0VJQ0FnSUNCN3F2d1R3EAE,Sami Salah,https://www.google.com/maps/contrib/104432428587379126540/reviews?hl=en,5,3 years ago,شيء جميل ومرتب ونظيف دايماً,True,True,False,2026-09-25
P03,الواجهة البحرية,الدمام,كورنيش,https://maps.app.goo.gl/E5ZBjcN8sv3pc3Jh8,ChZDSUhNMG9nS0VJQ0FnSUNCNnBHbUFnEAE,عبدالله الجعمي,https://www.google.com/maps/contrib/104907530804853289698/reviews?hl=en,5,3 years ago,جميل,True,True,False,2026-09-25
P03,الواجهة البحرية,الدمام,كورنيش,https://maps.app.goo.gl/E5ZBjcN8sv3pc3Jh8,ChdDSUhNMG9nS0VJQ0FnSUNCOHQ3OV9BRRAB,Mohmed alzhrani,https://www.google.com/maps/contrib/106488517157227296070/reviews?hl=en,5,3 years ago,نظيفه ومافي زحمه,True,True,False,2026-09-25
P03,الواجهة البحرية,الدمام,كورنيش,https://maps.app.goo.gl/E5ZBjcN8sv3pc3Jh8,ChZDSUhNMG9nS0VJQ0FnSUNCd29IelJREAE,Salloum405,https://www.google.com/maps/contrib/100061670873458176595/reviews?hl=en,3,3 years ago,👍 …,False,True,True,2026-09-25
P03,الواجهة البحرية,الدمام,كورنيش,https://maps.app.goo.gl/E5ZBjcN8sv3pc3Jh8,ChZDSUhNMG9nS0VJQ0FnSUNCN1BHUExBEAE,Nasser R,https://www.google.com/maps/contrib/113505096138498618933/reviews?hl=en,5,3 years ago,,False,True,False,2026-09-25
P03,الواجهة البحرية,الدمام,كورنيش,https://maps.app.goo.gl/E5ZBjcN8sv3pc3Jh8,ChZDSUhNMG9nS0VJQ0FnSUNCdE1YS1ZREAE,mohammed samier,https://www.google.com/maps/contrib/116592064745920962238/reviews?hl=en,5,3 years ago,Nice for awake for cheling in front of the sea,False,True,False,2026-09-25
P03,الواجهة البحرية,الدمام,كورنيش,https://maps.app.goo.gl/E5ZBjcN8sv3pc3Jh8,ChZDSUhNMG9nS0VJQ0FnSUNCMU9yaElBEAE,A,https://www.google.com/maps/contrib/118267720021111326259/reviews?hl=en,5,3 years ago,,False,True,False,2026-09-25
P03,الواجهة البحرية,الدمام,كورنيش,https://maps.app.goo.gl/E5ZBjcN8sv3pc3Jh8,ChdDSUhNMG9nS0VJQ0FnSUNCNUpHLXNRRRAB,Tofe Ibrahim,https://www.google.com/maps/contrib/106822738369707340727/reviews?hl=en,5,3 years ago,الواجهة نظيفة و جميلة جداً و مرافقها مُمتعة ، ينقصها يكون فيها كافيهات أكثر ،,True,True,False,2026-09-25
P03,الواجهة البحرية,الدمام,كورنيش,https://maps.app.goo.gl/E5ZBjcN8sv3pc3Jh8,ChZDSUhNMG9nS0VJQ0FnSUNCNUlHb093EAE,Medo Antar,https://www.google.com/maps/contrib/102927628499265373501/reviews?hl=en,5,3 years ago,حلو,True,True,False,2026-09-25
P03,الواجهة البحرية,الدمام,كورنيش,https://maps.app.goo.gl/E5ZBjcN8sv3pc3Jh8,ChZDSUhNMG9nS0VJQ0FnSUNCcE1tMWN3EAE,Ali Alimohsen,https://www.google.com/maps/contrib/113577316194910946066/reviews?hl=en,4,3 years ago,"الواجهة جميلة، وكانت الاكثر تميّز في الدمام،لكن بالوقت الحالي وتماشيا مع توجهات الدولة للارتقاء بالسياحة والمرافق العامة، وكون هذه الواجهة هي الرئيسية بالدمام، اظن انها بحاجة لمشروع تطوير لتكون واجهة سياحية بامتياز ..
ستكون اروع في حال تمت اضافة نوافير وزيادة الاشجار الظليّة والاشجار المزهرة الشتوية والصيفية، مع اضافة معالم ومجسمات دائمة تعبر عن حضارة المنطقة الشرقية ( الحياة البحرية، التراث العمراني، المهن والحرف، الفنون) وهناك الكثير من المختصين بإمكانهم المساهم في اثراء كافة الجوانب..",True,True,False,2026-09-25
P03,الواجهة البحرية,الدمام,كورنيش,https://maps.app.goo.gl/E5ZBjcN8sv3pc3Jh8,ChdDSUhNMG9nS0VJQ0FnSUNCeEpUeDZnRRAB,علي الكناني,https://www.google.com/maps/contrib/107315885677395683537/reviews?hl=en,5,3 years ago,رائع ونطمح للمزيد,True,True,False,2026-09-25
P03,الواجهة البحرية,الدمام,كورنيش,https://maps.app.goo.gl/E5ZBjcN8sv3pc3Jh8,ChdDSUhNMG9nS0VJQ0FnSUNCbUxyMmhRRRAB,محمد الحمد,https://www.google.com/maps/contrib/103672042464975115891/reviews?hl=en,4,3 years ago,,False,True,False,2026-09-25
P03,الواجهة البحرية,الدمام,كورنيش,https://maps.app.goo.gl/E5ZBjcN8sv3pc3Jh8,ChZDSUhNMG9nS0VJQ0FnSUNCbU9LWmVnEAE,محمد نور,https://www.google.com/maps/contrib/114628423381074143349/reviews?hl=en,5,3 years ago,,False,True,False,2026-09-25
P03,الواجهة البحرية,الدمام,كورنيش,https://maps.app.goo.gl/E5ZBjcN8sv3pc3Jh8,ChZDSUhNMG9nS0VJQ0FnSUNCNk5fQVh3EAE,a87xx1,https://www.google.com/maps/contrib/101073772085861836207/reviews?hl=en,5,3 years ago,واجهة سياحية جميلة وحلوة ولسْا القادم أحلى ومزيداً من التطور,True,True,False,2026-09-25
P03,الواجهة البحرية,الدمام,كورنيش,https://maps.app.goo.gl/E5ZBjcN8sv3pc3Jh8,ChdDSUhNMG9nS0VJQ0FnSUNCeUpmTnd3RRAB,Abdullah Ahmed Abbas,https://www.google.com/maps/contrib/103467754305747666072/reviews?hl=en,5,3 years ago,,False,True,False,2026-09-25
P03,الواجهة البحرية,الدمام,كورنيش,https://maps.app.goo.gl/E5ZBjcN8sv3pc3Jh8,ChdDSUhNMG9nS0VJQ0FnSUNCc05EUnJBRRAB,سامية عمر CR607,https://www.google.com/maps/contrib/117571413845423680041/reviews?hl=en,5,3 years ago,,False,True,False,2026-09-25
P03,الواجهة البحرية,الدمام,كورنيش,https://maps.app.goo.gl/E5ZBjcN8sv3pc3Jh8,ChdDSUhNMG9nS0VJQ0FnSUQtNTU2Q3FRRRAB,خالد سنعوسي,https://www.google.com/maps/contrib/104872025451896665291/reviews?hl=en,4,3 years ago,مكان جميل,True,True,False,2026-09-25
P03,الواجهة البحرية,الدمام,كورنيش,https://maps.app.goo.gl/E5ZBjcN8sv3pc3Jh8,ChdDSUhNMG9nS0VJQ0FnSUQtLTctUDVBRRAB,ABDULLAH,https://www.google.com/maps/contrib/106964641662794652890/reviews?hl=en,4,3 years ago,,False,True,False,2026-09-25
P03,الواجهة البحرية,الدمام,كورنيش,https://maps.app.goo.gl/E5ZBjcN8sv3pc3Jh8,ChZDSUhNMG9nS0VJQ0FnSUQtdzZpUEpnEAE,Aladdin Aly,https://www.google.com/maps/contrib/106087547292116388742/reviews?hl=en,5,3 years ago,,False,True,False,2026-09-25
P03,الواجهة البحرية,الدمام,كورنيش,https://maps.app.goo.gl/E5ZBjcN8sv3pc3Jh8,ChZDSUhNMG9nS0VJQ0FnSUQtemFtSUl3EAE,مملكة عمرى,https://www.google.com/maps/contrib/104280721352117282665/reviews?hl=en,4,3 years ago,,False,True,False,2026-09-25
P03,الواجهة البحرية,الدمام,كورنيش,https://maps.app.goo.gl/E5ZBjcN8sv3pc3Jh8,ChdDSUhNMG9nS0VJQ0FnSUQtamIydTFnRRAB,hessah bn,https://www.google.com/maps/contrib/115210007464063555622/reviews?hl=en,3,3 years ago,المكان يحتاج جلسات ونظافه,True,True,False,2026-09-25
P03,الواجهة البحرية,الدمام,كورنيش,https://maps.app.goo.gl/E5ZBjcN8sv3pc3Jh8,ChdDSUhNMG9nS0VJQ0FnSUQtNmM3LXpRRRAB,Soso الزبيدي,https://www.google.com/maps/contrib/106381712076997900046/reviews?hl=en,4,3 years ago,,False,True,False,2026-09-25
P03,الواجهة البحرية,الدمام,كورنيش,https://maps.app.goo.gl/E5ZBjcN8sv3pc3Jh8,ChZDSUhNMG9nS0VJQ0FnSUQtcWJlV013EAE,ابو علي علي,https://www.google.com/maps/contrib/113260670870369466396/reviews?hl=en,5,3 years ago,,False,True,False,2026-09-25
P03,الواجهة البحرية,الدمام,كورنيش,https://maps.app.goo.gl/E5ZBjcN8sv3pc3Jh8,ChdDSUhNMG9nS0VJQ0FnSUQtcVltX29BRRAB,Mona Gazi,https://www.google.com/maps/contrib/106635132466982228262/reviews?hl=en,4,3 years ago,تحتاج اهتمام وصيانه اكثر ،،، كذالك الزوار اتمنى مراعاة ماتقوم به حكومتنا من جهد للتطوير والتحسين الزمو شعار ( اترك المكان احسن مماكان ) اعتبروه بيتكم مااعتقد احد يرضى بتخريبه 👍🏻 …,True,True,True,2026-09-25
P03,الواجهة البحرية,الدمام,كورنيش,https://maps.app.goo.gl/E5ZBjcN8sv3pc3Jh8,ChdDSUhNMG9nS0VJQ0FnSUQtd2RmcW5BRRAB,جوله حول الرياض,https://www.google.com/maps/contrib/106354580165052013872/reviews?hl=en,3,3 years ago,محتاج تطوير أكثر,True,True,False,2026-09-25
P03,الواجهة البحرية,الدمام,كورنيش,https://maps.app.goo.gl/E5ZBjcN8sv3pc3Jh8,ChZDSUhNMG9nS0VJQ0FnSUQtNnZDY0V3EAE,W M,https://www.google.com/maps/contrib/116696188018127733610/reviews?hl=en,5,3 years ago,,False,True,False,2026-09-25
P03,الواجهة البحرية,الدمام,كورنيش,https://maps.app.goo.gl/E5ZBjcN8sv3pc3Jh8,ChZDSUhNMG9nS0VJQ0FnSUQtaXFiN0RBEAE,Norah Alissa,https://www.google.com/maps/contrib/100641134097201863738/reviews?hl=en,3,3 years ago,المكان جميل بس يحتاج نظافة اكثر,True,True,False,2026-09-25
P03,الواجهة البحرية,الدمام,كورنيش,https://maps.app.goo.gl/E5ZBjcN8sv3pc3Jh8,ChZDSUhNMG9nS0VJQ0FnSUQtc3FEbFpREAE,أم محمد الخليف,https://www.google.com/maps/contrib/107648903230823283018/reviews?hl=en,5,3 years ago,مكان جميل لتغيير الجو ومتنفس لجميع افراد العائلة,True,True,False,2026-09-25
P03,الواجهة البحرية,الدمام,كورنيش,https://maps.app.goo.gl/E5ZBjcN8sv3pc3Jh8,ChdDSUhNMG9nS0VJQ0FnSUQtMHZMT2xnRRAB,عبدالرحمن ابوفهد,https://www.google.com/maps/contrib/114981452811757230746/reviews?hl=en,5,3 years ago,جمييييله لكن واضح بدى العشب الأخضر ييبس,True,True,False,2026-09-25
P03,الواجهة البحرية,الدمام,كورنيش,https://maps.app.goo.gl/E5ZBjcN8sv3pc3Jh8,ChZDSUhNMG9nS0VJQ0FnSUQta3N2SlBREAE,لطيفة محمد,https://www.google.com/maps/contrib/103736050639161969971/reviews?hl=en,5,3 years ago,,False,True,False,2026-09-25
P03,الواجهة البحرية,الدمام,كورنيش,https://maps.app.goo.gl/E5ZBjcN8sv3pc3Jh8,ChdDSUhNMG9nS0VJQ0FnSUQteE4zWnd3RRAB,amr nabil,https://www.google.com/maps/contrib/100489976588972373767/reviews?hl=en,5,3 years ago,,False,True,False,2026-09-25
P03,الواجهة البحرية,الدمام,كورنيش,https://maps.app.goo.gl/E5ZBjcN8sv3pc3Jh8,ChZDSUhNMG9nS0VJQ0FnSUQtc0tLN1NREAE,Ahmed G AzZam,https://www.google.com/maps/contrib/104652530411374427868/reviews?hl=en,5,3 years ago,,False,True,False,2026-09-25
P03,الواجهة البحرية,الدمام,كورنيش,https://maps.app.goo.gl/E5ZBjcN8sv3pc3Jh8,ChZDSUhNMG9nS0VJQ0FnSUQtd0wtWUpnEAE,asal_safy /أبو مظاهر,https://www.google.com/maps/contrib/107788161473084238916/reviews?hl=en,5,3 years ago,واجهة الدمام البحرية من اجمل شواطئ المنطقة الشرقية,True,True,False,2026-09-25
P03,الواجهة البحرية,الدمام,كورنيش,https://maps.app.goo.gl/E5ZBjcN8sv3pc3Jh8,ChZDSUhNMG9nS0VJQ0FnSUMtMTVHNUZBEAE,Mo,https://www.google.com/maps/contrib/106596279112357782121/reviews?hl=en,5,3 years ago,,False,True,False,2026-09-25
P03,الواجهة البحرية,الدمام,كورنيش,https://maps.app.goo.gl/E5ZBjcN8sv3pc3Jh8,ChdDSUhNMG9nS0VJQ0FnSUMtbS1iZHBnRRAB,خالد ناصر,https://www.google.com/maps/contrib/114827320412500769221/reviews?hl=en,5,3 years ago,,False,True,False,2026-09-25
P03,الواجهة البحرية,الدمام,كورنيش,https://maps.app.goo.gl/E5ZBjcN8sv3pc3Jh8,ChdDSUhNMG9nS0VJQ0FnSUMtMDhLQXFBRRAB,Sulaiman Al-Jarashi,https://www.google.com/maps/contrib/103422016154252778709/reviews?hl=en,5,3 years ago,,False,True,False,2026-09-25
P03,الواجهة البحرية,الدمام,كورنيش,https://maps.app.goo.gl/E5ZBjcN8sv3pc3Jh8,ChdDSUhNMG9nS0VJQ0FnSUMtX2Z2RzlnRRAB,mohamed saleh,https://www.google.com/maps/contrib/109711856084801059052/reviews?hl=en,5,3 years ago,,False,True,False,2026-09-25
P03,الواجهة البحرية,الدمام,كورنيش,https://maps.app.goo.gl/E5ZBjcN8sv3pc3Jh8,ChZDSUhNMG9nS0VJQ0FnSUMtbVpQcVNBEAE,بو علوي,https://www.google.com/maps/contrib/107266121297356461431/reviews?hl=en,4,3 years ago,جميله و تحتاج تحديث و أحياء للمنطقه.,True,True,False,2026-09-25
P03,الواجهة البحرية,الدمام,كورنيش,https://maps.app.goo.gl/E5ZBjcN8sv3pc3Jh8,ChdDSUhNMG9nS0VJQ0FnSUMtbWJ6TDBRRRAB,Mohamed Ellihty,https://www.google.com/maps/contrib/113047012618464820535/reviews?hl=en,4,3 years ago,,False,True,False,2026-09-25
P03,الواجهة البحرية,الدمام,كورنيش,https://maps.app.goo.gl/E5ZBjcN8sv3pc3Jh8,ChZDSUhNMG9nS0VJQ0FnSUMtdnRpMEZREAE,Abdullah Ali,https://www.google.com/maps/contrib/109841594373548672889/reviews?hl=en,5,3 years ago,,False,True,False,2026-09-25
P03,الواجهة البحرية,الدمام,كورنيش,https://maps.app.goo.gl/E5ZBjcN8sv3pc3Jh8,ChdDSUhNMG9nS0VJQ0FnSUMtN3Z1bWhRRRAB,Mohammed,https://www.google.com/maps/contrib/113184759288506988269/reviews?hl=en,5,3 years ago,,False,True,False,2026-09-25
P03,الواجهة البحرية,الدمام,كورنيش,https://maps.app.goo.gl/E5ZBjcN8sv3pc3Jh8,ChZDSUhNMG9nS0VJQ0FnSUMtbktmdVl3EAE,Asad “Alshareef” Mohamed,https://www.google.com/maps/contrib/108810978360535723135/reviews?hl=en,5,3 years ago,ممتازه,True,True,False,2026-09-25
P03,الواجهة البحرية,الدمام,كورنيش,https://maps.app.goo.gl/E5ZBjcN8sv3pc3Jh8,ChdDSUhNMG9nS0VJQ0FnSURlX19MUHl3RRAB,soha angel12,https://www.google.com/maps/contrib/117001791876348734055/reviews?hl=en,5,3 years ago,Nice sea view. And good place to sit.,False,True,False,2026-09-25
P03,الواجهة البحرية,الدمام,كورنيش,https://maps.app.goo.gl/E5ZBjcN8sv3pc3Jh8,ChZDSUhNMG9nS0VJQ0FnSURldDlHY0xnEAE,some one else Sure me,https://www.google.com/maps/contrib/113579062502279076354/reviews?hl=en,5,3 years ago,"The best place at Dammam Cornch where you can spend a enjoyable day with your kids and family

Sport zone
Games zone
Sea view
Walk way
Bicycle  way
Special place
VIP one",False,True,False,2026-09-25
P03,الواجهة البحرية,الدمام,كورنيش,https://maps.app.goo.gl/E5ZBjcN8sv3pc3Jh8,ChZDSUhNMG9nS0VJQ0FnSURlNDR6WldREAE,My My,https://www.google.com/maps/contrib/106948079584654199741/reviews?hl=en,5,3 years ago,رائعه جدا,True,True,False,2026-09-25
P03,الواجهة البحرية,الدمام,كورنيش,https://maps.app.goo.gl/E5ZBjcN8sv3pc3Jh8,ChZDSUhNMG9nS0VJQ0FnSURlcmNTUVdBEAE,عبدالله الزهيري,https://www.google.com/maps/contrib/115077379394737312226/reviews?hl=en,5,3 years ago,,False,True,False,2026-09-25
P03,الواجهة البحرية,الدمام,كورنيش,https://maps.app.goo.gl/E5ZBjcN8sv3pc3Jh8,ChZDSUhNMG9nS0VJQ0FnSURldFluQk5nEAE,FARES AL FARES,https://www.google.com/maps/contrib/111688335600138805627/reviews?hl=en,5,3 years ago,"الواجهة البحرية من أفضل الأماكن نظافة واهتمام ومن أفضل الأماكن التي أمارس بها رياضة المشي؛؛؛
حفظ الله بلدي المملكة العربية السعودية ملكاً وحكومة وشعباً وسائر بلاد المسلمين اللهم آمين يارب العالمين.",True,True,False,2026-09-25
P03,الواجهة البحرية,الدمام,كورنيش,https://maps.app.goo.gl/E5ZBjcN8sv3pc3Jh8,ChZDSUhNMG9nS0VJQ0FnSURldWN6blF3EAE,ليالي الزايد,https://www.google.com/maps/contrib/113077385806310114787/reviews?hl=en,5,3 years ago,جدا جميله ومثالية في التمشيه والخيار الافضل للهدوء والاستمتاع,True,True,False,2026-09-25
P03,الواجهة البحرية,الدمام,كورنيش,https://maps.app.goo.gl/E5ZBjcN8sv3pc3Jh8,ChZDSUhNMG9nS0VJQ0FnSURlaVlEUGVnEAE,mohammed alsayed,https://www.google.com/maps/contrib/102024664355808122815/reviews?hl=en,3,3 years ago,"مكان جميل لكن للأسف اهمال كبير في دورات المياة !
لا مانع في خصخصة دورات المياة وجعل الدخول برسوم إذا كان هذا سيوفر لنا حمامات تليق للاستعمال الآدمي !!!!",True,True,False,2026-09-25
P03,الواجهة البحرية,الدمام,كورنيش,https://maps.app.goo.gl/E5ZBjcN8sv3pc3Jh8,ChdDSUhNMG9nS0VJQ0FnSURlN3FUOGl3RRAB,abdulrhman k,https://www.google.com/maps/contrib/102442514658175604691/reviews?hl=en,5,3 years ago,بحر وهدوء ومواقف,True,True,False,2026-09-25
P03,الواجهة البحرية,الدمام,كورنيش,https://maps.app.goo.gl/E5ZBjcN8sv3pc3Jh8,ChdDSUhNMG9nS0VJQ0FnSURlem9YdWlBRRAB,محمد صادق عقيل,https://www.google.com/maps/contrib/107738024938049170342/reviews?hl=en,5,3 years ago,,False,True,False,2026-09-25
P03,الواجهة البحرية,الدمام,كورنيش,https://maps.app.goo.gl/E5ZBjcN8sv3pc3Jh8,ChdDSUhNMG9nS0VJQ0FnSURlaG9mdnpnRRAB,Shah Alam,https://www.google.com/maps/contrib/118133828173272359727/reviews?hl=en,5,3 years ago,,False,True,False,2026-09-25
P03,الواجهة البحرية,الدمام,كورنيش,https://maps.app.goo.gl/E5ZBjcN8sv3pc3Jh8,ChdDSUhNMG9nS0VJQ0FnSURleE1hWjBRRRAB,For You,https://www.google.com/maps/contrib/112984794746507161644/reviews?hl=en,1,3 years ago,,False,True,False,2026-09-25
P03,الواجهة البحرية,الدمام,كورنيش,https://maps.app.goo.gl/E5ZBjcN8sv3pc3Jh8,ChZDSUhNMG9nS0VJQ0FnSURlbUlTTk9REAE,Yousef Ahmed,https://www.google.com/maps/contrib/115321714253886362532/reviews?hl=en,5,3 years ago,,False,True,False,2026-09-25
P03,الواجهة البحرية,الدمام,كورنيش,https://maps.app.goo.gl/E5ZBjcN8sv3pc3Jh8,ChZDSUhNMG9nS0VJQ0FnSURlcUx2VExBEAE,Tamader Mk,https://www.google.com/maps/contrib/118121825537870946619/reviews?hl=en,4,3 years ago,💓 …,False,True,True,2026-09-25
P03,الواجهة البحرية,الدمام,كورنيش,https://maps.app.goo.gl/E5ZBjcN8sv3pc3Jh8,ChdDSUhNMG9nS0VJQ0FnSUNlMy1handBRRAB,Thamer,https://www.google.com/maps/contrib/102227328096801329473/reviews?hl=en,4,3 years ago,رائع جداً,True,True,False,2026-09-25
P03,الواجهة البحرية,الدمام,كورنيش,https://maps.app.goo.gl/E5ZBjcN8sv3pc3Jh8,ChdDSUhNMG9nS0VJQ0FnSUNlei1qeXlBRRAB,FAIHAAN BALBALE,https://www.google.com/maps/contrib/110340559198607516713/reviews?hl=en,4,3 years ago,Soothing environment,False,True,False,2026-09-25
P03,الواجهة البحرية,الدمام,كورنيش,https://maps.app.goo.gl/E5ZBjcN8sv3pc3Jh8,ChdDSUhNMG9nS0VJQ0FnSUNlNTgtTi13RRAB,MOHAMMAD M,https://www.google.com/maps/contrib/117173604229556124153/reviews?hl=en,5,3 years ago,,False,True,False,2026-09-25
P03,الواجهة البحرية,الدمام,كورنيش,https://maps.app.goo.gl/E5ZBjcN8sv3pc3Jh8,ChdDSUhNMG9nS0VJQ0FnSUNlcTg3NjdnRRAB,Mshal Almalki,https://www.google.com/maps/contrib/105308559908332793708/reviews?hl=en,5,4 years ago,,False,True,False,2026-09-25
P03,الواجهة البحرية,الدمام,كورنيش,https://maps.app.goo.gl/E5ZBjcN8sv3pc3Jh8,ChZDSUhNMG9nS0VJQ0FnSUNlaS1lUVNBEAE,Ar0503757743 Ar0503757743,https://www.google.com/maps/contrib/100770645601825728763/reviews?hl=en,5,4 years ago,,False,True,False,2026-09-25
P03,الواجهة البحرية,الدمام,كورنيش,https://maps.app.goo.gl/E5ZBjcN8sv3pc3Jh8,ChZDSUhNMG9nS0VJQ0FnSUNldGV2SURnEAE,mohamed sayed,https://www.google.com/maps/contrib/115343887452265838872/reviews?hl=en,5,4 years ago,,False,True,False,2026-09-25
P03,الواجهة البحرية,الدمام,كورنيش,https://maps.app.goo.gl/E5ZBjcN8sv3pc3Jh8,ChZDSUhNMG9nS0VJQ0FnSUNla2R1d0ZREAE,Abdulrahman makeen,https://www.google.com/maps/contrib/107921929697805206790/reviews?hl=en,3,4 years ago,,False,True,False,2026-09-25
P03,الواجهة البحرية,الدمام,كورنيش,https://maps.app.goo.gl/E5ZBjcN8sv3pc3Jh8,ChdDSUhNMG9nS0VJQ0FnSUNlNm9qQWpRRRAB,Helmi Abdo Ghaleb,https://www.google.com/maps/contrib/103957766126727587743/reviews?hl=en,5,4 years ago,,False,True,False,2026-09-25
P03,الواجهة البحرية,الدمام,كورنيش,https://maps.app.goo.gl/E5ZBjcN8sv3pc3Jh8,ChZDSUhNMG9nS0VJQ0FnSUNlb1BfY0t3EAE,ض م,https://www.google.com/maps/contrib/106086275609254691406/reviews?hl=en,5,4 years ago,,False,True,False,2026-09-25
P03,الواجهة البحرية,الدمام,كورنيش,https://maps.app.goo.gl/E5ZBjcN8sv3pc3Jh8,ChdDSUhNMG9nS0VJQ0FnSUR1Ny1MczF3RRAB,ابراهيم العوضى,https://www.google.com/maps/contrib/117886432951364174595/reviews?hl=en,5,4 years ago,رائع جدا,True,True,False,2026-09-25
P03,الواجهة البحرية,الدمام,كورنيش,https://maps.app.goo.gl/E5ZBjcN8sv3pc3Jh8,ChdDSUhNMG9nS0VJQ0FnSUR1cC1qTzVnRRAB,روان باطرفي,https://www.google.com/maps/contrib/105421375441617428144/reviews?hl=en,5,4 years ago,مشاء الله مستشفى نظيف جدا,True,True,False,2026-09-25
P03,الواجهة البحرية,الدمام,كورنيش,https://maps.app.goo.gl/E5ZBjcN8sv3pc3Jh8,ChdDSUhNMG9nS0VJQ0FnSUR1eTZyTndBRRAB,عبدالله الخنين,https://www.google.com/maps/contrib/116224835501333053838/reviews?hl=en,3,4 years ago,,False,True,False,2026-09-25
P03,الواجهة البحرية,الدمام,كورنيش,https://maps.app.goo.gl/E5ZBjcN8sv3pc3Jh8,ChdDSUhNMG9nS0VJQ0FnSUR1X2R2N293RRAB,Y?!.,https://www.google.com/maps/contrib/108207472761054865729/reviews?hl=en,1,4 years ago,مكان سئ منطقة عزاب,True,True,False,2026-09-25
P03,الواجهة البحرية,الدمام,كورنيش,https://maps.app.goo.gl/E5ZBjcN8sv3pc3Jh8,ChdDSUhNMG9nS0VJQ0FnSUR1NWNTeHV3RRAB,Thaiev Alyaf3i,https://www.google.com/maps/contrib/102510365490797372562/reviews?hl=en,5,4 years ago,جميل وهادئ,True,True,False,2026-09-25
P03,الواجهة البحرية,الدمام,كورنيش,https://maps.app.goo.gl/E5ZBjcN8sv3pc3Jh8,ChZDSUhNMG9nS0VJQ0FnSUR1aVlpWmVBEAE,nadeen events,https://www.google.com/maps/contrib/118367507750032502276/reviews?hl=en,5,4 years ago,جميله,True,True,False,2026-09-25
P03,الواجهة البحرية,الدمام,كورنيش,https://maps.app.goo.gl/E5ZBjcN8sv3pc3Jh8,ChZDSUhNMG9nS0VJQ0FnSUR1aHA2UU1nEAE,Mohammed AlQarni,https://www.google.com/maps/contrib/117799937335654357665/reviews?hl=en,5,4 years ago,ممتاز ويحتاج الى تغيير الممشى وتحسين المنظر العام,True,True,False,2026-09-25
P03,الواجهة البحرية,الدمام,كورنيش,https://maps.app.goo.gl/E5ZBjcN8sv3pc3Jh8,ChZDSUhNMG9nS0VJQ0FnSUR1NnFtSUR3EAE,Mahmoud Nseir,https://www.google.com/maps/contrib/116436027123695805378/reviews?hl=en,4,4 years ago,"المنظر رائع والجو معتدل بس الرطوبة
هناك راحة نفسية",True,True,False,2026-09-25
P03,الواجهة البحرية,الدمام,كورنيش,https://maps.app.goo.gl/E5ZBjcN8sv3pc3Jh8,ChdDSUhNMG9nS0VJQ0FnSUR1NHV5NGlBRRAB,T.M,https://www.google.com/maps/contrib/108234984823734428434/reviews?hl=en,4,4 years ago,,False,True,False,2026-09-25
P03,الواجهة البحرية,الدمام,كورنيش,https://maps.app.goo.gl/E5ZBjcN8sv3pc3Jh8,ChdDSUhNMG9nS0VJQ0FnSUR1dkxUNC1BRRAB,فاطمة علي,https://www.google.com/maps/contrib/116257954961577149410/reviews?hl=en,5,4 years ago,,False,True,False,2026-09-25
P03,الواجهة البحرية,الدمام,كورنيش,https://maps.app.goo.gl/E5ZBjcN8sv3pc3Jh8,ChdDSUhNMG9nS0VJQ0FnSUR1M0p5MXR3RRAB,ف. س.,https://www.google.com/maps/contrib/113797253450758553146/reviews?hl=en,5,4 years ago,,False,True,False,2026-09-25
P03,الواجهة البحرية,الدمام,كورنيش,https://maps.app.goo.gl/E5ZBjcN8sv3pc3Jh8,ChZDSUhNMG9nS0VJQ0FnSUN1ajh1V0xREAE,عبدالله علي,https://www.google.com/maps/contrib/100368790610937299440/reviews?hl=en,5,4 years ago,يوجد صيانيه وحاجة الي تطوير,True,True,False,2026-09-25
P03,الواجهة البحرية,الدمام,كورنيش,https://maps.app.goo.gl/E5ZBjcN8sv3pc3Jh8,ChZDSUhNMG9nS0VJQ0FnSUN1ODdQZEdBEAE,Abdarbhman Alqarni حلالي,https://www.google.com/maps/contrib/108789631561494706758/reviews?hl=en,1,4 years ago,خلسبلز,True,True,False,2026-09-25
P03,الواجهة البحرية,الدمام,كورنيش,https://maps.app.goo.gl/E5ZBjcN8sv3pc3Jh8,ChZDSUhNMG9nS0VJQ0FnSUN1M2RxX0RBEAE,عبدالرحمن القفيلي,https://www.google.com/maps/contrib/100356774935848454601/reviews?hl=en,4,4 years ago,"الوجهة البحرية الأولى في المنطقة الشرقية
هو كورنيش الواجهة البحرية في مدينة الدمام
تعتبر الواجهة البحرية منطقة حيوية وهي المركز الرئيسي لإقامة الفعاليات الوطنية والمهرجانات والأنشطة الترفيهية المؤقتة والصيفية .
أُضيف حديثاً مركز العاب ترفيهية متنوعة وحديثة ذات إطلالة بحرية رائعة وتنوع في الألعاب الهوائية والكهربائية ذات طابع شعبي كلاسيكي رائع .
لا تنتهي التحديثات القائمة حالياً على الواجهة لجعلها وجهه سياحية فاعلة.",True,True,False,2026-09-25
P03,الواجهة البحرية,الدمام,كورنيش,https://maps.app.goo.gl/E5ZBjcN8sv3pc3Jh8,ChdDSUhNMG9nS0VJQ0FnSUN1aVl2SS1nRRAB,‫زيدان الشمري (‪G.B.Eزيدان‬‏)‬‎,https://www.google.com/maps/contrib/106417565251948432046/reviews?hl=en,5,4 years ago,"ممتازة
يوجد الآن تطوير الكرنيش للأفضل
الله يسعد الجميع",True,True,False,2026-09-25
P03,الواجهة البحرية,الدمام,كورنيش,https://maps.app.goo.gl/E5ZBjcN8sv3pc3Jh8,ChdDSUhNMG9nS0VJQ0FnSUN1cHFDX2d3RRAB,البعد الآخر.,https://www.google.com/maps/contrib/117550191127818863161/reviews?hl=en,5,4 years ago,جميلة لكن الأجواء لاتسمح بالجلوس,True,True,False,2026-09-25
P03,الواجهة البحرية,الدمام,كورنيش,https://maps.app.goo.gl/E5ZBjcN8sv3pc3Jh8,ChZDSUhNMG9nS0VJQ0FnSUN1eXJxd0tBEAE,Basel Altajjar,https://www.google.com/maps/contrib/105136774421531999950/reviews?hl=en,4,4 years ago,,False,True,False,2026-09-25
P03,الواجهة البحرية,الدمام,كورنيش,https://maps.app.goo.gl/E5ZBjcN8sv3pc3Jh8,ChZDSUhNMG9nS0VJQ0FnSUN1MHBfNE9nEAE,Abo Sami Alkhamaly,https://www.google.com/maps/contrib/105781608600216942924/reviews?hl=en,4,4 years ago,,False,True,False,2026-09-25
P03,الواجهة البحرية,الدمام,كورنيش,https://maps.app.goo.gl/E5ZBjcN8sv3pc3Jh8,ChZDSUhNMG9nS0VJQ0FnSUN1b3FMTFRnEAE,تركي الفودعي,https://www.google.com/maps/contrib/110658194716555297968/reviews?hl=en,5,4 years ago,,False,True,False,2026-09-25
P03,الواجهة البحرية,الدمام,كورنيش,https://maps.app.goo.gl/E5ZBjcN8sv3pc3Jh8,ChZDSUhNMG9nS0VJQ0FnSUN1Z3ZLV1dREAE,A D (abdullah),https://www.google.com/maps/contrib/103398243717859516908/reviews?hl=en,5,4 years ago,اخر مره رحت فيها كأبه وانوار ضعيفه قبل كم سنه افضل بكثير وحيه وفيها فعاليات,True,True,False,2026-09-25
P03,الواجهة البحرية,الدمام,كورنيش,https://maps.app.goo.gl/E5ZBjcN8sv3pc3Jh8,ChdDSUhNMG9nS0VJQ0FnSUN1dkwzN3hBRRAB,Faisal AlM agidi,https://www.google.com/maps/contrib/109729052495551268935/reviews?hl=en,4,4 years ago,,False,True,False,2026-09-25
P03,الواجهة البحرية,الدمام,كورنيش,https://maps.app.goo.gl/E5ZBjcN8sv3pc3Jh8,ChdDSUhNMG9nS0VJQ0FnSURPM18zeXp3RRAB,محمد الصيري,https://www.google.com/maps/contrib/111002367110677590244/reviews?hl=en,5,4 years ago,,False,True,False,2026-09-25
P03,الواجهة البحرية,الدمام,كورنيش,https://maps.app.goo.gl/E5ZBjcN8sv3pc3Jh8,ChdDSUhNMG9nS0VJQ0FnSURPcF9Pc21BRRAB,mohammed ismail,https://www.google.com/maps/contrib/113223829982065076058/reviews?hl=en,1,4 years ago,Very hot atmosphere,False,True,False,2026-09-25
P03,الواجهة البحرية,الدمام,كورنيش,https://maps.app.goo.gl/E5ZBjcN8sv3pc3Jh8,ChdDSUhNMG9nS0VJQ0FnSURPMi1pZXlRRRAB,Mostafa Abdel baki Elsayed,https://www.google.com/maps/contrib/115862571352643000983/reviews?hl=en,5,4 years ago,,False,True,False,2026-09-25
P03,الواجهة البحرية,الدمام,كورنيش,https://maps.app.goo.gl/E5ZBjcN8sv3pc3Jh8,ChZDSUhNMG9nS0VJQ0FnSURPODdLV0J3EAE,Malak Omar,https://www.google.com/maps/contrib/104655162222390677200/reviews?hl=en,5,4 years ago,,False,True,False,2026-09-25
P03,الواجهة البحرية,الدمام,كورنيش,https://maps.app.goo.gl/E5ZBjcN8sv3pc3Jh8,ChdDSUhNMG9nS0VJQ0FnSURPdmNMUXVnRRAB,hamed anzi,https://www.google.com/maps/contrib/117774667466355757894/reviews?hl=en,5,4 years ago,جميل ومرتب يستحق الزيارة,True,True,False,2026-09-25
P03,الواجهة البحرية,الدمام,كورنيش,https://maps.app.goo.gl/E5ZBjcN8sv3pc3Jh8,ChZDSUhNMG9nS0VJQ0FnSURPamZhalNnEAE,مهران الصيري Mehran Al-Siri,https://www.google.com/maps/contrib/117771298807584299117/reviews?hl=en,5,4 years ago,احب ذلك,True,True,False,2026-09-25
P03,الواجهة البحرية,الدمام,كورنيش,https://maps.app.goo.gl/E5ZBjcN8sv3pc3Jh8,ChdDSUhNMG9nS0VJQ0FnSURPaHFqRmdRRRAB,sameer alrwili (alxlanc abuJamal),https://www.google.com/maps/contrib/108764692814475908281/reviews?hl=en,5,4 years ago,منتازة,True,True,False,2026-09-25
P03,الواجهة البحرية,الدمام,كورنيش,https://maps.app.goo.gl/E5ZBjcN8sv3pc3Jh8,ChZDSUhNMG9nS0VJQ0FnSURPaXFmVUdREAE,Naufal Ahmed,https://www.google.com/maps/contrib/108857575566499884873/reviews?hl=en,3,4 years ago,,False,True,False,2026-09-25
P03,الواجهة البحرية,الدمام,كورنيش,https://maps.app.goo.gl/E5ZBjcN8sv3pc3Jh8,ChdDSUhNMG9nS0VJQ0FnSURPdU9PcWdnRRAB,khalid aldooh,https://www.google.com/maps/contrib/112206292425958605417/reviews?hl=en,5,4 years ago,مكان رايق😴🤍🤍 …,True,True,True,2026-09-25
P03,الواجهة البحرية,الدمام,كورنيش,https://maps.app.goo.gl/E5ZBjcN8sv3pc3Jh8,ChZDSUhNMG9nS0VJQ0FnSUNDbHIyVEdnEAE,Ayman Selim VIP,https://www.google.com/maps/contrib/112901667258216841431/reviews?hl=en,5,Edited 4 years ago,Nice view,False,True,False,2026-09-25
P03,الواجهة البحرية,الدمام,كورنيش,https://maps.app.goo.gl/E5ZBjcN8sv3pc3Jh8,ChdDSUhNMG9nS0VJQ0FnSUNPbjVLdzFnRRAB,ممدوح,https://www.google.com/maps/contrib/111296690218627774051/reviews?hl=en,5,4 years ago,مكان رائع لكن بأوقات غير مزدحمه رائع للمشي والتأمل.. أما أوقات الويكند والفعاليات المزدحمه لا أفضله بهذي الأوقات.,True,True,False,2026-09-25
P03,الواجهة البحرية,الدمام,كورنيش,https://maps.app.goo.gl/E5ZBjcN8sv3pc3Jh8,ChdDSUhNMG9nS0VJQ0FnSUNPeTRTS253RRAB,ابو شاديه السني,https://www.google.com/maps/contrib/118091223301878343211/reviews?hl=en,5,4 years ago,شكرا ع الاهتمام,True,True,False,2026-09-25
P03,الواجهة البحرية,الدمام,كورنيش,https://maps.app.goo.gl/E5ZBjcN8sv3pc3Jh8,ChdDSUhNMG9nS0VJQ0FnSUNPcmZlMTFnRRAB,ابو احمد الناصر,https://www.google.com/maps/contrib/114429421227520999941/reviews?hl=en,5,4 years ago,فيه تطور ملحوض في الواجهه البحريه,True,True,False,2026-09-25
P03,الواجهة البحرية,الدمام,كورنيش,https://maps.app.goo.gl/E5ZBjcN8sv3pc3Jh8,ChZDSUhNMG9nS0VJQ0FnSUNPd2VTd1pREAE,Ali Alsalem,https://www.google.com/maps/contrib/107837778358761752639/reviews?hl=en,3,4 years ago,مكان روعه يستحق الزياره,True,True,False,2026-09-25
P03,الواجهة البحرية,الدمام,كورنيش,https://maps.app.goo.gl/E5ZBjcN8sv3pc3Jh8,ChZDSUhNMG9nS0VJQ0FnSUNPaHNhVUtnEAE,Hamdy Habotta,https://www.google.com/maps/contrib/112180226280160146778/reviews?hl=en,5,4 years ago,كورنيش الدمام,True,True,False,2026-09-25
P03,الواجهة البحرية,الدمام,كورنيش,https://maps.app.goo.gl/E5ZBjcN8sv3pc3Jh8,ChdDSUhNMG9nS0VJQ0FnSUNPc3U2LWhRRRAB,Sl Sl,https://www.google.com/maps/contrib/114492967701245553133/reviews?hl=en,5,4 years ago,مكان راقي وجميل,True,True,False,2026-09-25
P03,الواجهة البحرية,الدمام,كورنيش,https://maps.app.goo.gl/E5ZBjcN8sv3pc3Jh8,ChdDSUhNMG9nS0VJQ0FnSUNPd3JxcWh3RRAB,Tamer Alzoubi,https://www.google.com/maps/contrib/104101461804131588231/reviews?hl=en,5,4 years ago,"عمار يا السعودية, ترتيب ونظافة وأهتمام بالمرافق وجلسات عائلية جميلة جدآ وألعاب للأطفال. كل التحية للقائمين على إدارة المكان",True,True,False,2026-09-25
P03,الواجهة البحرية,الدمام,كورنيش,https://maps.app.goo.gl/E5ZBjcN8sv3pc3Jh8,ChdDSUhNMG9nS0VJQ0FnSUNPdktpWV93RRAB,Brain,https://www.google.com/maps/contrib/106557214415202572153/reviews?hl=en,5,4 years ago,"(مكان جميل جدا..!!!! )(و له منظر طبيعي وكبير ونضيف :)
(🖤🌃🌃✨🖤) …",True,True,True,2026-09-25
P03,الواجهة البحرية,الدمام,كورنيش,https://maps.app.goo.gl/E5ZBjcN8sv3pc3Jh8,ChZDSUhNMG9nS0VJQ0FnSUNPMktibld3EAE,Norah A,https://www.google.com/maps/contrib/104228938537998457282/reviews?hl=en,5,4 years ago,واجهه جميله ونظيفه,True,True,False,2026-09-25
P03,الواجهة البحرية,الدمام,كورنيش,https://maps.app.goo.gl/E5ZBjcN8sv3pc3Jh8,ChdDSUhNMG9nS0VJQ0FnSUNPbVB1b29RRRAB,Anna Hermoza,https://www.google.com/maps/contrib/117017123380141687510/reviews?hl=en,5,4 years ago,"Visit there in noon time n enjoyed my lunch there, it tranquility place windy make our stay more enjoyable. Nice place to visit with family",False,True,False,2026-09-25
P03,الواجهة البحرية,الدمام,كورنيش,https://maps.app.goo.gl/E5ZBjcN8sv3pc3Jh8,ChZDSUhNMG9nS0VJQ0FnSUNDaTVMNFFREAE,فهد أحمدالغريافي,https://www.google.com/maps/contrib/117773771826069394036/reviews?hl=en,5,Edited 4 years ago,ممتازه,True,True,False,2026-09-25
P03,الواجهة البحرية,الدمام,كورنيش,https://maps.app.goo.gl/E5ZBjcN8sv3pc3Jh8,ChdDSUhNMG9nS0VJQ0FnSUQyai1iNHlBRRAB,Ramlah “Soul angel”,https://www.google.com/maps/contrib/110272859469915901916/reviews?hl=en,5,4 years ago,,False,True,False,2026-09-25
P03,الواجهة البحرية,الدمام,كورنيش,https://maps.app.goo.gl/E5ZBjcN8sv3pc3Jh8,ChdDSUhNMG9nS0VJQ0FnSUQyOTZ5UDZBRRAB,ahmed onh,https://www.google.com/maps/contrib/111168165189883877287/reviews?hl=en,5,4 years ago,,False,True,False,2026-09-25
P03,الواجهة البحرية,الدمام,كورنيش,https://maps.app.goo.gl/E5ZBjcN8sv3pc3Jh8,ChZDSUhNMG9nS0VJQ0FnSUQydDZqakVREAE,AYED RASHDI,https://www.google.com/maps/contrib/109822686529133213952/reviews?hl=en,5,4 years ago,منتزه على شاطي الخليج العربي جميل ونظيف اجواء منعشه في هذه الايام لكن مزدحم ايام العطلات الرسميه,True,True,False,2026-09-25
P03,الواجهة البحرية,الدمام,كورنيش,https://maps.app.goo.gl/E5ZBjcN8sv3pc3Jh8,ChZDSUhNMG9nS0VJQ0FnSUQycDctS1RBEAE,Eng Hassan Alhabbal,https://www.google.com/maps/contrib/116022122625887775250/reviews?hl=en,4,4 years ago,جميلة,True,True,False,2026-09-25
P03,الواجهة البحرية,الدمام,كورنيش,https://maps.app.goo.gl/E5ZBjcN8sv3pc3Jh8,ChdDSUhNMG9nS0VJQ0FnSUQydzZyaXZRRRAB,Ahmad Abd ellatif,https://www.google.com/maps/contrib/114829660270344339482/reviews?hl=en,5,4 years ago,,False,True,False,2026-09-25
P03,الواجهة البحرية,الدمام,كورنيش,https://maps.app.goo.gl/E5ZBjcN8sv3pc3Jh8,ChdDSUhNMG9nS0VJQ0FnSUNXenRuaWhBRRAB,Hager Negm,https://www.google.com/maps/contrib/118312404320863990651/reviews?hl=en,5,Edited 4 years ago,مناسب جدا لجلسات عائلية على البحر,True,True,False,2026-09-25
P03,الواجهة البحرية,الدمام,كورنيش,https://maps.app.goo.gl/E5ZBjcN8sv3pc3Jh8,ChdDSUhNMG9nS0VJQ0FnSUQybWRTY21RRRAB,ابراهيم HALAWI,https://www.google.com/maps/contrib/112281696308698977167/reviews?hl=en,5,4 years ago,,False,True,False,2026-09-25
P03,الواجهة البحرية,الدمام,كورنيش,https://maps.app.goo.gl/E5ZBjcN8sv3pc3Jh8,ChZDSUhNMG9nS0VJQ0FnSUQyOFlIR0lREAE,ahmed jan,https://www.google.com/maps/contrib/114979547557531979380/reviews?hl=en,4,4 years ago,جميل في منتصف الليل وروقان,True,True,False,2026-09-25
P03,الواجهة البحرية,الدمام,كورنيش,https://maps.app.goo.gl/E5ZBjcN8sv3pc3Jh8,ChZDSUhNMG9nS0VJQ0FnSUQyX3RidVdREAE,Alaa Ghonaim,https://www.google.com/maps/contrib/110316485083852796064/reviews?hl=en,5,4 years ago,جدا رائع,True,True,False,2026-09-25
P03,الواجهة البحرية,الدمام,كورنيش,https://maps.app.goo.gl/E5ZBjcN8sv3pc3Jh8,ChZDSUhNMG9nS0VJQ0FnSUQyanZEZU9nEAE,kreem salah,https://www.google.com/maps/contrib/104071391354168505527/reviews?hl=en,5,4 years ago,مميزة ورهيبة,True,True,False,2026-09-25
P03,الواجهة البحرية,الدمام,كورنيش,https://maps.app.goo.gl/E5ZBjcN8sv3pc3Jh8,ChZDSUhNMG9nS0VJQ0FnSUQybHBmVkx3EAE,Hussain zaid,https://www.google.com/maps/contrib/117862388833223784818/reviews?hl=en,3,4 years ago,مكان كبير وشرح ويستاهل الزياره,True,True,False,2026-09-25
P03,الواجهة البحرية,الدمام,كورنيش,https://maps.app.goo.gl/E5ZBjcN8sv3pc3Jh8,ChZDSUhNMG9nS0VJQ0FnSUQycHZfOVd3EAE,ترف عارف,https://www.google.com/maps/contrib/113288612607312600335/reviews?hl=en,5,4 years ago,,False,True,False,2026-09-25
P03,الواجهة البحرية,الدمام,كورنيش,https://maps.app.goo.gl/E5ZBjcN8sv3pc3Jh8,ChdDSUhNMG9nS0VJQ0FnSUQyeHZfNm5BRRAB,Haider Ali,https://www.google.com/maps/contrib/105330562838526407238/reviews?hl=en,2,4 years ago,,False,True,False,2026-09-25
P03,الواجهة البحرية,الدمام,كورنيش,https://maps.app.goo.gl/E5ZBjcN8sv3pc3Jh8,ChZDSUhNMG9nS0VJQ0FnSUQyaHFDM0J3EAE,Riham Hussein,https://www.google.com/maps/contrib/106816084609955159475/reviews?hl=en,5,4 years ago,,False,True,False,2026-09-25
P03,الواجهة البحرية,الدمام,كورنيش,https://maps.app.goo.gl/E5ZBjcN8sv3pc3Jh8,ChZDSUhNMG9nS0VJQ0FnSUQycW9UTlJnEAE,محمد الخالدي,https://www.google.com/maps/contrib/107244558220138516334/reviews?hl=en,5,4 years ago,,False,True,False,2026-09-25
P03,الواجهة البحرية,الدمام,كورنيش,https://maps.app.goo.gl/E5ZBjcN8sv3pc3Jh8,ChZDSUhNMG9nS0VJQ0FnSUQyd3AzYk53EAE,Naseem Talalwah,https://www.google.com/maps/contrib/103225710213262839875/reviews?hl=en,4,4 years ago,,False,True,False,2026-09-25
P03,الواجهة البحرية,الدمام,كورنيش,https://maps.app.goo.gl/E5ZBjcN8sv3pc3Jh8,ChdDSUhNMG9nS0VJQ0FnSUQyMkxQbHBnRRAB,Nassr Alsaidi,https://www.google.com/maps/contrib/100625594317899216390/reviews?hl=en,3,4 years ago,,False,True,False,2026-09-25
P03,الواجهة البحرية,الدمام,كورنيش,https://maps.app.goo.gl/E5ZBjcN8sv3pc3Jh8,ChZDSUhNMG9nS0VJQ0FnSUQycU9tcEZREAE,AbdulrahMan Otaibi,https://www.google.com/maps/contrib/100899356050342253979/reviews?hl=en,1,4 years ago,مخيسه كللهم مصايره  وجالسين بتبجح ويرمون القاذورات بكل مكان  و وروائح كريييهه  للاسف,True,True,False,2026-09-25
P03,الواجهة البحرية,الدمام,كورنيش,https://maps.app.goo.gl/E5ZBjcN8sv3pc3Jh8,ChdDSUhNMG9nS0VJQ0FnSUQyeU1tdGd3RRAB,N Walbi,https://www.google.com/maps/contrib/116873576304435746623/reviews?hl=en,3,4 years ago,ممشا مقبول بس اقل من التوقعات,True,True,False,2026-09-25
P03,الواجهة البحرية,الدمام,كورنيش,https://maps.app.goo.gl/E5ZBjcN8sv3pc3Jh8,ChZDSUhNMG9nS0VJQ0FnSUQyeUtqQk13EAE,Umme Fatima,https://www.google.com/maps/contrib/107763867073436785989/reviews?hl=en,5,4 years ago,❤️,False,True,False,2026-09-25
P03,الواجهة البحرية,الدمام,كورنيش,https://maps.app.goo.gl/E5ZBjcN8sv3pc3Jh8,ChZDSUhNMG9nS0VJQ0FnSUQyOEpqRVNREAE,AHMED HASSAN,https://www.google.com/maps/contrib/104028329894510664553/reviews?hl=en,5,4 years ago,واسعه وممتازة,True,True,False,2026-09-25
P03,الواجهة البحرية,الدمام,كورنيش,https://maps.app.goo.gl/E5ZBjcN8sv3pc3Jh8,ChdDSUhNMG9nS0VJQ0FnSUQyME9pdV9RRRAB,Hasan AlNabhan (Hasan hmn),https://www.google.com/maps/contrib/106779188712531025426/reviews?hl=en,5,4 years ago,,False,True,False,2026-09-25
P03,الواجهة البحرية,الدمام,كورنيش,https://maps.app.goo.gl/E5ZBjcN8sv3pc3Jh8,ChZDSUhNMG9nS0VJQ0FnSUQya1BuWlpBEAE,ناصر العولقي,https://www.google.com/maps/contrib/101019075638356128219/reviews?hl=en,3,4 years ago,جميله عيبها الزحمه في المناسبات,True,True,False,2026-09-25
P03,الواجهة البحرية,الدمام,كورنيش,https://maps.app.goo.gl/E5ZBjcN8sv3pc3Jh8,ChZDSUhNMG9nS0VJQ0FnSUMycDh6RkxBEAE,muhammad nasser,https://www.google.com/maps/contrib/111313919650310338702/reviews?hl=en,5,4 years ago,,False,True,False,2026-09-25
P03,الواجهة البحرية,الدمام,كورنيش,https://maps.app.goo.gl/E5ZBjcN8sv3pc3Jh8,ChdDSUhNMG9nS0VJQ0FnSUMyeVpPdnVRRRAB,Ahmad Mr,https://www.google.com/maps/contrib/102166205238504588733/reviews?hl=en,4,4 years ago,مكان رائع وجميل,True,True,False,2026-09-25
P03,الواجهة البحرية,الدمام,كورنيش,https://maps.app.goo.gl/E5ZBjcN8sv3pc3Jh8,ChZDSUhNMG9nS0VJQ0FnSUMyd3BuQUNnEAE,Gjifg Dd,https://www.google.com/maps/contrib/111925143097804595194/reviews?hl=en,5,4 years ago,,False,True,False,2026-09-25
P03,الواجهة البحرية,الدمام,كورنيش,https://maps.app.goo.gl/E5ZBjcN8sv3pc3Jh8,ChdDSUhNMG9nS0VJQ0FnSUMyd3RxMDd3RRAB,Khaled habeb,https://www.google.com/maps/contrib/109743022661520047894/reviews?hl=en,5,4 years ago,,False,True,False,2026-09-25
P03,الواجهة البحرية,الدمام,كورنيش,https://maps.app.goo.gl/E5ZBjcN8sv3pc3Jh8,ChdDSUhNMG9nS0VJQ0FnSUMyNElqXzRRRRAB,Abdulrahman Almaamari,https://www.google.com/maps/contrib/111137096646865162817/reviews?hl=en,4,4 years ago,,False,True,False,2026-09-25
P03,الواجهة البحرية,الدمام,كورنيش,https://maps.app.goo.gl/E5ZBjcN8sv3pc3Jh8,ChZDSUhNMG9nS0VJQ0FnSURDNDV6VEFnEAE,AHMAD ABDLJAWAD,https://www.google.com/maps/contrib/118177241525938873163/reviews?hl=en,5,Edited 4 years ago,"رائعة وهادئه وتصلح للعائلات
في كل الأوقات جميله المنظر. 🥰 …",True,True,True,2026-09-25
P03,الواجهة البحرية,الدمام,كورنيش,https://maps.app.goo.gl/E5ZBjcN8sv3pc3Jh8,ChdDSUhNMG9nS0VJQ0FnSURXXzZtSGt3RRAB,sargon anaby,https://www.google.com/maps/contrib/111617735240984329790/reviews?hl=en,1,4 years ago,متنزه حلو ومجميل,True,True,False,2026-09-25
P03,الواجهة البحرية,الدمام,كورنيش,https://maps.app.goo.gl/E5ZBjcN8sv3pc3Jh8,ChdDSUhNMG9nS0VJQ0FnSURXdDRlcXNRRRAB,A7med M,https://www.google.com/maps/contrib/116268850525704251503/reviews?hl=en,5,4 years ago,,False,True,False,2026-09-25
P03,الواجهة البحرية,الدمام,كورنيش,https://maps.app.goo.gl/E5ZBjcN8sv3pc3Jh8,ChdDSUhNMG9nS0VJQ0FnSURXbDVlUmx3RRAB,بو أحمد,https://www.google.com/maps/contrib/104343083931890755317/reviews?hl=en,4,4 years ago,,False,True,False,2026-09-25
P03,الواجهة البحرية,الدمام,كورنيش,https://maps.app.goo.gl/E5ZBjcN8sv3pc3Jh8,ChdDSUhNMG9nS0VJQ0FnSURXN2RuNnhBRRAB,faisal saleh,https://www.google.com/maps/contrib/110214619997388856324/reviews?hl=en,5,4 years ago,رائع,True,True,False,2026-09-25
P03,الواجهة البحرية,الدمام,كورنيش,https://maps.app.goo.gl/E5ZBjcN8sv3pc3Jh8,ChdDSUhNMG9nS0VJQ0FnSURXLWZLM21nRRAB,SAIF K,https://www.google.com/maps/contrib/115165006952850335110/reviews?hl=en,5,4 years ago,"مكان نظيف هادئ
للعائلة",True,True,False,2026-09-25
P03,الواجهة البحرية,الدمام,كورنيش,https://maps.app.goo.gl/E5ZBjcN8sv3pc3Jh8,ChZDSUhNMG9nS0VJQ0FnSURXLWFDVlNREAE,NaiF AL Balawi,https://www.google.com/maps/contrib/108300094548368067020/reviews?hl=en,4,4 years ago,,False,True,False,2026-09-25
P03,الواجهة البحرية,الدمام,كورنيش,https://maps.app.goo.gl/E5ZBjcN8sv3pc3Jh8,ChZDSUhNMG9nS0VJQ0FnSURXenRES0hnEAE,سعيد السناوي,https://www.google.com/maps/contrib/114220978539021619239/reviews?hl=en,5,4 years ago,و لا أروع,True,True,False,2026-09-25
P03,الواجهة البحرية,الدمام,كورنيش,https://maps.app.goo.gl/E5ZBjcN8sv3pc3Jh8,ChdDSUhNMG9nS0VJQ0FnSURXdHZPSjNnRRAB,القناعة كنز لايفنى,https://www.google.com/maps/contrib/116371855229734935378/reviews?hl=en,5,4 years ago,ممتاز,True,True,False,2026-09-25
P03,الواجهة البحرية,الدمام,كورنيش,https://maps.app.goo.gl/E5ZBjcN8sv3pc3Jh8,ChdDSUhNMG9nS0VJQ0FnSURXaXNHTXF3RRAB,Ameer Alfadhel,https://www.google.com/maps/contrib/114775923298338197238/reviews?hl=en,4,4 years ago,"جميلة جداً وبحاجة إلى المزيد من التطوير
أتمنى من الزائرين الإهتمام بنظافة المكان",True,True,False,2026-09-25
P03,الواجهة البحرية,الدمام,كورنيش,https://maps.app.goo.gl/E5ZBjcN8sv3pc3Jh8,ChZDSUhNMG9nS0VJQ0FnSURXM0l5OE1BEAE,Majeed Ali,https://www.google.com/maps/contrib/101481009606439510180/reviews?hl=en,4,4 years ago,مكان جميل   زحمة,True,True,False,2026-09-25
P03,الواجهة البحرية,الدمام,كورنيش,https://maps.app.goo.gl/E5ZBjcN8sv3pc3Jh8,ChZDSUhNMG9nS0VJQ0FnSURXb0x6a01REAE,Abu AbdulAziz,https://www.google.com/maps/contrib/101945952852549574411/reviews?hl=en,5,4 years ago,👍🏻 …,False,True,True,2026-09-25
P03,الواجهة البحرية,الدمام,كورنيش,https://maps.app.goo.gl/E5ZBjcN8sv3pc3Jh8,ChdDSUhNMG9nS0VJQ0FnSUNXcThidTFRRRAB,mohamed zedan,https://www.google.com/maps/contrib/101338846278725630332/reviews?hl=en,5,4 years ago,,False,True,False,2026-09-25
P03,الواجهة البحرية,الدمام,كورنيش,https://maps.app.goo.gl/E5ZBjcN8sv3pc3Jh8,ChZDSUhNMG9nS0VJQ0FnSUNXMDUtZk93EAE,AZIZ ALYAMI,https://www.google.com/maps/contrib/104282377521997289438/reviews?hl=en,5,4 years ago,نشكر الحكومه اعزها الله على مثل هذي الاشياء الجميله وخلق متنفس جميل شامل جميع الخدمات لمرتادي هذي الأماكن لهم مني عظيم الشكر والامتنان وحفظ الله بلادي من كل شر❤,True,True,False,2026-09-25
P03,الواجهة البحرية,الدمام,كورنيش,https://maps.app.goo.gl/E5ZBjcN8sv3pc3Jh8,ChZDSUhNMG9nS0VJQ0FnSUNXdGJuc1RnEAE,Wasim Abd Alkarim,https://www.google.com/maps/contrib/101510685708367857726/reviews?hl=en,4,4 years ago,,False,True,False,2026-09-25
P03,الواجهة البحرية,الدمام,كورنيش,https://maps.app.goo.gl/E5ZBjcN8sv3pc3Jh8,ChdDSUhNMG9nS0VJQ0FnSUNXZ1pyTDh3RRAB,Faisal Alarnous,https://www.google.com/maps/contrib/101267933991957038594/reviews?hl=en,5,4 years ago,,False,True,False,2026-09-25
P03,الواجهة البحرية,الدمام,كورنيش,https://maps.app.goo.gl/E5ZBjcN8sv3pc3Jh8,ChdDSUhNMG9nS0VJQ0FnSUNXZ2NpazFnRRAB,SALAH ABDULLAH,https://www.google.com/maps/contrib/100420047805866109199/reviews?hl=en,5,4 years ago,مكان رائع يرد الروح ويشرح الخاطر انصحكم بزيارته,True,True,False,2026-09-25
P03,الواجهة البحرية,الدمام,كورنيش,https://maps.app.goo.gl/E5ZBjcN8sv3pc3Jh8,ChZDSUhNMG9nS0VJQ0FnSUNXN3YzWExnEAE,Hassan khalid,https://www.google.com/maps/contrib/101327496081048778604/reviews?hl=en,3,4 years ago,اسعارهم مبالغ فيها,True,True,False,2026-09-25
P03,الواجهة البحرية,الدمام,كورنيش,https://maps.app.goo.gl/E5ZBjcN8sv3pc3Jh8,ChdDSUhNMG9nS0VJQ0FnSUNXN3BERjVnRRAB,Sukainah ali,https://www.google.com/maps/contrib/113297142544431802044/reviews?hl=en,5,4 years ago,,False,True,False,2026-09-25
P03,الواجهة البحرية,الدمام,كورنيش,https://maps.app.goo.gl/E5ZBjcN8sv3pc3Jh8,ChZDSUhNMG9nS0VJQ0FnSUNXenNXSERBEAE,مصطفى عيسى,https://www.google.com/maps/contrib/101557395131206734259/reviews?hl=en,5,4 years ago,للراحه بهدوء قرب البحر اذهب للواجهة البحريه,True,True,False,2026-09-25
P03,الواجهة البحرية,الدمام,كورنيش,https://maps.app.goo.gl/E5ZBjcN8sv3pc3Jh8,ChdDSUhNMG9nS0VJQ0FnSUNXenNuNWlRRRAB,magdi shaker,https://www.google.com/maps/contrib/106054330581511851020/reviews?hl=en,5,4 years ago,Nice,False,True,False,2026-09-25
P03,الواجهة البحرية,الدمام,كورنيش,https://maps.app.goo.gl/E5ZBjcN8sv3pc3Jh8,ChdDSUhNMG9nS0VJQ0FnSUNXanJMWTNRRRAB,Rwabi Alshareef,https://www.google.com/maps/contrib/115594676231859747216/reviews?hl=en,5,4 years ago,من احتفالات يوم التأسيس ف كورنيش الدمام 👌🏻🤩 …,True,True,True,2026-09-25
P03,الواجهة البحرية,الدمام,كورنيش,https://maps.app.goo.gl/E5ZBjcN8sv3pc3Jh8,ChdDSUhNMG9nS0VJQ0FnSUNXcHZTRjZ3RRAB,ام هادي,https://www.google.com/maps/contrib/115077921628394725947/reviews?hl=en,5,4 years ago,,False,True,False,2026-09-25
P03,الواجهة البحرية,الدمام,كورنيش,https://maps.app.goo.gl/E5ZBjcN8sv3pc3Jh8,ChZDSUhNMG9nS0VJQ0FnSUNXaHNhTWZBEAE,Mordy Mostafa,https://www.google.com/maps/contrib/103262160770842263291/reviews?hl=en,4,4 years ago,جميل جدا,True,True,False,2026-09-25
P03,الواجهة البحرية,الدمام,كورنيش,https://maps.app.goo.gl/E5ZBjcN8sv3pc3Jh8,ChZDSUhNMG9nS0VJQ0FnSUNXdXRhYlRnEAE,اتراج,https://www.google.com/maps/contrib/104974873662971609344/reviews?hl=en,4,4 years ago,مكان جميل وراقي,True,True,False,2026-09-25
P03,الواجهة البحرية,الدمام,كورنيش,https://maps.app.goo.gl/E5ZBjcN8sv3pc3Jh8,ChZDSUhNMG9nS0VJQ0FnSUNXNm9hUWJnEAE,فهد بن فيصل,https://www.google.com/maps/contrib/108688660448471873620/reviews?hl=en,5,4 years ago,هدوء,True,True,False,2026-09-25
P03,الواجهة البحرية,الدمام,كورنيش,https://maps.app.goo.gl/E5ZBjcN8sv3pc3Jh8,ChZDSUhNMG9nS0VJQ0FnSUNXcXZ6cFFREAE,Adel Adel,https://www.google.com/maps/contrib/100625675120412554534/reviews?hl=en,2,4 years ago,,False,True,False,2026-09-25
P03,الواجهة البحرية,الدمام,كورنيش,https://maps.app.goo.gl/E5ZBjcN8sv3pc3Jh8,ChdDSUhNMG9nS0VJQ0FnSUNXeXR2TjV3RRAB,SAAD ALOTHMAN,https://www.google.com/maps/contrib/108052823271952048256/reviews?hl=en,5,4 years ago,شي جميل,True,True,False,2026-09-25
P03,الواجهة البحرية,الدمام,كورنيش,https://maps.app.goo.gl/E5ZBjcN8sv3pc3Jh8,ChdDSUhNMG9nS0VJQ0FnSUNXaXV6MXl3RRAB,Ahmed Al-Salem,https://www.google.com/maps/contrib/116702425064262388899/reviews?hl=en,4,4 years ago,,False,True,False,2026-09-25
P03,الواجهة البحرية,الدمام,كورنيش,https://maps.app.goo.gl/E5ZBjcN8sv3pc3Jh8,ChZDSUhNMG9nS0VJQ0FnSUNXMG9PbEFnEAE,Salman Almuzail,https://www.google.com/maps/contrib/106266973171836444623/reviews?hl=en,5,4 years ago,مكان رائع للاطفال العاب حلوه واسعار مناسبه,True,True,False,2026-09-25
P03,الواجهة البحرية,الدمام,كورنيش,https://maps.app.goo.gl/E5ZBjcN8sv3pc3Jh8,ChdDSUhNMG9nS0VJQ0FnSUNXMHNhZm1BRRAB,Nehal Kamal,https://www.google.com/maps/contrib/117016894903343353960/reviews?hl=en,5,4 years ago,,False,True,False,2026-09-25
P03,الواجهة البحرية,الدمام,كورنيش,https://maps.app.goo.gl/E5ZBjcN8sv3pc3Jh8,ChZDSUhNMG9nS0VJQ0FnSUNpOExPMUhnEAE,فؤاد النعيرات,https://www.google.com/maps/contrib/101328199848429815800/reviews?hl=en,5,Edited 4 years ago,مميزة,True,True,False,2026-09-25
P03,الواجهة البحرية,الدمام,كورنيش,https://maps.app.goo.gl/E5ZBjcN8sv3pc3Jh8,ChdDSUhNMG9nS0VJQ0FnSUNXbEtEaDFBRRAB,Reelax .x,https://www.google.com/maps/contrib/117390737157238149112/reviews?hl=en,3,4 years ago,,False,True,False,2026-09-25
P03,الواجهة البحرية,الدمام,كورنيش,https://maps.app.goo.gl/E5ZBjcN8sv3pc3Jh8,ChdDSUhNMG9nS0VJQ0FnSUNXMktpWDNRRRAB,iimeeshoo,https://www.google.com/maps/contrib/111835858778129674829/reviews?hl=en,5,4 years ago,,False,True,False,2026-09-25
P03,الواجهة البحرية,الدمام,كورنيش,https://maps.app.goo.gl/E5ZBjcN8sv3pc3Jh8,ChdDSUhNMG9nS0VJQ0FnSUNXMEpQdXJRRRAB,ح. س غ.ز,https://www.google.com/maps/contrib/111090703658776102916/reviews?hl=en,5,4 years ago,,False,True,False,2026-09-25
P03,الواجهة البحرية,الدمام,كورنيش,https://maps.app.goo.gl/E5ZBjcN8sv3pc3Jh8,ChdDSUhNMG9nS0VJQ0FnSUNXb0tDbjdRRRAB,Abdullah Alshabaan,https://www.google.com/maps/contrib/100986124300567119750/reviews?hl=en,5,4 years ago,واجهه كورنيش الدمام مطله على الخليج العربي وبامكانك التمتع بممارسة صيد السمك او رياضة المشي والجري او الجلوس في مقاعد موزعه.,True,True,False,2026-09-25
P03,الواجهة البحرية,الدمام,كورنيش,https://maps.app.goo.gl/E5ZBjcN8sv3pc3Jh8,ChZDSUhNMG9nS0VJQ0FnSURtdjdDa1h3EAE,Rashad Rashid Abdo Ali Al-Qatwi,https://www.google.com/maps/contrib/107492444508626238914/reviews?hl=en,5,4 years ago,,False,True,False,2026-09-25
P03,الواجهة البحرية,الدمام,كورنيش,https://maps.app.goo.gl/E5ZBjcN8sv3pc3Jh8,ChZDSUhNMG9nS0VJQ0FnSURtbjVpdEVBEAE,T Alghamdi,https://www.google.com/maps/contrib/102842878447981807308/reviews?hl=en,5,4 years ago,اجمل كورنيش وافضل ممشى,True,True,False,2026-09-25
P03,الواجهة البحرية,الدمام,كورنيش,https://maps.app.goo.gl/E5ZBjcN8sv3pc3Jh8,ChZDSUhNMG9nS0VJQ0FnSURtel9LbFRnEAE,THUNYN TALAL,https://www.google.com/maps/contrib/105026434908610892166/reviews?hl=en,2,4 years ago,جيته قبل اسبوع لقيته تحت الانشاء,True,True,False,2026-09-25
P03,الواجهة البحرية,الدمام,كورنيش,https://maps.app.goo.gl/E5ZBjcN8sv3pc3Jh8,ChdDSUhNMG9nS0VJQ0FnSURtcDU2NTZBRRAB,Travel Kokos,https://www.google.com/maps/contrib/105696057493225817947/reviews?hl=en,5,4 years ago,"Очень классная набережная.
Тротуары чистые👌🏽
Вид конечно крутой 😎
Я очень классно провёл время рядом с красным морем 🌊
Всем советую тут прогуляться ✅",True,True,False,2026-09-25
P03,الواجهة البحرية,الدمام,كورنيش,https://maps.app.goo.gl/E5ZBjcN8sv3pc3Jh8,ChdDSUhNMG9nS0VJQ0FnSURtX2N2XzZBRRAB,yousef Hany,https://www.google.com/maps/contrib/114117250585118107935/reviews?hl=en,5,4 years ago,,False,True,False,2026-09-25
P03,الواجهة البحرية,الدمام,كورنيش,https://maps.app.goo.gl/E5ZBjcN8sv3pc3Jh8,ChdDSUhNMG9nS0VJQ0FnSURtN1pDVTdRRRAB,مناف درويش,https://www.google.com/maps/contrib/116621180624913964971/reviews?hl=en,2,4 years ago,صارت ممله مافيها تجديد,True,True,False,2026-09-25
P03,الواجهة البحرية,الدمام,كورنيش,https://maps.app.goo.gl/E5ZBjcN8sv3pc3Jh8,ChZDSUhNMG9nS0VJQ0FnSURtclpya2NREAE,Feather Spa & Beauty,https://www.google.com/maps/contrib/110819685010432793277/reviews?hl=en,5,4 years ago,,False,True,False,2026-09-25
P03,الواجهة البحرية,الدمام,كورنيش,https://maps.app.goo.gl/E5ZBjcN8sv3pc3Jh8,ChdDSUhNMG9nS0VJQ0FnSURtamF5QmtnRRAB,Deema Alshehri,https://www.google.com/maps/contrib/102671547979172483109/reviews?hl=en,5,4 years ago,,False,True,False,2026-09-25
P03,الواجهة البحرية,الدمام,كورنيش,https://maps.app.goo.gl/E5ZBjcN8sv3pc3Jh8,ChZDSUhNMG9nS0VJQ0FnSURtdGFuRklREAE,abdullah algethami,https://www.google.com/maps/contrib/109081576794214150408/reviews?hl=en,5,4 years ago,جميلة للمشي وكذلك يوجد فيها منطقة العاب للأطفال,True,True,False,2026-09-25
P03,الواجهة البحرية,الدمام,كورنيش,https://maps.app.goo.gl/E5ZBjcN8sv3pc3Jh8,ChdDSUhNMG9nS0VJQ0FnSURtOFpiSnJnRRAB,Abdul Rahman Abdullah Al Zahrani,https://www.google.com/maps/contrib/115364748746543872794/reviews?hl=en,5,4 years ago,🤛🏻👍🤙 …,False,True,True,2026-09-25
P03,الواجهة البحرية,الدمام,كورنيش,https://maps.app.goo.gl/E5ZBjcN8sv3pc3Jh8,ChZDSUhNMG9nS0VJQ0FnSURtc2V5SU93EAE,Mohammad Ahmad,https://www.google.com/maps/contrib/109160571798460756591/reviews?hl=en,5,4 years ago,منظر رووووووووعه🌹🌹🌹🌹🌹🌹 …,True,True,True,2026-09-25
P03,الواجهة البحرية,الدمام,كورنيش,https://maps.app.goo.gl/E5ZBjcN8sv3pc3Jh8,ChZDSUhNMG9nS0VJQ0FnSURtc2NEOEx3EAE,Muhammad Waseem,https://www.google.com/maps/contrib/117973857293171062201/reviews?hl=en,4,4 years ago,,False,True,False,2026-09-25
P03,الواجهة البحرية,الدمام,كورنيش,https://maps.app.goo.gl/E5ZBjcN8sv3pc3Jh8,ChZDSUhNMG9nS0VJQ0FnSURtX3VmT0tBEAE,سيدة القهوة السلمان,https://www.google.com/maps/contrib/104781475939868858780/reviews?hl=en,5,4 years ago,للاسف تسكرت اغلب الجهات وصار الدخول بفلوس,True,True,False,2026-09-25
P03,الواجهة البحرية,الدمام,كورنيش,https://maps.app.goo.gl/E5ZBjcN8sv3pc3Jh8,ChZDSUhNMG9nS0VJQ0FnSURtcnB2cVFBEAE,سوس سوسو,https://www.google.com/maps/contrib/106691971221085063387/reviews?hl=en,4,4 years ago,عمار ي الشرقية..جمال ثم جمال ❤️💞 …,True,True,True,2026-09-25
P03,الواجهة البحرية,الدمام,كورنيش,https://maps.app.goo.gl/E5ZBjcN8sv3pc3Jh8,ChdDSUhNMG9nS0VJQ0FnSURtenZPZ3FRRRAB,Meem Sha,https://www.google.com/maps/contrib/103721065621708194203/reviews?hl=en,5,4 years ago,من أفضل الأماكن .. لقضاء وقت سعيد,True,True,False,2026-09-25
P03,الواجهة البحرية,الدمام,كورنيش,https://maps.app.goo.gl/E5ZBjcN8sv3pc3Jh8,ChdDSUhNMG9nS0VJQ0FnSURtOHQtUXVRRRAB,Safia Ali,https://www.google.com/maps/contrib/117193201223688811188/reviews?hl=en,4,4 years ago,,False,True,False,2026-09-25
P03,الواجهة البحرية,الدمام,كورنيش,https://maps.app.goo.gl/E5ZBjcN8sv3pc3Jh8,ChdDSUhNMG9nS0VJQ0FnSURtbE1hSHFBRRAB,Moon Malak,https://www.google.com/maps/contrib/108892277163294954407/reviews?hl=en,4,4 years ago,,False,True,False,2026-09-25
P03,الواجهة البحرية,الدمام,كورنيش,https://maps.app.goo.gl/E5ZBjcN8sv3pc3Jh8,ChZDSUhNMG9nS0VJQ0FnSURtNU5mSVd3EAE,perfume Jewels,https://www.google.com/maps/contrib/116082470467576285208/reviews?hl=en,5,4 years ago,,False,True,False,2026-09-25
P03,الواجهة البحرية,الدمام,كورنيش,https://maps.app.goo.gl/E5ZBjcN8sv3pc3Jh8,ChZDSUhNMG9nS0VJQ0FnSURtaUpIeFJBEAE,نور الشرقيه,https://www.google.com/maps/contrib/102724761198340862563/reviews?hl=en,5,4 years ago,ممتازه جدا خاصة مع وجود اغلب الخدمات,True,True,False,2026-09-25
P03,الواجهة البحرية,الدمام,كورنيش,https://maps.app.goo.gl/E5ZBjcN8sv3pc3Jh8,ChdDSUhNMG9nS0VJQ0FnSURtd0tXTWtBRRAB,wadia rabh,https://www.google.com/maps/contrib/115966762950833736876/reviews?hl=en,5,4 years ago,,False,True,False,2026-09-25
P03,الواجهة البحرية,الدمام,كورنيش,https://maps.app.goo.gl/E5ZBjcN8sv3pc3Jh8,ChZDSUhNMG9nS0VJQ0FnSUNtdjh5SmRBEAE,Hyat Anti,https://www.google.com/maps/contrib/117003573114064490539/reviews?hl=en,5,4 years ago,,False,True,False,2026-09-25
P03,الواجهة البحرية,الدمام,كورنيش,https://maps.app.goo.gl/E5ZBjcN8sv3pc3Jh8,ChdDSUhNMG9nS0VJQ0FnSUNtMzdiM3VnRRAB,الجوهره ٤٦٧,https://www.google.com/maps/contrib/104655017501370978617/reviews?hl=en,5,4 years ago,متعه العائله والأصحاب,True,True,False,2026-09-25
P03,الواجهة البحرية,الدمام,كورنيش,https://maps.app.goo.gl/E5ZBjcN8sv3pc3Jh8,ChdDSUhNMG9nS0VJQ0FnSUNtMzlTajl3RRAB,Sadiq Ismail,https://www.google.com/maps/contrib/107920832740466236982/reviews?hl=en,5,4 years ago,,False,True,False,2026-09-25
P03,الواجهة البحرية,الدمام,كورنيش,https://maps.app.goo.gl/E5ZBjcN8sv3pc3Jh8,ChdDSUhNMG9nS0VJQ0FnSUNtNTZHbWxnRRAB,طلال العنزي,https://www.google.com/maps/contrib/101892658938544072988/reviews?hl=en,5,4 years ago,,False,True,False,2026-09-25
P03,الواجهة البحرية,الدمام,كورنيش,https://maps.app.goo.gl/E5ZBjcN8sv3pc3Jh8,ChdDSUhNMG9nS0VJQ0FnSUNtLTdfaTBRRRAB,a Al ajme aa,https://www.google.com/maps/contrib/100927934498931691149/reviews?hl=en,5,4 years ago,روعه احساس جميل,True,True,False,2026-09-25
P03,الواجهة البحرية,الدمام,كورنيش,https://maps.app.goo.gl/E5ZBjcN8sv3pc3Jh8,ChZDSUhNMG9nS0VJQ0FnSUNtczQ3VFJ3EAE,Muhammad Atta,https://www.google.com/maps/contrib/104412812613778796221/reviews?hl=en,5,4 years ago,,False,True,False,2026-09-25
P03,الواجهة البحرية,الدمام,كورنيش,https://maps.app.goo.gl/E5ZBjcN8sv3pc3Jh8,ChZDSUhNMG9nS0VJQ0FnSUNtMDV2R2V3EAE,Abeer Baqtyan,https://www.google.com/maps/contrib/113770035007758425266/reviews?hl=en,5,4 years ago,👌✨ …,False,True,True,2026-09-25
P03,الواجهة البحرية,الدمام,كورنيش,https://maps.app.goo.gl/E5ZBjcN8sv3pc3Jh8,ChdDSUhNMG9nS0VJQ0FnSUNtNDctdjBnRRAB,mohamed khodaier,https://www.google.com/maps/contrib/106482631237672525453/reviews?hl=en,5,4 years ago,,False,True,False,2026-09-25
P03,الواجهة البحرية,الدمام,كورنيش,https://maps.app.goo.gl/E5ZBjcN8sv3pc3Jh8,ChZDSUhNMG9nS0VJQ0FnSUNtbGZiZkpBEAE,علي علوان,https://www.google.com/maps/contrib/112528731986190429742/reviews?hl=en,5,4 years ago,مكان ممتاز للجلسات العائلية والطلعات,True,True,False,2026-09-25
P03,الواجهة البحرية,الدمام,كورنيش,https://maps.app.goo.gl/E5ZBjcN8sv3pc3Jh8,ChdDSUhNMG9nS0VJQ0FnSUNtcGZuZ2tRRRAB,م عريشي,https://www.google.com/maps/contrib/107188939455871853467/reviews?hl=en,4,4 years ago,,False,True,False,2026-09-25
P03,الواجهة البحرية,الدمام,كورنيش,https://maps.app.goo.gl/E5ZBjcN8sv3pc3Jh8,ChZDSUhNMG9nS0VJQ0FnSUNtaGJQcWVREAE,عبدالحميد آل رمضان,https://www.google.com/maps/contrib/101581335889476216079/reviews?hl=en,5,4 years ago,مكان جميل,True,True,False,2026-09-25
P03,الواجهة البحرية,الدمام,كورنيش,https://maps.app.goo.gl/E5ZBjcN8sv3pc3Jh8,ChZDSUhNMG9nS0VJQ0FnSUNtaGZMSmJBEAE,Hassan Albargi,https://www.google.com/maps/contrib/113508551526300927656/reviews?hl=en,5,4 years ago,جميله جدا هذه الايام,True,True,False,2026-09-25
P03,الواجهة البحرية,الدمام,كورنيش,https://maps.app.goo.gl/E5ZBjcN8sv3pc3Jh8,ChdDSUhNMG9nS0VJQ0FnSUNteWRpRW9RRRAB,عبدالله,https://www.google.com/maps/contrib/112224385313800514552/reviews?hl=en,3,4 years ago,جدًا جميلة وبتكون أجمل بعد الانتهاء من أعمال الإنشاء,True,True,False,2026-09-25
P03,الواجهة البحرية,الدمام,كورنيش,https://maps.app.goo.gl/E5ZBjcN8sv3pc3Jh8,ChdDSUhNMG9nS0VJQ0FnSUNtOGJ1NGd3RRAB,ibrahim eladly,https://www.google.com/maps/contrib/111370768085065513170/reviews?hl=en,4,4 years ago,good place for family,False,True,False,2026-09-25
P03,الواجهة البحرية,الدمام,كورنيش,https://maps.app.goo.gl/E5ZBjcN8sv3pc3Jh8,ChZDSUhNMG9nS0VJQ0FnSUNtd2Z2RGV3EAE,baraa khaldi,https://www.google.com/maps/contrib/102515178288169642498/reviews?hl=en,5,4 years ago,,False,True,False,2026-09-25
P03,الواجهة البحرية,الدمام,كورنيش,https://maps.app.goo.gl/E5ZBjcN8sv3pc3Jh8,ChZDSUhNMG9nS0VJQ0FnSUNtM3NqNlJBEAE,alsraab99,https://www.google.com/maps/contrib/103337556691734257820/reviews?hl=en,5,4 years ago,👍👍👍👍🌹جميله …,True,True,True,2026-09-25
P03,الواجهة البحرية,الدمام,كورنيش,https://maps.app.goo.gl/E5ZBjcN8sv3pc3Jh8,ChZDSUhNMG9nS0VJQ0FnSUNtenZMQmV3EAE,aseel abdo,https://www.google.com/maps/contrib/116133855108322098364/reviews?hl=en,5,4 years ago,حلو جذا,True,True,False,2026-09-25
P03,الواجهة البحرية,الدمام,كورنيش,https://maps.app.goo.gl/E5ZBjcN8sv3pc3Jh8,ChdDSUhNMG9nS0VJQ0FnSUNtanBfSWx3RRAB,Saad Elmaghraby,https://www.google.com/maps/contrib/115723295965372172943/reviews?hl=en,4,4 years ago,,False,True,False,2026-09-25
P03,الواجهة البحرية,الدمام,كورنيش,https://maps.app.goo.gl/E5ZBjcN8sv3pc3Jh8,ChdDSUhNMG9nS0VJQ0FnSUNtaHZYYTV3RRAB,AZFAR ul moin SHAIKH,https://www.google.com/maps/contrib/115595031693568522547/reviews?hl=en,4,4 years ago,,False,True,False,2026-09-25
P03,الواجهة البحرية,الدمام,كورنيش,https://maps.app.goo.gl/E5ZBjcN8sv3pc3Jh8,ChZDSUhNMG9nS0VJQ0FnSUNtdXFMdVBnEAE,Mohammed Alsaadat,https://www.google.com/maps/contrib/107495345482399956661/reviews?hl=en,5,4 years ago,,False,True,False,2026-09-25
P03,الواجهة البحرية,الدمام,كورنيش,https://maps.app.goo.gl/E5ZBjcN8sv3pc3Jh8,ChdDSUhNMG9nS0VJQ0FnSUNtMnEyYTFBRRAB,Moon,https://www.google.com/maps/contrib/102118386894117419538/reviews?hl=en,5,4 years ago,,False,True,False,2026-09-25
P03,الواجهة البحرية,الدمام,كورنيش,https://maps.app.goo.gl/E5ZBjcN8sv3pc3Jh8,ChZDSUhNMG9nS0VJQ0FnSUNtbXItU2VBEAE,Fatimah Alodah,https://www.google.com/maps/contrib/104858336933802315768/reviews?hl=en,5,4 years ago,,False,True,False,2026-09-25
P03,الواجهة البحرية,الدمام,كورنيش,https://maps.app.goo.gl/E5ZBjcN8sv3pc3Jh8,ChZDSUhNMG9nS0VJQ0FnSUNtbXJqa05REAE,Some One,https://www.google.com/maps/contrib/105560687462891311663/reviews?hl=en,5,4 years ago,😍😍 …,False,True,True,2026-09-25
P03,الواجهة البحرية,الدمام,كورنيش,https://maps.app.goo.gl/E5ZBjcN8sv3pc3Jh8,ChZDSUhNMG9nS0VJQ0FnSUNtcXRxN0dnEAE,مفيد حسين,https://www.google.com/maps/contrib/105747850531557952019/reviews?hl=en,1,4 years ago,,False,True,False,2026-09-25
P03,الواجهة البحرية,الدمام,كورنيش,https://maps.app.goo.gl/E5ZBjcN8sv3pc3Jh8,ChZDSUhNMG9nS0VJQ0FnSUNtMHE2TUJ3EAE,عبدالرحمن الغامدي,https://www.google.com/maps/contrib/104153801280900776417/reviews?hl=en,1,4 years ago,جيده,True,True,False,2026-09-25
P03,الواجهة البحرية,الدمام,كورنيش,https://maps.app.goo.gl/E5ZBjcN8sv3pc3Jh8,ChdDSUhNMG9nS0VJQ0FnSUNtb292aHpnRRAB,Ali Almaamoon,https://www.google.com/maps/contrib/113956652212828695253/reviews?hl=en,5,4 years ago,,False,True,False,2026-09-25
P03,الواجهة البحرية,الدمام,كورنيش,https://maps.app.goo.gl/E5ZBjcN8sv3pc3Jh8,ChdDSUhNMG9nS0VJQ0FnSUNtdklLbTBRRRAB,Aslam Pichan,https://www.google.com/maps/contrib/101862236691349875267/reviews?hl=en,4,4 years ago,Great place for camping,False,True,False,2026-09-25
P03,الواجهة البحرية,الدمام,كورنيش,https://maps.app.goo.gl/E5ZBjcN8sv3pc3Jh8,ChZDSUhNMG9nS0VJQ0FnSUNtM0wydlpBEAE,sadMAN,https://www.google.com/maps/contrib/107385821175150463599/reviews?hl=en,3,4 years ago,لابأس,True,True,False,2026-09-25
P03,الواجهة البحرية,الدمام,كورنيش,https://maps.app.goo.gl/E5ZBjcN8sv3pc3Jh8,ChdDSUhNMG9nS0VJQ0FnSUNtM09TcWh3RRAB,Abdul Muhaimin Al-Adallah,https://www.google.com/maps/contrib/112624209072065938414/reviews?hl=en,4,4 years ago,,False,True,False,2026-09-25
P03,الواجهة البحرية,الدمام,كورنيش,https://maps.app.goo.gl/E5ZBjcN8sv3pc3Jh8,ChdDSUhNMG9nS0VJQ0FnSUNtekozaWlBRRAB,التضامن للمطابخ,https://www.google.com/maps/contrib/109344623737746162461/reviews?hl=en,5,4 years ago,,False,True,False,2026-09-25
P03,الواجهة البحرية,الدمام,كورنيش,https://maps.app.goo.gl/E5ZBjcN8sv3pc3Jh8,ChZDSUhNMG9nS0VJQ0FnSUNtek5xZVFBEAE,Awab Hashim Ahmed,https://www.google.com/maps/contrib/115109545907222159990/reviews?hl=en,4,4 years ago,راااائع,True,True,False,2026-09-25
P03,الواجهة البحرية,الدمام,كورنيش,https://maps.app.goo.gl/E5ZBjcN8sv3pc3Jh8,ChdDSUhNMG9nS0VJQ0FnSUNtOUxDOXl3RRAB,بسمه امل,https://www.google.com/maps/contrib/100557200727271378278/reviews?hl=en,3,4 years ago,الوجهه جدا جميله   ولكن  في منطقه الموجوده عند قرية الالعاب توتاون لا يوجد دورة مياة  ولا  كوفي او بقاله  ودورة المياة ضروريه جدا  على الرغم من روعة المكان واهتمام الدوله في  الوجهه البحرية,True,True,False,2026-09-25
P03,الواجهة البحرية,الدمام,كورنيش,https://maps.app.goo.gl/E5ZBjcN8sv3pc3Jh8,ChdDSUhNMG9nS0VJQ0FnSUNtMU9lbDJRRRAB,Abdullh Ass'ad,https://www.google.com/maps/contrib/112448360193774960910/reviews?hl=en,4,4 years ago,من الأماكن المفضلة لدي ، روعة,True,True,False,2026-09-25
P03,الواجهة البحرية,الدمام,كورنيش,https://maps.app.goo.gl/E5ZBjcN8sv3pc3Jh8,ChdDSUhNMG9nS0VJQ0FnSUNtMU15SHJBRRAB,Maha ALaRiNi,https://www.google.com/maps/contrib/108064919123303176949/reviews?hl=en,5,4 years ago,نظيف وهادي وجميل,True,True,False,2026-09-25
P03,الواجهة البحرية,الدمام,كورنيش,https://maps.app.goo.gl/E5ZBjcN8sv3pc3Jh8,ChZDSUhNMG9nS0VJQ0FnSUNtLVBpcEhnEAE,Karim Elkady,https://www.google.com/maps/contrib/114257433270692420199/reviews?hl=en,5,4 years ago,مكان جميل تستأنس القعده والجو مع الاحباب و الصحاب,True,True,False,2026-09-25
P03,الواجهة البحرية,الدمام,كورنيش,https://maps.app.goo.gl/E5ZBjcN8sv3pc3Jh8,ChZDSUhNMG9nS0VJQ0FnSUNtMkxiN0dnEAE,Ahmed Samir,https://www.google.com/maps/contrib/111375496662675686846/reviews?hl=en,5,4 years ago,,False,True,False,2026-09-25
P03,الواجهة البحرية,الدمام,كورنيش,https://maps.app.goo.gl/E5ZBjcN8sv3pc3Jh8,ChdDSUhNMG9nS0VJQ0FnSUNtcU5haTJnRRAB,Tamim Alzahrani,https://www.google.com/maps/contrib/111763809591463875535/reviews?hl=en,3,4 years ago,"منتزه ضخم وجميل يطل على الخليج وجزيرة المرجان ، فيه امكانيات ضخمة ياليت البلدية تهتم فيه أكثر ، عندي اقتراحات بسيطة على شكل نقاط :

- ياليت يتم تحسين مستوى ونوع الاضاءة في الواجهة .
- التخفيف من كثافة الأشجار عند المدخل الرئيسي للواجهة وتطوير منصة الاحتفالات وصيانتها .
- تنظيم عربات الطعام ( الفود تراك ) في المواقف بدل من وقوفها العشوائي المشوه للمنظر .
- الواجهة البحرية تحتاج إلى أستغلال بعض المساحات في تصاميم جمالية جاذبة للزوار وتكون أفكار مميزة غير تقليدية .

وشكراً",True,True,False,2026-09-25
P03,الواجهة البحرية,الدمام,كورنيش,https://maps.app.goo.gl/E5ZBjcN8sv3pc3Jh8,ChZDSUhNMG9nS0VJQ0FnSUNteUpUa1hREAE,نجيب الحربي,https://www.google.com/maps/contrib/109902733811380449984/reviews?hl=en,5,4 years ago,,False,True,False,2026-09-25
P03,الواجهة البحرية,الدمام,كورنيش,https://maps.app.goo.gl/E5ZBjcN8sv3pc3Jh8,ChZDSUhNMG9nS0VJQ0FnSUNteVBDcFZ3EAE,S Harbi,https://www.google.com/maps/contrib/117620182418317273626/reviews?hl=en,4,4 years ago,,False,True,False,2026-09-25
P03,الواجهة البحرية,الدمام,كورنيش,https://maps.app.goo.gl/E5ZBjcN8sv3pc3Jh8,ChZDSUhNMG9nS0VJQ0FnSUNtc01XbWZBEAE,Ahmed Fahmy,https://www.google.com/maps/contrib/108557626423298203550/reviews?hl=en,3,4 years ago,,False,True,False,2026-09-25
P03,الواجهة البحرية,الدمام,كورنيش,https://maps.app.goo.gl/E5ZBjcN8sv3pc3Jh8,ChZDSUhNMG9nS0VJQ0FnSUNtc0ltUlNBEAE,يوسف المغارم,https://www.google.com/maps/contrib/112893235047612785943/reviews?hl=en,4,4 years ago,مكان راقي جميل. متنفس بحري,True,True,False,2026-09-25
P03,الواجهة البحرية,الدمام,كورنيش,https://maps.app.goo.gl/E5ZBjcN8sv3pc3Jh8,ChdDSUhNMG9nS0VJQ0FnSUNtZ0l5djVRRRAB,Mojahid Mohammed,https://www.google.com/maps/contrib/107582348900941791109/reviews?hl=en,5,4 years ago,هادئ ومريح,True,True,False,2026-09-25
P03,الواجهة البحرية,الدمام,كورنيش,https://maps.app.goo.gl/E5ZBjcN8sv3pc3Jh8,ChZDSUhNMG9nS0VJQ0FnSURHbjhTX0lnEAE,محمد خالد,https://www.google.com/maps/contrib/103970717911394597028/reviews?hl=en,3,4 years ago,"ينقصه الاهتمااااااام واجراء تحديثات كما هو حاصل في واجهة جدة الجديدة.
النفايات المرمية مزعجة
كثير من الناس لازم تتغير الله يهديهم.",True,True,False,2026-09-25
P03,الواجهة البحرية,الدمام,كورنيش,https://maps.app.goo.gl/E5ZBjcN8sv3pc3Jh8,ChZDSUhNMG9nS0VJQ0FnSURHNzgzM0N3EAE,Anees Mp,https://www.google.com/maps/contrib/111262397062992042314/reviews?hl=en,5,4 years ago,,False,True,False,2026-09-25
P03,الواجهة البحرية,الدمام,كورنيش,https://maps.app.goo.gl/E5ZBjcN8sv3pc3Jh8,ChdDSUhNMG9nS0VJQ0FnSURHNzlqaHRBRRAB,Z,https://www.google.com/maps/contrib/103527973937583428313/reviews?hl=en,4,4 years ago,,False,True,False,2026-09-25
P03,الواجهة البحرية,الدمام,كورنيش,https://maps.app.goo.gl/E5ZBjcN8sv3pc3Jh8,ChdDSUhNMG9nS0VJQ0FnSURHal9ydmxnRRAB,Miss Maha,https://www.google.com/maps/contrib/108662861601208599274/reviews?hl=en,5,4 years ago,ذكريات هالشاطئ لا تُنسى 🤍.. …,True,True,True,2026-09-25
P03,الواجهة البحرية,الدمام,كورنيش,https://maps.app.goo.gl/E5ZBjcN8sv3pc3Jh8,ChZDSUhNMG9nS0VJQ0FnSURHOTdLZ1ZREAE,zuhair alali,https://www.google.com/maps/contrib/103177531932665401913/reviews?hl=en,5,4 years ago,روعه,True,True,False,2026-09-25
P03,الواجهة البحرية,الدمام,كورنيش,https://maps.app.goo.gl/E5ZBjcN8sv3pc3Jh8,ChZDSUhNMG9nS0VJQ0FnSURHMV9IRWVBEAE,hatem mtwally,https://www.google.com/maps/contrib/112248458397370915228/reviews?hl=en,5,4 years ago,مكان رائع وجميل جدا,True,True,False,2026-09-25
P03,الواجهة البحرية,الدمام,كورنيش,https://maps.app.goo.gl/E5ZBjcN8sv3pc3Jh8,ChdDSUhNMG9nS0VJQ0FnSURHNTc3RWhRRRAB,Mona Alhamuod,https://www.google.com/maps/contrib/115375630705546666747/reviews?hl=en,5,4 years ago,المكان جميل ومتوفر فيه جميع الخدمات,True,True,False,2026-09-25
P03,الواجهة البحرية,الدمام,كورنيش,https://maps.app.goo.gl/E5ZBjcN8sv3pc3Jh8,ChdDSUhNMG9nS0VJQ0FnSURHaDVHUTdBRRAB,Hessah Abdullah,https://www.google.com/maps/contrib/115642557576676824728/reviews?hl=en,3,4 years ago,بصراحه مب جوي و م احبها ولا اروح لها الا بوجود اشخاص يجعلون من المكان جمالا لايضاهي جمالوا احد بالعاميه جلسه مافيها نفس ثقيله وشكرا ..,True,True,False,2026-09-25
P03,الواجهة البحرية,الدمام,كورنيش,https://maps.app.goo.gl/E5ZBjcN8sv3pc3Jh8,ChZDSUhNMG9nS0VJQ0FnSURHNjlTSVB3EAE,D Aziz,https://www.google.com/maps/contrib/101310101792096933003/reviews?hl=en,5,4 years ago,,False,True,False,2026-09-25
P03,الواجهة البحرية,الدمام,كورنيش,https://maps.app.goo.gl/E5ZBjcN8sv3pc3Jh8,ChdDSUhNMG9nS0VJQ0FnSURHcTRYMV9nRRAB,مشعل,https://www.google.com/maps/contrib/117059014131222121762/reviews?hl=en,5,4 years ago,,False,True,False,2026-09-25
P03,الواجهة البحرية,الدمام,كورنيش,https://maps.app.goo.gl/E5ZBjcN8sv3pc3Jh8,ChdDSUhNMG9nS0VJQ0FnSURHeS1hZjVRRRAB,Majid ALMashyakhi,https://www.google.com/maps/contrib/104024065182121359998/reviews?hl=en,4,4 years ago,,False,True,False,2026-09-25
P03,الواجهة البحرية,الدمام,كورنيش,https://maps.app.goo.gl/E5ZBjcN8sv3pc3Jh8,ChZDSUhNMG9nS0VJQ0FnSURHeTVTSmJBEAE,Doo Ti Amo,https://www.google.com/maps/contrib/105767210414163923195/reviews?hl=en,5,4 years ago,Woooow,True,True,False,2026-09-25
P03,الواجهة البحرية,الدمام,كورنيش,https://maps.app.goo.gl/E5ZBjcN8sv3pc3Jh8,ChdDSUhNMG9nS0VJQ0FnSURHODllWXdBRRAB,Abdulmohsin Alattafi,https://www.google.com/maps/contrib/104500219192675746254/reviews?hl=en,4,4 years ago,,False,True,False,2026-09-25
P03,الواجهة البحرية,الدمام,كورنيش,https://maps.app.goo.gl/E5ZBjcN8sv3pc3Jh8,ChZDSUhNMG9nS0VJQ0FnSURHODRyeld3EAE,Ibrahim Aljaber,https://www.google.com/maps/contrib/108066778919652614958/reviews?hl=en,5,4 years ago,Lovely place,False,True,False,2026-09-25
P03,الواجهة البحرية,الدمام,كورنيش,https://maps.app.goo.gl/E5ZBjcN8sv3pc3Jh8,ChdDSUhNMG9nS0VJQ0FnSURHc19UdjBBRRAB,Nooni سبحان الله وبحمده سبحان الله العظيم,https://www.google.com/maps/contrib/100612577633832219166/reviews?hl=en,5,4 years ago,تجننننننن,True,True,False,2026-09-25
P03,الواجهة البحرية,الدمام,كورنيش,https://maps.app.goo.gl/E5ZBjcN8sv3pc3Jh8,ChZDSUhNMG9nS0VJQ0FnSURHNDU3RFVnEAE,Tariq,https://www.google.com/maps/contrib/109925482917719397274/reviews?hl=en,5,4 years ago,,False,True,False,2026-09-25
P03,الواجهة البحرية,الدمام,كورنيش,https://maps.app.goo.gl/E5ZBjcN8sv3pc3Jh8,ChdDSUhNMG9nS0VJQ0FnSURDelpmYmt3RRAB,محمد حمود,https://www.google.com/maps/contrib/105973168977386636735/reviews?hl=en,3,Edited 4 years ago,ينقصها البقالات والمطاعم والكافيهات,True,True,False,2026-09-25
P03,الواجهة البحرية,الدمام,كورنيش,https://maps.app.goo.gl/E5ZBjcN8sv3pc3Jh8,ChdDSUhNMG9nS0VJQ0FnSURHemFDanRnRRAB,Hawazen 1985,https://www.google.com/maps/contrib/106069701864683297895/reviews?hl=en,4,4 years ago,من اجمل الشواطئ الي زرتها من حيث المساحة الشاسعة والمسطحات الخضراء والمكان نظيف لكن ينقصة مطاعم وكافية وارجو الاهتمام اكثر بدورات المياه,True,True,False,2026-09-25
P03,الواجهة البحرية,الدمام,كورنيش,https://maps.app.goo.gl/E5ZBjcN8sv3pc3Jh8,ChdDSUhNMG9nS0VJQ0FnSURHdGI2andBRRAB,fahad ibrahem,https://www.google.com/maps/contrib/105269017808218045719/reviews?hl=en,5,4 years ago,متنفس المواطن,True,True,False,2026-09-25
P03,الواجهة البحرية,الدمام,كورنيش,https://maps.app.goo.gl/E5ZBjcN8sv3pc3Jh8,ChZDSUhNMG9nS0VJQ0FnSURHaFlmQUZREAE,موضي البقعاوي,https://www.google.com/maps/contrib/100126011483570104364/reviews?hl=en,5,4 years ago,مكان منعش,True,True,False,2026-09-25
P03,الواجهة البحرية,الدمام,كورنيش,https://maps.app.goo.gl/E5ZBjcN8sv3pc3Jh8,ChZDSUhNMG9nS0VJQ0FnSURHaGRuck5BEAE,Ms Aida,https://www.google.com/maps/contrib/109974569376225082621/reviews?hl=en,5,4 years ago,مكان رحب ووسيع ويفتح النفس,True,True,False,2026-09-25
P03,الواجهة البحرية,الدمام,كورنيش,https://maps.app.goo.gl/E5ZBjcN8sv3pc3Jh8,ChdDSUhNMG9nS0VJQ0FnSURHdWR1MHJ3RRAB,firas abu zaid,https://www.google.com/maps/contrib/108519433583562726767/reviews?hl=en,5,4 years ago,,False,True,False,2026-09-25
P03,الواجهة البحرية,الدمام,كورنيش,https://maps.app.goo.gl/E5ZBjcN8sv3pc3Jh8,ChdDSUhNMG9nS0VJQ0FnSURHdWRiVDN3RRAB,صالح الشريدة,https://www.google.com/maps/contrib/112500288225035652934/reviews?hl=en,5,4 years ago,مكان جميل وهادئ وممتع مع تحسن الأجواء,True,True,False,2026-09-25
P03,الواجهة البحرية,الدمام,كورنيش,https://maps.app.goo.gl/E5ZBjcN8sv3pc3Jh8,ChdDSUhNMG9nS0VJQ0FnSURHbVlyZW53RRAB,hamad k,https://www.google.com/maps/contrib/100656994687799286237/reviews?hl=en,5,4 years ago,,False,True,False,2026-09-25
P03,الواجهة البحرية,الدمام,كورنيش,https://maps.app.goo.gl/E5ZBjcN8sv3pc3Jh8,ChZDSUhNMG9nS0VJQ0FnSURHcWVUTFdREAE,Hassan Alfalfa,https://www.google.com/maps/contrib/105787031772832852877/reviews?hl=en,5,4 years ago,مكان ممتاز  للتنزه والاسترخاء,True,True,False,2026-09-25
P03,الواجهة البحرية,الدمام,كورنيش,https://maps.app.goo.gl/E5ZBjcN8sv3pc3Jh8,ChdDSUhNMG9nS0VJQ0FnSURHOFoyVTVRRRAB,BO_MAGED ALSHARQIAH,https://www.google.com/maps/contrib/107854234059344262738/reviews?hl=en,4,4 years ago,ممتازه,True,True,False,2026-09-25
P03,الواجهة البحرية,الدمام,كورنيش,https://maps.app.goo.gl/E5ZBjcN8sv3pc3Jh8,ChZDSUhNMG9nS0VJQ0FnSURHd2MtMU1nEAE,omran sha,https://www.google.com/maps/contrib/105124124574732040962/reviews?hl=en,5,4 years ago,منتزه ممتاز وحدائق مرتبه .. ولكن في المهرجانات الاصوات مزعجه خاصة من المغنيين الصوت للأحياء حتى صوت الجماهير واصله ....,True,True,False,2026-09-25
P03,الواجهة البحرية,الدمام,كورنيش,https://maps.app.goo.gl/E5ZBjcN8sv3pc3Jh8,ChdDSUhNMG9nS0VJQ0FnSURHdm9tR2lnRRAB,الشموخ,https://www.google.com/maps/contrib/114091364346218055692/reviews?hl=en,5,4 years ago,,False,True,False,2026-09-25
P03,الواجهة البحرية,الدمام,كورنيش,https://maps.app.goo.gl/E5ZBjcN8sv3pc3Jh8,ChdDSUhNMG9nS0VJQ0FnSURHN3NINmpnRRAB,ابو فراس,https://www.google.com/maps/contrib/116698546689832504513/reviews?hl=en,5,4 years ago,,False,True,False,2026-09-25
P03,الواجهة البحرية,الدمام,كورنيش,https://maps.app.goo.gl/E5ZBjcN8sv3pc3Jh8,ChZDSUhNMG9nS0VJQ0FnSURHam91S01REAE,Saad Alharbi,https://www.google.com/maps/contrib/117409098521912838450/reviews?hl=en,4,4 years ago,رائعة والعمل فيها مستمر ،،,True,True,False,2026-09-25
P03,الواجهة البحرية,الدمام,كورنيش,https://maps.app.goo.gl/E5ZBjcN8sv3pc3Jh8,ChZDSUhNMG9nS0VJQ0FnSURHOXFMWFlBEAE,Abdullah Al-Akbary,https://www.google.com/maps/contrib/105840920752702661751/reviews?hl=en,5,4 years ago,,False,True,False,2026-09-25
P03,الواجهة البحرية,الدمام,كورنيش,https://maps.app.goo.gl/E5ZBjcN8sv3pc3Jh8,ChZDSUhNMG9nS0VJQ0FnSURHdG9UZGJnEAE,عذبنا البعاد,https://www.google.com/maps/contrib/113279704268123576937/reviews?hl=en,5,4 years ago,,False,True,False,2026-09-25
P03,الواجهة البحرية,الدمام,كورنيش,https://maps.app.goo.gl/E5ZBjcN8sv3pc3Jh8,ChZDSUhNMG9nS0VJQ0FnSURHdXM3eFhREAE,عبدالله ال يعقوب,https://www.google.com/maps/contrib/115900103808885344972/reviews?hl=en,4,4 years ago,حلوه جدا,True,True,False,2026-09-25
P03,الواجهة البحرية,الدمام,كورنيش,https://maps.app.goo.gl/E5ZBjcN8sv3pc3Jh8,ChZDSUhNMG9nS0VJQ0FnSURHb29QVlZnEAE,abdullah Nasser,https://www.google.com/maps/contrib/110410679540726170315/reviews?hl=en,4,4 years ago,حلو مشكلته الصيادين اللي يملكون المكان لدرجة لا تستطيع المشي على الكورنيش للأسف رقابة معدومة مع وجود الشحاذين,True,True,False,2026-09-25
P03,الواجهة البحرية,الدمام,كورنيش,https://maps.app.goo.gl/E5ZBjcN8sv3pc3Jh8,ChZDSUhNMG9nS0VJQ0FnSURHZ3ZYdlFBEAE,Fahmi Khaled,https://www.google.com/maps/contrib/112581362241010268470/reviews?hl=en,3,4 years ago,لا اروع,True,True,False,2026-09-25
P03,الواجهة البحرية,الدمام,كورنيش,https://maps.app.goo.gl/E5ZBjcN8sv3pc3Jh8,ChdDSUhNMG9nS0VJQ0FnSURHdk1mbGtRRRAB,ABDULLAH A,https://www.google.com/maps/contrib/114217828100969610034/reviews?hl=en,4,4 years ago,"جمال البحر من الصعب وصفه بكلمات بسيطه...
َكذلك المكان روووووعه. 👌 …",True,True,True,2026-09-25
P03,الواجهة البحرية,الدمام,كورنيش,https://maps.app.goo.gl/E5ZBjcN8sv3pc3Jh8,ChdDSUhNMG9nS0VJQ0FnSURHbk1tUzVnRRAB,عبد القادر الترتير,https://www.google.com/maps/contrib/116615029236538278889/reviews?hl=en,5,4 years ago,,False,True,False,2026-09-25
P03,الواجهة البحرية,الدمام,كورنيش,https://maps.app.goo.gl/E5ZBjcN8sv3pc3Jh8,ChdDSUhNMG9nS0VJQ0FnSURHekpEUS1nRRAB,Mohammad AbuArra,https://www.google.com/maps/contrib/101406496484609715137/reviews?hl=en,4,4 years ago,,False,True,False,2026-09-25
P03,الواجهة البحرية,الدمام,كورنيش,https://maps.app.goo.gl/E5ZBjcN8sv3pc3Jh8,ChZDSUhNMG9nS0VJQ0FnSURHMUpuOFZ3EAE,عبدالله الجهني,https://www.google.com/maps/contrib/109221198673346084329/reviews?hl=en,5,4 years ago,,False,True,False,2026-09-25
P03,الواجهة البحرية,الدمام,كورنيش,https://maps.app.goo.gl/E5ZBjcN8sv3pc3Jh8,ChdDSUhNMG9nS0VJQ0FnSURHbU1DOWlBRRAB,جعفر علي,https://www.google.com/maps/contrib/101324689357271916970/reviews?hl=en,4,4 years ago,"زينة .
بس آخر مرة أتيت لها ، صوت الأغاني في كل مكان ولم أشعر بالراحة المطلوبة .
إزعاج مو طبيعي",True,True,False,2026-09-25
P03,الواجهة البحرية,الدمام,كورنيش,https://maps.app.goo.gl/E5ZBjcN8sv3pc3Jh8,ChZDSUhNMG9nS0VJQ0FnSURHcU9pamF3EAE,Nawaf,https://www.google.com/maps/contrib/103042326637760567274/reviews?hl=en,5,4 years ago,,False,True,False,2026-09-25
P03,الواجهة البحرية,الدمام,كورنيش,https://maps.app.goo.gl/E5ZBjcN8sv3pc3Jh8,ChZDSUhNMG9nS0VJQ0FnSURHeU5xbkZ3EAE,Abdullah Ju,https://www.google.com/maps/contrib/104684201232736755278/reviews?hl=en,4,4 years ago,هادئ,True,True,False,2026-09-25
P03,الواجهة البحرية,الدمام,كورنيش,https://maps.app.goo.gl/E5ZBjcN8sv3pc3Jh8,ChZDSUhNMG9nS0VJQ0FnSURHaUxHTERREAE,AHMED ELHELW,https://www.google.com/maps/contrib/105758597068733495444/reviews?hl=en,5,4 years ago,,False,True,False,2026-09-25
P03,الواجهة البحرية,الدمام,كورنيش,https://maps.app.goo.gl/E5ZBjcN8sv3pc3Jh8,ChdDSUhNMG9nS0VJQ0FnSURHME9TVXRBRRAB,أشرف تمام,https://www.google.com/maps/contrib/117804935399743472340/reviews?hl=en,4,4 years ago,,False,True,False,2026-09-25
P03,الواجهة البحرية,الدمام,كورنيش,https://maps.app.goo.gl/E5ZBjcN8sv3pc3Jh8,ChdDSUhNMG9nS0VJQ0FnSURHb0tXcGpBRRAB,Mohd Salah,https://www.google.com/maps/contrib/117345343756621121166/reviews?hl=en,5,4 years ago,مكان ممتاز للتنزه والمشي لكن الإضاءة خفت فيه عن الاول,True,True,False,2026-09-25
P03,الواجهة البحرية,الدمام,كورنيش,https://maps.app.goo.gl/E5ZBjcN8sv3pc3Jh8,ChdDSUhNMG9nS0VJQ0FnSURHZ0lxLXR3RRAB,ام يزن Zezo1324,https://www.google.com/maps/contrib/102931083901553246212/reviews?hl=en,1,4 years ago,,False,True,False,2026-09-25
P03,الواجهة البحرية,الدمام,كورنيش,https://maps.app.goo.gl/E5ZBjcN8sv3pc3Jh8,ChdDSUhNMG9nS0VJQ0FnSUNHbl92S19RRRAB,mohamed hamed,https://www.google.com/maps/contrib/117948779642024568581/reviews?hl=en,5,4 years ago,,False,True,False,2026-09-25
P03,الواجهة البحرية,الدمام,كورنيش,https://maps.app.goo.gl/E5ZBjcN8sv3pc3Jh8,ChZDSUhNMG9nS0VJQ0FnSUNHNzR1SVVREAE,فيصل الدوسري,https://www.google.com/maps/contrib/104583146149492479541/reviews?hl=en,5,4 years ago,مكان جميل ورايق,True,True,False,2026-09-25
P03,الواجهة البحرية,الدمام,كورنيش,https://maps.app.goo.gl/E5ZBjcN8sv3pc3Jh8,ChZDSUhNMG9nS0VJQ0FnSUNHNy1hbGJREAE,هيومه سلمان,https://www.google.com/maps/contrib/102766841130073072177/reviews?hl=en,5,4 years ago,,False,True,False,2026-09-25
P03,الواجهة البحرية,الدمام,كورنيش,https://maps.app.goo.gl/E5ZBjcN8sv3pc3Jh8,ChdDSUhNMG9nS0VJQ0FnSUNHajUtRHJRRRAB,Ahmed Nassar,https://www.google.com/maps/contrib/108610248131147057812/reviews?hl=en,5,4 years ago,,False,True,False,2026-09-25
P03,الواجهة البحرية,الدمام,كورنيش,https://maps.app.goo.gl/E5ZBjcN8sv3pc3Jh8,ChdDSUhNMG9nS0VJQ0FnSUNHai1yeGlBRRAB,مهيزع المهيزع,https://www.google.com/maps/contrib/115916866152106578285/reviews?hl=en,5,4 years ago,شي مو طبيعي اهني اهل الشرقيه,True,True,False,2026-09-25
P03,الواجهة البحرية,الدمام,كورنيش,https://maps.app.goo.gl/E5ZBjcN8sv3pc3Jh8,ChZDSUhNMG9nS0VJQ0FnSUNHdDRuUkRBEAE,المركز السعودي الخدمي,https://www.google.com/maps/contrib/113619846832765293046/reviews?hl=en,5,4 years ago,"Fantastic and Amazing place
😍😍😍 …",False,True,True,2026-09-25
P03,الواجهة البحرية,الدمام,كورنيش,https://maps.app.goo.gl/E5ZBjcN8sv3pc3Jh8,ChZDSUhNMG9nS0VJQ0FnSUNHcDZtQ01nEAE,A. M.,https://www.google.com/maps/contrib/101853092404919149531/reviews?hl=en,5,4 years ago,November in this particular place is really amazing and wonderful,False,True,False,2026-09-25
P03,الواجهة البحرية,الدمام,كورنيش,https://maps.app.goo.gl/E5ZBjcN8sv3pc3Jh8,ChdDSUhNMG9nS0VJQ0FnSUNHaDlmVWdRRRAB,سعد الخالدي,https://www.google.com/maps/contrib/118053324345450684959/reviews?hl=en,5,4 years ago,سكنانا,True,True,False,2026-09-25
P03,الواجهة البحرية,الدمام,كورنيش,https://maps.app.goo.gl/E5ZBjcN8sv3pc3Jh8,ChZDSUhNMG9nS0VJQ0FnSUNHdy16dEZ3EAE,bin saad,https://www.google.com/maps/contrib/117147109608776482188/reviews?hl=en,5,4 years ago,جميل,True,True,False,2026-09-25
P03,الواجهة البحرية,الدمام,كورنيش,https://maps.app.goo.gl/E5ZBjcN8sv3pc3Jh8,ChdDSUhNMG9nS0VJQ0FnSUNHdzlTRXJBRRAB,SALEH ALI,https://www.google.com/maps/contrib/110569624477014444342/reviews?hl=en,4,4 years ago,واجهة الدمام البحرية جميلة جدا ممشى على الكورنيش ومساحات خضراء للجلوس والاستمتاع بالبحر,True,True,False,2026-09-25
P03,الواجهة البحرية,الدمام,كورنيش,https://maps.app.goo.gl/E5ZBjcN8sv3pc3Jh8,ChdDSUhNMG9nS0VJQ0FnSUNHbmJUS2lBRRAB,ABD 2030,https://www.google.com/maps/contrib/116503145871150915008/reviews?hl=en,5,4 years ago,تطورات رهيبه,True,True,False,2026-09-25
P03,الواجهة البحرية,الدمام,كورنيش,https://maps.app.goo.gl/E5ZBjcN8sv3pc3Jh8,ChZDSUhNMG9nS0VJQ0FnSUNHdGJpdkZ3EAE,Abdul,https://www.google.com/maps/contrib/101268839280478079837/reviews?hl=en,5,4 years ago,,False,True,False,2026-09-25
P03,الواجهة البحرية,الدمام,كورنيش,https://maps.app.goo.gl/E5ZBjcN8sv3pc3Jh8,ChZDSUhNMG9nS0VJQ0FnSUNHLXJfYVpREAE,Abdullah Alhamoud,https://www.google.com/maps/contrib/102372145158941357324/reviews?hl=en,5,Edited 4 years ago,"السلام عليكم ورحمة الله وبركاته
الواجهه البحريه في كورنيش الدمام كبير من حيث المساحة و الخدمات مثل الأشجار و النخيل و العاب اطفال و محلات و المطاعم مثل مطعم البيك و مطعم ماكدونالدز و تأجير الدراجات الهوائية الاطفال  و محلات للبيع المياه الشرب و مقبلات و الكورنيش مجهز للمشي الرياضي و مجهز بدورات المياه على امتداد الكورنيش الدمام و أيضاً مسجد للصلاة في أوقاتها و امواج البحر على امتداد النظر  و الهواء النقى تريح النفس و الأعصاب انصح الجميع بزيارة و استمتع مع عائلتك في الكورنيش و الكثير من الناس يصيد السمك",True,True,False,2026-09-25
P03,الواجهة البحرية,الدمام,كورنيش,https://maps.app.goo.gl/E5ZBjcN8sv3pc3Jh8,ChZDSUhNMG9nS0VJQ0FnSUNHcWF5a2RnEAE,Ahmed Albarqie,https://www.google.com/maps/contrib/111819939553957743289/reviews?hl=en,5,4 years ago,مناظر جميلة وتصميم مميز,True,True,False,2026-09-25
P03,الواجهة البحرية,الدمام,كورنيش,https://maps.app.goo.gl/E5ZBjcN8sv3pc3Jh8,ChZDSUhNMG9nS0VJQ0FnSUNHcWNUOWRBEAE,الحياه حلوه,https://www.google.com/maps/contrib/113413193860717291518/reviews?hl=en,5,4 years ago,مكان جميل,True,True,False,2026-09-25
P03,الواجهة البحرية,الدمام,كورنيش,https://maps.app.goo.gl/E5ZBjcN8sv3pc3Jh8,ChdDSUhNMG9nS0VJQ0FnSUNHc2QzR3VnRRAB,نبراس الخير,https://www.google.com/maps/contrib/107468496065184808418/reviews?hl=en,4,4 years ago,الاهتمام بالنظافة لدورات المياة لو كل شخص يدخل مع اطفاله ويطلع من المكان نظيف,True,True,False,2026-09-25
P03,الواجهة البحرية,الدمام,كورنيش,https://maps.app.goo.gl/E5ZBjcN8sv3pc3Jh8,ChZDSUhNMG9nS0VJQ0FnSUNHa1liUVhnEAE,Mahmoud Hamoih,https://www.google.com/maps/contrib/111712256014336847575/reviews?hl=en,4,4 years ago,,False,True,False,2026-09-25
P03,الواجهة البحرية,الدمام,كورنيش,https://maps.app.goo.gl/E5ZBjcN8sv3pc3Jh8,ChdDSUhNMG9nS0VJQ0FnSUNHN3VqTzBnRRAB,Saso Zoma,https://www.google.com/maps/contrib/116811290188836917273/reviews?hl=en,5,4 years ago,,False,True,False,2026-09-25
P03,الواجهة البحرية,الدمام,كورنيش,https://maps.app.goo.gl/E5ZBjcN8sv3pc3Jh8,ChdDSUhNMG9nS0VJQ0FnSUNHdHRUdmtRRRAB,Saad Altamami,https://www.google.com/maps/contrib/107799860685229132100/reviews?hl=en,3,4 years ago,تمااااااام ... بس ناقصها حمامات ونظيفه,True,True,False,2026-09-25
P03,الواجهة البحرية,الدمام,كورنيش,https://maps.app.goo.gl/E5ZBjcN8sv3pc3Jh8,ChdDSUhNMG9nS0VJQ0FnSUNHMW9UdGpBRRAB,Alzain Hashim,https://www.google.com/maps/contrib/112029667578292995180/reviews?hl=en,3,4 years ago,,False,True,False,2026-09-25
P03,الواجهة البحرية,الدمام,كورنيش,https://maps.app.goo.gl/E5ZBjcN8sv3pc3Jh8,ChdDSUhNMG9nS0VJQ0FnSUNHaG9Udzh3RRAB,عبدالله الغامدي,https://www.google.com/maps/contrib/105692893865203670333/reviews?hl=en,3,4 years ago,حلوووه,True,True,False,2026-09-25
P03,الواجهة البحرية,الدمام,كورنيش,https://maps.app.goo.gl/E5ZBjcN8sv3pc3Jh8,ChdDSUhNMG9nS0VJQ0FnSUNHdW9hWWhnRRAB,Adel Al-Dossary,https://www.google.com/maps/contrib/105242034506753456464/reviews?hl=en,4,4 years ago,"ينقص الواجهه البحرية دورات المياة النظيفه حتى لو بفلوس سعر رمزي وبإشراف عمال نظافة ومراقبة وصيانة دورية من الجهات المسؤوله .
الوضع محرج جدا وخاصة للعوائل.",True,True,False,2026-09-25
P03,الواجهة البحرية,الدمام,كورنيش,https://maps.app.goo.gl/E5ZBjcN8sv3pc3Jh8,ChZDSUhNMG9nS0VJQ0FnSUNHdXRDWFF3EAE,MAS1981,https://www.google.com/maps/contrib/115569292233323972756/reviews?hl=en,5,4 years ago,,False,True,False,2026-09-25
P03,الواجهة البحرية,الدمام,كورنيش,https://maps.app.goo.gl/E5ZBjcN8sv3pc3Jh8,ChZDSUhNMG9nS0VJQ0FnSUNHNnJ6X0hBEAE,زوس الشهراني,https://www.google.com/maps/contrib/109365785234738768569/reviews?hl=en,4,4 years ago,,False,True,False,2026-09-25
P03,الواجهة البحرية,الدمام,كورنيش,https://maps.app.goo.gl/E5ZBjcN8sv3pc3Jh8,ChZDSUhNMG9nS0VJQ0FnSUNHcXB2MGVREAE,kiran raj,https://www.google.com/maps/contrib/100803683917055633748/reviews?hl=en,5,4 years ago,"Beautiful park, nice place to hangout",False,True,False,2026-09-25
P03,الواجهة البحرية,الدمام,كورنيش,https://maps.app.goo.gl/E5ZBjcN8sv3pc3Jh8,ChdDSUhNMG9nS0VJQ0FnSUNHc29UdHNnRRAB,ف9.,https://www.google.com/maps/contrib/110224142552779873734/reviews?hl=en,5,4 years ago,مكان جداً جميل ونظيف.,True,True,False,2026-09-25
P03,الواجهة البحرية,الدمام,كورنيش,https://maps.app.goo.gl/E5ZBjcN8sv3pc3Jh8,ChdDSUhNMG9nS0VJQ0FnSUNHNHZYcGhBRRAB,ali qaysoom,https://www.google.com/maps/contrib/118008971169174057834/reviews?hl=en,1,4 years ago,,False,True,False,2026-09-25
P03,الواجهة البحرية,الدمام,كورنيش,https://maps.app.goo.gl/E5ZBjcN8sv3pc3Jh8,ChZDSUhNMG9nS0VJQ0FnSUNHNHRXRVBBEAE,Sayed Farouk,https://www.google.com/maps/contrib/106338269722480628143/reviews?hl=en,4,4 years ago,,False,True,False,2026-09-25
P03,الواجهة البحرية,الدمام,كورنيش,https://maps.app.goo.gl/E5ZBjcN8sv3pc3Jh8,ChZDSUhNMG9nS0VJQ0FnSUNHM09xZk1BEAE,ماجد عبدالله,https://www.google.com/maps/contrib/114334284353996419214/reviews?hl=en,5,4 years ago,,False,True,False,2026-09-25
P03,الواجهة البحرية,الدمام,كورنيش,https://maps.app.goo.gl/E5ZBjcN8sv3pc3Jh8,ChZDSUhNMG9nS0VJQ0FnSUNHN01XMUZnEAE,نشاطات فنية وعلمية مع هيام,https://www.google.com/maps/contrib/104306552289726140831/reviews?hl=en,5,4 years ago,يجننن,True,True,False,2026-09-25
P03,الواجهة البحرية,الدمام,كورنيش,https://maps.app.goo.gl/E5ZBjcN8sv3pc3Jh8,ChdDSUhNMG9nS0VJQ0FnSUNHbEsyXzlnRRAB,aboma8bool _h,https://www.google.com/maps/contrib/100615955807226552809/reviews?hl=en,4,4 years ago,,False,True,False,2026-09-25
P03,الواجهة البحرية,الدمام,كورنيش,https://maps.app.goo.gl/E5ZBjcN8sv3pc3Jh8,ChdDSUhNMG9nS0VJQ0FnSUNHbExhR3NnRRAB,Muhammad Amar Naqvi,https://www.google.com/maps/contrib/105649718063815522783/reviews?hl=en,4,4 years ago,A place to visit,False,True,False,2026-09-25
P03,الواجهة البحرية,الدمام,كورنيش,https://maps.app.goo.gl/E5ZBjcN8sv3pc3Jh8,ChZDSUhNMG9nS0VJQ0FnSUNHcElHb0R3EAE,عبدالرحمن حسن,https://www.google.com/maps/contrib/116484719516935344119/reviews?hl=en,5,4 years ago,روعه جدا جدا,True,True,False,2026-09-25
P03,الواجهة البحرية,الدمام,كورنيش,https://maps.app.goo.gl/E5ZBjcN8sv3pc3Jh8,ChdDSUhNMG9nS0VJQ0FnSUNHcFBTcHVBRRAB,Aminah,https://www.google.com/maps/contrib/109111113166335899225/reviews?hl=en,5,4 years ago,غني عن التعريف,True,True,False,2026-09-25
P03,الواجهة البحرية,الدمام,كورنيش,https://maps.app.goo.gl/E5ZBjcN8sv3pc3Jh8,ChZDSUhNMG9nS0VJQ0FnSUNHLUtXUVRREAE,سايبورغ 9,https://www.google.com/maps/contrib/104068508215655749739/reviews?hl=en,3,4 years ago,روعه,True,True,False,2026-09-25
P03,الواجهة البحرية,الدمام,كورنيش,https://maps.app.goo.gl/E5ZBjcN8sv3pc3Jh8,ChdDSUhNMG9nS0VJQ0FnSUNHeU1tWnZBRRAB,سلطان التميمي,https://www.google.com/maps/contrib/101371417330884009826/reviews?hl=en,5,4 years ago,المكان رائع بكل ماتحمله  الكلمة من معنى,True,True,False,2026-09-25
P03,الواجهة البحرية,الدمام,كورنيش,https://maps.app.goo.gl/E5ZBjcN8sv3pc3Jh8,ChZDSUhNMG9nS0VJQ0FnSUNHeUpqdEtnEAE,riyadh alobayyed,https://www.google.com/maps/contrib/113608066918341876586/reviews?hl=en,5,4 years ago,,False,True,False,2026-09-25
P03,الواجهة البحرية,الدمام,كورنيش,https://maps.app.goo.gl/E5ZBjcN8sv3pc3Jh8,ChZDSUhNMG9nS0VJQ0FnSUNHc0xtN0h3EAE,Amani Gazwani,https://www.google.com/maps/contrib/109498427393762774853/reviews?hl=en,5,4 years ago,,False,True,False,2026-09-25
P03,الواجهة البحرية,الدمام,كورنيش,https://maps.app.goo.gl/E5ZBjcN8sv3pc3Jh8,ChdDSUhNMG9nS0VJQ0FnSUNHd05UWjJnRRAB,lovely dodo,https://www.google.com/maps/contrib/103385724806498346564/reviews?hl=en,5,4 years ago,,False,True,False,2026-09-25
P03,الواجهة البحرية,الدمام,كورنيش,https://maps.app.goo.gl/E5ZBjcN8sv3pc3Jh8,ChZDSUhNMG9nS0VJQ0FnSUNHZ1BYVmJ3EAE,مرتضى العبدالله,https://www.google.com/maps/contrib/108539385920985118173/reviews?hl=en,5,4 years ago,انصح وقت الغروب والشروق,True,True,False,2026-09-25
P03,الواجهة البحرية,الدمام,كورنيش,https://maps.app.goo.gl/E5ZBjcN8sv3pc3Jh8,ChZDSUhNMG9nS0VJQ0FnSUNHZ0tHb0tnEAE,Asd Dos,https://www.google.com/maps/contrib/101518010338880109848/reviews?hl=en,5,4 years ago,"اجمل الاماكن الحيه في الدمام
انصح بالزياره",True,True,False,2026-09-25
P03,الواجهة البحرية,الدمام,كورنيش,https://maps.app.goo.gl/E5ZBjcN8sv3pc3Jh8,ChdDSUhNMG9nS0VJQ0FnSUQ2MzVqWHhBRRAB,Moha Abdo,https://www.google.com/maps/contrib/110231515184589947549/reviews?hl=en,4,4 years ago,,False,True,False,2026-09-25
P03,الواجهة البحرية,الدمام,كورنيش,https://maps.app.goo.gl/E5ZBjcN8sv3pc3Jh8,ChdDSUhNMG9nS0VJQ0FnSUQ2bjg2TnhRRRAB,mostafa elmesallamy,https://www.google.com/maps/contrib/114298309727396178935/reviews?hl=en,4,4 years ago,,False,True,False,2026-09-25
P03,الواجهة البحرية,الدمام,كورنيش,https://maps.app.goo.gl/E5ZBjcN8sv3pc3Jh8,ChZDSUhNMG9nS0VJQ0FnSUNLaHVlTlBREAE,ابو محمد,https://www.google.com/maps/contrib/106045042898222692924/reviews?hl=en,5,Edited 4 years ago,مكان هادي لعوايل,True,True,False,2026-09-25
P03,الواجهة البحرية,الدمام,كورنيش,https://maps.app.goo.gl/E5ZBjcN8sv3pc3Jh8,ChdDSUhNMG9nS0VJQ0FnSUQ2dTV1Vnh3RRAB,8801,https://www.google.com/maps/contrib/113740143147333328864/reviews?hl=en,5,4 years ago,ممتاز,True,True,False,2026-09-25
P03,الواجهة البحرية,الدمام,كورنيش,https://maps.app.goo.gl/E5ZBjcN8sv3pc3Jh8,ChdDSUhNMG9nS0VJQ0FnSUQ2dTU3bmlBRRAB,Mahmoud Tawfik,https://www.google.com/maps/contrib/106341920537938283751/reviews?hl=en,4,4 years ago,ممتاز,True,True,False,2026-09-25
P03,الواجهة البحرية,الدمام,كورنيش,https://maps.app.goo.gl/E5ZBjcN8sv3pc3Jh8,ChZDSUhNMG9nS0VJQ0FnSUQ2cTdtc1JREAE,فراس محمد الجزائري,https://www.google.com/maps/contrib/107249909367229649581/reviews?hl=en,5,4 years ago,حماااس,True,True,False,2026-09-25
P03,الواجهة البحرية,الدمام,كورنيش,https://maps.app.goo.gl/E5ZBjcN8sv3pc3Jh8,ChZDSUhNMG9nS0VJQ0FnSUQ2dzVuYllnEAE,MHMD MAIT,https://www.google.com/maps/contrib/111365065358241371271/reviews?hl=en,5,4 years ago,المكان جميل ومتوفر به العاب وجلسات,True,True,False,2026-09-25
P03,الواجهة البحرية,الدمام,كورنيش,https://maps.app.goo.gl/E5ZBjcN8sv3pc3Jh8,ChdDSUhNMG9nS0VJQ0FnSUQ2N1pDZ2tRRRAB,بندر ابويزيد,https://www.google.com/maps/contrib/110093819949632898522/reviews?hl=en,5,4 years ago,رائع,True,True,False,2026-09-25
P03,الواجهة البحرية,الدمام,كورنيش,https://maps.app.goo.gl/E5ZBjcN8sv3pc3Jh8,ChdDSUhNMG9nS0VJQ0FnSUQ2bFo3QjhBRRAB,Medo Aly,https://www.google.com/maps/contrib/110734413395519805945/reviews?hl=en,5,4 years ago,العشق والمتعة ♥️♥️,True,True,False,2026-09-25
P03,الواجهة البحرية,الدمام,كورنيش,https://maps.app.goo.gl/E5ZBjcN8sv3pc3Jh8,ChdDSUhNMG9nS0VJQ0FnSUQ2LVlHVmt3RRAB,إكرام القحطاني,https://www.google.com/maps/contrib/112056795235030446655/reviews?hl=en,5,4 years ago,,False,True,False,2026-09-25
P03,الواجهة البحرية,الدمام,كورنيش,https://maps.app.goo.gl/E5ZBjcN8sv3pc3Jh8,ChdDSUhNMG9nS0VJQ0FnSUQ2NllmajF3RRAB,Khaled Matar,https://www.google.com/maps/contrib/106290997649830467653/reviews?hl=en,4,4 years ago,,False,True,False,2026-09-25
P03,الواجهة البحرية,الدمام,كورنيش,https://maps.app.goo.gl/E5ZBjcN8sv3pc3Jh8,ChZDSUhNMG9nS0VJQ0FnSUQ2OGJYaWVBEAE,عبدالله المحيميد,https://www.google.com/maps/contrib/106326539146327579889/reviews?hl=en,5,4 years ago,ممتازة,True,True,False,2026-09-25
P03,الواجهة البحرية,الدمام,كورنيش,https://maps.app.goo.gl/E5ZBjcN8sv3pc3Jh8,ChZDSUhNMG9nS0VJQ0FnSUQ2c2VQUUdnEAE,ابو فــزاع,https://www.google.com/maps/contrib/108812480656128818841/reviews?hl=en,5,4 years ago,اجواء حلوه وهادئيه,True,True,False,2026-09-25
P03,الواجهة البحرية,الدمام,كورنيش,https://maps.app.goo.gl/E5ZBjcN8sv3pc3Jh8,ChZDSUhNMG9nS0VJQ0FnSUQ2MGVPZ0NBEAE,ابوعبدالعزيز 506,https://www.google.com/maps/contrib/111612191278375563393/reviews?hl=en,1,4 years ago,القطاوه كثيره ومزعجه وقت الاكل و عدم توفر تموينات تخدم المنتزه,True,True,False,2026-09-25
P03,الواجهة البحرية,الدمام,كورنيش,https://maps.app.goo.gl/E5ZBjcN8sv3pc3Jh8,ChZDSUhNMG9nS0VJQ0FnSUQ2MGRtTFhnEAE,السامي,https://www.google.com/maps/contrib/106195533360315620450/reviews?hl=en,4,4 years ago,,False,True,False,2026-09-25
P03,الواجهة البحرية,الدمام,كورنيش,https://maps.app.goo.gl/E5ZBjcN8sv3pc3Jh8,ChdDSUhNMG9nS0VJQ0FnSUQ2d2NQWDNRRRAB,te wet,https://www.google.com/maps/contrib/114744963123696068828/reviews?hl=en,4,4 years ago,very good,False,True,False,2026-09-25
P03,الواجهة البحرية,الدمام,كورنيش,https://maps.app.goo.gl/E5ZBjcN8sv3pc3Jh8,ChdDSUhNMG9nS0VJQ0FnSUQ2anIta2x3RRAB,محمد رشاد,https://www.google.com/maps/contrib/111430011849689667772/reviews?hl=en,3,4 years ago,جيده,True,True,False,2026-09-25
P03,الواجهة البحرية,الدمام,كورنيش,https://maps.app.goo.gl/E5ZBjcN8sv3pc3Jh8,ChZDSUhNMG9nS0VJQ0FnSUQ2MXJTak5REAE,الوليد الغامدي,https://www.google.com/maps/contrib/100949259677646870597/reviews?hl=en,5,4 years ago,جميله جداً,True,True,False,2026-09-25
P03,الواجهة البحرية,الدمام,كورنيش,https://maps.app.goo.gl/E5ZBjcN8sv3pc3Jh8,ChZDSUhNMG9nS0VJQ0FnSUQ2NXJTcUJBEAE,فلان السبيعي,https://www.google.com/maps/contrib/107500200581132284139/reviews?hl=en,2,4 years ago,لم تعجبني,True,True,False,2026-09-25
P03,الواجهة البحرية,الدمام,كورنيش,https://maps.app.goo.gl/E5ZBjcN8sv3pc3Jh8,ChdDSUhNMG9nS0VJQ0FnSUQ2NXNTS29nRRAB,mohmmed alqhas,https://www.google.com/maps/contrib/111134655941259840333/reviews?hl=en,5,4 years ago,منطقه ممتازة للعائلة,True,True,False,2026-09-25
P03,الواجهة البحرية,الدمام,كورنيش,https://maps.app.goo.gl/E5ZBjcN8sv3pc3Jh8,ChZDSUhNMG9nS0VJQ0FnSUQ2eHJ2cmZREAE,faisal a,https://www.google.com/maps/contrib/117669405471253656781/reviews?hl=en,4,4 years ago,,False,True,False,2026-09-25
P03,الواجهة البحرية,الدمام,كورنيش,https://maps.app.goo.gl/E5ZBjcN8sv3pc3Jh8,ChZDSUhNMG9nS0VJQ0FnSUQ2dXB2NERnEAE,lulwa sweet,https://www.google.com/maps/contrib/106817260922191016654/reviews?hl=en,5,4 years ago,,False,True,False,2026-09-25
P03,الواجهة البحرية,الدمام,كورنيش,https://maps.app.goo.gl/E5ZBjcN8sv3pc3Jh8,ChdDSUhNMG9nS0VJQ0FnSUQ2MnFhUXZBRRAB,Abdelqader Elryh,https://www.google.com/maps/contrib/110376583795610023978/reviews?hl=en,5,4 years ago,,False,True,False,2026-09-25
P03,الواجهة البحرية,الدمام,كورنيش,https://maps.app.goo.gl/E5ZBjcN8sv3pc3Jh8,ChdDSUhNMG9nS0VJQ0FnSUQ2cXN1cTlRRRAB,Ali Almutiri,https://www.google.com/maps/contrib/106490607236981720048/reviews?hl=en,5,4 years ago,,False,True,False,2026-09-25
P03,الواجهة البحرية,الدمام,كورنيش,https://maps.app.goo.gl/E5ZBjcN8sv3pc3Jh8,ChdDSUhNMG9nS0VJQ0FnSUQ2cXNpbTB3RRAB,تسبيحة عشاق,https://www.google.com/maps/contrib/108424503612808241292/reviews?hl=en,3,4 years ago,,False,True,False,2026-09-25
P03,الواجهة البحرية,الدمام,كورنيش,https://maps.app.goo.gl/E5ZBjcN8sv3pc3Jh8,ChZDSUhNMG9nS0VJQ0FnSUQ2aW9pSVl3EAE,Hamed Nasser,https://www.google.com/maps/contrib/109825379470063188008/reviews?hl=en,1,4 years ago,تحتاج الي اكمال بعض الفواصل وايضا ابعاد مكان تاجير الدراجات بعيدا عن مكان المشي,True,True,False,2026-09-25
P03,الواجهة البحرية,الدمام,كورنيش,https://maps.app.goo.gl/E5ZBjcN8sv3pc3Jh8,ChZDSUhNMG9nS0VJQ0FnSUQ2OHUtNVJ3EAE,Saud G,https://www.google.com/maps/contrib/114373215393223596540/reviews?hl=en,5,4 years ago,ممتازه انصح الجميع بالزياره لها,True,True,False,2026-09-25
P03,الواجهة البحرية,الدمام,كورنيش,https://maps.app.goo.gl/E5ZBjcN8sv3pc3Jh8,ChdDSUhNMG9nS0VJQ0FnSUQ2a3J5eDRRRRAB,joj,https://www.google.com/maps/contrib/116492898302717246103/reviews?hl=en,4,5 years ago,وجهة مميزة للمشي الطويل,True,True,False,2026-09-25
P03,الواجهة البحرية,الدمام,كورنيش,https://maps.app.goo.gl/E5ZBjcN8sv3pc3Jh8,ChZDSUhNMG9nS0VJQ0FnSUQ2a3BEM0V3EAE,عبدالعزيز بن سعود بوشليبي,https://www.google.com/maps/contrib/115907602195293751714/reviews?hl=en,5,5 years ago,,False,True,False,2026-09-25
P03,الواجهة البحرية,الدمام,كورنيش,https://maps.app.goo.gl/E5ZBjcN8sv3pc3Jh8,ChdDSUhNMG9nS0VJQ0FnSUQ2NHYtdDdRRRAB,Ali Habib,https://www.google.com/maps/contrib/115390685946832269384/reviews?hl=en,4,5 years ago,مكان جميل ومرتب,True,True,False,2026-09-25
P03,الواجهة البحرية,الدمام,كورنيش,https://maps.app.goo.gl/E5ZBjcN8sv3pc3Jh8,ChdDSUhNMG9nS0VJQ0FnSUQ2b3JpbHJRRRAB,othman alsoabi Alghamdi,https://www.google.com/maps/contrib/108107140164151572455/reviews?hl=en,3,5 years ago,الوجهة البحرية بالدمام جيدة جداً ولكن تحتاج الى تطوير من ناحية المطاعم والمقاهي وكذلك الممشى,True,True,False,2026-09-25
P03,الواجهة البحرية,الدمام,كورنيش,https://maps.app.goo.gl/E5ZBjcN8sv3pc3Jh8,ChZDSUhNMG9nS0VJQ0FnSUQ2X0xyTUpREAE,Refo dammam,https://www.google.com/maps/contrib/117902023224923336452/reviews?hl=en,5,5 years ago,تتواجد بها كل الخدمات,True,True,False,2026-09-25
P03,الواجهة البحرية,الدمام,كورنيش,https://maps.app.goo.gl/E5ZBjcN8sv3pc3Jh8,ChdDSUhNMG9nS0VJQ0FnSUNpaG9fMi1nRRAB,احمد الوسمي,https://www.google.com/maps/contrib/101633213141419067364/reviews?hl=en,5,Edited 5 years ago,,False,True,False,2026-09-25
P03,الواجهة البحرية,الدمام,كورنيش,https://maps.app.goo.gl/E5ZBjcN8sv3pc3Jh8,ChZDSUhNMG9nS0VJQ0FnSUQ2bk5TSUdREAE,Next To,https://www.google.com/maps/contrib/111666395828089557122/reviews?hl=en,5,5 years ago,الجوووو جبار,True,True,False,2026-09-25
P03,الواجهة البحرية,الدمام,كورنيش,https://maps.app.goo.gl/E5ZBjcN8sv3pc3Jh8,ChZDSUhNMG9nS0VJQ0FnSUQ2OU1lQ09REAE,‫محمد حامد فلاج (ابو حامد)‬‎,https://www.google.com/maps/contrib/114937405685290479138/reviews?hl=en,5,5 years ago,جميلة جدا,True,True,False,2026-09-25
P03,الواجهة البحرية,الدمام,كورنيش,https://maps.app.goo.gl/E5ZBjcN8sv3pc3Jh8,ChdDSUhNMG9nS0VJQ0FnSUQ2OUk3LXZRRRAB,sana alsulaiman,https://www.google.com/maps/contrib/103510518475610725018/reviews?hl=en,5,5 years ago,رائعة وهادئة ،،،ولكنني لم ارى مقاهي ،،ولااعلم عن دورات المياه هل هي نظيفة ام لا....فقط الشيء السيء كثيرة القطط فيها بشكل مزعج.,True,True,False,2026-09-25
P03,الواجهة البحرية,الدمام,كورنيش,https://maps.app.goo.gl/E5ZBjcN8sv3pc3Jh8,ChdDSUhNMG9nS0VJQ0FnSUQ2NUotUXpBRRAB,Fahad Ahmad,https://www.google.com/maps/contrib/115420195379664619569/reviews?hl=en,3,5 years ago,,False,True,False,2026-09-25
P03,الواجهة البحرية,الدمام,كورنيش,https://maps.app.goo.gl/E5ZBjcN8sv3pc3Jh8,ChdDSUhNMG9nS0VJQ0FnSUQ2cE1TV3JnRRAB,ابو محسن,https://www.google.com/maps/contrib/115559707504919128310/reviews?hl=en,5,5 years ago,كرنيش رائع,True,True,False,2026-09-25
P03,الواجهة البحرية,الدمام,كورنيش,https://maps.app.goo.gl/E5ZBjcN8sv3pc3Jh8,ChdDSUhNMG9nS0VJQ0FnSUQ2OE1mNjdRRRAB,sultan f,https://www.google.com/maps/contrib/114969093656605424580/reviews?hl=en,5,5 years ago,,False,True,False,2026-09-25
P03,الواجهة البحرية,الدمام,كورنيش,https://maps.app.goo.gl/E5ZBjcN8sv3pc3Jh8,ChZDSUhNMG9nS0VJQ0FnSUQ2c096VkJBEAE,Nadeem Sayed,https://www.google.com/maps/contrib/110163850919127820515/reviews?hl=en,4,5 years ago,Nice place for a hood evening walk,False,True,False,2026-09-25
P03,الواجهة البحرية,الدمام,كورنيش,https://maps.app.goo.gl/E5ZBjcN8sv3pc3Jh8,ChZDSUhNMG9nS0VJQ0FnSUQ2d09PSU93EAE,Aa Ae,https://www.google.com/maps/contrib/113182324723866742537/reviews?hl=en,3,5 years ago,لا بأس به,True,True,False,2026-09-25
P03,الواجهة البحرية,الدمام,كورنيش,https://maps.app.goo.gl/E5ZBjcN8sv3pc3Jh8,ChdDSUhNMG9nS0VJQ0FnSUM2MzZYOW9nRRAB,Lone Wolf,https://www.google.com/maps/contrib/110923435685406995940/reviews?hl=en,5,5 years ago,الواجهة جداً جميله وهادئه ويوجد بها فود ترك يلبي جميع الاحتياجات من غير المطاعم الموجوده ويوجد فود ترك يبيع ايسكريم جداً لذيذ وطبيعي اوصيكم بالمنجا والتوت والشكولاته واشكر الاخ / سلطان العنزي على حسن الضيافة والاخلاق العالية والمهنيه العاليه عنده واشكر الواجهة البحرية وبلدية الدمام انها اتاحة الفرصة للشباب الطموح والمثابر وهذه صور للفود ترك واسعارهم ومنتجاتهم,True,True,False,2026-09-25
P03,الواجهة البحرية,الدمام,كورنيش,https://maps.app.goo.gl/E5ZBjcN8sv3pc3Jh8,ChZDSUhNMG9nS0VJQ0FnSUM2bzUyU2JBEAE,Ali Al Ibrahem,https://www.google.com/maps/contrib/115490394219619196417/reviews?hl=en,4,5 years ago,,False,True,False,2026-09-25
P03,الواجهة البحرية,الدمام,كورنيش,https://maps.app.goo.gl/E5ZBjcN8sv3pc3Jh8,ChdDSUhNMG9nS0VJQ0FnSUM2cmRIa3NnRRAB,أبو عمر,https://www.google.com/maps/contrib/111725325798986520974/reviews?hl=en,4,5 years ago,لطيف,True,True,False,2026-09-25
P03,الواجهة البحرية,الدمام,كورنيش,https://maps.app.goo.gl/E5ZBjcN8sv3pc3Jh8,ChZDSUhNMG9nS0VJQ0FnSUM2MWR1dlhnEAE,Noor Haya,https://www.google.com/maps/contrib/112733262755306740241/reviews?hl=en,5,5 years ago,ممتاز,True,True,False,2026-09-25
P03,الواجهة البحرية,الدمام,كورنيش,https://maps.app.goo.gl/E5ZBjcN8sv3pc3Jh8,ChZDSUhNMG9nS0VJQ0FnSUM2NWZDUE53EAE,عبدالعزيز محسن المهري,https://www.google.com/maps/contrib/116386900866149071486/reviews?hl=en,5,5 years ago,,False,True,False,2026-09-25
P03,الواجهة البحرية,الدمام,كورنيش,https://maps.app.goo.gl/E5ZBjcN8sv3pc3Jh8,ChdDSUhNMG9nS0VJQ0FnSUM2LXV2VjZnRRAB,ahmed as latev,https://www.google.com/maps/contrib/104803208706572716669/reviews?hl=en,5,5 years ago,مكان خورافى,True,True,False,2026-09-25
P03,الواجهة البحرية,الدمام,كورنيش,https://maps.app.goo.gl/E5ZBjcN8sv3pc3Jh8,ChZDSUhNMG9nS0VJQ0FnSUM2NnJ6ZEJREAE,أبو نواف الغزواني,https://www.google.com/maps/contrib/112322973943834770816/reviews?hl=en,5,5 years ago,,False,True,False,2026-09-25
P03,الواجهة البحرية,الدمام,كورنيش,https://maps.app.goo.gl/E5ZBjcN8sv3pc3Jh8,ChdDSUhNMG9nS0VJQ0FnSUM2ekxUOC1RRRAB,Sarah Abdoolah,https://www.google.com/maps/contrib/107757722925366906191/reviews?hl=en,5,5 years ago,الواجهه كل مالها في تطوير جميله جددددددا 😍😍😍😍😍😍 …,True,True,True,2026-09-25
P03,الواجهة البحرية,الدمام,كورنيش,https://maps.app.goo.gl/E5ZBjcN8sv3pc3Jh8,ChZDSUhNMG9nS0VJQ0FnSUM2a0xDZ0lnEAE,maged Ali,https://www.google.com/maps/contrib/106912951544242887314/reviews?hl=en,5,5 years ago,جيد,True,True,False,2026-09-25
P03,الواجهة البحرية,الدمام,كورنيش,https://maps.app.goo.gl/E5ZBjcN8sv3pc3Jh8,ChZDSUhNMG9nS0VJQ0FnSUM2Z01qV0xREAE,بيد تايمز المراتب العالمية BED TIMES,https://www.google.com/maps/contrib/112263431776945453574/reviews?hl=en,5,5 years ago,استمتاع جميل جدا,True,True,False,2026-09-25
P03,الواجهة البحرية,الدمام,كورنيش,https://maps.app.goo.gl/E5ZBjcN8sv3pc3Jh8,ChdDSUhNMG9nS0VJQ0FnSURhdHVqWm5nRRAB,KHALED SAUD,https://www.google.com/maps/contrib/117339576047911228282/reviews?hl=en,3,5 years ago,رايقة,True,True,False,2026-09-25
P03,الواجهة البحرية,الدمام,كورنيش,https://maps.app.goo.gl/E5ZBjcN8sv3pc3Jh8,ChdDSUhNMG9nS0VJQ0FnSURhbHJyZnhBRRAB,Abdulrahman Alomari,https://www.google.com/maps/contrib/103334127855664754377/reviews?hl=en,5,5 years ago,من اجمل الاماكن في الدمام,True,True,False,2026-09-25
P03,الواجهة البحرية,الدمام,كورنيش,https://maps.app.goo.gl/E5ZBjcN8sv3pc3Jh8,ChdDSUhNMG9nS0VJQ0FnSURhbXBfem13RRAB,سلمى الاحمدي,https://www.google.com/maps/contrib/109111910965808159418/reviews?hl=en,5,5 years ago,انصح بزيارته لكل شخص يجي الشرقيه,True,True,False,2026-09-25
P03,الواجهة البحرية,الدمام,كورنيش,https://maps.app.goo.gl/E5ZBjcN8sv3pc3Jh8,ChdDSUhNMG9nS0VJQ0FnSURhNnBqTTRBRRAB,mubarak الشهراني,https://www.google.com/maps/contrib/111857938809118219964/reviews?hl=en,5,5 years ago,,False,True,False,2026-09-25
P03,الواجهة البحرية,الدمام,كورنيش,https://maps.app.goo.gl/E5ZBjcN8sv3pc3Jh8,ChdDSUhNMG9nS0VJQ0FnSURheW9TcS1nRRAB,Mshl 598915 Alshammry,https://www.google.com/maps/contrib/103251516851875799823/reviews?hl=en,5,5 years ago,,False,True,False,2026-09-25
P03,الواجهة البحرية,الدمام,كورنيش,https://maps.app.goo.gl/E5ZBjcN8sv3pc3Jh8,ChdDSUhNMG9nS0VJQ0FnSURhc3JtMWdnRRAB,Kady Alsahli,https://www.google.com/maps/contrib/111162020936223207736/reviews?hl=en,5,5 years ago,,False,True,False,2026-09-25
P03,الواجهة البحرية,الدمام,كورنيش,https://maps.app.goo.gl/E5ZBjcN8sv3pc3Jh8,ChZDSUhNMG9nS0VJQ0FnSURhNHJ2bkZREAE,SA,https://www.google.com/maps/contrib/114565948892127048032/reviews?hl=en,4,5 years ago,,False,True,False,2026-09-25
P03,الواجهة البحرية,الدمام,كورنيش,https://maps.app.goo.gl/E5ZBjcN8sv3pc3Jh8,ChZDSUhNMG9nS0VJQ0FnSURhbE9yZ0RREAE,Ali Albishi,https://www.google.com/maps/contrib/107363050149167958364/reviews?hl=en,2,5 years ago,"Lots of construction! And the place is close to the city, so you expect to have a hot weather! Not recommended in the summer",False,True,False,2026-09-25
P03,الواجهة البحرية,الدمام,كورنيش,https://maps.app.goo.gl/E5ZBjcN8sv3pc3Jh8,ChdDSUhNMG9nS0VJQ0FnSUNhdjlPY3RRRRAB,فهد الغريافي,https://www.google.com/maps/contrib/100823113958962975875/reviews?hl=en,4,5 years ago,,False,True,False,2026-09-25
P03,الواجهة البحرية,الدمام,كورنيش,https://maps.app.goo.gl/E5ZBjcN8sv3pc3Jh8,ChdDSUhNMG9nS0VJQ0FnSUNhaC1Xbmt3RRAB,Az&Ah&om moh & Othman Mohmmed,https://www.google.com/maps/contrib/100036791217359120838/reviews?hl=en,4,5 years ago,"المكان جميل جدا جدا، ،مع الجو اللطيف، ،وقت مافي زحمه،،انصح فيه،،
بس ياريت يهتمون بنظافة البحر ،،الزباله مررره مؤلمه ،،للأسف",True,True,False,2026-09-25
P03,الواجهة البحرية,الدمام,كورنيش,https://maps.app.goo.gl/E5ZBjcN8sv3pc3Jh8,ChdDSUhNMG9nS0VJQ0FnSUNhODhEM3pRRRAB,Abood “khokha” al7abob,https://www.google.com/maps/contrib/102236681506923961472/reviews?hl=en,5,5 years ago,,False,True,False,2026-09-25
P03,الواجهة البحرية,الدمام,كورنيش,https://maps.app.goo.gl/E5ZBjcN8sv3pc3Jh8,ChdDSUhNMG9nS0VJQ0FnSUNhemZfcHFRRRAB,المعمارى علاء زامل/ Architect ALAA ZAMIL,https://www.google.com/maps/contrib/106741782036048512123/reviews?hl=en,5,5 years ago,,False,True,False,2026-09-25
P03,الواجهة البحرية,الدمام,كورنيش,https://maps.app.goo.gl/E5ZBjcN8sv3pc3Jh8,ChZDSUhNMG9nS0VJQ0FnSUNhamVIZEZBEAE,Nasser Al-Mousa,https://www.google.com/maps/contrib/107089721897762049158/reviews?hl=en,4,5 years ago,,False,True,False,2026-09-25
P03,الواجهة البحرية,الدمام,كورنيش,https://maps.app.goo.gl/E5ZBjcN8sv3pc3Jh8,ChdDSUhNMG9nS0VJQ0FnSUNhcnJtdnpBRRAB,Ziyad Abdullah,https://www.google.com/maps/contrib/117849273802584588816/reviews?hl=en,1,5 years ago,اغرب مكان رحته,True,True,False,2026-09-25
P03,الواجهة البحرية,الدمام,كورنيش,https://maps.app.goo.gl/E5ZBjcN8sv3pc3Jh8,ChZDSUhNMG9nS0VJQ0FnSUNhenZUTUhnEAE,J.M.N A.G.M (Abu Abdullah),https://www.google.com/maps/contrib/100365703343806541634/reviews?hl=en,3,5 years ago,تحت التطوير,True,True,False,2026-09-25
P03,الواجهة البحرية,الدمام,كورنيش,https://maps.app.goo.gl/E5ZBjcN8sv3pc3Jh8,ChdDSUhNMG9nS0VJQ0FnSUNhanFMc3NRRRAB,euyush,https://www.google.com/maps/contrib/114302235749628291996/reviews?hl=en,3,5 years ago,,False,True,False,2026-09-25
P03,الواجهة البحرية,الدمام,كورنيش,https://maps.app.goo.gl/E5ZBjcN8sv3pc3Jh8,ChdDSUhNMG9nS0VJQ0FnSUNhd3AzVzV3RRAB,Ahmed,https://www.google.com/maps/contrib/111958174654173916835/reviews?hl=en,5,5 years ago,My best place for my daily cardio routine and to go for a picnic with my family,False,True,False,2026-09-25
P03,الواجهة البحرية,الدمام,كورنيش,https://maps.app.goo.gl/E5ZBjcN8sv3pc3Jh8,ChdDSUhNMG9nS0VJQ0FnSUNhekliSDNBRRAB,أحمد سليمان,https://www.google.com/maps/contrib/110759124444182370375/reviews?hl=en,5,5 years ago,,False,True,False,2026-09-25
P03,الواجهة البحرية,الدمام,كورنيش,https://maps.app.goo.gl/E5ZBjcN8sv3pc3Jh8,ChdDSUhNMG9nS0VJQ0FnSUNhak9yZDBnRRAB,Eman Salem,https://www.google.com/maps/contrib/111519602602232759317/reviews?hl=en,4,5 years ago,,False,True,False,2026-09-25
P03,الواجهة البحرية,الدمام,كورنيش,https://maps.app.goo.gl/E5ZBjcN8sv3pc3Jh8,ChZDSUhNMG9nS0VJQ0FnSUNhNk1QWURREAE,محمد عبده,https://www.google.com/maps/contrib/102984276988433729662/reviews?hl=en,5,5 years ago,ممتع,True,True,False,2026-09-25
P03,الواجهة البحرية,الدمام,كورنيش,https://maps.app.goo.gl/E5ZBjcN8sv3pc3Jh8,ChdDSUhNMG9nS0VJQ0FnSUNheU1Dci1RRRAB,ابو عبدالله,https://www.google.com/maps/contrib/114240724615494835774/reviews?hl=en,3,5 years ago,رطووبه,True,True,False,2026-09-25
P03,الواجهة البحرية,الدمام,كورنيش,https://maps.app.goo.gl/E5ZBjcN8sv3pc3Jh8,ChZDSUhNMG9nS0VJQ0FnSUNhaUllbVlnEAE,ابو احمد بدير,https://www.google.com/maps/contrib/109563900089884793758/reviews?hl=en,4,5 years ago,جميل وتحتاج أهتمام اكثر,True,True,False,2026-09-25
P03,الواجهة البحرية,الدمام,كورنيش,https://maps.app.goo.gl/E5ZBjcN8sv3pc3Jh8,ChdDSUhNMG9nS0VJQ0FnSUNhaU9tRzdnRRAB,Mohamed Mostafa,https://www.google.com/maps/contrib/112314900556318271052/reviews?hl=en,4,5 years ago,,False,True,False,2026-09-25
P03,الواجهة البحرية,الدمام,كورنيش,https://maps.app.goo.gl/E5ZBjcN8sv3pc3Jh8,ChdDSUhNMG9nS0VJQ0FnSUNhZ1BHMGh3RRAB,ابو بدر ABU BADR,https://www.google.com/maps/contrib/100777995024464124358/reviews?hl=en,5,5 years ago,,False,True,False,2026-09-25
P03,الواجهة البحرية,الدمام,كورنيش,https://maps.app.goo.gl/E5ZBjcN8sv3pc3Jh8,ChZDSUhNMG9nS0VJQ0FnSURxbC15RUl3EAE,جميله الحارثي,https://www.google.com/maps/contrib/101680408558861387370/reviews?hl=en,5,5 years ago,مكان رايق,True,True,False,2026-09-25
P03,الواجهة البحرية,الدمام,كورنيش,https://maps.app.goo.gl/E5ZBjcN8sv3pc3Jh8,ChZDSUhNMG9nS0VJQ0FnSURxMmVMWEpBEAE,Ali hussain,https://www.google.com/maps/contrib/116330271942703318521/reviews?hl=en,5,5 years ago,جميل,True,True,False,2026-09-25
P03,الواجهة البحرية,الدمام,كورنيش,https://maps.app.goo.gl/E5ZBjcN8sv3pc3Jh8,ChZDSUhNMG9nS0VJQ0FnSURxbWJMMEF3EAE,الخيرالوفير السوق الدولي,https://www.google.com/maps/contrib/106743182831747159040/reviews?hl=en,3,5 years ago,,False,True,False,2026-09-25
P03,الواجهة البحرية,الدمام,كورنيش,https://maps.app.goo.gl/E5ZBjcN8sv3pc3Jh8,ChdDSUhNMG9nS0VJQ0FnSURxcXBUM2hBRRAB,Sara Alro,https://www.google.com/maps/contrib/112488175390489826416/reviews?hl=en,5,Edited 5 years ago,👌رائعه …,True,True,True,2026-09-25
P03,الواجهة البحرية,الدمام,كورنيش,https://maps.app.goo.gl/E5ZBjcN8sv3pc3Jh8,ChZDSUhNMG9nS0VJQ0FnSURxMGFXdlpnEAE,منى الشهري,https://www.google.com/maps/contrib/116893479297229063681/reviews?hl=en,4,5 years ago,جميل,True,True,False,2026-09-25
P03,الواجهة البحرية,الدمام,كورنيش,https://maps.app.goo.gl/E5ZBjcN8sv3pc3Jh8,ChdDSUhNMG9nS0VJQ0FnSURxNGNfdHJRRRAB,Aaa 11,https://www.google.com/maps/contrib/110148077184810887169/reviews?hl=en,4,5 years ago,جميله جداً,True,True,False,2026-09-25
P03,الواجهة البحرية,الدمام,كورنيش,https://maps.app.goo.gl/E5ZBjcN8sv3pc3Jh8,ChZDSUhNMG9nS0VJQ0FnSURxX3NlV0RnEAE,Faris,https://www.google.com/maps/contrib/107094980973306308092/reviews?hl=en,5,5 years ago,,False,True,False,2026-09-25
P03,الواجهة البحرية,الدمام,كورنيش,https://maps.app.goo.gl/E5ZBjcN8sv3pc3Jh8,ChdDSUhNMG9nS0VJQ0FnSURxM3RlcHpRRRAB,عبدالله العتيبي,https://www.google.com/maps/contrib/117706106617902609517/reviews?hl=en,5,5 years ago,,False,True,False,2026-09-25
P03,الواجهة البحرية,الدمام,كورنيش,https://maps.app.goo.gl/E5ZBjcN8sv3pc3Jh8,ChZDSUhNMG9nS0VJQ0FnSURxN3RxaEx3EAE,Saeed T,https://www.google.com/maps/contrib/106100923314802437094/reviews?hl=en,2,5 years ago,,False,True,False,2026-09-25
P03,الواجهة البحرية,الدمام,كورنيش,https://maps.app.goo.gl/E5ZBjcN8sv3pc3Jh8,ChZDSUhNMG9nS0VJQ0FnSURxenBLUFhREAE,فاطمه النعيمي,https://www.google.com/maps/contrib/116485522834731572831/reviews?hl=en,5,5 years ago,,False,True,False,2026-09-25
P03,الواجهة البحرية,الدمام,كورنيش,https://maps.app.goo.gl/E5ZBjcN8sv3pc3Jh8,ChZDSUhNMG9nS0VJQ0FnSURxenFMVkZREAE,BAR MAN,https://www.google.com/maps/contrib/116883122997688563489/reviews?hl=en,2,5 years ago,يحتاج صيانة وخدمات,True,True,False,2026-09-25
P03,الواجهة البحرية,الدمام,كورنيش,https://maps.app.goo.gl/E5ZBjcN8sv3pc3Jh8,ChZDSUhNMG9nS0VJQ0FnSURxMXRfSk5nEAE,Fatimah Ali,https://www.google.com/maps/contrib/109343138292181837683/reviews?hl=en,5,5 years ago,,False,True,False,2026-09-25
P03,الواجهة البحرية,الدمام,كورنيش,https://maps.app.goo.gl/E5ZBjcN8sv3pc3Jh8,ChdDSUhNMG9nS0VJQ0FnSURxcHFyMW93RRAB,Mohammed AlMohammedAli,https://www.google.com/maps/contrib/101559576664982012307/reviews?hl=en,4,5 years ago,,False,True,False,2026-09-25
P03,الواجهة البحرية,الدمام,كورنيش,https://maps.app.goo.gl/E5ZBjcN8sv3pc3Jh8,ChZDSUhNMG9nS0VJQ0FnSURxcXRqU1F3EAE,ماجد الزهراني,https://www.google.com/maps/contrib/106783838637169137541/reviews?hl=en,5,5 years ago,مكان جميل وهادئ,True,True,False,2026-09-25
P03,الواجهة البحرية,الدمام,كورنيش,https://maps.app.goo.gl/E5ZBjcN8sv3pc3Jh8,ChZDSUhNMG9nS0VJQ0FnSURxaW9DN09BEAE,NaWaF .a.M,https://www.google.com/maps/contrib/102040486104692131984/reviews?hl=en,5,5 years ago,,False,True,False,2026-09-25
P03,الواجهة البحرية,الدمام,كورنيش,https://maps.app.goo.gl/E5ZBjcN8sv3pc3Jh8,ChZDSUhNMG9nS0VJQ0FnSURxc3Z5Z0tREAE,travel 08,https://www.google.com/maps/contrib/117765743288167569990/reviews?hl=en,5,5 years ago,مكان جميل للممارسة رياضة المشي وقضاء وقت مع الأطفال للعب,True,True,False,2026-09-25
P03,الواجهة البحرية,الدمام,كورنيش,https://maps.app.goo.gl/E5ZBjcN8sv3pc3Jh8,ChZDSUhNMG9nS0VJQ0FnSURxa29yZWVnEAE,Jehad,https://www.google.com/maps/contrib/104927395374973005989/reviews?hl=en,5,5 years ago,,False,True,False,2026-09-25
P03,الواجهة البحرية,الدمام,كورنيش,https://maps.app.goo.gl/E5ZBjcN8sv3pc3Jh8,ChdDSUhNMG9nS0VJQ0FnSURxNHNmcjlnRRAB,Hadia Jareer,https://www.google.com/maps/contrib/117055057233411551407/reviews?hl=en,4,5 years ago,,False,True,False,2026-09-25
P03,الواجهة البحرية,الدمام,كورنيش,https://maps.app.goo.gl/E5ZBjcN8sv3pc3Jh8,ChZDSUhNMG9nS0VJQ0FnSURxOUx6a1pnEAE,Faisal Huraibi,https://www.google.com/maps/contrib/104026858083699588679/reviews?hl=en,5,5 years ago,,False,True,False,2026-09-25
P03,الواجهة البحرية,الدمام,كورنيش,https://maps.app.goo.gl/E5ZBjcN8sv3pc3Jh8,ChZDSUhNMG9nS0VJQ0FnSURxLUxfa1dnEAE,سلطان الفيفي,https://www.google.com/maps/contrib/115892523325696196623/reviews?hl=en,5,5 years ago,واجهة رائعة,True,True,False,2026-09-25
P03,الواجهة البحرية,الدمام,كورنيش,https://maps.app.goo.gl/E5ZBjcN8sv3pc3Jh8,ChdDSUhNMG9nS0VJQ0FnSURxc09lenl3RRAB,زاهــر بن أحمــد,https://www.google.com/maps/contrib/113098821338375342843/reviews?hl=en,5,5 years ago,مكان جميل ورائع,True,True,False,2026-09-25
P03,الواجهة البحرية,الدمام,كورنيش,https://maps.app.goo.gl/E5ZBjcN8sv3pc3Jh8,ChdDSUhNMG9nS0VJQ0FnSUNxXzlmSnp3RRAB,Mister Malik Ramadan,https://www.google.com/maps/contrib/106218544699992197448/reviews?hl=en,5,5 years ago,قمة الروعة,True,True,False,2026-09-25
P03,الواجهة البحرية,الدمام,كورنيش,https://maps.app.goo.gl/E5ZBjcN8sv3pc3Jh8,ChdDSUhNMG9nS0VJQ0FnSUNxbDhtRXlBRRAB,omar x,https://www.google.com/maps/contrib/113950114218968735080/reviews?hl=en,1,5 years ago,يحتاج الموقع مزيد من التطوير,True,True,False,2026-09-25
P03,الواجهة البحرية,الدمام,كورنيش,https://maps.app.goo.gl/E5ZBjcN8sv3pc3Jh8,ChdDSUhNMG9nS0VJQ0FnSUNxcDdUc3FBRRAB,soliman albarrak,https://www.google.com/maps/contrib/108826850478620687286/reviews?hl=en,5,5 years ago,مكان جميل ومتنزه جميل,True,True,False,2026-09-25
P03,الواجهة البحرية,الدمام,كورنيش,https://maps.app.goo.gl/E5ZBjcN8sv3pc3Jh8,ChdDSUhNMG9nS0VJQ0FnSUNxeV95U2lRRRAB,عبدالرحمن الهارون,https://www.google.com/maps/contrib/107652795588137332985/reviews?hl=en,5,5 years ago,,False,True,False,2026-09-25
P03,الواجهة البحرية,الدمام,كورنيش,https://maps.app.goo.gl/E5ZBjcN8sv3pc3Jh8,ChZDSUhNMG9nS0VJQ0FnSUNxazRXMmRREAE,Mohemed Tamimi,https://www.google.com/maps/contrib/103891211249680132470/reviews?hl=en,5,5 years ago,ممتاز جداً,True,True,False,2026-09-25
P03,الواجهة البحرية,الدمام,كورنيش,https://maps.app.goo.gl/E5ZBjcN8sv3pc3Jh8,ChdDSUhNMG9nS0VJQ0FnSUNxNDdMYjd3RRAB,شوق ناصر,https://www.google.com/maps/contrib/117620302360869684453/reviews?hl=en,5,5 years ago,راحه وانشراح غير المراجيح اللي امتداد الكورنيش،❤️❤️❤️,True,True,False,2026-09-25
P03,الواجهة البحرية,الدمام,كورنيش,https://maps.app.goo.gl/E5ZBjcN8sv3pc3Jh8,ChZDSUhNMG9nS0VJQ0FnSUNxd195N1J3EAE,Sameh Ahmed,https://www.google.com/maps/contrib/116073310477998714006/reviews?hl=en,4,5 years ago,,False,True,False,2026-09-25
P03,الواجهة البحرية,الدمام,كورنيش,https://maps.app.goo.gl/E5ZBjcN8sv3pc3Jh8,ChZDSUhNMG9nS0VJQ0FnSUNxdmZLNlR3EAE,Mohd Nisar Haque,https://www.google.com/maps/contrib/105360585686648799484/reviews?hl=en,4,5 years ago,,False,True,False,2026-09-25
P03,الواجهة البحرية,الدمام,كورنيش,https://maps.app.goo.gl/E5ZBjcN8sv3pc3Jh8,ChdDSUhNMG9nS0VJQ0FnSUNxclpUT2tnRRAB,ابراهيم التميمي,https://www.google.com/maps/contrib/101754952643054608186/reviews?hl=en,5,5 years ago,المكان هادئ والجو جميل اخر الليل انصح بزيارتها والاستمتاع برياضة المشي,True,True,False,2026-09-25
P03,الواجهة البحرية,الدمام,كورنيش,https://maps.app.goo.gl/E5ZBjcN8sv3pc3Jh8,ChdDSUhNMG9nS0VJQ0FnSUNxemJXNl93RRAB,Ahmad Al harbi,https://www.google.com/maps/contrib/110757235508260623376/reviews?hl=en,5,5 years ago,,False,True,False,2026-09-25
P03,الواجهة البحرية,الدمام,كورنيش,https://maps.app.goo.gl/E5ZBjcN8sv3pc3Jh8,ChZDSUhNMG9nS0VJQ0FnSUNxbGRLX013EAE,عبدالله سالم,https://www.google.com/maps/contrib/108414519185053232577/reviews?hl=en,4,5 years ago,,False,True,False,2026-09-25
P03,الواجهة البحرية,الدمام,كورنيش,https://maps.app.goo.gl/E5ZBjcN8sv3pc3Jh8,ChZDSUhNMG9nS0VJQ0FnSUNxd2MzNUZREAE,Ahmed Alsowailem,https://www.google.com/maps/contrib/113439476547433917683/reviews?hl=en,1,5 years ago,"للأسف فرق عن كرنيش الخبر  ب 570551912 درجه
انا اول مره اشوف كرنيش كله فيران وقطاوا
اتمنى في المستقبل يكون احسن ♤",True,True,False,2026-09-25
P03,الواجهة البحرية,الدمام,كورنيش,https://maps.app.goo.gl/E5ZBjcN8sv3pc3Jh8,ChdDSUhNMG9nS0VJQ0FnSUNxM3ZqWjBnRRAB,Qusai Mhalaia,https://www.google.com/maps/contrib/101231816762956177690/reviews?hl=en,5,5 years ago,مكان رائع,True,True,False,2026-09-25
P03,الواجهة البحرية,الدمام,كورنيش,https://maps.app.goo.gl/E5ZBjcN8sv3pc3Jh8,ChdDSUhNMG9nS0VJQ0FnSUNxNXF6WDZnRRAB,Yasser Nafady,https://www.google.com/maps/contrib/107709518275051509490/reviews?hl=en,4,5 years ago,,False,True,False,2026-09-25
P03,الواجهة البحرية,الدمام,كورنيش,https://maps.app.goo.gl/E5ZBjcN8sv3pc3Jh8,ChdDSUhNMG9nS0VJQ0FnSUNxcXZhcm1BRRAB,محمد العطافي,https://www.google.com/maps/contrib/111904048173935016505/reviews?hl=en,4,5 years ago,"مكان رائع ونظيف وحميل
لكن
لكن …",True,True,True,2026-09-25
P03,الواجهة البحرية,الدمام,كورنيش,https://maps.app.goo.gl/E5ZBjcN8sv3pc3Jh8,ChZDSUhNMG9nS0VJQ0FnSUNxeXJXOUVREAE,Jalal Salim,https://www.google.com/maps/contrib/110267344879594808713/reviews?hl=en,4,5 years ago,مكان جميل وهادي بس ينقصه خدمات,True,True,False,2026-09-25
P03,الواجهة البحرية,الدمام,كورنيش,https://maps.app.goo.gl/E5ZBjcN8sv3pc3Jh8,ChdDSUhNMG9nS0VJQ0FnSUNxNHZtVHFRRRAB,FAHAD MALKI,https://www.google.com/maps/contrib/117898689650970074755/reviews?hl=en,2,5 years ago,,False,True,False,2026-09-25
P03,الواجهة البحرية,الدمام,كورنيش,https://maps.app.goo.gl/E5ZBjcN8sv3pc3Jh8,ChZDSUhNMG9nS0VJQ0FnSUNxdk9uMUt3EAE,ابو العز,https://www.google.com/maps/contrib/115590880301662874282/reviews?hl=en,4,5 years ago,جيد جدا,True,True,False,2026-09-25
P03,الواجهة البحرية,الدمام,كورنيش,https://maps.app.goo.gl/E5ZBjcN8sv3pc3Jh8,ChdDSUhNMG9nS0VJQ0FnSUNxdktLeXdBRRAB,محي الدين المنصري,https://www.google.com/maps/contrib/104853885585811264819/reviews?hl=en,4,5 years ago,,False,True,False,2026-09-25
P03,الواجهة البحرية,الدمام,كورنيش,https://maps.app.goo.gl/E5ZBjcN8sv3pc3Jh8,ChdDSUhNMG9nS0VJQ0FnSUNxM0tEVDZ3RRAB,Abdul Khalique Abbasi,https://www.google.com/maps/contrib/110081358854911282428/reviews?hl=en,4,5 years ago,,False,True,False,2026-09-25
P03,الواجهة البحرية,الدمام,كورنيش,https://maps.app.goo.gl/E5ZBjcN8sv3pc3Jh8,ChdDSUhNMG9nS0VJQ0FnSUNxck1QZzJBRRAB,Tarek Ismael,https://www.google.com/maps/contrib/114512894720371356056/reviews?hl=en,5,5 years ago,,False,True,False,2026-09-25
P03,الواجهة البحرية,الدمام,كورنيش,https://maps.app.goo.gl/E5ZBjcN8sv3pc3Jh8,ChdDSUhNMG9nS0VJQ0FnSUNxak9MYmxRRRAB,ياسين البشيري,https://www.google.com/maps/contrib/111538265136056724720/reviews?hl=en,5,5 years ago,"اولا نشكر دولتنا الرشيده على ماقدمت للمواطن من متنزه
يستحق الزياره",True,True,False,2026-09-25
P03,الواجهة البحرية,الدمام,كورنيش,https://maps.app.goo.gl/E5ZBjcN8sv3pc3Jh8,ChdDSUhNMG9nS0VJQ0FnSUNxalB5ZTR3RRAB,ceno Ali,https://www.google.com/maps/contrib/116215932895800242262/reviews?hl=en,5,5 years ago,نشكر دولتنا الغاليه على هذا العمل وماتقدم به للمواطن والمقيم مثل هكذا متنزه,True,True,False,2026-09-25
P03,الواجهة البحرية,الدمام,كورنيش,https://maps.app.goo.gl/E5ZBjcN8sv3pc3Jh8,ChdDSUhNMG9nS0VJQ0FnSUNxaE91Zm9nRRAB,سليمان ابوعلي,https://www.google.com/maps/contrib/102742254434260348846/reviews?hl=en,5,5 years ago,ممتاز,True,True,False,2026-09-25
P03,الواجهة البحرية,الدمام,كورنيش,https://maps.app.goo.gl/E5ZBjcN8sv3pc3Jh8,ChZDSUhNMG9nS0VJQ0FnSUNxaEpuS1ZBEAE,Mohammed Alasfoor,https://www.google.com/maps/contrib/110881648700281935301/reviews?hl=en,2,5 years ago,,False,True,False,2026-09-25
P03,الواجهة البحرية,الدمام,كورنيش,https://maps.app.goo.gl/E5ZBjcN8sv3pc3Jh8,ChdDSUhNMG9nS0VJQ0FnSUNxaExMY21RRRAB,ABO AL3Z 1979,https://www.google.com/maps/contrib/100074141029416544259/reviews?hl=en,5,5 years ago,ممتااازه نظيفه وشرحه 👍 …,True,True,True,2026-09-25
P03,الواجهة البحرية,الدمام,كورنيش,https://maps.app.goo.gl/E5ZBjcN8sv3pc3Jh8,ChZDSUhNMG9nS0VJQ0FnSURLXzZILWZBEAE,Ali Almalki,https://www.google.com/maps/contrib/100164892153383748025/reviews?hl=en,5,Edited 5 years ago,جيده,True,True,False,2026-09-25
P03,الواجهة البحرية,الدمام,كورنيش,https://maps.app.goo.gl/E5ZBjcN8sv3pc3Jh8,ChZDSUhNMG9nS0VJQ0FnSUNxMElHYUdREAE,محمد خميس,https://www.google.com/maps/contrib/105742638788564808439/reviews?hl=en,4,5 years ago,,False,True,False,2026-09-25
P03,الواجهة البحرية,الدمام,كورنيش,https://maps.app.goo.gl/E5ZBjcN8sv3pc3Jh8,ChZDSUhNMG9nS0VJQ0FnSURLdjlMTld3EAE,البيك,https://www.google.com/maps/contrib/104290415648001038612/reviews?hl=en,3,5 years ago,لابأس فيه,True,True,False,2026-09-25
P03,الواجهة البحرية,الدمام,كورنيش,https://maps.app.goo.gl/E5ZBjcN8sv3pc3Jh8,ChdDSUhNMG9nS0VJQ0FnSURLbjlmOXBRRRAB,بيلسان,https://www.google.com/maps/contrib/115137922867583901156/reviews?hl=en,5,5 years ago,جميلة وونيسه,True,True,False,2026-09-25
P03,الواجهة البحرية,الدمام,كورنيش,https://maps.app.goo.gl/E5ZBjcN8sv3pc3Jh8,ChdDSUhNMG9nS0VJQ0FnSURLNzY2UHVnRRAB,Faisal,https://www.google.com/maps/contrib/109206668003515951844/reviews?hl=en,3,5 years ago,جميل جدا ويحتاج اضاءه أكثر,True,True,False,2026-09-25
P03,الواجهة البحرية,الدمام,كورنيش,https://maps.app.goo.gl/E5ZBjcN8sv3pc3Jh8,ChRDSUhNMG9nS0VJQ0FnSURLeDQ0VxAB,محمد2 moh502,https://www.google.com/maps/contrib/103552340953217355807/reviews?hl=en,5,Edited 5 years ago,رووعه,True,True,False,2026-09-25
P03,الواجهة البحرية,الدمام,كورنيش,https://maps.app.goo.gl/E5ZBjcN8sv3pc3Jh8,ChZDSUhNMG9nS0VJQ0FnSURLbF8yX0VREAE,يزيد عفيف,https://www.google.com/maps/contrib/107532750015496505284/reviews?hl=en,2,5 years ago,,False,True,False,2026-09-25
P03,الواجهة البحرية,الدمام,كورنيش,https://maps.app.goo.gl/E5ZBjcN8sv3pc3Jh8,ChdDSUhNMG9nS0VJQ0FnSURLNTYtdDZ3RRAB,محمد المحمد,https://www.google.com/maps/contrib/110705603114547601130/reviews?hl=en,5,5 years ago,روووعة,True,True,False,2026-09-25
P03,الواجهة البحرية,الدمام,كورنيش,https://maps.app.goo.gl/E5ZBjcN8sv3pc3Jh8,ChZDSUhNMG9nS0VJQ0FnSURLcllfc1J3EAE,SLY SLY,https://www.google.com/maps/contrib/105395719195074018074/reviews?hl=en,5,5 years ago,,False,True,False,2026-09-25
P03,الواجهة البحرية,الدمام,كورنيش,https://maps.app.goo.gl/E5ZBjcN8sv3pc3Jh8,ChZDSUhNMG9nS0VJQ0FnSURLclpQOE9BEAE,IBRAHIM Al,https://www.google.com/maps/contrib/109971204206853160565/reviews?hl=en,3,5 years ago,,False,True,False,2026-09-25
P03,الواجهة البحرية,الدمام,كورنيش,https://maps.app.goo.gl/E5ZBjcN8sv3pc3Jh8,ChdDSUhNMG9nS0VJQ0FnSURLemJYempBRRAB,Haytham Galal,https://www.google.com/maps/contrib/102965131092505398080/reviews?hl=en,4,5 years ago,جلسات عائلية هادئة,True,True,False,2026-09-25
P03,الواجهة البحرية,الدمام,كورنيش,https://maps.app.goo.gl/E5ZBjcN8sv3pc3Jh8,ChdDSUhNMG9nS0VJQ0FnSURLemVXMm9nRRAB,HUDA ALMARZOOQ,https://www.google.com/maps/contrib/103881274111619649552/reviews?hl=en,5,5 years ago,,False,True,False,2026-09-25
P03,الواجهة البحرية,الدمام,كورنيش,https://maps.app.goo.gl/E5ZBjcN8sv3pc3Jh8,ChdDSUhNMG9nS0VJQ0FnSURLOVluZzN3RRAB,احمد المليكي,https://www.google.com/maps/contrib/115911487894235428341/reviews?hl=en,5,5 years ago,,False,True,False,2026-09-25
P03,الواجهة البحرية,الدمام,كورنيش,https://maps.app.goo.gl/E5ZBjcN8sv3pc3Jh8,ChdDSUhNMG9nS0VJQ0FnSURLOWVIY3B3RRAB,Rahaf Aldossary,https://www.google.com/maps/contrib/117213201707378985741/reviews?hl=en,5,5 years ago,,False,True,False,2026-09-25
P03,الواجهة البحرية,الدمام,كورنيش,https://maps.app.goo.gl/E5ZBjcN8sv3pc3Jh8,ChZDSUhNMG9nS0VJQ0FnSURLbGNxVmVnEAE,محمد عامر,https://www.google.com/maps/contrib/112756530474355960247/reviews?hl=en,3,5 years ago,,False,True,False,2026-09-25
P03,الواجهة البحرية,الدمام,كورنيش,https://maps.app.goo.gl/E5ZBjcN8sv3pc3Jh8,ChZDSUhNMG9nS0VJQ0FnSURLeGVEZ2FREAE,Sara Eldsouky,https://www.google.com/maps/contrib/106557288286877133259/reviews?hl=en,5,5 years ago,,False,True,False,2026-09-25
P03,الواجهة البحرية,الدمام,كورنيش,https://maps.app.goo.gl/E5ZBjcN8sv3pc3Jh8,ChdDSUhNMG9nS0VJQ0FnSURLaGRIcXpRRRAB,tota hassan,https://www.google.com/maps/contrib/105932516231197331831/reviews?hl=en,5,5 years ago,رائعة جداً,True,True,False,2026-09-25
P03,الواجهة البحرية,الدمام,كورنيش,https://maps.app.goo.gl/E5ZBjcN8sv3pc3Jh8,ChZDSUhNMG9nS0VJQ0FnSURLLWNxSGRnEAE,Hussain Al Saghirat,https://www.google.com/maps/contrib/117217787912304930456/reviews?hl=en,3,5 years ago,,False,True,False,2026-09-25
P03,الواجهة البحرية,الدمام,كورنيش,https://maps.app.goo.gl/E5ZBjcN8sv3pc3Jh8,ChZDSUhNMG9nS0VJQ0FnSURLX3VIWUp3EAE,عبدالعزيز الماجد,https://www.google.com/maps/contrib/116526190522617665894/reviews?hl=en,5,5 years ago,رايق,True,True,False,2026-09-25
P03,الواجهة البحرية,الدمام,كورنيش,https://maps.app.goo.gl/E5ZBjcN8sv3pc3Jh8,ChZDSUhNMG9nS0VJQ0FnSURLdm92WFV3EAE,Ahmed Saeed,https://www.google.com/maps/contrib/110062310107195270862/reviews?hl=en,4,5 years ago,أجزاء رائعة,True,True,False,2026-09-25
P03,الواجهة البحرية,الدمام,كورنيش,https://maps.app.goo.gl/E5ZBjcN8sv3pc3Jh8,ChZDSUhNMG9nS0VJQ0FnSURLanNLSlN3EAE,Mohamed Abdulghani,https://www.google.com/maps/contrib/104143694989988732790/reviews?hl=en,4,5 years ago,,False,True,False,2026-09-25
P03,الواجهة البحرية,الدمام,كورنيش,https://maps.app.goo.gl/E5ZBjcN8sv3pc3Jh8,ChdDSUhNMG9nS0VJQ0FnSURLMXJUandBRRAB,khaled johr,https://www.google.com/maps/contrib/103974922720102351544/reviews?hl=en,5,5 years ago,,False,True,False,2026-09-25
P03,الواجهة البحرية,الدمام,كورنيش,https://maps.app.goo.gl/E5ZBjcN8sv3pc3Jh8,ChZDSUhNMG9nS0VJQ0FnSURLeHRfMlN3EAE,& ؛,https://www.google.com/maps/contrib/105738270384799936756/reviews?hl=en,4,5 years ago,جميلة بس القطاوة تزعجك ما تخليك تجلس 😅 …,True,True,True,2026-09-25
P03,الواجهة البحرية,الدمام,كورنيش,https://maps.app.goo.gl/E5ZBjcN8sv3pc3Jh8,ChZDSUhNMG9nS0VJQ0FnSURLNnJmMEhREAE,yasmin abdallah,https://www.google.com/maps/contrib/101747046544641067149/reviews?hl=en,5,5 years ago,,False,True,False,2026-09-25
P03,الواجهة البحرية,الدمام,كورنيش,https://maps.app.goo.gl/E5ZBjcN8sv3pc3Jh8,ChdDSUhNMG9nS0VJQ0FnSURLNnJ5LWhnRRAB,فارس الديك,https://www.google.com/maps/contrib/103223557669156870263/reviews?hl=en,3,5 years ago,يحتاج التعديل,True,True,False,2026-09-25
P03,الواجهة البحرية,الدمام,كورنيش,https://maps.app.goo.gl/E5ZBjcN8sv3pc3Jh8,ChZDSUhNMG9nS0VJQ0FnSURLcXBubUFnEAE,Hosam Afify,https://www.google.com/maps/contrib/104799678317860371222/reviews?hl=en,4,5 years ago,,False,True,False,2026-09-25
P03,الواجهة البحرية,الدمام,كورنيش,https://maps.app.goo.gl/E5ZBjcN8sv3pc3Jh8,ChdDSUhNMG9nS0VJQ0FnSURLa3B2WHdnRRAB,محمد بن يوسف العباد,https://www.google.com/maps/contrib/114756084350817322032/reviews?hl=en,5,5 years ago,,False,True,False,2026-09-25
P03,الواجهة البحرية,الدمام,كورنيش,https://maps.app.goo.gl/E5ZBjcN8sv3pc3Jh8,ChZDSUhNMG9nS0VJQ0FnSURLM0tDT2FREAE,ماجد العقيلي,https://www.google.com/maps/contrib/106796706650253706569/reviews?hl=en,5,5 years ago,,False,True,False,2026-09-25
P03,الواجهة البحرية,الدمام,كورنيش,https://maps.app.goo.gl/E5ZBjcN8sv3pc3Jh8,ChdDSUhNMG9nS0VJQ0FnSURLckxpRzdnRRAB,محمد أبوالعنين محمد,https://www.google.com/maps/contrib/108647683036359733535/reviews?hl=en,5,5 years ago,,False,True,False,2026-09-25
P03,الواجهة البحرية,الدمام,كورنيش,https://maps.app.goo.gl/E5ZBjcN8sv3pc3Jh8,ChZDSUhNMG9nS0VJQ0FnSURLaktUZ1V3EAE,ممدوح الشمري,https://www.google.com/maps/contrib/110187425044308030860/reviews?hl=en,5,5 years ago,,False,True,False,2026-09-25
P03,الواجهة البحرية,الدمام,كورنيش,https://maps.app.goo.gl/E5ZBjcN8sv3pc3Jh8,ChZDSUhNMG9nS0VJQ0FnSURLaFBLREZnEAE,Jehad Al-Atoom,https://www.google.com/maps/contrib/114183365333692202724/reviews?hl=en,5,5 years ago,,False,True,False,2026-09-25
P03,الواجهة البحرية,الدمام,كورنيش,https://maps.app.goo.gl/E5ZBjcN8sv3pc3Jh8,ChZDSUhNMG9nS0VJQ0FnSURLLUpybUNREAE,Haya30 Alsuwayed,https://www.google.com/maps/contrib/101590383346492543215/reviews?hl=en,5,5 years ago,,False,True,False,2026-09-25
P03,الواجهة البحرية,الدمام,كورنيش,https://maps.app.goo.gl/E5ZBjcN8sv3pc3Jh8,ChZDSUhNMG9nS0VJQ0FnSURLbU9ueUl3EAE,Mohamed Gobara,https://www.google.com/maps/contrib/117152447665372881061/reviews?hl=en,4,5 years ago,,False,True,False,2026-09-25
P03,الواجهة البحرية,الدمام,كورنيش,https://maps.app.goo.gl/E5ZBjcN8sv3pc3Jh8,ChdDSUhNMG9nS0VJQ0FnSURLNEltWGlRRRAB,Khalid Alshareef,https://www.google.com/maps/contrib/112090843580099020156/reviews?hl=en,5,5 years ago,مكان للراحة,True,True,False,2026-09-25
P03,الواجهة البحرية,الدمام,كورنيش,https://maps.app.goo.gl/E5ZBjcN8sv3pc3Jh8,ChZDSUhNMG9nS0VJQ0FnSUNLMy1hWEZ3EAE,Abo Khaled,https://www.google.com/maps/contrib/115279474579188356869/reviews?hl=en,3,5 years ago,تجربه جيده ومكان رائع,True,True,False,2026-09-25
P03,الواجهة البحرية,الدمام,كورنيش,https://maps.app.goo.gl/E5ZBjcN8sv3pc3Jh8,ChdDSUhNMG9nS0VJQ0FnSUNLcjhIWmtBRRAB,Ah Ah,https://www.google.com/maps/contrib/114896112345059884635/reviews?hl=en,3,5 years ago,"٣٥٦٧٨٩١٣٤٦
الو",True,True,False,2026-09-25
P03,الواجهة البحرية,الدمام,كورنيش,https://maps.app.goo.gl/E5ZBjcN8sv3pc3Jh8,ChdDSUhNMG9nS0VJQ0FnSUNLOV9hTGp3RRAB,Zeayd alshammry,https://www.google.com/maps/contrib/104096019436559048596/reviews?hl=en,5,5 years ago,🤩 يازين المنظر …,True,True,True,2026-09-25
P03,الواجهة البحرية,الدمام,كورنيش,https://maps.app.goo.gl/E5ZBjcN8sv3pc3Jh8,ChdDSUhNMG9nS0VJQ0FnSUNLOTRqdW5RRRAB,omar seyam,https://www.google.com/maps/contrib/102602632057558774183/reviews?hl=en,5,5 years ago,مكان جميل و نظيف نسبيا و هادئ و يوجد مكان لألعاب الأطفال على جنب  و يوجد مطاعم قريبة و مواقف كثيرة مكان جميل جدا,True,True,False,2026-09-25
P03,الواجهة البحرية,الدمام,كورنيش,https://maps.app.goo.gl/E5ZBjcN8sv3pc3Jh8,ChdDSUhNMG9nS0VJQ0FnSUNLdF8tTzNBRRAB,محمد علي,https://www.google.com/maps/contrib/108526344566270070542/reviews?hl=en,5,5 years ago,روعه المكان,True,True,False,2026-09-25
P03,الواجهة البحرية,الدمام,كورنيش,https://maps.app.goo.gl/E5ZBjcN8sv3pc3Jh8,ChZDSUhNMG9nS0VJQ0FnSUNLdTR6ck93EAE,Mohammed Al-Hanabi,https://www.google.com/maps/contrib/116542883399754241300/reviews?hl=en,5,5 years ago,,False,True,False,2026-09-25
P03,الواجهة البحرية,الدمام,كورنيش,https://maps.app.goo.gl/E5ZBjcN8sv3pc3Jh8,ChdDSUhNMG9nS0VJQ0FnSUNLazh2X2t3RRAB,Feras ahmed Gh,https://www.google.com/maps/contrib/111690108379104701860/reviews?hl=en,5,5 years ago,الكورنيش الجديد مقابل المتجر الوطني نظافة وهدوء والبحر رووعة,True,True,False,2026-09-25
P03,الواجهة البحرية,الدمام,كورنيش,https://maps.app.goo.gl/E5ZBjcN8sv3pc3Jh8,ChdDSUhNMG9nS0VJQ0FnSUNLbzdfN3ZRRRAB,MOHAMED ALQALAF,https://www.google.com/maps/contrib/110697143225061562700/reviews?hl=en,4,5 years ago,المكان جميل ولكن يحتاج لاهتمام وصيانة من قبل البلدية .,True,True,False,2026-09-25
P03,الواجهة البحرية,الدمام,كورنيش,https://maps.app.goo.gl/E5ZBjcN8sv3pc3Jh8,ChdDSUhNMG9nS0VJQ0FnSUNLbzY2eW5RRRAB,Ayat Ali,https://www.google.com/maps/contrib/114957112900831567967/reviews?hl=en,5,5 years ago,جميل,True,True,False,2026-09-25
P03,الواجهة البحرية,الدمام,كورنيش,https://maps.app.goo.gl/E5ZBjcN8sv3pc3Jh8,ChdDSUhNMG9nS0VJQ0FnSUNLdzdieDN3RRAB,Sarith PP,https://www.google.com/maps/contrib/107558081590458863424/reviews?hl=en,4,5 years ago,,False,True,False,2026-09-25
P03,الواجهة البحرية,الدمام,كورنيش,https://maps.app.goo.gl/E5ZBjcN8sv3pc3Jh8,ChZDSUhNMG9nS0VJQ0FnSUNLcmQtQ0JBEAE,HAROON RASHEED,https://www.google.com/maps/contrib/102691757693387128939/reviews?hl=en,5,5 years ago,,False,True,False,2026-09-25
P03,الواجهة البحرية,الدمام,كورنيش,https://maps.app.goo.gl/E5ZBjcN8sv3pc3Jh8,ChZDSUhNMG9nS0VJQ0FnSUNLcmVqMk9REAE,Thamer,https://www.google.com/maps/contrib/103859994493517477208/reviews?hl=en,5,5 years ago,مكان جميل خصوصًا من نهاية اكتوبر الى بداية ابريل,True,True,False,2026-09-25
P03,الواجهة البحرية,الدمام,كورنيش,https://maps.app.goo.gl/E5ZBjcN8sv3pc3Jh8,ChdDSUhNMG9nS0VJQ0FnSUNLcFlpbHZRRRAB,read alrasheed,https://www.google.com/maps/contrib/118108901812430918113/reviews?hl=en,5,5 years ago,جميل ونظيف,True,True,False,2026-09-25
P03,الواجهة البحرية,الدمام,كورنيش,https://maps.app.goo.gl/E5ZBjcN8sv3pc3Jh8,ChdDSUhNMG9nS0VJQ0FnSUNLNmRmZWtBRRAB,ع الغامدي,https://www.google.com/maps/contrib/102894380574539413796/reviews?hl=en,5,5 years ago,رايق,True,True,False,2026-09-25
P03,الواجهة البحرية,الدمام,كورنيش,https://maps.app.goo.gl/E5ZBjcN8sv3pc3Jh8,ChdDSUhNMG9nS0VJQ0FnSUNLc2RMbzFBRRAB,mhamad yaman,https://www.google.com/maps/contrib/111904464993496044469/reviews?hl=en,4,5 years ago,موقع جميل ورائع لل تنزه والخروج مع العائلة,True,True,False,2026-09-25
P03,الواجهة البحرية,الدمام,كورنيش,https://maps.app.goo.gl/E5ZBjcN8sv3pc3Jh8,ChdDSUhNMG9nS0VJQ0FnSUNLMFk3djVRRRAB,خالد محمد,https://www.google.com/maps/contrib/108112692621089313854/reviews?hl=en,5,5 years ago,,False,True,False,2026-09-25
P03,الواجهة البحرية,الدمام,كورنيش,https://maps.app.goo.gl/E5ZBjcN8sv3pc3Jh8,ChdDSUhNMG9nS0VJQ0FnSUNLMGREYTh3RRAB,Saif Rushdi,https://www.google.com/maps/contrib/108422846108885961869/reviews?hl=en,5,5 years ago,,False,True,False,2026-09-25
P03,الواجهة البحرية,الدمام,كورنيش,https://maps.app.goo.gl/E5ZBjcN8sv3pc3Jh8,ChZDSUhNMG9nS0VJQ0FnSUNLM3ZXV1ZnEAE,odah Oahle,https://www.google.com/maps/contrib/110652392340490150367/reviews?hl=en,2,5 years ago,,False,True,False,2026-09-25
P03,الواجهة البحرية,الدمام,كورنيش,https://maps.app.goo.gl/E5ZBjcN8sv3pc3Jh8,ChdDSUhNMG9nS0VJQ0FnSUNLN3JHMnd3RRAB,طلالxD,https://www.google.com/maps/contrib/100248381942263612801/reviews?hl=en,5,5 years ago,حلو,True,True,False,2026-09-25
P03,الواجهة البحرية,الدمام,كورنيش,https://maps.app.goo.gl/E5ZBjcN8sv3pc3Jh8,ChZDSUhNMG9nS0VJQ0FnSURTOWJXS2ZBEAE,Nourah Abdulla,https://www.google.com/maps/contrib/115501887514839621969/reviews?hl=en,5,Edited 5 years ago,لا ارغب في مغادرتها 💔😭 جميل جدا المنظر لكن يحزنني منظر القمامه ومخلفات الزوار ومرتادي المكان يقمون بالقاء مخلفاتهم او تركها😳 جدا حرام وايضا لكن اين عمال النظافة 😡 هداهم الله واين البلدية عنهم علي طول الواجهة مرورا بالكورنيش زبايل لا حصر لها حسبي الله ونعما الوكيل لماذا لا توضع كميرات مراقبه  لرصد المخالفين وتغريمهم يجب وضع غرامات علي تارك مخلفاتهم وعدم رميها في المكان المخصص اقل شي وتوفير عمال نظافه مراقبة ايضا وعدم اعطاء العامل اية نقود غير راتبه مم الزوار هذا تصرف خاطئ,True,True,False,2026-09-25
P03,الواجهة البحرية,الدمام,كورنيش,https://maps.app.goo.gl/E5ZBjcN8sv3pc3Jh8,ChdDSUhNMG9nS0VJQ0FnSUNLLXRYS3FBRRAB,حليمه شريده,https://www.google.com/maps/contrib/104163730390045703683/reviews?hl=en,4,Edited 5 years ago,,False,True,False,2026-09-25
P03,الواجهة البحرية,الدمام,كورنيش,https://maps.app.goo.gl/E5ZBjcN8sv3pc3Jh8,ChdDSUhNMG9nS0VJQ0FnSUNLMXNXcGdBRRAB,Freddy Carbonell,https://www.google.com/maps/contrib/112167713456128483796/reviews?hl=en,4,5 years ago,,False,True,False,2026-09-25
P03,الواجهة البحرية,الدمام,كورنيش,https://maps.app.goo.gl/E5ZBjcN8sv3pc3Jh8,ChZDSUhNMG9nS0VJQ0FnSUNLMXFyMU9REAE,Fayzah Q,https://www.google.com/maps/contrib/115765328487087956396/reviews?hl=en,5,5 years ago,,False,True,False,2026-09-25
P03,الواجهة البحرية,الدمام,كورنيش,https://maps.app.goo.gl/E5ZBjcN8sv3pc3Jh8,ChZDSUhNMG9nS0VJQ0FnSUNLaG9xeEJnEAE,Ali 7ussain,https://www.google.com/maps/contrib/106214667606401645803/reviews?hl=en,4,5 years ago,المكان جميل وقت الغروب.,True,True,False,2026-09-25
P03,الواجهة البحرية,الدمام,كورنيش,https://maps.app.goo.gl/E5ZBjcN8sv3pc3Jh8,ChdDSUhNMG9nS0VJQ0FnSUNLLXNEcGxBRRAB,Mohamed Abd El Karim,https://www.google.com/maps/contrib/116848181468523155102/reviews?hl=en,5,5 years ago,,False,True,False,2026-09-25
P03,الواجهة البحرية,الدمام,كورنيش,https://maps.app.goo.gl/E5ZBjcN8sv3pc3Jh8,ChZDSUhNMG9nS0VJQ0FnSUNLdXZlWWRBEAE,A30 a13,https://www.google.com/maps/contrib/115611548561158978918/reviews?hl=en,5,5 years ago,صراحة كورنيش رائع وجميل والجلسة فيه لأتمل،  واجهة سياحية مشرفة للسعودية شكرا لبلدية الخبر على هذا العمل الجبار👍 …,True,True,True,2026-09-25
P03,الواجهة البحرية,الدمام,كورنيش,https://maps.app.goo.gl/E5ZBjcN8sv3pc3Jh8,ChdDSUhNMG9nS0VJQ0FnSUNLMm96NDlBRRAB,mohammad hasan,https://www.google.com/maps/contrib/101043745835425519400/reviews?hl=en,5,5 years ago,,False,True,False,2026-09-25
P03,الواجهة البحرية,الدمام,كورنيش,https://maps.app.goo.gl/E5ZBjcN8sv3pc3Jh8,ChdDSUhNMG9nS0VJQ0FnSUNLcXIzZnVnRRAB,Amoon Badr.,https://www.google.com/maps/contrib/103793113734700720027/reviews?hl=en,5,5 years ago,شي جميل جدا انصح فيه,True,True,False,2026-09-25
P03,الواجهة البحرية,الدمام,كورنيش,https://maps.app.goo.gl/E5ZBjcN8sv3pc3Jh8,ChdDSUhNMG9nS0VJQ0FnSUNLeXFMcWxBRRAB,Abdullah Alzogyebi,https://www.google.com/maps/contrib/104529500556846977205/reviews?hl=en,5,5 years ago,جميله,True,True,False,2026-09-25
P03,الواجهة البحرية,الدمام,كورنيش,https://maps.app.goo.gl/E5ZBjcN8sv3pc3Jh8,ChdDSUhNMG9nS0VJQ0FnSUNLc3QzUDRnRRAB,طلال حسن الريضه,https://www.google.com/maps/contrib/117613510021457272351/reviews?hl=en,3,5 years ago,👍🤝 …,False,True,True,2026-09-25
P03,الواجهة البحرية,الدمام,كورنيش,https://maps.app.goo.gl/E5ZBjcN8sv3pc3Jh8,ChZDSUhNMG9nS0VJQ0FnSUNLZ3JxdlZ3EAE,Aktar Choudhury,https://www.google.com/maps/contrib/108405311308895560130/reviews?hl=en,5,5 years ago,Nyc,False,True,False,2026-09-25
P03,الواجهة البحرية,الدمام,كورنيش,https://maps.app.goo.gl/E5ZBjcN8sv3pc3Jh8,ChZDSUhNMG9nS0VJQ0FnSUNLNVBmNkZBEAE,Mohamed557673864 Mohamed,https://www.google.com/maps/contrib/111352177917674038931/reviews?hl=en,4,5 years ago,روعه كهدوء,True,True,False,2026-09-25
P03,الواجهة البحرية,الدمام,كورنيش,https://maps.app.goo.gl/E5ZBjcN8sv3pc3Jh8,ChdDSUhNMG9nS0VJQ0FnSUNLeE5EeTRnRRAB,Hussin Ahmed,https://www.google.com/maps/contrib/105016293097856981684/reviews?hl=en,5,5 years ago,,False,True,False,2026-09-25
P03,الواجهة البحرية,الدمام,كورنيش,https://maps.app.goo.gl/E5ZBjcN8sv3pc3Jh8,ChdDSUhNMG9nS0VJQ0FnSUNLaE1pZWdBRRAB,خديجة جاسم,https://www.google.com/maps/contrib/115766200845739087143/reviews?hl=en,5,5 years ago,نظيفة مره ماشاء الله وترتيب,True,True,False,2026-09-25
P03,الواجهة البحرية,الدمام,كورنيش,https://maps.app.goo.gl/E5ZBjcN8sv3pc3Jh8,ChZDSUhNMG9nS0VJQ0FnSUNLMko2Y0RBEAE,ابو تالا العيسى,https://www.google.com/maps/contrib/100174057848474423316/reviews?hl=en,5,5 years ago,ممتازه  بنقصه ة الا هتمام   با  المنظر  وااستبدال  الفترك  با  كفيهات تكون  مباني  افضل  من  المنظر حق  الفوترك  وتبقى  للا اسر  المنتجه  بس  يتظبط  الشكل,True,True,False,2026-09-25
P03,الواجهة البحرية,الدمام,كورنيش,https://maps.app.goo.gl/E5ZBjcN8sv3pc3Jh8,ChZDSUhNMG9nS0VJQ0FnSUNLbU9tckpREAE,عبدالله البليهي,https://www.google.com/maps/contrib/116242440814821806440/reviews?hl=en,5,5 years ago,ممتازة,True,True,False,2026-09-25
P03,الواجهة البحرية,الدمام,كورنيش,https://maps.app.goo.gl/E5ZBjcN8sv3pc3Jh8,ChZDSUhNMG9nS0VJQ0FnSUNLcU92MEZREAE,Omar Alshehri,https://www.google.com/maps/contrib/105221151152961413821/reviews?hl=en,5,5 years ago,,False,True,False,2026-09-25
P03,الواجهة البحرية,الدمام,كورنيش,https://maps.app.goo.gl/E5ZBjcN8sv3pc3Jh8,ChdDSUhNMG9nS0VJQ0FnSUNLcU1hd2xnRRAB,عبدالله سعيد,https://www.google.com/maps/contrib/106573963115178524679/reviews?hl=en,5,5 years ago,,False,True,False,2026-09-25
P03,الواجهة البحرية,الدمام,كورنيش,https://maps.app.goo.gl/E5ZBjcN8sv3pc3Jh8,ChZDSUhNMG9nS0VJQ0FnSUNLeUtLV1VnEAE,Adel Atiaa,https://www.google.com/maps/contrib/105657324473873487215/reviews?hl=en,5,5 years ago,متنفس صحي وجميل,True,True,False,2026-09-25
P03,الواجهة البحرية,الدمام,كورنيش,https://maps.app.goo.gl/E5ZBjcN8sv3pc3Jh8,ChdDSUhNMG9nS0VJQ0FnSUR5bjdqSnJBRRAB,JoJy JAs,https://www.google.com/maps/contrib/109278414132287576675/reviews?hl=en,5,5 years ago,,False,True,False,2026-09-25
P03,الواجهة البحرية,الدمام,كورنيش,https://maps.app.goo.gl/E5ZBjcN8sv3pc3Jh8,ChZDSUhNMG9nS0VJQ0FnSUR5al9LQk1BEAE,Fayez,https://www.google.com/maps/contrib/112149544580685834519/reviews?hl=en,4,5 years ago,النظافة والاهتمام ..,True,True,False,2026-09-25
P03,الواجهة البحرية,الدمام,كورنيش,https://maps.app.goo.gl/E5ZBjcN8sv3pc3Jh8,ChdDSUhNMG9nS0VJQ0FnSUR5MTZqMXRnRRAB,Eyad Nassar,https://www.google.com/maps/contrib/116120074866803051877/reviews?hl=en,5,5 years ago,كورنيش اكثر من رائع,True,True,False,2026-09-25
P03,الواجهة البحرية,الدمام,كورنيش,https://maps.app.goo.gl/E5ZBjcN8sv3pc3Jh8,ChZDSUhNMG9nS0VJQ0FnSUR5cC0tbFBREAE,abo omar raslan,https://www.google.com/maps/contrib/105133535405301311301/reviews?hl=en,5,5 years ago,الافضل في السعوديه مساخات ونضافه والله يهدي الناس ويبعدو عن بعض شوي احسن ماتتسكر نهائي بهالجائحة,True,True,False,2026-09-25
P03,الواجهة البحرية,الدمام,كورنيش,https://maps.app.goo.gl/E5ZBjcN8sv3pc3Jh8,ChdDSUhNMG9nS0VJQ0FnSUR5eDh5MjZ3RRAB,Mr ABDULLAH,https://www.google.com/maps/contrib/109884655168228867140/reviews?hl=en,5,5 years ago,,False,True,False,2026-09-25
P03,الواجهة البحرية,الدمام,كورنيش,https://maps.app.goo.gl/E5ZBjcN8sv3pc3Jh8,ChdDSUhNMG9nS0VJQ0FnSUR5LV9PRHB3RRAB,YUKI 27,https://www.google.com/maps/contrib/103105186051695611792/reviews?hl=en,5,5 years ago,,False,True,False,2026-09-25
P03,الواجهة البحرية,الدمام,كورنيش,https://maps.app.goo.gl/E5ZBjcN8sv3pc3Jh8,ChdDSUhNMG9nS0VJQ0FnSUR5cTRQbWhBRRAB,Abdelnasser Hmed,https://www.google.com/maps/contrib/115358347831594544302/reviews?hl=en,5,5 years ago,,False,True,False,2026-09-25
P03,الواجهة البحرية,الدمام,كورنيش,https://maps.app.goo.gl/E5ZBjcN8sv3pc3Jh8,ChdDSUhNMG9nS0VJQ0FnSUR5aTltNDRBRRAB,talal l,https://www.google.com/maps/contrib/105803882854164450171/reviews?hl=en,1,5 years ago,لبعدها عن منزلنا,True,True,False,2026-09-25
P03,الواجهة البحرية,الدمام,كورنيش,https://maps.app.goo.gl/E5ZBjcN8sv3pc3Jh8,ChdDSUhNMG9nS0VJQ0FnSUR5aTZEbHpRRRAB,Mohammed Al Hmod,https://www.google.com/maps/contrib/115282846244123749709/reviews?hl=en,5,5 years ago,مكان رايق,True,True,False,2026-09-25
P03,الواجهة البحرية,الدمام,كورنيش,https://maps.app.goo.gl/E5ZBjcN8sv3pc3Jh8,ChdDSUhNMG9nS0VJQ0FnSUR5bGEydGpRRRAB,Shaista Akbar,https://www.google.com/maps/contrib/107162651405071633330/reviews?hl=en,5,5 years ago,,False,True,False,2026-09-25
P03,الواجهة البحرية,الدمام,كورنيش,https://maps.app.goo.gl/E5ZBjcN8sv3pc3Jh8,ChdDSUhNMG9nS0VJQ0FnSUR5NlkyUjJnRRAB,Zaid,https://www.google.com/maps/contrib/107529708086975800870/reviews?hl=en,5,5 years ago,,False,True,False,2026-09-25
P03,الواجهة البحرية,الدمام,كورنيش,https://maps.app.goo.gl/E5ZBjcN8sv3pc3Jh8,ChdDSUhNMG9nS0VJQ0FnSUR5cWVPR2hnRRAB,Adnan Almobarak,https://www.google.com/maps/contrib/113943955593148346533/reviews?hl=en,5,5 years ago,"My favourite
Walk there

جميل جدا ، مكان ممتاز لرياضة المشي",True,True,False,2026-09-25
P03,الواجهة البحرية,الدمام,كورنيش,https://maps.app.goo.gl/E5ZBjcN8sv3pc3Jh8,ChdDSUhNMG9nS0VJQ0FnSUR5eWF5NXhRRRAB,Ehab Badawy,https://www.google.com/maps/contrib/108983619882910038814/reviews?hl=en,5,5 years ago,,False,True,False,2026-09-25
P03,الواجهة البحرية,الدمام,كورنيش,https://maps.app.goo.gl/E5ZBjcN8sv3pc3Jh8,ChZDSUhNMG9nS0VJQ0FnSUR5MGNqdkhBEAE,Adham Yahya,https://www.google.com/maps/contrib/104652948703712465935/reviews?hl=en,5,5 years ago,,False,True,False,2026-09-25
P03,الواجهة البحرية,الدمام,كورنيش,https://maps.app.goo.gl/E5ZBjcN8sv3pc3Jh8,ChdDSUhNMG9nS0VJQ0FnSUR5d1luMHJnRRAB,Mohammed M,https://www.google.com/maps/contrib/100442950718086038180/reviews?hl=en,5,5 years ago,,False,True,False,2026-09-25
P03,الواجهة البحرية,الدمام,كورنيش,https://maps.app.goo.gl/E5ZBjcN8sv3pc3Jh8,ChdDSUhNMG9nS0VJQ0FnSUR5Z1lEbzRnRRAB,Salah Aljuryyed,https://www.google.com/maps/contrib/107012203409065447843/reviews?hl=en,3,5 years ago,تحتاج اهتمام وصيانة بعض المناطق فيها,True,True,False,2026-09-25
P03,الواجهة البحرية,الدمام,كورنيش,https://maps.app.goo.gl/E5ZBjcN8sv3pc3Jh8,ChdDSUhNMG9nS0VJQ0FnSUR5bnVYRDZ3RRAB,mohammed ALSHIMRY,https://www.google.com/maps/contrib/111590558339729953669/reviews?hl=en,5,5 years ago,ممتار,True,True,False,2026-09-25
P03,الواجهة البحرية,الدمام,كورنيش,https://maps.app.goo.gl/E5ZBjcN8sv3pc3Jh8,ChZDSUhNMG9nS0VJQ0FnSUR5N3FESUZBEAE,Mohammad Fahmawi,https://www.google.com/maps/contrib/109696537616653493784/reviews?hl=en,4,5 years ago,,False,True,False,2026-09-25
P03,الواجهة البحرية,الدمام,كورنيش,https://maps.app.goo.gl/E5ZBjcN8sv3pc3Jh8,ChdDSUhNMG9nS0VJQ0FnSUR5MXJtejJnRRAB,اشرف المغربي,https://www.google.com/maps/contrib/100985280953437169862/reviews?hl=en,4,5 years ago,"جيدة جدا
تحتاج إضافة بعض الخدمات",True,True,False,2026-09-25
P03,الواجهة البحرية,الدمام,كورنيش,https://maps.app.goo.gl/E5ZBjcN8sv3pc3Jh8,ChZDSUhNMG9nS0VJQ0FnSUR5bHBIQVZ3EAE,EBRAA ebraa,https://www.google.com/maps/contrib/110201200077342399969/reviews?hl=en,5,5 years ago,,False,True,False,2026-09-25
P03,الواجهة البحرية,الدمام,كورنيش,https://maps.app.goo.gl/E5ZBjcN8sv3pc3Jh8,ChZDSUhNMG9nS0VJQ0FnSUR5LXZMaUZBEAE,OSAMA ALBARAJNA,https://www.google.com/maps/contrib/109241267363922018400/reviews?hl=en,5,5 years ago,جميله جدا,True,True,False,2026-09-25
P03,الواجهة البحرية,الدمام,كورنيش,https://maps.app.goo.gl/E5ZBjcN8sv3pc3Jh8,ChdDSUhNMG9nS0VJQ0FnSUR5bXFlTGd3RRAB,M,https://www.google.com/maps/contrib/116850893743200518161/reviews?hl=en,4,5 years ago,,False,True,False,2026-09-25
P03,الواجهة البحرية,الدمام,كورنيش,https://maps.app.goo.gl/E5ZBjcN8sv3pc3Jh8,ChZDSUhNMG9nS0VJQ0FnSUR5aXV6U1F3EAE,meaad AlKhalifa,https://www.google.com/maps/contrib/103664299168263890964/reviews?hl=en,4,5 years ago,,False,True,False,2026-09-25
P03,الواجهة البحرية,الدمام,كورنيش,https://maps.app.goo.gl/E5ZBjcN8sv3pc3Jh8,ChdDSUhNMG9nS0VJQ0FnSUR5a3JUN21RRRAB,نور ملك,https://www.google.com/maps/contrib/116018876404833146848/reviews?hl=en,5,5 years ago,,False,True,False,2026-09-25
P03,الواجهة البحرية,الدمام,كورنيش,https://maps.app.goo.gl/E5ZBjcN8sv3pc3Jh8,ChZDSUhNMG9nS0VJQ0FnSUR5X0lfZ1RBEAE,هنفه الشمري,https://www.google.com/maps/contrib/104521351965813713679/reviews?hl=en,5,5 years ago,,False,True,False,2026-09-25
P03,الواجهة البحرية,الدمام,كورنيش,https://maps.app.goo.gl/E5ZBjcN8sv3pc3Jh8,ChZDSUhNMG9nS0VJQ0FnSUR5dlAyRkJREAE,Abo Abduallah Alqarni,https://www.google.com/maps/contrib/106973755405498069118/reviews?hl=en,3,5 years ago,مكان جميل جدا وهادئ,True,True,False,2026-09-25
P03,الواجهة البحرية,الدمام,كورنيش,https://maps.app.goo.gl/E5ZBjcN8sv3pc3Jh8,ChZDSUhNMG9nS0VJQ0FnSUR5bk43N01REAE,alal ali,https://www.google.com/maps/contrib/100237350682056285967/reviews?hl=en,5,5 years ago,,False,True,False,2026-09-25
P03,الواجهة البحرية,الدمام,كورنيش,https://maps.app.goo.gl/E5ZBjcN8sv3pc3Jh8,ChdDSUhNMG9nS0VJQ0FnSUR5ak1mRDF3RRAB,Comnndan,https://www.google.com/maps/contrib/107977723555724805089/reviews?hl=en,4,5 years ago,,False,True,False,2026-09-25
P03,الواجهة البحرية,الدمام,كورنيش,https://maps.app.goo.gl/E5ZBjcN8sv3pc3Jh8,ChdDSUhNMG9nS0VJQ0FnSUR5ak9tTF9BRRAB,Saeed Alzahrani,https://www.google.com/maps/contrib/103596584714223654836/reviews?hl=en,1,5 years ago,الباعه المتجولون يشوهون المكان,True,True,False,2026-09-25
P03,الواجهة البحرية,الدمام,كورنيش,https://maps.app.goo.gl/E5ZBjcN8sv3pc3Jh8,ChdDSUhNMG9nS0VJQ0FnSUR5OUpXWTZnRRAB,أبو أيمن الشهري,https://www.google.com/maps/contrib/117497941748734317043/reviews?hl=en,5,5 years ago,,False,True,False,2026-09-25
P03,الواجهة البحرية,الدمام,كورنيش,https://maps.app.goo.gl/E5ZBjcN8sv3pc3Jh8,ChZDSUhNMG9nS0VJQ0FnSUR5OU1uRWRBEAE,Omar Amer,https://www.google.com/maps/contrib/100548087972262093424/reviews?hl=en,4,5 years ago,,False,True,False,2026-09-25
P03,الواجهة البحرية,الدمام,كورنيش,https://maps.app.goo.gl/E5ZBjcN8sv3pc3Jh8,ChdDSUhNMG9nS0VJQ0FnSUR5OUxqYWhBRRAB,Mahmoud Abd El Rady,https://www.google.com/maps/contrib/113807038971676007721/reviews?hl=en,5,5 years ago,,False,True,False,2026-09-25
P03,الواجهة البحرية,الدمام,كورنيش,https://maps.app.goo.gl/E5ZBjcN8sv3pc3Jh8,ChZDSUhNMG9nS0VJQ0FnSUR5cExubWJBEAE,Raed Al-Dohaim,https://www.google.com/maps/contrib/113396763957014545894/reviews?hl=en,5,5 years ago,,False,True,False,2026-09-25
P03,الواجهة البحرية,الدمام,كورنيش,https://maps.app.goo.gl/E5ZBjcN8sv3pc3Jh8,ChZDSUhNMG9nS0VJQ0FnSUR5Mk12aEpREAE,راشد القصمول,https://www.google.com/maps/contrib/102368693755014102270/reviews?hl=en,4,5 years ago,مناسب جدا عوائل وشباب ما رياضة وتنزة جانب البحر,True,True,False,2026-09-25
P03,الواجهة البحرية,الدمام,كورنيش,https://maps.app.goo.gl/E5ZBjcN8sv3pc3Jh8,ChdDSUhNMG9nS0VJQ0FnSUN5NjZQOTZRRRAB,MAFIA_321,https://www.google.com/maps/contrib/114889144291959372924/reviews?hl=en,5,Edited 5 years ago,جميله,True,True,False,2026-09-25
P03,الواجهة البحرية,الدمام,كورنيش,https://maps.app.goo.gl/E5ZBjcN8sv3pc3Jh8,ChZDSUhNMG9nS0VJQ0FnSUR5eU5YV0h3EAE,Aziz Habib,https://www.google.com/maps/contrib/101111264816569462170/reviews?hl=en,4,5 years ago,يحتاج الى عمل اكثر  .,True,True,False,2026-09-25
P03,الواجهة البحرية,الدمام,كورنيش,https://maps.app.goo.gl/E5ZBjcN8sv3pc3Jh8,ChZDSUhNMG9nS0VJQ0FnSUR5Z1B1N1p3EAE,A Alghamdi,https://www.google.com/maps/contrib/100028181137243409942/reviews?hl=en,2,5 years ago,زحمممه مو طبيعيه,True,True,False,2026-09-25
P03,الواجهة البحرية,الدمام,كورنيش,https://maps.app.goo.gl/E5ZBjcN8sv3pc3Jh8,ChZDSUhNMG9nS0VJQ0FnSUN5djYyZFFREAE,king the black,https://www.google.com/maps/contrib/116682179188691300936/reviews?hl=en,5,5 years ago,,False,True,False,2026-09-25
P03,الواجهة البحرية,الدمام,كورنيش,https://maps.app.goo.gl/E5ZBjcN8sv3pc3Jh8,ChZDSUhNMG9nS0VJQ0FnSUN5ai12TGFnEAE,Mohamed El Morsy,https://www.google.com/maps/contrib/115433188382493935276/reviews?hl=en,5,5 years ago,,False,True,False,2026-09-25
P03,الواجهة البحرية,الدمام,كورنيش,https://maps.app.goo.gl/E5ZBjcN8sv3pc3Jh8,ChZDSUhNMG9nS0VJQ0FnSUN5ajhDaUhBEAE,Al-Theheen BG,https://www.google.com/maps/contrib/118302982444291113813/reviews?hl=en,4,5 years ago,Good,False,True,False,2026-09-25
P03,الواجهة البحرية,الدمام,كورنيش,https://maps.app.goo.gl/E5ZBjcN8sv3pc3Jh8,ChZDSUhNMG9nS0VJQ0FnSUN5bDh6ZkF3EAE,mohammad subhi,https://www.google.com/maps/contrib/113033067785362489965/reviews?hl=en,4,5 years ago,مكان جميل للعائلة والاولاد,True,True,False,2026-09-25
P03,الواجهة البحرية,الدمام,كورنيش,https://maps.app.goo.gl/E5ZBjcN8sv3pc3Jh8,ChdDSUhNMG9nS0VJQ0FnSUN5LTczM3hRRRAB,‫نايف عبدالله (‪MRN‬‏)‬‎,https://www.google.com/maps/contrib/108471428931060609721/reviews?hl=en,5,5 years ago,,False,True,False,2026-09-25
P03,الواجهة البحرية,الدمام,كورنيش,https://maps.app.goo.gl/E5ZBjcN8sv3pc3Jh8,ChZDSUhNMG9nS0VJQ0FnSUN5MjVLc1FBEAE,محمد القرني,https://www.google.com/maps/contrib/115638362459269186946/reviews?hl=en,5,5 years ago,,False,True,False,2026-09-25
P03,الواجهة البحرية,الدمام,كورنيش,https://maps.app.goo.gl/E5ZBjcN8sv3pc3Jh8,ChdDSUhNMG9nS0VJQ0FnSUN5Mi1LTHpRRRAB,Mahlake Photo,https://www.google.com/maps/contrib/115771290044984513712/reviews?hl=en,2,5 years ago,,False,True,False,2026-09-25
P03,الواجهة البحرية,الدمام,كورنيش,https://maps.app.goo.gl/E5ZBjcN8sv3pc3Jh8,ChZDSUhNMG9nS0VJQ0FnSUN5bThUeVhREAE,Aboodabood Abood,https://www.google.com/maps/contrib/114873683754281791608/reviews?hl=en,5,5 years ago,ممتاز جدا,True,True,False,2026-09-25
P03,الواجهة البحرية,الدمام,كورنيش,https://maps.app.goo.gl/E5ZBjcN8sv3pc3Jh8,ChZDSUhNMG9nS0VJQ0FnSUN5cThhVkRBEAE,Faisal Altraiki,https://www.google.com/maps/contrib/115524955414147408517/reviews?hl=en,5,5 years ago,مكان جميل,True,True,False,2026-09-25
P03,الواجهة البحرية,الدمام,كورنيش,https://maps.app.goo.gl/E5ZBjcN8sv3pc3Jh8,ChdDSUhNMG9nS0VJQ0FnSUN5cTVLSTNnRRAB,W Alunezi,https://www.google.com/maps/contrib/116800996376534903831/reviews?hl=en,5,5 years ago,,False,True,False,2026-09-25
P03,الواجهة البحرية,الدمام,كورنيش,https://maps.app.goo.gl/E5ZBjcN8sv3pc3Jh8,ChZDSUhNMG9nS0VJQ0FnSUN5eTVUMWVBEAE,أبـو غـــلا الشهري,https://www.google.com/maps/contrib/102141069210499045170/reviews?hl=en,4,5 years ago,تحت التطوير,True,True,False,2026-09-25
P03,الواجهة البحرية,الدمام,كورنيش,https://maps.app.goo.gl/E5ZBjcN8sv3pc3Jh8,ChdDSUhNMG9nS0VJQ0FnSUN5aTVhVy1RRRAB,B Azam Malik,https://www.google.com/maps/contrib/106480560915921145253/reviews?hl=en,5,5 years ago,,False,True,False,2026-09-25
P03,الواجهة البحرية,الدمام,كورنيش,https://maps.app.goo.gl/E5ZBjcN8sv3pc3Jh8,ChdDSUhNMG9nS0VJQ0FnSUN5OF82Y3N3RRAB,Samara Rahmeh,https://www.google.com/maps/contrib/111138006496381292829/reviews?hl=en,4,5 years ago,مكان جميل,True,True,False,2026-09-25
P03,الواجهة البحرية,الدمام,كورنيش,https://maps.app.goo.gl/E5ZBjcN8sv3pc3Jh8,ChZDSUhNMG9nS0VJQ0FnSUN5czhtZUJ3EAE,Majid,https://www.google.com/maps/contrib/108126675266807542899/reviews?hl=en,5,5 years ago,,False,True,False,2026-09-25
P03,الواجهة البحرية,الدمام,كورنيش,https://maps.app.goo.gl/E5ZBjcN8sv3pc3Jh8,ChZDSUhNMG9nS0VJQ0FnSUN5czRyOGZBEAE,Ibrahim Al-Ghamdi,https://www.google.com/maps/contrib/101019034882568010932/reviews?hl=en,5,5 years ago,,False,True,False,2026-09-25
P03,الواجهة البحرية,الدمام,كورنيش,https://maps.app.goo.gl/E5ZBjcN8sv3pc3Jh8,ChZDSUhNMG9nS0VJQ0FnSUN5X1p2MUZREAE,ابو عساف الحربي,https://www.google.com/maps/contrib/116934061739747573254/reviews?hl=en,5,5 years ago,ينقصها محلات للكوفي,True,True,False,2026-09-25
P03,الواجهة البحرية,الدمام,كورنيش,https://maps.app.goo.gl/E5ZBjcN8sv3pc3Jh8,ChdDSUhNMG9nS0VJQ0FnSUN5clkzWjB3RRAB,sa alsgor,https://www.google.com/maps/contrib/113297940950284997166/reviews?hl=en,5,5 years ago,جميله,True,True,False,2026-09-25
P03,الواجهة البحرية,الدمام,كورنيش,https://maps.app.goo.gl/E5ZBjcN8sv3pc3Jh8,ChdDSUhNMG9nS0VJQ0FnSUN5emRDZDlRRRAB,Nada,https://www.google.com/maps/contrib/100362541740659497245/reviews?hl=en,5,5 years ago,,False,True,False,2026-09-25
P03,الواجهة البحرية,الدمام,كورنيش,https://maps.app.goo.gl/E5ZBjcN8sv3pc3Jh8,ChdDSUhNMG9nS0VJQ0FnSUN5OWI2ZTFnRRAB,ابو خالد,https://www.google.com/maps/contrib/109439318808678390381/reviews?hl=en,4,5 years ago,,False,True,False,2026-09-25
P03,الواجهة البحرية,الدمام,كورنيش,https://maps.app.goo.gl/E5ZBjcN8sv3pc3Jh8,ChdDSUhNMG9nS0VJQ0FnSUN5MWRlVmtBRRAB,Muna,https://www.google.com/maps/contrib/109109017373049846035/reviews?hl=en,3,5 years ago,الواجهه البحريه مكان واسع وجميل لكن تحتاج اهتمام اكبر ..ينقصها مطاعم وكوفيهات .. ياليت ينظمون عربات الطعام مثل (لاست اكزت) بدبي ..بيكون شكلها اجمل ..وياليت المستثمرين يسوون مشاريع واشياء ترفيهيه بالواجهه ..المكان كبير ويجب استغلاله,True,True,False,2026-09-25
P03,الواجهة البحرية,الدمام,كورنيش,https://maps.app.goo.gl/E5ZBjcN8sv3pc3Jh8,ChdDSUhNMG9nS0VJQ0FnSUN5bFlMZnh3RRAB,Motasim Almousa,https://www.google.com/maps/contrib/101798162628876089680/reviews?hl=en,5,5 years ago,I LOVE DAMMAM,False,True,False,2026-09-25
P03,الواجهة البحرية,الدمام,كورنيش,https://maps.app.goo.gl/E5ZBjcN8sv3pc3Jh8,ChdDSUhNMG9nS0VJQ0FnSUN5aGNYRXpRRRAB,الهم اغفر له وارحمهM Hz,https://www.google.com/maps/contrib/115874646386111904966/reviews?hl=en,5,5 years ago,موقع متميز به كافه المططلبات,True,True,False,2026-09-25
P03,الواجهة البحرية,الدمام,كورنيش,https://maps.app.goo.gl/E5ZBjcN8sv3pc3Jh8,ChdDSUhNMG9nS0VJQ0FnSUN5aFpiVTNRRRAB,MOHMMED ALHARBI,https://www.google.com/maps/contrib/111216087136853376554/reviews?hl=en,5,5 years ago,مكان جداً راقي وجميل,True,True,False,2026-09-25
P03,الواجهة البحرية,الدمام,كورنيش,https://maps.app.goo.gl/E5ZBjcN8sv3pc3Jh8,ChdDSUhNMG9nS0VJQ0FnSUN5MlpXUHpRRRAB,احمد بوودعان,https://www.google.com/maps/contrib/115718217049950167164/reviews?hl=en,5,5 years ago,,False,True,False,2026-09-25
P03,الواجهة البحرية,الدمام,كورنيش,https://maps.app.goo.gl/E5ZBjcN8sv3pc3Jh8,ChZDSUhNMG9nS0VJQ0FnSUN5bWNqa01nEAE,Abdullah alamri,https://www.google.com/maps/contrib/102111064491313498609/reviews?hl=en,5,5 years ago,,False,True,False,2026-09-25
P03,الواجهة البحرية,الدمام,كورنيش,https://maps.app.goo.gl/E5ZBjcN8sv3pc3Jh8,ChZDSUhNMG9nS0VJQ0FnSUN5cWZhRkRREAE,Ayman Abdalrhman,https://www.google.com/maps/contrib/114857537527731403643/reviews?hl=en,5,5 years ago,الله يكرمك اهل هذا البلد قيادة وشعبا,True,True,False,2026-09-25
P03,الواجهة البحرية,الدمام,كورنيش,https://maps.app.goo.gl/E5ZBjcN8sv3pc3Jh8,ChdDSUhNMG9nS0VJQ0FnSUN5cHJ1azVRRRAB,Jamelah Salah,https://www.google.com/maps/contrib/114803477134596643364/reviews?hl=en,5,5 years ago,,False,True,False,2026-09-25
P03,الواجهة البحرية,الدمام,كورنيش,https://maps.app.goo.gl/E5ZBjcN8sv3pc3Jh8,ChZDSUhNMG9nS0VJQ0FnSUN5dXZUdFN3EAE,Ghada A,https://www.google.com/maps/contrib/118228763022068934923/reviews?hl=en,4,5 years ago,The greenery is very beautiful and it's clean and well kept. There was some construction happening by the beach.,False,True,False,2026-09-25
P03,الواجهة البحرية,الدمام,كورنيش,https://maps.app.goo.gl/E5ZBjcN8sv3pc3Jh8,ChdDSUhNMG9nS0VJQ0FnSUN5eXEybzZRRRAB,Khaled Elqousi,https://www.google.com/maps/contrib/112120908043154108585/reviews?hl=en,5,5 years ago,ذكريات العائلة .. ذكريات لم الشمل والاوقات الجميلة,True,True,False,2026-09-25
P03,الواجهة البحرية,الدمام,كورنيش,https://maps.app.goo.gl/E5ZBjcN8sv3pc3Jh8,ChZDSUhNMG9nS0VJQ0FnSUN5a3NYblZBEAE,hamzah Mohammed,https://www.google.com/maps/contrib/105450828280882369520/reviews?hl=en,5,5 years ago,جميل جدا,True,True,False,2026-09-25
P03,الواجهة البحرية,الدمام,كورنيش,https://maps.app.goo.gl/E5ZBjcN8sv3pc3Jh8,ChdDSUhNMG9nS0VJQ0FnSUN5M0xhUDVnRRAB,Heba Jamal Akhtar Ansari,https://www.google.com/maps/contrib/103875047274529114758/reviews?hl=en,5,5 years ago,,False,True,False,2026-09-25
P03,الواجهة البحرية,الدمام,كورنيش,https://maps.app.goo.gl/E5ZBjcN8sv3pc3Jh8,ChdDSUhNMG9nS0VJQ0FnSUN5bk0yaHpRRRAB,Mohamd Safi,https://www.google.com/maps/contrib/113610350827947943455/reviews?hl=en,3,5 years ago,متنزه ومتنفس للعائله,True,True,False,2026-09-25
P03,الواجهة البحرية,الدمام,كورنيش,https://maps.app.goo.gl/E5ZBjcN8sv3pc3Jh8,ChdDSUhNMG9nS0VJQ0FnSUN5ckxfNXNRRRAB,ahmed yousef,https://www.google.com/maps/contrib/105738325235987743540/reviews?hl=en,5,5 years ago,,False,True,False,2026-09-25
P03,الواجهة البحرية,الدمام,كورنيش,https://maps.app.goo.gl/E5ZBjcN8sv3pc3Jh8,ChdDSUhNMG9nS0VJQ0FnSUN5MUl2LV9BRRAB,Om Leen Jabr,https://www.google.com/maps/contrib/102890842585249898170/reviews?hl=en,5,5 years ago,ايش احلى من الكورنيش,True,True,False,2026-09-25
P03,الواجهة البحرية,الدمام,كورنيش,https://maps.app.goo.gl/E5ZBjcN8sv3pc3Jh8,ChdDSUhNMG9nS0VJQ0FnSURTcHJmYXZ3RRAB,mohf Shendi,https://www.google.com/maps/contrib/100125712855186311301/reviews?hl=en,3,Edited 5 years ago,,False,True,False,2026-09-25
P03,الواجهة البحرية,الدمام,كورنيش,https://maps.app.goo.gl/E5ZBjcN8sv3pc3Jh8,ChdDSUhNMG9nS0VJQ0FnSUN5cElMdTJRRRAB,hamed sabry,https://www.google.com/maps/contrib/113904089583999930074/reviews?hl=en,5,5 years ago,مكان رائع جدا جزي الله القائمين عليه كل خير,True,True,False,2026-09-25
P03,الواجهة البحرية,الدمام,كورنيش,https://maps.app.goo.gl/E5ZBjcN8sv3pc3Jh8,ChZDSUhNMG9nS0VJQ0FnSUN5dUtheFR3EAE,متجر كبوت,https://www.google.com/maps/contrib/116316525676487786395/reviews?hl=en,5,5 years ago,"هدو جميل اجوا  اكثر من روعه
ارتااااح لهذا المكان",True,True,False,2026-09-25
P03,الواجهة البحرية,الدمام,كورنيش,https://maps.app.goo.gl/E5ZBjcN8sv3pc3Jh8,ChZDSUhNMG9nS0VJQ0FnSUN5MktXR2JREAE,Mohammed,https://www.google.com/maps/contrib/100125874978348262474/reviews?hl=en,4,5 years ago,,False,True,False,2026-09-25
P03,الواجهة البحرية,الدمام,كورنيش,https://maps.app.goo.gl/E5ZBjcN8sv3pc3Jh8,ChdDSUhNMG9nS0VJQ0FnSUN5eU9qVTJ3RRAB,عزيز,https://www.google.com/maps/contrib/106394693845220777117/reviews?hl=en,2,5 years ago,تحتاج صيانة,True,True,False,2026-09-25
P03,الواجهة البحرية,الدمام,كورنيش,https://maps.app.goo.gl/E5ZBjcN8sv3pc3Jh8,ChdDSUhNMG9nS0VJQ0FnSUN5c0lMcXB3RRAB,emad habesh,https://www.google.com/maps/contrib/109422386749839729606/reviews?hl=en,5,5 years ago,جميل جدا وهادئ,True,True,False,2026-09-25
P03,الواجهة البحرية,الدمام,كورنيش,https://maps.app.goo.gl/E5ZBjcN8sv3pc3Jh8,ChZDSUhNMG9nS0VJQ0FnSUN5d09fNUFnEAE,abdulrahman khifo,https://www.google.com/maps/contrib/102971132216079608912/reviews?hl=en,5,5 years ago,,False,True,False,2026-09-25
P03,الواجهة البحرية,الدمام,كورنيش,https://maps.app.goo.gl/E5ZBjcN8sv3pc3Jh8,ChZDSUhNMG9nS0VJQ0FnSUN5Z0pPemV3EAE,Lubna Sbeih,https://www.google.com/maps/contrib/115088414944809231742/reviews?hl=en,4,5 years ago,,False,True,False,2026-09-25
P03,الواجهة البحرية,الدمام,كورنيش,https://maps.app.goo.gl/E5ZBjcN8sv3pc3Jh8,ChdDSUhNMG9nS0VJQ0FnSURTMTktOXRnRRAB,Um Roaa AlMoqbel,https://www.google.com/maps/contrib/106298070818310247169/reviews?hl=en,4,5 years ago,"الجو بالشتاء حلوووو هوا باااااااارد ما في رطوبة نهائيا 😍 مع اني أكره البحر والرطوبة وتأثر ع نفسيتي ومزاجي من صغري بس حبيت البحر هذي اول مرة مع الجو البارد 😍 تجنننننن شعور مختلف ❤
فيها كمان العاب للاطفال ومطاعم وكافيهات قريبه",True,True,False,2026-09-25
P03,الواجهة البحرية,الدمام,كورنيش,https://maps.app.goo.gl/E5ZBjcN8sv3pc3Jh8,ChdDSUhNMG9nS0VJQ0FnSURTeF9fSXh3RRAB,ساميه سلمان,https://www.google.com/maps/contrib/104623600567113798547/reviews?hl=en,5,5 years ago,,False,True,False,2026-09-25
P03,الواجهة البحرية,الدمام,كورنيش,https://maps.app.goo.gl/E5ZBjcN8sv3pc3Jh8,ChZDSUhNMG9nS0VJQ0FnSURTeC1TTkV3EAE,Amro Salama,https://www.google.com/maps/contrib/118084837725039892682/reviews?hl=en,4,5 years ago,,False,True,False,2026-09-25
P03,الواجهة البحرية,الدمام,كورنيش,https://maps.app.goo.gl/E5ZBjcN8sv3pc3Jh8,ChZDSUhNMG9nS0VJQ0FnSURTLTgtWkF3EAE,Hassan al dossary,https://www.google.com/maps/contrib/118033537437414471591/reviews?hl=en,5,5 years ago,,False,True,False,2026-09-25
P03,الواجهة البحرية,الدمام,كورنيش,https://maps.app.goo.gl/E5ZBjcN8sv3pc3Jh8,ChdDSUhNMG9nS0VJQ0FnSURTLV83LWlRRRAB,Riyadheats,https://www.google.com/maps/contrib/110856632861637577098/reviews?hl=en,4,5 years ago,,False,True,False,2026-09-25
P03,الواجهة البحرية,الدمام,كورنيش,https://maps.app.goo.gl/E5ZBjcN8sv3pc3Jh8,ChdDSUhNMG9nS0VJQ0FnSURTMjRIYnBnRRAB,زهور,https://www.google.com/maps/contrib/100044853718524022740/reviews?hl=en,5,5 years ago,,False,True,False,2026-09-25
P03,الواجهة البحرية,الدمام,كورنيش,https://maps.app.goo.gl/E5ZBjcN8sv3pc3Jh8,ChZDSUhNMG9nS0VJQ0FnSURTaS1DVGZ3EAE,Just_ Ahmed,https://www.google.com/maps/contrib/100541955165839130444/reviews?hl=en,5,5 years ago,جدا جميله اتساع كبير للناس وترتيب ونظافه.. نطلب بس من المتنزهين المحافظه على النظافه قبل مغادرتهم المكان,True,True,False,2026-09-25
P03,الواجهة البحرية,الدمام,كورنيش,https://maps.app.goo.gl/E5ZBjcN8sv3pc3Jh8,ChZDSUhNMG9nS0VJQ0FnSURTMDRpQVJREAE,أحمد الشهري,https://www.google.com/maps/contrib/106485223513698812653/reviews?hl=en,5,5 years ago,جميلة ومنطقة هادئة ومناسبة جدا لرياضة المشي,True,True,False,2026-09-25
P03,الواجهة البحرية,الدمام,كورنيش,https://maps.app.goo.gl/E5ZBjcN8sv3pc3Jh8,ChZDSUhNMG9nS0VJQ0FnSURTbzRqekJBEAE,ولد الثنيان,https://www.google.com/maps/contrib/111535420145950622358/reviews?hl=en,5,5 years ago,,False,True,False,2026-09-25
P03,الواجهة البحرية,الدمام,كورنيش,https://maps.app.goo.gl/E5ZBjcN8sv3pc3Jh8,ChdDSUhNMG9nS0VJQ0FnSURTZzQ3d29RRRAB,أ 523,https://www.google.com/maps/contrib/111847682526457949366/reviews?hl=en,4,5 years ago,مكان جميل فيه ألعاب أطفال ودورات مياه ومطاعم,True,True,False,2026-09-25
P03,الواجهة البحرية,الدمام,كورنيش,https://maps.app.goo.gl/E5ZBjcN8sv3pc3Jh8,ChdDSUhNMG9nS0VJQ0FnSURTX1lQWjlnRRAB,Ali Almohisien KSA,https://www.google.com/maps/contrib/104092489782209608869/reviews?hl=en,4,5 years ago,رائعة ولكن تنقصها بعض الخدمات مثلا مراكز تسوق ، تحتاج نظافة أكثر .,True,True,False,2026-09-25
P03,الواجهة البحرية,الدمام,كورنيش,https://maps.app.goo.gl/E5ZBjcN8sv3pc3Jh8,ChdDSUhNMG9nS0VJQ0FnSURTdmFxb29RRRAB,الاستاذ: عبدالعزيز صدقه,https://www.google.com/maps/contrib/114625811826720381240/reviews?hl=en,5,5 years ago,,False,True,False,2026-09-25
P03,الواجهة البحرية,الدمام,كورنيش,https://maps.app.goo.gl/E5ZBjcN8sv3pc3Jh8,ChZDSUhNMG9nS0VJQ0FnSURTcmM3aFZnEAE,Manar I.F,https://www.google.com/maps/contrib/111540422666989298754/reviews?hl=en,5,5 years ago,,False,True,False,2026-09-25
P03,الواجهة البحرية,الدمام,كورنيش,https://maps.app.goo.gl/E5ZBjcN8sv3pc3Jh8,ChZDSUhNMG9nS0VJQ0FnSURTemFYVFdBEAE,mahmoud awd,https://www.google.com/maps/contrib/116700383588849539805/reviews?hl=en,5,5 years ago,,False,True,False,2026-09-25
P03,الواجهة البحرية,الدمام,كورنيش,https://maps.app.goo.gl/E5ZBjcN8sv3pc3Jh8,ChdDSUhNMG9nS0VJQ0FnSURTMWZ5MmdRRRAB,mazin al,https://www.google.com/maps/contrib/108187869156721574076/reviews?hl=en,5,5 years ago,جميلة جدا وللمشي والاندماج ولكن يتواجد بعض الحواجز السيارات لا فائده منها في الواجهة وشوهت المنظر,True,True,False,2026-09-25
P03,الواجهة البحرية,الدمام,كورنيش,https://maps.app.goo.gl/E5ZBjcN8sv3pc3Jh8,ChdDSUhNMG9nS0VJQ0FnSURTNWQzcGhnRRAB,Soso Abdalaziz,https://www.google.com/maps/contrib/111865703664499509258/reviews?hl=en,5,5 years ago,مكان جميل ورائع ب هالاجواء,True,True,False,2026-09-25
P03,الواجهة البحرية,الدمام,كورنيش,https://maps.app.goo.gl/E5ZBjcN8sv3pc3Jh8,ChdDSUhNMG9nS0VJQ0FnSURTNVpETS1nRRAB,mzh photography,https://www.google.com/maps/contrib/103134795134892586354/reviews?hl=en,5,5 years ago,,False,True,False,2026-09-25
P03,الواجهة البحرية,الدمام,كورنيش,https://maps.app.goo.gl/E5ZBjcN8sv3pc3Jh8,ChZDSUhNMG9nS0VJQ0FnSURTcGN2dVh3EAE,h s dayel,https://www.google.com/maps/contrib/115228288448200664832/reviews?hl=en,3,5 years ago,تحتوي مقاهي ومطاعم,True,True,False,2026-09-25
P03,الواجهة البحرية,الدمام,كورنيش,https://maps.app.goo.gl/E5ZBjcN8sv3pc3Jh8,ChRDSUhNMG9nS0VJQ0FnSURTcGFONxAB,,https://www.google.com/maps/contrib/103208842787049864504/reviews?hl=en,5,,,False,True,False,2026-09-25
P03,الواجهة البحرية,الدمام,كورنيش,https://maps.app.goo.gl/E5ZBjcN8sv3pc3Jh8,ChdDSUhNMG9nS0VJQ0FnSURTcGYyQnl3RRAB,Wlf4evr,https://www.google.com/maps/contrib/116555790151330730013/reviews?hl=en,4,5 years ago,,False,True,False,2026-09-25
P03,الواجهة البحرية,الدمام,كورنيش,https://maps.app.goo.gl/E5ZBjcN8sv3pc3Jh8,ChdDSUhNMG9nS0VJQ0FnSURTcGNYeF9nRRAB,Foodie Bay “gourmet”,https://www.google.com/maps/contrib/111389085792670012570/reviews?hl=en,4,5 years ago,"المكان رائع لو تم تطويره ليكون أروع
اتخذوا التجربة تنظيم الواجهة والشواطئ البحرية من دبي ومن دول عالمية
وذلك بإضافة فعاليات اجتماعية واقتصادية مميزة وأمور ترفيهية وصحية ورياضية والكلام يطول",True,True,False,2026-09-25
P03,الواجهة البحرية,الدمام,كورنيش,https://maps.app.goo.gl/E5ZBjcN8sv3pc3Jh8,ChZDSUhNMG9nS0VJQ0FnSURTeGVPLUNBEAE,Ahlam Rbaba ́h,https://www.google.com/maps/contrib/109116433281596805479/reviews?hl=en,5,5 years ago,مكان روعه,True,True,False,2026-09-25
P03,الواجهة البحرية,الدمام,كورنيش,https://maps.app.goo.gl/E5ZBjcN8sv3pc3Jh8,ChZDSUhNMG9nS0VJQ0FnSURTeGNELWFREAE,Ahmed MuBArAk,https://www.google.com/maps/contrib/101609071363920097343/reviews?hl=en,3,5 years ago,"تحتاج إلى تطور اكثر

ياليت يخلونهم مثل واجهة الخبر",True,True,False,2026-09-25
P03,الواجهة البحرية,الدمام,كورنيش,https://maps.app.goo.gl/E5ZBjcN8sv3pc3Jh8,ChZDSUhNMG9nS0VJQ0FnSURTaGFiU09REAE,Aref Net,https://www.google.com/maps/contrib/110985817584780244300/reviews?hl=en,5,5 years ago,,False,True,False,2026-09-25
P03,الواجهة البحرية,الدمام,كورنيش,https://maps.app.goo.gl/E5ZBjcN8sv3pc3Jh8,ChZDSUhNMG9nS0VJQ0FnSURTMllLcWVREAE,IBRAHIM ALDAWSARY,https://www.google.com/maps/contrib/108451035752763246059/reviews?hl=en,4,5 years ago,رائعة ومرتبة لكن الصراحه فيه بعض مرتاديها بحاجة للتثقيف من ناحية النظافة، والمحافظة على نظافة الأماكن العامه,True,True,False,2026-09-25
P03,الواجهة البحرية,الدمام,كورنيش,https://maps.app.goo.gl/E5ZBjcN8sv3pc3Jh8,ChZDSUhNMG9nS0VJQ0FnSURTNmI3MUhBEAE,Ahmed Abdelzaher Mustafa,https://www.google.com/maps/contrib/112839746412205076539/reviews?hl=en,5,5 years ago,"مكان هادئ جدا وجميل خصوصا في أوقات الخريف والشتاء
اماكن جلوس مباشرة على البحر واماكن خضراء كثيرة للجلسات العائلية
لا يسمح بالشوي",True,True,False,2026-09-25
P03,الواجهة البحرية,الدمام,كورنيش,https://maps.app.goo.gl/E5ZBjcN8sv3pc3Jh8,ChdDSUhNMG9nS0VJQ0FnSURTcWNQWDB3RRAB,عوض عبدالله,https://www.google.com/maps/contrib/101628039878508916185/reviews?hl=en,1,5 years ago,,False,True,False,2026-09-25
P03,الواجهة البحرية,الدمام,كورنيش,https://maps.app.goo.gl/E5ZBjcN8sv3pc3Jh8,ChdDSUhNMG9nS0VJQ0FnSURTcWJqSW1RRRAB,OMAR ALSUWILEM,https://www.google.com/maps/contrib/114553330368334362334/reviews?hl=en,5,5 years ago,رائع,True,True,False,2026-09-25
P03,الواجهة البحرية,الدمام,كورنيش,https://maps.app.goo.gl/E5ZBjcN8sv3pc3Jh8,ChZDSUhNMG9nS0VJQ0FnSURTdnREYkdBEAE,Mohammed,https://www.google.com/maps/contrib/114314585733862456967/reviews?hl=en,5,5 years ago,,False,True,False,2026-09-25
P03,الواجهة البحرية,الدمام,كورنيش,https://maps.app.goo.gl/E5ZBjcN8sv3pc3Jh8,ChdDSUhNMG9nS0VJQ0FnSURTdnVEZWtBRRAB,ali alshaeri (‫أبو شهد الشاعري‬‎),https://www.google.com/maps/contrib/101385664355595814672/reviews?hl=en,5,5 years ago,,False,True,False,2026-09-25
P03,الواجهة البحرية,الدمام,كورنيش,https://maps.app.goo.gl/E5ZBjcN8sv3pc3Jh8,ChZDSUhNMG9nS0VJQ0FnSURTOXRPUVd3EAE,Mohamed Fathy,https://www.google.com/maps/contrib/108153923964120092809/reviews?hl=en,4,5 years ago,,False,True,False,2026-09-25
P03,الواجهة البحرية,الدمام,كورنيش,https://maps.app.goo.gl/E5ZBjcN8sv3pc3Jh8,ChdDSUhNMG9nS0VJQ0FnSURTcHRLVnpBRRAB,hani alwan,https://www.google.com/maps/contrib/116336613171121314772/reviews?hl=en,4,5 years ago,,False,True,False,2026-09-25
P03,الواجهة البحرية,الدمام,كورنيش,https://maps.app.goo.gl/E5ZBjcN8sv3pc3Jh8,ChdDSUhNMG9nS0VJQ0FnSURTLXZPUHBBRRAB,nadia asiri,https://www.google.com/maps/contrib/112730694699326510230/reviews?hl=en,4,5 years ago,ز,True,True,False,2026-09-25
P03,الواجهة البحرية,الدمام,كورنيش,https://maps.app.goo.gl/E5ZBjcN8sv3pc3Jh8,ChdDSUhNMG9nS0VJQ0FnSURTdXZERjFRRRAB,Abdulhameed Alawadh,https://www.google.com/maps/contrib/103598837890648658228/reviews?hl=en,5,5 years ago,,False,True,False,2026-09-25
P03,الواجهة البحرية,الدمام,كورنيش,https://maps.app.goo.gl/E5ZBjcN8sv3pc3Jh8,ChZDSUhNMG9nS0VJQ0FnSURTNm9QRE9REAE,ASD Z,https://www.google.com/maps/contrib/112494068387151365769/reviews?hl=en,1,5 years ago,رائعععه,True,True,False,2026-09-25
P03,الواجهة البحرية,الدمام,كورنيش,https://maps.app.goo.gl/E5ZBjcN8sv3pc3Jh8,ChZDSUhNMG9nS0VJQ0FnSURTcXV5UVp3EAE,MUSAAD,https://www.google.com/maps/contrib/109746042423778232222/reviews?hl=en,4,5 years ago,,False,True,False,2026-09-25
P03,الواجهة البحرية,الدمام,كورنيش,https://maps.app.goo.gl/E5ZBjcN8sv3pc3Jh8,ChZDSUhNMG9nS0VJQ0FnSURTa3FxQ0JnEAE,فهد العنزي,https://www.google.com/maps/contrib/103512639689030903410/reviews?hl=en,5,5 years ago,,False,True,False,2026-09-25
P03,الواجهة البحرية,الدمام,كورنيش,https://maps.app.goo.gl/E5ZBjcN8sv3pc3Jh8,ChZDSUhNMG9nS0VJQ0FnSURTd3ZiM053EAE,وليد السمحان,https://www.google.com/maps/contrib/114674275819126412941/reviews?hl=en,4,5 years ago,ممتع,True,True,False,2026-09-25
P03,الواجهة البحرية,الدمام,كورنيش,https://maps.app.goo.gl/E5ZBjcN8sv3pc3Jh8,ChdDSUhNMG9nS0VJQ0FnSURTd3Fib3Z3RRAB,Hashem Jeffrey,https://www.google.com/maps/contrib/105101778544695541201/reviews?hl=en,3,5 years ago,,False,True,False,2026-09-25
P03,الواجهة البحرية,الدمام,كورنيش,https://maps.app.goo.gl/E5ZBjcN8sv3pc3Jh8,ChdDSUhNMG9nS0VJQ0FnSURTck1ycTVRRRAB,SAUD ALHUZAIM,https://www.google.com/maps/contrib/108001716721215597477/reviews?hl=en,4,5 years ago,مكان جميل و جيد للمشي ولاكن فوضى عربات البيع في مواقف السيارات الغير منظمة و الغير نظيفه و الغبار مستوطنها و العمالة الغير مهنيه و الغير سعودية لادارتها و الكثير من التصليحات بالرغم من وجود النخيل لا يوجد أشجار كبيرة ضليله,True,True,False,2026-09-25
P03,الواجهة البحرية,الدمام,كورنيش,https://maps.app.goo.gl/E5ZBjcN8sv3pc3Jh8,ChZDSUhNMG9nS0VJQ0FnSUNTNjczSVNREAE,Selver Ali,https://www.google.com/maps/contrib/114748337494347975280/reviews?hl=en,5,5 years ago,,False,True,False,2026-09-25
P03,الواجهة البحرية,الدمام,كورنيش,https://maps.app.goo.gl/E5ZBjcN8sv3pc3Jh8,ChZDSUhNMG9nS0VJQ0FnSUNTNjRXdVZnEAE,احمد الحبيشي,https://www.google.com/maps/contrib/104214947306739440849/reviews?hl=en,3,5 years ago,,False,True,False,2026-09-25
P03,الواجهة البحرية,الدمام,كورنيش,https://maps.app.goo.gl/E5ZBjcN8sv3pc3Jh8,ChdDSUhNMG9nS0VJQ0FnSUNTNi02STlnRRAB,Ahmed Habib,https://www.google.com/maps/contrib/109221009514387887540/reviews?hl=en,5,5 years ago,,False,True,False,2026-09-25
P03,الواجهة البحرية,الدمام,كورنيش,https://maps.app.goo.gl/E5ZBjcN8sv3pc3Jh8,ChdDSUhNMG9nS0VJQ0FnSUNTcTdpNjV3RRAB,Maha Qahtani,https://www.google.com/maps/contrib/109058175265530469758/reviews?hl=en,5,5 years ago,Very nice and peaceful and clean but always crowded,False,True,False,2026-09-25
P03,الواجهة البحرية,الدمام,كورنيش,https://maps.app.goo.gl/E5ZBjcN8sv3pc3Jh8,ChdDSUhNMG9nS0VJQ0FnSUNTbFlheThRRRAB,hanan aldawood,https://www.google.com/maps/contrib/103617894347118364125/reviews?hl=en,5,5 years ago,الاجواء تجنن ماتنتفوت ما شاء الله تبارك الله والهواء عليل ومنعش,True,True,False,2026-09-25
P03,الواجهة البحرية,الدمام,كورنيش,https://maps.app.goo.gl/E5ZBjcN8sv3pc3Jh8,ChdDSUhNMG9nS0VJQ0FnSUNTcGNicHJBRRAB,Abu 3ayshah,https://www.google.com/maps/contrib/112341716281787555800/reviews?hl=en,3,5 years ago,,False,True,False,2026-09-25
P03,الواجهة البحرية,الدمام,كورنيش,https://maps.app.goo.gl/E5ZBjcN8sv3pc3Jh8,ChdDSUhNMG9nS0VJQ0FnSUNTeGJYOXdnRRAB,حمزه مختار,https://www.google.com/maps/contrib/106724974840803767468/reviews?hl=en,5,5 years ago,الاجواء رائعه كأنه رشه عطر,True,True,False,2026-09-25
P03,الواجهة البحرية,الدمام,كورنيش,https://maps.app.goo.gl/E5ZBjcN8sv3pc3Jh8,ChZDSUhNMG9nS0VJQ0FnSUNTb3NyY2VREAE,fatima ali,https://www.google.com/maps/contrib/111489022864733774164/reviews?hl=en,3,5 years ago,ممتازة أحب هذا المكان جداً,True,True,False,2026-09-25
P03,الواجهة البحرية,الدمام,كورنيش,https://maps.app.goo.gl/E5ZBjcN8sv3pc3Jh8,ChdDSUhNMG9nS0VJQ0FnSUNTb3RLTXp3RRAB,Faisal Aldossary,https://www.google.com/maps/contrib/109863082440120775486/reviews?hl=en,5,5 years ago,,False,True,False,2026-09-25
P03,الواجهة البحرية,الدمام,كورنيش,https://maps.app.goo.gl/E5ZBjcN8sv3pc3Jh8,ChdDSUhNMG9nS0VJQ0FnSUNTa01qY3p3RRAB,Ali Butt,https://www.google.com/maps/contrib/100428309568589170571/reviews?hl=en,5,5 years ago,,False,True,False,2026-09-25
P03,الواجهة البحرية,الدمام,كورنيش,https://maps.app.goo.gl/E5ZBjcN8sv3pc3Jh8,ChZDSUhNMG9nS0VJQ0FnSUNTb0lXNU5BEAE,زين قيمز - Zaingamez,https://www.google.com/maps/contrib/114046920537025532434/reviews?hl=en,5,5 years ago,هذا مكان مناسب لل عائلات 👌 ومكان خورافي 👍 …,True,True,True,2026-09-25
P03,الواجهة البحرية,الدمام,كورنيش,https://maps.app.goo.gl/E5ZBjcN8sv3pc3Jh8,ChZDSUhNMG9nS0VJQ0FnSUNTb0tpd2FnEAE,Abdalwahab Alahmad,https://www.google.com/maps/contrib/114586644648555195928/reviews?hl=en,4,5 years ago,مكان جميل للتنزة والصيد والاسترخاء مع الاجواء الجميلة,True,True,False,2026-09-25
P03,الواجهة البحرية,الدمام,كورنيش,https://maps.app.goo.gl/E5ZBjcN8sv3pc3Jh8,ChdDSUhNMG9nS0VJQ0FnSURpMmQzSnhnRRAB,Yazan Hussein,https://www.google.com/maps/contrib/113853346566042975648/reviews?hl=en,4,5 years ago,,False,True,False,2026-09-25
P03,الواجهة البحرية,الدمام,كورنيش,https://maps.app.goo.gl/E5ZBjcN8sv3pc3Jh8,ChdDSUhNMG9nS0VJQ0FnSURpMmNtdDNRRRAB,taisir hasan khalil (ABU YAZAN),https://www.google.com/maps/contrib/110332369752534217823/reviews?hl=en,5,5 years ago,,False,True,False,2026-09-25
P03,الواجهة البحرية,الدمام,كورنيش,https://maps.app.goo.gl/E5ZBjcN8sv3pc3Jh8,ChZDSUhNMG9nS0VJQ0FnSURpeWEyYmRnEAE,أبو خالد المخلافي,https://www.google.com/maps/contrib/112082979876369957237/reviews?hl=en,4,5 years ago,مكان نظيف ورائع,True,True,False,2026-09-25
P03,الواجهة البحرية,الدمام,كورنيش,https://maps.app.goo.gl/E5ZBjcN8sv3pc3Jh8,ChdDSUhNMG9nS0VJQ0FnSURpNGVlQnN3RRAB,عبدالملك احمد,https://www.google.com/maps/contrib/103859227973844591972/reviews?hl=en,2,5 years ago,,False,True,False,2026-09-25
P03,الواجهة البحرية,الدمام,كورنيش,https://maps.app.goo.gl/E5ZBjcN8sv3pc3Jh8,ChZDSUhNMG9nS0VJQ0FnSURpX3ZfNVhnEAE,мσнαммed,https://www.google.com/maps/contrib/106942473225148458505/reviews?hl=en,4,5 years ago,👍🏻 …,False,True,True,2026-09-25
P03,الواجهة البحرية,الدمام,كورنيش,https://maps.app.goo.gl/E5ZBjcN8sv3pc3Jh8,ChdDSUhNMG9nS0VJQ0FnSURpX3E3dF9RRRAB,al_sedqi,https://www.google.com/maps/contrib/108329488353096645302/reviews?hl=en,4,5 years ago,,False,True,False,2026-09-25
P03,الواجهة البحرية,الدمام,كورنيش,https://maps.app.goo.gl/E5ZBjcN8sv3pc3Jh8,ChZDSUhNMG9nS0VJQ0FnSURpdm8zN0F3EAE,Bayan Alsubaay,https://www.google.com/maps/contrib/107081149669963349084/reviews?hl=en,5,5 years ago,رائع,True,True,False,2026-09-25
P03,الواجهة البحرية,الدمام,كورنيش,https://maps.app.goo.gl/E5ZBjcN8sv3pc3Jh8,ChdDSUhNMG9nS0VJQ0FnSURpdnNtQ3VRRRAB,حسن عربي,https://www.google.com/maps/contrib/116985537264216976916/reviews?hl=en,3,5 years ago,اجواء رايقه ومكان نظيف,True,True,False,2026-09-25
P03,الواجهة البحرية,الدمام,كورنيش,https://maps.app.goo.gl/E5ZBjcN8sv3pc3Jh8,ChZDSUhNMG9nS0VJQ0FnSURpdnNxNlJREAE,Abdul Aziz Turkman,https://www.google.com/maps/contrib/111972934516352801984/reviews?hl=en,5,5 years ago,,False,True,False,2026-09-25
P03,الواجهة البحرية,الدمام,كورنيش,https://maps.app.goo.gl/E5ZBjcN8sv3pc3Jh8,ChZDSUhNMG9nS0VJQ0FnSURpdnFLSFFREAE,عبدالعزيز المسلم,https://www.google.com/maps/contrib/111278260225949259578/reviews?hl=en,5,5 years ago,مكان جميل ومسطحات خضراء على طول الكرونيش وفيه جميع الخدمات مكان رووووعه القضاء يوم جميل مع العائلة وبالتوفيق ✌👌 …,True,True,True,2026-09-25
P03,الواجهة البحرية,الدمام,كورنيش,https://maps.app.goo.gl/E5ZBjcN8sv3pc3Jh8,ChdDSUhNMG9nS0VJQ0FnSURpLW9peF93RRAB,Ali ABDULLAH,https://www.google.com/maps/contrib/108375843941563502176/reviews?hl=en,4,5 years ago,,False,True,False,2026-09-25
P03,الواجهة البحرية,الدمام,كورنيش,https://maps.app.goo.gl/E5ZBjcN8sv3pc3Jh8,ChZDSUhNMG9nS0VJQ0FnSURpNnJ6ZkZBEAE,أم يوسف,https://www.google.com/maps/contrib/100391142447844366056/reviews?hl=en,5,5 years ago,"واجهة رائعة للشرقية...

مسطحات خضراء...

نظافة.... ورقي.... ونظام...

شكرا بلدية المنطقة الشرقية...

شكرا اهل الشرقية لرقيكم واهتمامكم بواجهة مدينتكم..",True,True,False,2026-09-25
P03,الواجهة البحرية,الدمام,كورنيش,https://maps.app.goo.gl/E5ZBjcN8sv3pc3Jh8,ChZDSUhNMG9nS0VJQ0FnSURpX04tQ2VnEAE,Thamer S,https://www.google.com/maps/contrib/106966359376646734953/reviews?hl=en,5,5 years ago,ممتاز ونظيف يستحق الزيارة,True,True,False,2026-09-25
P03,الواجهة البحرية,الدمام,كورنيش,https://maps.app.goo.gl/E5ZBjcN8sv3pc3Jh8,ChdDSUhNMG9nS0VJQ0FnSURpM012RndBRRAB,ABDUALRHMAN ALMUANZ,https://www.google.com/maps/contrib/113117249553896192723/reviews?hl=en,5,5 years ago,جميل ومرتب,True,True,False,2026-09-25
P03,الواجهة البحرية,الدمام,كورنيش,https://maps.app.goo.gl/E5ZBjcN8sv3pc3Jh8,ChZDSUhNMG9nS0VJQ0FnSURpakxxc2R3EAE,7lim 7osainy,https://www.google.com/maps/contrib/103157789678045040596/reviews?hl=en,4,5 years ago,,False,True,False,2026-09-25
P03,الواجهة البحرية,الدمام,كورنيش,https://maps.app.goo.gl/E5ZBjcN8sv3pc3Jh8,ChdDSUhNMG9nS0VJQ0FnSURpLUxMb3FnRRAB,Ibrahim Ahmed,https://www.google.com/maps/contrib/104579901284465586722/reviews?hl=en,5,5 years ago,,False,True,False,2026-09-25
P03,الواجهة البحرية,الدمام,كورنيش,https://maps.app.goo.gl/E5ZBjcN8sv3pc3Jh8,ChdDSUhNMG9nS0VJQ0FnSURpaUpqZnlRRRAB,Ali Otot,https://www.google.com/maps/contrib/100482389234552896338/reviews?hl=en,4,5 years ago,,False,True,False,2026-09-25
P03,الواجهة البحرية,الدمام,كورنيش,https://maps.app.goo.gl/E5ZBjcN8sv3pc3Jh8,ChZDSUhNMG9nS0VJQ0FnSURpc0xtX2RnEAE,حسن الدوسري,https://www.google.com/maps/contrib/102953572942737934431/reviews?hl=en,4,5 years ago,على الموقع,True,True,False,2026-09-25
P03,الواجهة البحرية,الدمام,كورنيش,https://maps.app.goo.gl/E5ZBjcN8sv3pc3Jh8,ChZDSUhNMG9nS0VJQ0FnSURpME5mNWR3EAE,Mohammed Yousef,https://www.google.com/maps/contrib/110435705758070656501/reviews?hl=en,3,5 years ago,,False,True,False,2026-09-25
P03,الواجهة البحرية,الدمام,كورنيش,https://maps.app.goo.gl/E5ZBjcN8sv3pc3Jh8,ChZDSUhNMG9nS0VJQ0FnSURpNE52Y1JBEAE,Eyad Zarea,https://www.google.com/maps/contrib/112914661372782106680/reviews?hl=en,3,5 years ago,جمال,True,True,False,2026-09-25
P03,الواجهة البحرية,الدمام,كورنيش,https://maps.app.goo.gl/E5ZBjcN8sv3pc3Jh8,ChZDSUhNMG9nS0VJQ0FnSUNpbjlQZEN3EAE,Obayd Allah Aly Ismail Mohamed,https://www.google.com/maps/contrib/100300569594639721812/reviews?hl=en,5,5 years ago,رائعة لكن معظم الأسماك التي يتم اصطياد هي أبو شنب(تشبة سمك القرموط),True,True,False,2026-09-25
P03,الواجهة البحرية,الدمام,كورنيش,https://maps.app.goo.gl/E5ZBjcN8sv3pc3Jh8,ChZDSUhNMG9nS0VJQ0FnSUNpNzZEVUVBEAE,زون ٣٥,https://www.google.com/maps/contrib/111202507250993408065/reviews?hl=en,4,5 years ago,,False,True,False,2026-09-25
P03,الواجهة البحرية,الدمام,كورنيش,https://maps.app.goo.gl/E5ZBjcN8sv3pc3Jh8,ChdDSUhNMG9nS0VJQ0FnSUNpdDd6TC1nRRAB,خالد الشهري,https://www.google.com/maps/contrib/103678053617389659903/reviews?hl=en,5,5 years ago,روووعه,True,True,False,2026-09-25
P03,الواجهة البحرية,الدمام,كورنيش,https://maps.app.goo.gl/E5ZBjcN8sv3pc3Jh8,ChdDSUhNMG9nS0VJQ0FnSUNpNTlXYXpRRRAB,ABDULMOHSEN NASSERI,https://www.google.com/maps/contrib/104150868617085247131/reviews?hl=en,3,5 years ago,,False,True,False,2026-09-25
P03,الواجهة البحرية,الدمام,كورنيش,https://maps.app.goo.gl/E5ZBjcN8sv3pc3Jh8,ChdDSUhNMG9nS0VJQ0FnSUNpcDZqbDBBRRAB,Mohammed Alghamdi,https://www.google.com/maps/contrib/103666279723671389210/reviews?hl=en,5,5 years ago,,False,True,False,2026-09-25
P03,الواجهة البحرية,الدمام,كورنيش,https://maps.app.goo.gl/E5ZBjcN8sv3pc3Jh8,ChZDSUhNMG9nS0VJQ0FnSUNpeDhDQ1VnEAE,FAHAD AL DAWSARI,https://www.google.com/maps/contrib/112609590147061009434/reviews?hl=en,3,5 years ago,,False,True,False,2026-09-25
P03,الواجهة البحرية,الدمام,كورنيش,https://maps.app.goo.gl/E5ZBjcN8sv3pc3Jh8,ChdDSUhNMG9nS0VJQ0FnSUNpaDc2Y2tRRRAB,عبدالرحمن أحمد,https://www.google.com/maps/contrib/105828247481204291133/reviews?hl=en,5,5 years ago,مكان جميل جداً ويشرح الصدر ينفع للمشي ولالعاب الاطفال والتنزه والجلسه مع الاهل 😍 …,True,True,True,2026-09-25
P03,الواجهة البحرية,الدمام,كورنيش,https://maps.app.goo.gl/E5ZBjcN8sv3pc3Jh8,ChdDSUhNMG9nS0VJQ0FnSUNpMjk2emxnRRAB,Adel Bardhwan,https://www.google.com/maps/contrib/115138666661761228418/reviews?hl=en,3,5 years ago,,False,True,False,2026-09-25
P03,الواجهة البحرية,الدمام,كورنيش,https://maps.app.goo.gl/E5ZBjcN8sv3pc3Jh8,ChdDSUhNMG9nS0VJQ0FnSUNpMjZxTGpBRRAB,Nora Hamad,https://www.google.com/maps/contrib/108991620065089657694/reviews?hl=en,5,5 years ago,جميله خصوصاً الحين مع تعدل الاجواء ..😍 …,True,True,True,2026-09-25
P03,الواجهة البحرية,الدمام,كورنيش,https://maps.app.goo.gl/E5ZBjcN8sv3pc3Jh8,ChZDSUhNMG9nS0VJQ0FnSUNpaTREQ0pnEAE,Rami203,https://www.google.com/maps/contrib/101231846167027988654/reviews?hl=en,4,5 years ago,جميل جدا,True,True,False,2026-09-25
P03,الواجهة البحرية,الدمام,كورنيش,https://maps.app.goo.gl/E5ZBjcN8sv3pc3Jh8,ChdDSUhNMG9nS0VJQ0FnSUNpNDVPVnZ3RRAB,Rehab Ahmad,https://www.google.com/maps/contrib/110343827012868889627/reviews?hl=en,5,5 years ago,,False,True,False,2026-09-25
P03,الواجهة البحرية,الدمام,كورنيش,https://maps.app.goo.gl/E5ZBjcN8sv3pc3Jh8,ChZDSUhNMG9nS0VJQ0FnSUNpb19ialJnEAE,abdallah aijaz,https://www.google.com/maps/contrib/102363360966219367859/reviews?hl=en,4,5 years ago,مكان مناسب للعوائل,True,True,False,2026-09-25
P03,الواجهة البحرية,الدمام,كورنيش,https://maps.app.goo.gl/E5ZBjcN8sv3pc3Jh8,ChZDSUhNMG9nS0VJQ0FnSUNpdzVTaWJ3EAE,Malik Shams,https://www.google.com/maps/contrib/114633488619478841688/reviews?hl=en,5,5 years ago,,False,True,False,2026-09-25
P03,الواجهة البحرية,الدمام,كورنيش,https://maps.app.goo.gl/E5ZBjcN8sv3pc3Jh8,ChdDSUhNMG9nS0VJQ0FnSUNpM2VMdjFnRRAB,ابو اياد السليماني,https://www.google.com/maps/contrib/103048943082492388614/reviews?hl=en,5,5 years ago,,False,True,False,2026-09-25
P03,الواجهة البحرية,الدمام,كورنيش,https://maps.app.goo.gl/E5ZBjcN8sv3pc3Jh8,ChdDSUhNMG9nS0VJQ0FnSUNpblk3SXhBRRAB,Mtrb3 STR,https://www.google.com/maps/contrib/102250241955540571623/reviews?hl=en,5,5 years ago,,False,True,False,2026-09-25
P03,الواجهة البحرية,الدمام,كورنيش,https://maps.app.goo.gl/E5ZBjcN8sv3pc3Jh8,ChdDSUhNMG9nS0VJQ0FnSUNpN2NlNDV3RRAB,خالد سالم,https://www.google.com/maps/contrib/113132356813723503362/reviews?hl=en,5,5 years ago,,False,True,False,2026-09-25
P03,الواجهة البحرية,الدمام,كورنيش,https://maps.app.goo.gl/E5ZBjcN8sv3pc3Jh8,ChZDSUhNMG9nS0VJQ0FnSUNpN2RuaEpBEAE,Salem Alzahrani,https://www.google.com/maps/contrib/105882196978363340738/reviews?hl=en,5,5 years ago,,False,True,False,2026-09-25
P03,الواجهة البحرية,الدمام,كورنيش,https://maps.app.goo.gl/E5ZBjcN8sv3pc3Jh8,ChdDSUhNMG9nS0VJQ0FnSUNpbGV1dXpnRRAB,ياسر الخضراوي,https://www.google.com/maps/contrib/105310490342637730116/reviews?hl=en,5,5 years ago,👍💗 …,False,True,True,2026-09-25
P03,الواجهة البحرية,الدمام,كورنيش,https://maps.app.goo.gl/E5ZBjcN8sv3pc3Jh8,ChZDSUhNMG9nS0VJQ0FnSUNpNVlYSk9BEAE,Abo Khalid,https://www.google.com/maps/contrib/115405373513136256949/reviews?hl=en,4,5 years ago,جميل وهادئ,True,True,False,2026-09-25
P03,الواجهة البحرية,الدمام,كورنيش,https://maps.app.goo.gl/E5ZBjcN8sv3pc3Jh8,ChZDSUhNMG9nS0VJQ0FnSUNpeGNqZVVnEAE,whaimed1 “‫الوحيمد‬‎” whaimed2,https://www.google.com/maps/contrib/106286619199534335463/reviews?hl=en,5,5 years ago,ممشى ممتاز واجواء خيال,True,True,False,2026-09-25
P03,الواجهة البحرية,الدمام,كورنيش,https://maps.app.goo.gl/E5ZBjcN8sv3pc3Jh8,ChdDSUhNMG9nS0VJQ0FnSUNpaWFTWnBBRRAB,محمد علي السبيتي,https://www.google.com/maps/contrib/109906332185299611541/reviews?hl=en,3,5 years ago,المكان جميل ورايق لكن المكان مزدحم جدا والبحر مفتوح بشكل سيئ حيث من السهل وقوع الاطفال في البحر .,True,True,False,2026-09-25
P03,الواجهة البحرية,الدمام,كورنيش,https://maps.app.goo.gl/E5ZBjcN8sv3pc3Jh8,ChdDSUhNMG9nS0VJQ0FnSUNpb2N2LTdBRRAB,MOHAMMED AHMED,https://www.google.com/maps/contrib/103287357690579548243/reviews?hl=en,3,5 years ago,من اجمل الاماكن في جدة عيبها الزحام 24/7,True,True,False,2026-09-25
P03,الواجهة البحرية,الدمام,كورنيش,https://maps.app.goo.gl/E5ZBjcN8sv3pc3Jh8,ChZDSUhNMG9nS0VJQ0FnSUNpbnZpaGVBEAE,UMP Bad,https://www.google.com/maps/contrib/106385148235523686976/reviews?hl=en,4,5 years ago,,False,True,False,2026-09-25
P03,الواجهة البحرية,الدمام,كورنيش,https://maps.app.goo.gl/E5ZBjcN8sv3pc3Jh8,ChdDSUhNMG9nS0VJQ0FnSUNpcHVYbTh3RRAB,Basmh Moon,https://www.google.com/maps/contrib/105705387847456583791/reviews?hl=en,5,5 years ago,جميل,True,True,False,2026-09-25
P03,الواجهة البحرية,الدمام,كورنيش,https://maps.app.goo.gl/E5ZBjcN8sv3pc3Jh8,ChdDSUhNMG9nS0VJQ0FnSUNpeHZqeXF3RRAB,Ali,https://www.google.com/maps/contrib/106359198334462451127/reviews?hl=en,5,5 years ago,,False,True,False,2026-09-25
P03,الواجهة البحرية,الدمام,كورنيش,https://maps.app.goo.gl/E5ZBjcN8sv3pc3Jh8,ChdDSUhNMG9nS0VJQ0FnSUNpaHJPMDN3RRAB,Shady Emad,https://www.google.com/maps/contrib/109275459244317644703/reviews?hl=en,5,5 years ago,,False,True,False,2026-09-25
P03,الواجهة البحرية,الدمام,كورنيش,https://maps.app.goo.gl/E5ZBjcN8sv3pc3Jh8,ChZDSUhNMG9nS0VJQ0FnSUNpaHZISVR3EAE,بدرية الجبر,https://www.google.com/maps/contrib/117239086082666447912/reviews?hl=en,5,5 years ago,المساحة المسطحة الخضراء جميلة جداً والاشجار كثيفة والامتداد لكورنيش الدمام متعدد الخيرات والشارع الرئيسي بعيد عن المسطح الأخضر والشاطئ بالاضافة الى أن الاضاءه الخفيفة مميزه على كورنيش الدمام وهذه المنظومة الجميلة تعطي طابع الهدوء لمحبي الروقان 😌,True,True,False,2026-09-25
P03,الواجهة البحرية,الدمام,كورنيش,https://maps.app.goo.gl/E5ZBjcN8sv3pc3Jh8,ChdDSUhNMG9nS0VJQ0FnSUNpLXJ2VW1nRRAB,Khalied Alqarni,https://www.google.com/maps/contrib/115108119797470591095/reviews?hl=en,5,5 years ago,,False,True,False,2026-09-25
P03,الواجهة البحرية,الدمام,كورنيش,https://maps.app.goo.gl/E5ZBjcN8sv3pc3Jh8,ChZDSUhNMG9nS0VJQ0FnSUNpdXBYNlJBEAE,محمد السليماني,https://www.google.com/maps/contrib/102747981617562451147/reviews?hl=en,5,5 years ago,شي خيالي,True,True,False,2026-09-25
P03,الواجهة البحرية,الدمام,كورنيش,https://maps.app.goo.gl/E5ZBjcN8sv3pc3Jh8,ChdDSUhNMG9nS0VJQ0FnSUNpMnBuNnRnRRAB,Muataz Hamzah,https://www.google.com/maps/contrib/111294266313405454546/reviews?hl=en,4,5 years ago,,False,True,False,2026-09-25
P03,الواجهة البحرية,الدمام,كورنيش,https://maps.app.goo.gl/E5ZBjcN8sv3pc3Jh8,ChZDSUhNMG9nS0VJQ0FnSUNpbXFmOEx3EAE,Amr Hassan,https://www.google.com/maps/contrib/117296562028507667957/reviews?hl=en,1,5 years ago,,False,True,False,2026-09-25
P03,الواجهة البحرية,الدمام,كورنيش,https://maps.app.goo.gl/E5ZBjcN8sv3pc3Jh8,ChdDSUhNMG9nS0VJQ0FnSUNpc3ZqWDdBRRAB,USMAN ZAHEER MALIK,https://www.google.com/maps/contrib/112816300721226961944/reviews?hl=en,4,5 years ago,,False,True,False,2026-09-25
P03,الواجهة البحرية,الدمام,كورنيش,https://maps.app.goo.gl/E5ZBjcN8sv3pc3Jh8,ChZDSUhNMG9nS0VJQ0FnSUNpek9TRkt3EAE,سعد القحطاني,https://www.google.com/maps/contrib/106844791097473402167/reviews?hl=en,4,5 years ago,,False,True,False,2026-09-25
P03,الواجهة البحرية,الدمام,كورنيش,https://maps.app.goo.gl/E5ZBjcN8sv3pc3Jh8,ChZDSUhNMG9nS0VJQ0FnSUNpakt1ZGN3EAE,منوعات دينية,https://www.google.com/maps/contrib/105089507491030024838/reviews?hl=en,1,5 years ago,لابأس به,True,True,False,2026-09-25
P03,الواجهة البحرية,الدمام,كورنيش,https://maps.app.goo.gl/E5ZBjcN8sv3pc3Jh8,ChdDSUhNMG9nS0VJQ0FnSUNpME5pc193RRAB,The Graches,https://www.google.com/maps/contrib/101743395350839963897/reviews?hl=en,5,5 years ago,Fresh air... good place for fitness activities,False,True,False,2026-09-25
P03,الواجهة البحرية,الدمام,كورنيش,https://maps.app.goo.gl/E5ZBjcN8sv3pc3Jh8,ChZDSUhNMG9nS0VJQ0FnSUNpNE0yaFJREAE,كافيين - أحمد الطيب,https://www.google.com/maps/contrib/118302938589574261584/reviews?hl=en,5,5 years ago,,False,True,False,2026-09-25
P03,الواجهة البحرية,الدمام,كورنيش,https://maps.app.goo.gl/E5ZBjcN8sv3pc3Jh8,ChZDSUhNMG9nS0VJQ0FnSURDci1yS1lnEAE,مراد اشنينه,https://www.google.com/maps/contrib/110673932055141396063/reviews?hl=en,5,5 years ago,حلوه كثير,True,True,False,2026-09-25
P03,الواجهة البحرية,الدمام,كورنيش,https://maps.app.goo.gl/E5ZBjcN8sv3pc3Jh8,ChdDSUhNMG9nS0VJQ0FnSURDNTctU3p3RRAB,Zeyad Shabli,https://www.google.com/maps/contrib/114765526852368553540/reviews?hl=en,5,5 years ago,,False,True,False,2026-09-25
P03,الواجهة البحرية,الدمام,كورنيش,https://maps.app.goo.gl/E5ZBjcN8sv3pc3Jh8,ChdDSUhNMG9nS0VJQ0FnSURDaDRLenpBRRAB,Abdulrahman Khalid,https://www.google.com/maps/contrib/114363984070698756114/reviews?hl=en,5,5 years ago,المكان هادئ ونظيف,True,True,False,2026-09-25
P03,الواجهة البحرية,الدمام,كورنيش,https://maps.app.goo.gl/E5ZBjcN8sv3pc3Jh8,ChZDSUhNMG9nS0VJQ0FnSURDc183bmNBEAE,خالد الزهراني,https://www.google.com/maps/contrib/111574185360094515642/reviews?hl=en,5,Edited 5 years ago,مكان رائع,True,True,False,2026-09-25
P03,الواجهة البحرية,الدمام,كورنيش,https://maps.app.goo.gl/E5ZBjcN8sv3pc3Jh8,ChZDSUhNMG9nS0VJQ0FnSURDdTZDVkhBEAE,Haitham Elfaitoury,https://www.google.com/maps/contrib/109997715974179152899/reviews?hl=en,3,5 years ago,,False,True,False,2026-09-25
P03,الواجهة البحرية,الدمام,كورنيش,https://maps.app.goo.gl/E5ZBjcN8sv3pc3Jh8,ChZDSUhNMG9nS0VJQ0FnSURDeTh2OFlBEAE,Mohammad,https://www.google.com/maps/contrib/115888326442288181837/reviews?hl=en,5,5 years ago,رائع.. نظيف ومنظم,True,True,False,2026-09-25
P03,الواجهة البحرية,الدمام,كورنيش,https://maps.app.goo.gl/E5ZBjcN8sv3pc3Jh8,ChdDSUhNMG9nS0VJQ0FnSURDeTRDTnZRRRAB,Ali Alghamdi,https://www.google.com/maps/contrib/106451584069452025242/reviews?hl=en,4,5 years ago,,False,True,False,2026-09-25
P03,الواجهة البحرية,الدمام,كورنيش,https://maps.app.goo.gl/E5ZBjcN8sv3pc3Jh8,ChdDSUhNMG9nS0VJQ0FnSURDaTlmT193RRAB,Sos_189 305,https://www.google.com/maps/contrib/117147581525310677327/reviews?hl=en,5,5 years ago,اجمل مدينه الخبررررر,True,True,False,2026-09-25
P03,الواجهة البحرية,الدمام,كورنيش,https://maps.app.goo.gl/E5ZBjcN8sv3pc3Jh8,ChZDSUhNMG9nS0VJQ0FnSURDbzRfYldBEAE,Mohammed Basem Hamwiah,https://www.google.com/maps/contrib/109504336993610492821/reviews?hl=en,4,5 years ago,جيد نوعاً ما للعوائل,True,True,False,2026-09-25
P03,الواجهة البحرية,الدمام,كورنيش,https://maps.app.goo.gl/E5ZBjcN8sv3pc3Jh8,ChdDSUhNMG9nS0VJQ0FnSURDbzd5ajNnRRAB,T. Abbad,https://www.google.com/maps/contrib/113679480765652635893/reviews?hl=en,4,5 years ago,,False,True,False,2026-09-25
P03,الواجهة البحرية,الدمام,كورنيش,https://maps.app.goo.gl/E5ZBjcN8sv3pc3Jh8,ChdDSUhNMG9nS0VJQ0FnSURDdVlQOTRnRRAB,وهيب عثمان,https://www.google.com/maps/contrib/112114463467414028484/reviews?hl=en,5,5 years ago,ممتاز جدا,True,True,False,2026-09-25
P03,الواجهة البحرية,الدمام,كورنيش,https://maps.app.goo.gl/E5ZBjcN8sv3pc3Jh8,ChdDSUhNMG9nS0VJQ0FnSURDMGRiWjJnRRAB,أذكر الله,https://www.google.com/maps/contrib/103545701332125340826/reviews?hl=en,2,5 years ago,"هذا كرنيش الدمام
واشوف ان كرنيش الخبر افضل واجمل وانظف بكثير ومناسب للعائل اكثر من هذا",True,True,False,2026-09-25
P03,الواجهة البحرية,الدمام,كورنيش,https://maps.app.goo.gl/E5ZBjcN8sv3pc3Jh8,ChdDSUhNMG9nS0VJQ0FnSURDM3FQZ3RRRRAB,عبدالله القرشي,https://www.google.com/maps/contrib/107223268392828557847/reviews?hl=en,4,5 years ago,مايحتاج اتكلم عن البحر والسعادة الي فيه بس للاسف كان وقت زيارتي سيء والرطوبه فضيعه جدا في اليوم الوطني .. الاحظ ان الاحترازات الصحيه الكمامات وغيرها اقل بكثير عن الرياض مادري ليش ..,True,True,False,2026-09-25
P03,الواجهة البحرية,الدمام,كورنيش,https://maps.app.goo.gl/E5ZBjcN8sv3pc3Jh8,ChZDSUhNMG9nS0VJQ0FnSURDbHBldElREAE,احمد طارق,https://www.google.com/maps/contrib/118193325857623990437/reviews?hl=en,5,5 years ago,,False,True,False,2026-09-25
P03,الواجهة البحرية,الدمام,كورنيش,https://maps.app.goo.gl/E5ZBjcN8sv3pc3Jh8,ChdDSUhNMG9nS0VJQ0FnSURDaHVTNW5BRRAB,aziz bani,https://www.google.com/maps/contrib/112749819181058055684/reviews?hl=en,3,6 years ago,كان مستوى النظافة في السابق افضل من وضعها الحالي,True,True,False,2026-09-25
P03,الواجهة البحرية,الدمام,كورنيش,https://maps.app.goo.gl/E5ZBjcN8sv3pc3Jh8,ChZDSUhNMG9nS0VJQ0FnSURDNnA2LUdnEAE,essa alsalem,https://www.google.com/maps/contrib/106158351716846715642/reviews?hl=en,3,6 years ago,"دون المستوى المطلوب

تحتاج اهتمام اكثر من البلدية

دمت عز و فخر يا وطني",True,True,False,2026-09-25
P03,الواجهة البحرية,الدمام,كورنيش,https://maps.app.goo.gl/E5ZBjcN8sv3pc3Jh8,ChZDSUhNMG9nS0VJQ0FnSURDdkpqZUZ3EAE,رائد الدنيني,https://www.google.com/maps/contrib/117288044807560294268/reviews?hl=en,5,6 years ago,مكان رائع وجميل ومتنزه فخم,True,True,False,2026-09-25
P03,الواجهة البحرية,الدمام,كورنيش,https://maps.app.goo.gl/E5ZBjcN8sv3pc3Jh8,ChdDSUhNMG9nS0VJQ0FnSURDak5fS2dRRRAB,Ali,https://www.google.com/maps/contrib/103487287783612054977/reviews?hl=en,5,6 years ago,,False,True,False,2026-09-25
P03,الواجهة البحرية,الدمام,كورنيش,https://maps.app.goo.gl/E5ZBjcN8sv3pc3Jh8,ChdDSUhNMG9nS0VJQ0FnSURDaktEbmpBRRAB,ابو ناصر,https://www.google.com/maps/contrib/115863527882531790954/reviews?hl=en,4,6 years ago,,False,True,False,2026-09-25
P03,الواجهة البحرية,الدمام,كورنيش,https://maps.app.goo.gl/E5ZBjcN8sv3pc3Jh8,ChdDSUhNMG9nS0VJQ0FnSURDLUtURnFBRRAB,Bashar Ayyash,https://www.google.com/maps/contrib/100707480782760356414/reviews?hl=en,4,6 years ago,"good maintain, nice walk",False,True,False,2026-09-25
P03,الواجهة البحرية,الدمام,كورنيش,https://maps.app.goo.gl/E5ZBjcN8sv3pc3Jh8,ChdDSUhNMG9nS0VJQ0FnSURDbVBhS2pBRRAB,Nada H,https://www.google.com/maps/contrib/103806742617373813725/reviews?hl=en,3,6 years ago,Nice place,False,True,False,2026-09-25
P03,الواجهة البحرية,الدمام,كورنيش,https://maps.app.goo.gl/E5ZBjcN8sv3pc3Jh8,ChdDSUhNMG9nS0VJQ0FnSURDeUlHNzF3RRAB,Budur Alhassan,https://www.google.com/maps/contrib/113379668872261741277/reviews?hl=en,4,6 years ago,مكان هادء بس يحتاج لوجود بقالات,True,True,False,2026-09-25
P03,الواجهة البحرية,الدمام,كورنيش,https://maps.app.goo.gl/E5ZBjcN8sv3pc3Jh8,ChdDSUhNMG9nS0VJQ0FnSURDc043S3FnRRAB,sijo jose,https://www.google.com/maps/contrib/110570363346894197794/reviews?hl=en,4,6 years ago,,False,True,False,2026-09-25
P03,الواجهة البحرية,الدمام,كورنيش,https://maps.app.goo.gl/E5ZBjcN8sv3pc3Jh8,ChZDSUhNMG9nS0VJQ0FnSURDMElld1JBEAE,Mohammed Al-Yafrsi,https://www.google.com/maps/contrib/100976053721802159276/reviews?hl=en,5,6 years ago,,False,True,False,2026-09-25
P03,الواجهة البحرية,الدمام,كورنيش,https://maps.app.goo.gl/E5ZBjcN8sv3pc3Jh8,ChdDSUhNMG9nS0VJQ0FnSURDMFBtcGd3RRAB,Mahmed Ebrahim,https://www.google.com/maps/contrib/110744759425767825846/reviews?hl=en,5,6 years ago,,False,True,False,2026-09-25
P03,الواجهة البحرية,الدمام,كورنيش,https://maps.app.goo.gl/E5ZBjcN8sv3pc3Jh8,ChdDSUhNMG9nS0VJQ0FnSURDa0kzZHFnRRAB,Ashraf Alghamdi,https://www.google.com/maps/contrib/111727186864897716782/reviews?hl=en,5,6 years ago,,False,True,False,2026-09-25
P03,الواجهة البحرية,الدمام,كورنيش,https://maps.app.goo.gl/E5ZBjcN8sv3pc3Jh8,ChZDSUhNMG9nS0VJQ0FnSURDNEl1elpBEAE,Alamal Aa,https://www.google.com/maps/contrib/112995726770675860184/reviews?hl=en,5,6 years ago,مكان جميل 👍 …,True,True,True,2026-09-25
P03,الواجهة البحرية,الدمام,كورنيش,https://maps.app.goo.gl/E5ZBjcN8sv3pc3Jh8,ChdDSUhNMG9nS0VJQ0FnSUNDdjhueDl3RRAB,Ibrahim ALGhumaijan,https://www.google.com/maps/contrib/102738626005550211722/reviews?hl=en,5,6 years ago,رائع,True,True,False,2026-09-25
P03,الواجهة البحرية,الدمام,كورنيش,https://maps.app.goo.gl/E5ZBjcN8sv3pc3Jh8,ChZDSUhNMG9nS0VJQ0FnSUNDMTVLS053EAE,خالد عبدالرحمن,https://www.google.com/maps/contrib/118197001873951732809/reviews?hl=en,5,6 years ago,,False,True,False,2026-09-25
P03,الواجهة البحرية,الدمام,كورنيش,https://maps.app.goo.gl/E5ZBjcN8sv3pc3Jh8,ChZDSUhNMG9nS0VJQ0FnSUNDdTU2S0FREAE,محمد رفعت2,https://www.google.com/maps/contrib/117626926319718766183/reviews?hl=en,5,6 years ago,,False,True,False,2026-09-25
P03,الواجهة البحرية,الدمام,كورنيش,https://maps.app.goo.gl/E5ZBjcN8sv3pc3Jh8,ChZDSUhNMG9nS0VJQ0FnSUNDbTR1V1d3EAE,على مقلد _alimaklad,https://www.google.com/maps/contrib/113720589032810642794/reviews?hl=en,5,6 years ago,,False,True,False,2026-09-25
P03,الواجهة البحرية,الدمام,كورنيش,https://maps.app.goo.gl/E5ZBjcN8sv3pc3Jh8,ChZDSUhNMG9nS0VJQ0FnSUNDMmQtT2FBEAE,عبدالمجيد الحسن,https://www.google.com/maps/contrib/109202112752924649084/reviews?hl=en,1,6 years ago,If only they would pay attention to the same news. No comment. We can only complain to God.,True,False,False,2026-09-25
P03,الواجهة البحرية,الدمام,كورنيش,https://maps.app.goo.gl/E5ZBjcN8sv3pc3Jh8,ChZDSUhNMG9nS0VJQ0FnSUNDOFl6UlN3EAE,محمد المدرع,https://www.google.com/maps/contrib/105909576321438167884/reviews?hl=en,5,6 years ago,خدمات رائعة ونظافة مبهجه وترتيب وتنظيم يشكرون عليه,True,True,False,2026-09-25
P03,الواجهة البحرية,الدمام,كورنيش,https://maps.app.goo.gl/E5ZBjcN8sv3pc3Jh8,ChdDSUhNMG9nS0VJQ0FnSUNDNGJPNnp3RRAB,Ee Ss,https://www.google.com/maps/contrib/116636476914673555974/reviews?hl=en,2,6 years ago,لاشيء يذكر,True,True,False,2026-09-25
P03,الواجهة البحرية,الدمام,كورنيش,https://maps.app.goo.gl/E5ZBjcN8sv3pc3Jh8,ChdDSUhNMG9nS0VJQ0FnSUNDX3UySHFRRRAB,محمد السعوي,https://www.google.com/maps/contrib/118341083709924443750/reviews?hl=en,3,6 years ago,ماافيه عناية بالثيل  قلة دورة المياه,True,True,False,2026-09-25
P03,الواجهة البحرية,الدمام,كورنيش,https://maps.app.goo.gl/E5ZBjcN8sv3pc3Jh8,ChdDSUhNMG9nS0VJQ0FnSUNDNnAtbGpRRRAB,Mohamed Ayman,https://www.google.com/maps/contrib/110972310333867217609/reviews?hl=en,5,6 years ago,Nice,False,True,False,2026-09-25
P03,الواجهة البحرية,الدمام,كورنيش,https://maps.app.goo.gl/E5ZBjcN8sv3pc3Jh8,ChdDSUhNMG9nS0VJQ0FnSUNDNHZlRjFBRRAB,Saleh Al hamad,https://www.google.com/maps/contrib/115388435928412533738/reviews?hl=en,3,6 years ago,,False,True,False,2026-09-25
P03,الواجهة البحرية,الدمام,كورنيش,https://maps.app.goo.gl/E5ZBjcN8sv3pc3Jh8,ChdDSUhNMG9nS0VJQ0FnSUNDb3JTazZBRRAB,Mohamed Abdelaal,https://www.google.com/maps/contrib/101355826250807683851/reviews?hl=en,4,6 years ago,,False,True,False,2026-09-25
P03,الواجهة البحرية,الدمام,كورنيش,https://maps.app.goo.gl/E5ZBjcN8sv3pc3Jh8,ChZDSUhNMG9nS0VJQ0FnSUNDdklfU0h3EAE,samir atwa,https://www.google.com/maps/contrib/114776960873618146846/reviews?hl=en,5,6 years ago,مناسب,True,True,False,2026-09-25
P03,الواجهة البحرية,الدمام,كورنيش,https://maps.app.goo.gl/E5ZBjcN8sv3pc3Jh8,ChdDSUhNMG9nS0VJQ0FnSUNDaUtiUmd3RRAB,جابر عسيري,https://www.google.com/maps/contrib/114335182233535797856/reviews?hl=en,3,6 years ago,,False,True,False,2026-09-25
P03,الواجهة البحرية,الدمام,كورنيش,https://maps.app.goo.gl/E5ZBjcN8sv3pc3Jh8,ChdDSUhNMG9nS0VJQ0FnSUQ4djVTcnF3RRAB,Moreng Mahmoud,https://www.google.com/maps/contrib/104906487909258265235/reviews?hl=en,4,6 years ago,,False,True,False,2026-09-25
P03,الواجهة البحرية,الدمام,كورنيش,https://maps.app.goo.gl/E5ZBjcN8sv3pc3Jh8,ChZDSUhNMG9nS0VJQ0FnSUQ4cjZxcFBREAE,Salah Alzobery,https://www.google.com/maps/contrib/115111402917618281382/reviews?hl=en,5,6 years ago,Very nice,True,False,False,2026-09-25
P03,الواجهة البحرية,الدمام,كورنيش,https://maps.app.goo.gl/E5ZBjcN8sv3pc3Jh8,ChdDSUhNMG9nS0VJQ0FnSUQ4el9meTd3RRAB,mohamed husiny gaber,https://www.google.com/maps/contrib/109616773331917342299/reviews?hl=en,5,6 years ago,,False,True,False,2026-09-25
P03,الواجهة البحرية,الدمام,كورنيش,https://maps.app.goo.gl/E5ZBjcN8sv3pc3Jh8,ChdDSUhNMG9nS0VJQ0FnSUQ4dDRLaHNBRRAB,Rashed Alsalem,https://www.google.com/maps/contrib/102289303565992677412/reviews?hl=en,5,6 years ago,,False,True,False,2026-09-25
P03,الواجهة البحرية,الدمام,كورنيش,https://maps.app.goo.gl/E5ZBjcN8sv3pc3Jh8,ChdDSUhNMG9nS0VJQ0FnSUQ4NTdQU3RRRRAB,ابو الوليد,https://www.google.com/maps/contrib/108322003171083546526/reviews?hl=en,4,6 years ago,جميل جداااا,True,True,False,2026-09-25
P03,الواجهة البحرية,الدمام,كورنيش,https://maps.app.goo.gl/E5ZBjcN8sv3pc3Jh8,ChdDSUhNMG9nS0VJQ0FnSUQ4aF9hRXZnRRAB,د سميرة محمد,https://www.google.com/maps/contrib/114187055316150932134/reviews?hl=en,4,6 years ago,مكان هادي وجميل,True,True,False,2026-09-25
P03,الواجهة البحرية,الدمام,كورنيش,https://maps.app.goo.gl/E5ZBjcN8sv3pc3Jh8,ChZDSUhNMG9nS0VJQ0FnSUQ4LTd1LVlBEAE,abad al,https://www.google.com/maps/contrib/112874041353266994791/reviews?hl=en,1,6 years ago,,False,True,False,2026-09-25
P03,الواجهة البحرية,الدمام,كورنيش,https://maps.app.goo.gl/E5ZBjcN8sv3pc3Jh8,ChZDSUhNMG9nS0VJQ0FnSUQ4LTVqU0F3EAE,محمد خالد الخالدي,https://www.google.com/maps/contrib/103856332878889973295/reviews?hl=en,5,6 years ago,,False,True,False,2026-09-25
P03,الواجهة البحرية,الدمام,كورنيش,https://maps.app.goo.gl/E5ZBjcN8sv3pc3Jh8,ChZDSUhNMG9nS0VJQ0FnSUQ4MnZqREFnEAE,Mohammed Fakhro,https://www.google.com/maps/contrib/113444203564395924001/reviews?hl=en,5,6 years ago,ممتاز,True,True,False,2026-09-25
P03,الواجهة البحرية,الدمام,كورنيش,https://maps.app.goo.gl/E5ZBjcN8sv3pc3Jh8,ChZDSUhNMG9nS0VJQ0FnSUQ4NnAzZ0tBEAE,ام لميس,https://www.google.com/maps/contrib/105706023678346375768/reviews?hl=en,2,6 years ago,الحشرات فيه فااتمنى تنظيف اكثر,True,True,False,2026-09-25
P03,الواجهة البحرية,الدمام,كورنيش,https://maps.app.goo.gl/E5ZBjcN8sv3pc3Jh8,ChZDSUhNMG9nS0VJQ0FnSUQ4a04ySEZ3EAE,Ammar Al-Farra,https://www.google.com/maps/contrib/110683697963778008687/reviews?hl=en,5,6 years ago,ممتاز,True,True,False,2026-09-25
P03,الواجهة البحرية,الدمام,كورنيش,https://maps.app.goo.gl/E5ZBjcN8sv3pc3Jh8,ChdDSUhNMG9nS0VJQ0FnSUM4Nl8tRDF3RRAB,Ali Alshawaker,https://www.google.com/maps/contrib/116530618077023795745/reviews?hl=en,5,6 years ago,The place is nice and classy,True,False,False,2026-09-25
P03,الواجهة البحرية,الدمام,كورنيش,https://maps.app.goo.gl/E5ZBjcN8sv3pc3Jh8,ChZDSUhNMG9nS0VJQ0FnSUM4N2NQZkp3EAE,Theeb Al Yami,https://www.google.com/maps/contrib/107715539793704664628/reviews?hl=en,3,6 years ago,جميله  في الصباح الباكر,True,True,False,2026-09-25
P03,الواجهة البحرية,الدمام,كورنيش,https://maps.app.goo.gl/E5ZBjcN8sv3pc3Jh8,ChZDSUhNMG9nS0VJQ0FnSUM4eVlhM2ZREAE,الجسر,https://www.google.com/maps/contrib/116413215859990400180/reviews?hl=en,4,6 years ago,الواجهة البحرية بالدمام مساحات كبيرة ومتنوعة وخدمات عامة متوفرة بالإضافة لعربات الطعام واماكن الوجبات السريعة والمشروبات الساخنة ، وغيرها الكثير,True,True,False,2026-09-25
P03,الواجهة البحرية,الدمام,كورنيش,https://maps.app.goo.gl/E5ZBjcN8sv3pc3Jh8,ChZDSUhNMG9nS0VJQ0FnSUM4N3NQcldREAE,A S,https://www.google.com/maps/contrib/117828814775226325030/reviews?hl=en,5,6 years ago,نظيف و جميل بس يحتاج يكون فيه اضاءه اكثر و برادات تبيع مويه,True,True,False,2026-09-25
P03,الواجهة البحرية,الدمام,كورنيش,https://maps.app.goo.gl/E5ZBjcN8sv3pc3Jh8,ChdDSUhNMG9nS0VJQ0FnSUM4MXVPTW5BRRAB,ahmad aldimassi,https://www.google.com/maps/contrib/107234136121980652641/reviews?hl=en,5,6 years ago,أكثر من رائعة,True,True,False,2026-09-25
P03,الواجهة البحرية,الدمام,كورنيش,https://maps.app.goo.gl/E5ZBjcN8sv3pc3Jh8,ChdDSUhNMG9nS0VJQ0FnSUM4aHJDNnFRRRAB,حسن القرني,https://www.google.com/maps/contrib/116791669544067279367/reviews?hl=en,5,6 years ago,,False,True,False,2026-09-25
P03,الواجهة البحرية,الدمام,كورنيش,https://maps.app.goo.gl/E5ZBjcN8sv3pc3Jh8,ChZDSUhNMG9nS0VJQ0FnSUM4M1BPZWNnEAE,Ahmad Salah,https://www.google.com/maps/contrib/101979773040074742676/reviews?hl=en,4,6 years ago,,False,True,False,2026-09-25
P03,الواجهة البحرية,الدمام,كورنيش,https://maps.app.goo.gl/E5ZBjcN8sv3pc3Jh8,ChdDSUhNMG9nS0VJQ0FnSUNjay1EUjhRRRAB,WELLHOOD,https://www.google.com/maps/contrib/103025557799708175718/reviews?hl=en,5,6 years ago,"Very nice place, I used to go fishing there.",False,True,False,2026-09-25
P03,الواجهة البحرية,الدمام,كورنيش,https://maps.app.goo.gl/E5ZBjcN8sv3pc3Jh8,ChdDSUhNMG9nS0VJQ0FnSUNjc0xEdHVRRRAB,A. ALMANHALI,https://www.google.com/maps/contrib/114219897721741803226/reviews?hl=en,5,6 years ago,,False,True,False,2026-09-25
P03,الواجهة البحرية,الدمام,كورنيش,https://maps.app.goo.gl/E5ZBjcN8sv3pc3Jh8,ChZDSUhNMG9nS0VJQ0FnSURzMmQ2eUN3EAE,Rawad Altal,https://www.google.com/maps/contrib/116788835425944432178/reviews?hl=en,3,6 years ago,,False,True,False,2026-09-25
P03,الواجهة البحرية,الدمام,كورنيش,https://maps.app.goo.gl/E5ZBjcN8sv3pc3Jh8,ChdDSUhNMG9nS0VJQ0FnSURzNllmdXJ3RRAB,A S,https://www.google.com/maps/contrib/101290060205416362237/reviews?hl=en,5,6 years ago,beautiful place,True,False,False,2026-09-25
P03,الواجهة البحرية,الدمام,كورنيش,https://maps.app.goo.gl/E5ZBjcN8sv3pc3Jh8,ChZDSUhNMG9nS0VJQ0FnSURzc2I3SlhREAE,Mohammed ALJandan,https://www.google.com/maps/contrib/113990767162808003196/reviews?hl=en,5,6 years ago,👍👍 …,False,True,True,2026-09-25
P03,الواجهة البحرية,الدمام,كورنيش,https://maps.app.goo.gl/E5ZBjcN8sv3pc3Jh8,ChZDSUhNMG9nS0VJQ0FnSURzc1pEemVBEAE,عباس,https://www.google.com/maps/contrib/112475943938101755740/reviews?hl=en,4,6 years ago,جميل واتمنى ان يحافظ علية,True,True,False,2026-09-25
P03,الواجهة البحرية,الدمام,كورنيش,https://maps.app.goo.gl/E5ZBjcN8sv3pc3Jh8,ChZDSUhNMG9nS0VJQ0FnSURzOW9lVkN3EAE,احمد الحربي,https://www.google.com/maps/contrib/104438309727753884787/reviews?hl=en,3,6 years ago,,False,True,False,2026-09-25
P03,الواجهة البحرية,الدمام,كورنيش,https://maps.app.goo.gl/E5ZBjcN8sv3pc3Jh8,ChZDSUhNMG9nS0VJQ0FnSURzOXFtdlFREAE,‫سعيد الغامدي (ابو علي)‬‎,https://www.google.com/maps/contrib/117158859962287819521/reviews?hl=en,2,6 years ago,منتزة لاباس به,True,True,False,2026-09-25
P03,الواجهة البحرية,الدمام,كورنيش,https://maps.app.goo.gl/E5ZBjcN8sv3pc3Jh8,ChdDSUhNMG9nS0VJQ0FnSURzMXVURzJnRRAB,احساس وشعور,https://www.google.com/maps/contrib/113731128159525060673/reviews?hl=en,5,6 years ago,مكان جميل جدا,True,True,False,2026-09-25
P03,الواجهة البحرية,الدمام,كورنيش,https://maps.app.goo.gl/E5ZBjcN8sv3pc3Jh8,ChZDSUhNMG9nS0VJQ0FnSURzeHNlTkhBEAE,Redha Al-Nasser,https://www.google.com/maps/contrib/108726717923954903724/reviews?hl=en,5,6 years ago,جميل جداً اتمنى الناس تحافظ عليه,True,True,False,2026-09-25
P03,الواجهة البحرية,الدمام,كورنيش,https://maps.app.goo.gl/E5ZBjcN8sv3pc3Jh8,ChdDSUhNMG9nS0VJQ0FnSURzMG9xUzdBRRAB,bedro im,https://www.google.com/maps/contrib/113725260670165955694/reviews?hl=en,5,6 years ago,,False,True,False,2026-09-25
P03,الواجهة البحرية,الدمام,كورنيش,https://maps.app.goo.gl/E5ZBjcN8sv3pc3Jh8,ChZDSUhNMG9nS0VJQ0FnSURzOEs3RE1REAE,Asma Abed,https://www.google.com/maps/contrib/102048374716301385435/reviews?hl=en,4,6 years ago,,False,True,False,2026-09-25
P03,الواجهة البحرية,الدمام,كورنيش,https://maps.app.goo.gl/E5ZBjcN8sv3pc3Jh8,ChZDSUhNMG9nS0VJQ0FnSURza09LRE53EAE,Hassan Almohammadi,https://www.google.com/maps/contrib/100786072940436188573/reviews?hl=en,4,6 years ago,"جميل وباقي يشتغلون عليه
لكن اصحاب الدبابات مزعجين بالويكند الله يهديهم",True,True,False,2026-09-25
P03,الواجهة البحرية,الدمام,كورنيش,https://maps.app.goo.gl/E5ZBjcN8sv3pc3Jh8,ChZDSUhNMG9nS0VJQ0FnSUNzbWFlREpnEAE,Mohammed Khafajah,https://www.google.com/maps/contrib/107792784358396380286/reviews?hl=en,4,6 years ago,,False,True,False,2026-09-25
P03,الواجهة البحرية,الدمام,كورنيش,https://maps.app.goo.gl/E5ZBjcN8sv3pc3Jh8,ChdDSUhNMG9nS0VJQ0FnSUNzbWJPM3lnRRAB,msa msa,https://www.google.com/maps/contrib/101583584507750108403/reviews?hl=en,5,6 years ago,رايقه,True,True,False,2026-09-25
P03,الواجهة البحرية,الدمام,كورنيش,https://maps.app.goo.gl/E5ZBjcN8sv3pc3Jh8,ChZDSUhNMG9nS0VJQ0FnSUNzNmZTRlh3EAE,Moni Nona,https://www.google.com/maps/contrib/101613567113248374939/reviews?hl=en,5,6 years ago,,False,True,False,2026-09-25
P03,الواجهة البحرية,الدمام,كورنيش,https://maps.app.goo.gl/E5ZBjcN8sv3pc3Jh8,ChdDSUhNMG9nS0VJQ0FnSUNzcE9iNzBnRRAB,Shakmath,https://www.google.com/maps/contrib/107404928841449044369/reviews?hl=en,3,6 years ago,حليو,True,True,False,2026-09-25
P03,الواجهة البحرية,الدمام,كورنيش,https://maps.app.goo.gl/E5ZBjcN8sv3pc3Jh8,ChdDSUhNMG9nS0VJQ0FnSURNXzluQzN3RRAB,Yassine Abid,https://www.google.com/maps/contrib/109887052226746134396/reviews?hl=en,1,6 years ago,عدم وجود إشارات إرشادية للسير خلف ماكدونالد,True,True,False,2026-09-25
P03,الواجهة البحرية,الدمام,كورنيش,https://maps.app.goo.gl/E5ZBjcN8sv3pc3Jh8,ChdDSUhNMG9nS0VJQ0FnSURNczVqNW1BRRAB,Abdulrahman Ali,https://www.google.com/maps/contrib/100147203535372386522/reviews?hl=en,5,6 years ago,جميل للعوائل والشباب,True,True,False,2026-09-25
P03,الواجهة البحرية,الدمام,كورنيش,https://maps.app.goo.gl/E5ZBjcN8sv3pc3Jh8,ChdDSUhNMG9nS0VJQ0FnSUNNNWFIQ25nRRAB,M. F.J,https://www.google.com/maps/contrib/109969197959191138888/reviews?hl=en,3,Edited 6 years ago,متنزه جميل للعوائل والشباب,True,True,False,2026-09-25
P03,الواجهة البحرية,الدمام,كورنيش,https://maps.app.goo.gl/E5ZBjcN8sv3pc3Jh8,ChdDSUhNMG9nS0VJQ0FnSUNNcU5TWXRRRRAB,عبدالهادي البلادي,https://www.google.com/maps/contrib/118368804413645178628/reviews?hl=en,5,6 years ago,,False,True,False,2026-09-25
P03,الواجهة البحرية,الدمام,كورنيش,https://maps.app.goo.gl/E5ZBjcN8sv3pc3Jh8,ChdDSUhNMG9nS0VJQ0FnSUQwMGZyT2tBRRAB,emad,https://www.google.com/maps/contrib/112437605188819049841/reviews?hl=en,5,6 years ago,👍🏼 …,False,True,True,2026-09-25
