place_id,place_name,city,category,place_url,review_id,reviewer,reviewer_profile_url,rating,date_relative,review_text,was_translated,original_confirmed,text_truncated,scraped_at
P02,القرية الشعبية,الدمام,تراثي / ثقافي,https://maps.app.goo.gl/oNadKmXoFmk9e4Di9,Ci9DQUlRQUNvZENodHljRjlvT210U1MybGhZMlZvWWtGclJWcHZTa1pOWkhwNE5sRRAB,Joynalbiplobabdin Abdin,https://www.google.com/maps/contrib/110241601438287145627/reviews?hl=en,4,22 minutes ago,,False,True,False,2026-09-25
P02,القرية الشعبية,الدمام,تراثي / ثقافي,https://maps.app.goo.gl/oNadKmXoFmk9e4Di9,Ci9DQUlRQUNvZENodHljRjlvT2tZeWFIcDRObGR5VTE5emNXaE9kWFZqV0VKTFdtYxAB,Hesah Alshmrani,https://www.google.com/maps/contrib/102549183631470753338/reviews?hl=en,5,29 minutes ago,تحسن ملحوظ بعد تغير الادارة ... اشكركم,True,True,False,2026-09-25
P02,القرية الشعبية,الدمام,تراثي / ثقافي,https://maps.app.goo.gl/oNadKmXoFmk9e4Di9,Ci9DQUlRQUNvZENodHljRjlvT2trMlRrOURWbGR1TTFwMloxODBPRnB5VlZSb2VYYxAB,فهد النهدي,https://www.google.com/maps/contrib/103968932792129976477/reviews?hl=en,1,2 hours ago,خدمات توصيل المندوب سئ جدا,True,True,False,2026-09-25
P02,القرية الشعبية,الدمام,تراثي / ثقافي,https://maps.app.goo.gl/oNadKmXoFmk9e4Di9,Ci9DQUlRQUNvZENodHljRjlvT21SRVlYVnJkR1pEYTJSNWJHNTJWM0k1U1d4Wk5tYxAB,HKM Shahzad Bin hakeem,https://www.google.com/maps/contrib/111557748505727468153/reviews?hl=en,5,4 hours ago,"A traditional vibe, with a great museum",False,True,False,2026-09-25
P02,القرية الشعبية,الدمام,تراثي / ثقافي,https://maps.app.goo.gl/oNadKmXoFmk9e4Di9,Ci9DQUlRQUNvZENodHljRjlvT2tSM0xXcExNMll3UlZOaVpsZDRaMGd5TVVvMlJrRRAB,Abduljabbar Alaithan,https://www.google.com/maps/contrib/109268892464080382268/reviews?hl=en,1,8 hours ago,,False,True,False,2026-09-25
P02,القرية الشعبية,الدمام,تراثي / ثقافي,https://maps.app.goo.gl/oNadKmXoFmk9e4Di9,Ci9DQUlRQUNvZENodHljRjlvT2prMlpEZFRPR3hQUzI1bGJGWTRlSGt0YUd4VU4xRRAB,Mudassir Siddiqui,https://www.google.com/maps/contrib/113871745051462234691/reviews?hl=en,5,20 hours ago,,False,True,False,2026-09-25
P02,القرية الشعبية,الدمام,تراثي / ثقافي,https://maps.app.goo.gl/oNadKmXoFmk9e4Di9,Ci9DQUlRQUNvZENodHljRjlvT25WcWFVeEdkM2xUWVdRMFFubGhaV05OYVdaNU9HYxAB,Fatmh Al mawuld,https://www.google.com/maps/contrib/103120269568844210833/reviews?hl=en,5,22 hours ago,,False,True,False,2026-09-25
P02,القرية الشعبية,الدمام,تراثي / ثقافي,https://maps.app.goo.gl/oNadKmXoFmk9e4Di9,Ci9DQUlRQUNvZENodHljRjlvT2s1bU5ERlpMVlJuZEhST2VrTXplVUY2UlRGdWQxRRAB,Mela,https://www.google.com/maps/contrib/105441028823541403188/reviews?hl=en,1,23 hours ago,ضاربة مشوارر احسبه متحف وشيء حلو طلع مطعم!! ليه مافي اي توضيح للمكان او ع الاقل ينكتب مطعم!!!!,True,True,False,2026-09-25
P02,القرية الشعبية,الدمام,تراثي / ثقافي,https://maps.app.goo.gl/oNadKmXoFmk9e4Di9,Ci9DQUlRQUNvZENodHljRjlvT2t0WVkxSlVNWGgwU0hkblVHRmZNMlpEZDJVM2VtYxAB,RIFA Balloon Designers,https://www.google.com/maps/contrib/113550173162030632551/reviews?hl=en,5,a day ago,,False,True,False,2026-09-25
P02,القرية الشعبية,الدمام,تراثي / ثقافي,https://maps.app.goo.gl/oNadKmXoFmk9e4Di9,Ci9DQUlRQUNvZENodHljRjlvT2xoUVRVOUVUV1ZQVGxJMmMySlViVTlOT0VvNVgxRRAB,waleed aziz,https://www.google.com/maps/contrib/107526542404221078328/reviews?hl=en,4,a day ago,,False,True,False,2026-09-25
P02,القرية الشعبية,الدمام,تراثي / ثقافي,https://maps.app.goo.gl/oNadKmXoFmk9e4Di9,Ci9DQUlRQUNvZENodHljRjlvT2xCTFpITlRlbmRTZURGWFQxZHZhV0k0TUMxT2RrRRAB,Jorb DT,https://www.google.com/maps/contrib/109740748719102899862/reviews?hl=en,4,Edited a day ago,I’m looking forward to bringing my family here so we can experience and appreciate this wonderful cultural museum together.,False,True,False,2026-09-25
P02,القرية الشعبية,الدمام,تراثي / ثقافي,https://maps.app.goo.gl/oNadKmXoFmk9e4Di9,Ci9DQUlRQUNvZENodHljRjlvT21ONGRsZDZVVlZPTTNaVU1saE1iakE0Unkxd1NHYxAB,Asya Ahmed,https://www.google.com/maps/contrib/118424583298333576788/reviews?hl=en,5,a day ago,,False,True,False,2026-09-25
P02,القرية الشعبية,الدمام,تراثي / ثقافي,https://maps.app.goo.gl/oNadKmXoFmk9e4Di9,Ci9DQUlRQUNvZENodHljRjlvT2pkQ2ExaHpNR2s0TW01d1RqbGxNVlZSYlRVMVoyYxAB,ابوعامر,https://www.google.com/maps/contrib/104196512630187003683/reviews?hl=en,5,a day ago,تراث جميل يحمل في طياته ذكريات الماضي بأشكاله زياره ممتعه ومكان رائع,True,True,False,2026-09-25
P02,القرية الشعبية,الدمام,تراثي / ثقافي,https://maps.app.goo.gl/oNadKmXoFmk9e4Di9,Ci9DQUlRQUNvZENodHljRjlvT210U1FWTjNhVTlUY0Mxd1NURnlRa1l4U1VGTFYyYxAB,Ahmed Ali,https://www.google.com/maps/contrib/115067713728119323769/reviews?hl=en,1,a day ago,"حرام والله النقطة الدخول الواحد ٢٥ ريال
والله خسارة فيه حتى خمسة ريال
لا انصح بالذهاب اليه
ما فيه شي يذكر أبدا",True,True,False,2026-09-25
P02,القرية الشعبية,الدمام,تراثي / ثقافي,https://maps.app.goo.gl/oNadKmXoFmk9e4Di9,Ci9DQUlRQUNvZENodHljRjlvT2t3MFduTkdiamxMVmxWZmMwRTNOVlEwZDNvMlZGRRAB,Habijur Rahman,https://www.google.com/maps/contrib/112795163684055807706/reviews?hl=en,5,a day ago,,False,True,False,2026-09-25
P02,القرية الشعبية,الدمام,تراثي / ثقافي,https://maps.app.goo.gl/oNadKmXoFmk9e4Di9,Ci9DQUlRQUNvZENodHljRjlvT25oUFZXTnBSelF4T1c1SlZUTnNSbU5CVEZwWGVtYxAB,saeed ahmed,https://www.google.com/maps/contrib/110091266164320858990/reviews?hl=en,1,2 days ago,"اولا تعامل الكاشير غير ودي ويرتدي الروب متسخ جداً
ثانياً الفواكه ليس لها طعم بتاتاً والايسكريم ايضاً
تجربه سيئه جداً
عصير المانجو اعتقد انه خربان",True,True,False,2026-09-25
P02,القرية الشعبية,الدمام,تراثي / ثقافي,https://maps.app.goo.gl/oNadKmXoFmk9e4Di9,Ci9DQUlRQUNvZENodHljRjlvT2xOclJXcFdaVVo2WDFacGN6bElUblU0ZFZkbFptYxAB,Mansour Nasser,https://www.google.com/maps/contrib/109824162194425232244/reviews?hl=en,4,3 days ago,,False,True,False,2026-09-25
P02,القرية الشعبية,الدمام,تراثي / ثقافي,https://maps.app.goo.gl/oNadKmXoFmk9e4Di9,Ci9DQUlRQUNvZENodHljRjlvT21OUlNqUkphemRrV0hwUVlUTXhMVlpFVWtaZlRFRRAB,حمودي حمادة,https://www.google.com/maps/contrib/100259754380977286400/reviews?hl=en,5,4 days ago,,False,True,False,2026-09-25
P02,القرية الشعبية,الدمام,تراثي / ثقافي,https://maps.app.goo.gl/oNadKmXoFmk9e4Di9,Ci9DQUlRQUNvZENodHljRjlvT2xjMGVESnVTVFJ2VUdsa2VUZDZZMmhJUjFWSGIzYxAB,Mera Macmep,https://www.google.com/maps/contrib/104505676979802118426/reviews?hl=en,5,4 days ago,,False,True,False,2026-09-25
P02,القرية الشعبية,الدمام,تراثي / ثقافي,https://maps.app.goo.gl/oNadKmXoFmk9e4Di9,Ci9DQUlRQUNvZENodHljRjlvT25JMlgyVk9ZalpEYWxCRWRreFNiR2xtU0ZZeFYyYxAB,Khalid Albalushi,https://www.google.com/maps/contrib/106088729759179574074/reviews?hl=en,5,4 days ago,,False,True,False,2026-09-25
P02,القرية الشعبية,الدمام,تراثي / ثقافي,https://maps.app.goo.gl/oNadKmXoFmk9e4Di9,Ci9DQUlRQUNvZENodHljRjlvT2xGVWJFZzVSVWRFY1ZvM1YxZEZaMHAyWlhCeWVtYxAB,رائد,https://www.google.com/maps/contrib/115660150709196688451/reviews?hl=en,2,4 days ago,,False,True,False,2026-09-25
P02,القرية الشعبية,الدمام,تراثي / ثقافي,https://maps.app.goo.gl/oNadKmXoFmk9e4Di9,ChdDSUhNMG9nS0VJQ0FnSUM0NE1tVjdRRRAB,Jaffar Albahrani,https://www.google.com/maps/contrib/114867272422739950664/reviews?hl=en,5,Edited 5 days ago,"موقع مميز أصبح وجهة جاذبة لمختلف زوار المنطقة نظرا لكونه موقع مميز ذي طابع تراثي عمراني ويحتوي على متحف منظم بشكل ملفت ومن جانب آخر يقدم أطباق سعودية مميزة
أسعاره في متناول الجميع ولديه مساحة كبيرة للمواقف إلى جانب مواقف لذوي الاحتياجات",True,True,False,2026-09-25
P02,القرية الشعبية,الدمام,تراثي / ثقافي,https://maps.app.goo.gl/oNadKmXoFmk9e4Di9,Ci9DQUlRQUNvZENodHljRjlvT2pCdmIxUXpTSEl0TWtKWVZUaDRXRUpwTTJ0clpFRRAB,hussain ali,https://www.google.com/maps/contrib/109455269334351178163/reviews?hl=en,4,5 days ago,المكان كان حار والتكيف غير جيد بس مجمل يحتاج غربه في اسعار الاكل الاكل غالي والكمية قليله جدا,True,True,False,2026-09-25
P02,القرية الشعبية,الدمام,تراثي / ثقافي,https://maps.app.goo.gl/oNadKmXoFmk9e4Di9,Ci9DQUlRQUNvZENodHljRjlvT2tjMWN5MW5kMWgyWWxvNFUyMHRSV0phVDBsVVIwRRAB,M Dobais,https://www.google.com/maps/contrib/115812523899201764951/reviews?hl=en,3,5 days ago,,False,True,False,2026-09-25
P02,القرية الشعبية,الدمام,تراثي / ثقافي,https://maps.app.goo.gl/oNadKmXoFmk9e4Di9,Ci9DQUlRQUNvZENodHljRjlvT2trNU9XeFJjWEJWZWpGUFdHMXNkM1p0WldRd1dGRRAB,Mohammad Taha,https://www.google.com/maps/contrib/109999295558300222488/reviews?hl=en,5,6 days ago,,False,True,False,2026-09-25
P02,القرية الشعبية,الدمام,تراثي / ثقافي,https://maps.app.goo.gl/oNadKmXoFmk9e4Di9,Ci9DQUlRQUNvZENodHljRjlvT25oVGQzcHFOV2w1ZEdkWFN6aEplR2QxVFU1dWNYYxAB,ABO YOSOF SRACO STORES,https://www.google.com/maps/contrib/105062062351929082420/reviews?hl=en,3,6 days ago,,False,True,False,2026-09-25
P02,القرية الشعبية,الدمام,تراثي / ثقافي,https://maps.app.goo.gl/oNadKmXoFmk9e4Di9,Ci9DQUlRQUNvZENodHljRjlvT2xWMFdHc3hUMHhxTWtGbllUaHVVRTF0YTFjNVNFRRAB,Ashna Mary,https://www.google.com/maps/contrib/109555947306211303198/reviews?hl=en,5,6 days ago,,False,True,False,2026-09-25
P02,القرية الشعبية,الدمام,تراثي / ثقافي,https://maps.app.goo.gl/oNadKmXoFmk9e4Di9,Ci9DQUlRQUNvZENodHljRjlvT25adVJHOHROSE5PTnpkQldubDBTazU0YVZReU5WRRAB,شقق نور الدمام المفروشه,https://www.google.com/maps/contrib/114315558780540605836/reviews?hl=en,5,Edited a week ago,تجربه رائعه ومكان جميل يمزج الحياه المعاصره وتراث الشعبي العريق,True,True,False,2026-09-25
P02,القرية الشعبية,الدمام,تراثي / ثقافي,https://maps.app.goo.gl/oNadKmXoFmk9e4Di9,Ci9DQUlRQUNvZENodHljRjlvT2w5WlpHRTJWSGxoWTJWeWNIZG1iMEpHUlZoT1EwRRAB,mnoalh almoteri,https://www.google.com/maps/contrib/103392703395511033785/reviews?hl=en,5,a week ago,واجهه جميله وجديده وبتكون اروع بالشتاء♥️♥️,True,True,False,2026-09-25
P02,القرية الشعبية,الدمام,تراثي / ثقافي,https://maps.app.goo.gl/oNadKmXoFmk9e4Di9,Ci9DQUlRQUNvZENodHljRjlvT21abE9HTjRSMGx0TFRWamRqTk9UVlJWWkVSRFNWRRAB,سعيدالقحطاني,https://www.google.com/maps/contrib/116148835731055558708/reviews?hl=en,5,a week ago,,False,True,False,2026-09-25
P02,القرية الشعبية,الدمام,تراثي / ثقافي,https://maps.app.goo.gl/oNadKmXoFmk9e4Di9,Ci9DQUlRQUNvZENodHljRjlvT2xCbmIyTldha2x6WlhWdllVZHRSelp3VUZCelNWRRAB,Saa D,https://www.google.com/maps/contrib/104992374089663124160/reviews?hl=en,5,a week ago,تعيد فيها التاريخ وماضيك الجميل,True,True,False,2026-09-25
P02,القرية الشعبية,الدمام,تراثي / ثقافي,https://maps.app.goo.gl/oNadKmXoFmk9e4Di9,Ci9DQUlRQUNvZENodHljRjlvT20xSFlXSnFWa290Y0RCNmJTMWFUSGRqYUc5cmVtYxAB,Shaikh Sajid,https://www.google.com/maps/contrib/116207029309161743755/reviews?hl=en,5,a week ago,good  Mia mia,True,True,False,2026-09-25
P02,القرية الشعبية,الدمام,تراثي / ثقافي,https://maps.app.goo.gl/oNadKmXoFmk9e4Di9,Ci9DQUlRQUNvZENodHljRjlvT2sxcFVHRnNNV1JZZG1SVWExWlZPQzFCUW14UmRsRRAB,Hello Mister,https://www.google.com/maps/contrib/102869850272457878158/reviews?hl=en,5,a week ago,,False,True,False,2026-09-25
P02,القرية الشعبية,الدمام,تراثي / ثقافي,https://maps.app.goo.gl/oNadKmXoFmk9e4Di9,Ci9DQUlRQUNvZENodHljRjlvT2tSSVpXRTFaVUphZUVoNVIwcEhPWEV4WXpkNlRsRRAB,‫محمد الشهري (أبو بكر)‬‎,https://www.google.com/maps/contrib/116493654588444582628/reviews?hl=en,5,a week ago,مكان تراثي جميل وخدمة رائعة,True,True,False,2026-09-25
P02,القرية الشعبية,الدمام,تراثي / ثقافي,https://maps.app.goo.gl/oNadKmXoFmk9e4Di9,Ci9DQUlRQUNvZENodHljRjlvT2xaR1VGUjBSbTV0WDBvdFNWYzBXRFpoV0RsRE5YYxAB,Boon Al,https://www.google.com/maps/contrib/108819045284181736086/reviews?hl=en,3,a week ago,,False,True,False,2026-09-25
P02,القرية الشعبية,الدمام,تراثي / ثقافي,https://maps.app.goo.gl/oNadKmXoFmk9e4Di9,Ci9DQUlRQUNvZENodHljRjlvT2podmNEUlZUM04zYlhSSGNXd3lZbHBzWkdzeU5YYxAB,ahmed zakaria,https://www.google.com/maps/contrib/105126474374427103664/reviews?hl=en,4,a week ago,,False,True,False,2026-09-25
P02,القرية الشعبية,الدمام,تراثي / ثقافي,https://maps.app.goo.gl/oNadKmXoFmk9e4Di9,Ci9DQUlRQUNvZENodHljRjlvT2pBMWIzYzNORUZKU2xGcVoxaHFXVmt4TkRKeGNXYxAB,عبدالله الشهراني,https://www.google.com/maps/contrib/118041270545552503750/reviews?hl=en,3,a week ago,,False,True,False,2026-09-25
P02,القرية الشعبية,الدمام,تراثي / ثقافي,https://maps.app.goo.gl/oNadKmXoFmk9e4Di9,Ci9DQUlRQUNvZENodHljRjlvT2pjMllTMTFXSFIxZFZBdFEyNXpNbkIyVGtGbWJtYxAB,مجيد عارف,https://www.google.com/maps/contrib/108120537677007814031/reviews?hl=en,1,a week ago,"الاكل زين لكن التكييف سيء جدا يواكبون التراث بحذافيره
ما شاء الله",True,True,False,2026-09-25
P02,القرية الشعبية,الدمام,تراثي / ثقافي,https://maps.app.goo.gl/oNadKmXoFmk9e4Di9,Ci9DQUlRQUNvZENodHljRjlvT25wWVdIRjNhREJOUTNGS2JWcE5SSG8wTjBOemEwRRAB,سميره عبدالله,https://www.google.com/maps/contrib/111684133860473066736/reviews?hl=en,5,a week ago,,False,True,False,2026-09-25
P02,القرية الشعبية,الدمام,تراثي / ثقافي,https://maps.app.goo.gl/oNadKmXoFmk9e4Di9,Ci9DQUlRQUNvZENodHljRjlvT21vMlEzVkJUVFZ3Y2xsYVMwWmhUVmhRYlZvMmNIYxAB,Abdullah Asad Malik,https://www.google.com/maps/contrib/103714959029239651759/reviews?hl=en,5,a week ago,"It was really nice
Beautiful culture of Old Saudi Arabia",False,True,False,2026-09-25
P02,القرية الشعبية,الدمام,تراثي / ثقافي,https://maps.app.goo.gl/oNadKmXoFmk9e4Di9,Ci9DQUlRQUNvZENodHljRjlvT2pnM1ZVcGZVM1paV0ZJNWJWUkhaSGxvUjNkTllrRRAB,M Althani,https://www.google.com/maps/contrib/118409818708312354110/reviews?hl=en,5,a week ago,,False,True,False,2026-09-25
P02,القرية الشعبية,الدمام,تراثي / ثقافي,https://maps.app.goo.gl/oNadKmXoFmk9e4Di9,Ci9DQUlRQUNvZENodHljRjlvT2pRMGVuSTRkR2xmZDB0MlNXcG5WSGQwVGkxeVYzYxAB,بدر السوادي,https://www.google.com/maps/contrib/115778587667284505277/reviews?hl=en,5,a week ago,,False,True,False,2026-09-25
P02,القرية الشعبية,الدمام,تراثي / ثقافي,https://maps.app.goo.gl/oNadKmXoFmk9e4Di9,Ci9DQUlRQUNvZENodHljRjlvT2pCNVVVUjJTbmx3VWtGTmFEWXRjMlEyVjFOSVJWRRAB,Just a random person,https://www.google.com/maps/contrib/116282554217068772978/reviews?hl=en,4,a week ago,,False,True,False,2026-09-25
P02,القرية الشعبية,الدمام,تراثي / ثقافي,https://maps.app.goo.gl/oNadKmXoFmk9e4Di9,Ci9DQUlRQUNvZENodHljRjlvT2xCMU5IcFplbFF5UzBOTloyVlhNMkptTm1WVFlXYxAB,Ghulam Mudassar,https://www.google.com/maps/contrib/114296900223781020031/reviews?hl=en,5,a week ago,,False,True,False,2026-09-25
P02,القرية الشعبية,الدمام,تراثي / ثقافي,https://maps.app.goo.gl/oNadKmXoFmk9e4Di9,ChdDSUhNMG9nS0VJQ0FnSUNHdXJUaHJnRRAB,علي بن محسن الطوهري,https://www.google.com/maps/contrib/103335074919635406299/reviews?hl=en,5,Edited a week ago,,False,True,False,2026-09-25
P02,القرية الشعبية,الدمام,تراثي / ثقافي,https://maps.app.goo.gl/oNadKmXoFmk9e4Di9,Ci9DQUlRQUNvZENodHljRjlvT2xaWVdrcElZbUl0YkZKM01uRkxPRkJYYTNOaGFGRRAB,مؤسسة منصور العرفج,https://www.google.com/maps/contrib/114831811912041352651/reviews?hl=en,5,a week ago,,False,True,False,2026-09-25
P02,القرية الشعبية,الدمام,تراثي / ثقافي,https://maps.app.goo.gl/oNadKmXoFmk9e4Di9,Ci9DQUlRQUNvZENodHljRjlvT21acWMzSmFSbXM1T1V0VmVFWmhTaTFmWDBzM1VXYxAB,ابـو احـمـد,https://www.google.com/maps/contrib/105172597557970155439/reviews?hl=en,5,a week ago,اكلهم لذيذ بس الاسعار مرتفعه,True,True,False,2026-09-25
P02,القرية الشعبية,الدمام,تراثي / ثقافي,https://maps.app.goo.gl/oNadKmXoFmk9e4Di9,Ci9DQUlRQUNvZENodHljRjlvT21adFNqbFBiVTA0U2pSSk9HeEZWVFYxYzJaTWNXYxAB,صالح الوادعي,https://www.google.com/maps/contrib/114316974417349419456/reviews?hl=en,5,2 weeks ago,مكان رائع جدآ ومشرف للشرقيه والمملكه كافه,True,True,False,2026-09-25
P02,القرية الشعبية,الدمام,تراثي / ثقافي,https://maps.app.goo.gl/oNadKmXoFmk9e4Di9,Ci9DQUlRQUNvZENodHljRjlvT25CbU1rdFBUM1ZHVDNoaU9XUlhRbkZyTTA5c2NuYxAB,Zhari Krishna,https://www.google.com/maps/contrib/103613765761288604106/reviews?hl=en,5,2 weeks ago,Did my filming here for Saudi National Day. The food was great. Amir gave an excellent service. Get the chicken kabsa and qorsan meat,False,True,False,2026-09-25
P02,القرية الشعبية,الدمام,تراثي / ثقافي,https://maps.app.goo.gl/oNadKmXoFmk9e4Di9,Ci9DQUlRQUNvZENodHljRjlvT2pSbE0xRXdUMVZDWTJGbFJUSlpPSEJST1dVMFZrRRAB,ABO RASHID,https://www.google.com/maps/contrib/117130937312128652256/reviews?hl=en,5,2 weeks ago,"المطعم رائع ونظيف وسيرفس ممتاز
وفي الشيف السعودية بوابة (3) من 6 الصبح الى 12
انصح بعد زيارة في وقت الرطوبة والحر الشديد",True,True,False,2026-09-25
P02,القرية الشعبية,الدمام,تراثي / ثقافي,https://maps.app.goo.gl/oNadKmXoFmk9e4Di9,Ci9DQUlRQUNvZENodHljRjlvT21wNlNHeHBOWFJFTkZsb05GcE9OMWxaVWxoTVdsRRAB,AbAmZ,https://www.google.com/maps/contrib/109849980556337512586/reviews?hl=en,5,2 weeks ago,Excellent place for family gathering,False,True,False,2026-09-25
P02,القرية الشعبية,الدمام,تراثي / ثقافي,https://maps.app.goo.gl/oNadKmXoFmk9e4Di9,Ci9DQUlRQUNvZENodHljRjlvT2poUFYzcGlhSE5MVTAwNFFtUjRaMHhFWlhaTFkzYxAB,وسيم الً محفوظ,https://www.google.com/maps/contrib/111129604150896101991/reviews?hl=en,5,2 weeks ago,,False,True,False,2026-09-25
P02,القرية الشعبية,الدمام,تراثي / ثقافي,https://maps.app.goo.gl/oNadKmXoFmk9e4Di9,Ci9DQUlRQUNvZENodHljRjlvT201MFJsVjZha1pUVWpoRWJtZExjRGRsTTFwTGJWRRAB,Agnez Flo,https://www.google.com/maps/contrib/114301926274953146623/reviews?hl=en,5,2 weeks ago,,False,True,False,2026-09-25
P02,القرية الشعبية,الدمام,تراثي / ثقافي,https://maps.app.goo.gl/oNadKmXoFmk9e4Di9,Ci9DQUlRQUNvZENodHljRjlvT25Oc2NtUk5iRGt4VWtWWlQzbG1TblptTUVwNlltYxAB,salma nadhar,https://www.google.com/maps/contrib/112208805018106999318/reviews?hl=en,4,2 weeks ago,الدخول بدون تذكره مجانا,True,True,False,2026-09-25
P02,القرية الشعبية,الدمام,تراثي / ثقافي,https://maps.app.goo.gl/oNadKmXoFmk9e4Di9,Ci9DQUlRQUNvZENodHljRjlvT25SWmMwUldMVFphWkhSRlIwWm1kRGRaYmprd2QzYxAB,혜인,https://www.google.com/maps/contrib/107567880019417454905/reviews?hl=en,3,2 weeks ago,,False,True,False,2026-09-25
P02,القرية الشعبية,الدمام,تراثي / ثقافي,https://maps.app.goo.gl/oNadKmXoFmk9e4Di9,Ci9DQUlRQUNvZENodHljRjlvT25OQldqZzFlWGhLVm5aNmNHYzJWbk50WDAxZldHYxAB,--,https://www.google.com/maps/contrib/110759472206631176682/reviews?hl=en,1,2 weeks ago,,False,True,False,2026-09-25
P02,القرية الشعبية,الدمام,تراثي / ثقافي,https://maps.app.goo.gl/oNadKmXoFmk9e4Di9,Ci9DQUlRQUNvZENodHljRjlvT25kNWFIWnNVVU5DTTJzdFFUZGtNVGRxU0V4M1RHYxAB,S. Alajmi (Al Ajmi),https://www.google.com/maps/contrib/102004940895640845743/reviews?hl=en,4,2 weeks ago,جميل جدا وجلسات متنوعة عائلية وللشباب والمجموعات.. مع ملاحظة أن أغلب الأكلات شعبية وطلبي وصلني غير ساخن.,True,True,False,2026-09-25
P02,القرية الشعبية,الدمام,تراثي / ثقافي,https://maps.app.goo.gl/oNadKmXoFmk9e4Di9,Ci9DQUlRQUNvZENodHljRjlvT21jeU5uRXdNVVJNUm1SdlYzb3RTSFozVTA5dWQzYxAB,زامل الدوسري,https://www.google.com/maps/contrib/114977301863312873594/reviews?hl=en,5,2 weeks ago,,False,True,False,2026-09-25
P02,القرية الشعبية,الدمام,تراثي / ثقافي,https://maps.app.goo.gl/oNadKmXoFmk9e4Di9,Ci9DQUlRQUNvZENodHljRjlvT2tobmJYTndibGhaUjBsSGJuSjJSakZTTUhKWlRsRRAB,『قروب للخدمات العامة』,https://www.google.com/maps/contrib/107873536728509690500/reviews?hl=en,5,2 weeks ago,,False,True,False,2026-09-25
P02,القرية الشعبية,الدمام,تراثي / ثقافي,https://maps.app.goo.gl/oNadKmXoFmk9e4Di9,Ci9DQUlRQUNvZENodHljRjlvT2twVk5VY3lOekZLWTFCRWEySk1WMDkzVTNGVVNYYxAB,Mehar Shaban,https://www.google.com/maps/contrib/114700763597600518149/reviews?hl=en,5,2 weeks ago,,False,True,False,2026-09-25
P02,القرية الشعبية,الدمام,تراثي / ثقافي,https://maps.app.goo.gl/oNadKmXoFmk9e4Di9,Ci9DQUlRQUNvZENodHljRjlvT2xOeE9EVjRYMjF1YURKTk1tZEhWWFpDWVMxRkxWRRAB,Jaber Al-haddad,https://www.google.com/maps/contrib/106155004836561052244/reviews?hl=en,5,2 weeks ago,,False,True,False,2026-09-25
P02,القرية الشعبية,الدمام,تراثي / ثقافي,https://maps.app.goo.gl/oNadKmXoFmk9e4Di9,Ci9DQUlRQUNvZENodHljRjlvT2pkcVMzSnpXVkpuTFVWeWRFZFNVR1YxYjFNME9WRRAB,Ghadahmaash Maash,https://www.google.com/maps/contrib/111303364605156188069/reviews?hl=en,2,2 weeks ago,,False,True,False,2026-09-25
P02,القرية الشعبية,الدمام,تراثي / ثقافي,https://maps.app.goo.gl/oNadKmXoFmk9e4Di9,Ci9DQUlRQUNvZENodHljRjlvT2sxaVZsWnpSMkV0WmtoR2FqZE5ObkpOVm1OclptYxAB,Abdullah Alfarhan,https://www.google.com/maps/contrib/106669965154678760683/reviews?hl=en,2,2 weeks ago,,False,True,False,2026-09-25
P02,القرية الشعبية,الدمام,تراثي / ثقافي,https://maps.app.goo.gl/oNadKmXoFmk9e4Di9,Ci9DQUlRQUNvZENodHljRjlvT2xoMFdIWjFVM2RzYlRaclgwUkpkRmh2TjFSSVlWRRAB,محمد العجمي,https://www.google.com/maps/contrib/105121766200088836055/reviews?hl=en,5,2 weeks ago,"ما شاءالله المكان جميل جدا جدا ويستحق الزياره فيه جميع الاركان ما بين القديم و الحاضر و مكان جدا جدا كلاسيك + المتحف عجيب جدا
الملاحظات :
1- التكيف شوي خفيف
2- السعر شوي
3- تذكرة الدخول
4- انصح كل كويتي يزور المكان
شكرا للقريه الشعبيه على الجهود",True,True,False,2026-09-25
P02,القرية الشعبية,الدمام,تراثي / ثقافي,https://maps.app.goo.gl/oNadKmXoFmk9e4Di9,Ci9DQUlRQUNvZENodHljRjlvT21SRVVubExjVEZxVTA1b1JHVTFjbFJIZFRkWFowRRAB,Nahid Islam,https://www.google.com/maps/contrib/116578923579989420653/reviews?hl=en,5,2 weeks ago,,False,True,False,2026-09-25
P02,القرية الشعبية,الدمام,تراثي / ثقافي,https://maps.app.goo.gl/oNadKmXoFmk9e4Di9,ChdDSUhNMG9nS0VJQ0FnTUNnd3RuZzJ3RRAB,Peter Kurian,https://www.google.com/maps/contrib/117544334925585418405/reviews?hl=en,5,Edited 2 weeks ago,,False,True,False,2026-09-25
P02,القرية الشعبية,الدمام,تراثي / ثقافي,https://maps.app.goo.gl/oNadKmXoFmk9e4Di9,Ci9DQUlRQUNvZENodHljRjlvT2xKcWRXWmZOWFEwTTE5T1NrWlhORTVxUlhsRlIwRRAB,خالد الدوسري,https://www.google.com/maps/contrib/117509551854280301037/reviews?hl=en,5,2 weeks ago,,False,True,False,2026-09-25
P02,القرية الشعبية,الدمام,تراثي / ثقافي,https://maps.app.goo.gl/oNadKmXoFmk9e4Di9,Ci9DQUlRQUNvZENodHljRjlvT21SbVZWcE1RMWs1TFU1WlMyOXdaUzFVYVZsdE5IYxAB,ابوغيث رحال,https://www.google.com/maps/contrib/105291169560953404161/reviews?hl=en,4,2 weeks ago,,False,True,False,2026-09-25
P02,القرية الشعبية,الدمام,تراثي / ثقافي,https://maps.app.goo.gl/oNadKmXoFmk9e4Di9,Ci9DQUlRQUNvZENodHljRjlvT25BM05GRjFSVGxRWWs0NVNrWTRPWFpYY0hCMFYxRRAB,Falha Sharif,https://www.google.com/maps/contrib/105624745299064320204/reviews?hl=en,5,3 weeks ago,,False,True,False,2026-09-25
P02,القرية الشعبية,الدمام,تراثي / ثقافي,https://maps.app.goo.gl/oNadKmXoFmk9e4Di9,Ci9DQUlRQUNvZENodHljRjlvT2xacExXeEdjM2hpZVZsTWRrWTBWRU5aZDJWRWJtYxAB,حسين سلمان,https://www.google.com/maps/contrib/112511415119899145492/reviews?hl=en,5,3 weeks ago,,False,True,False,2026-09-25
P02,القرية الشعبية,الدمام,تراثي / ثقافي,https://maps.app.goo.gl/oNadKmXoFmk9e4Di9,ChZDSUhNMG9nS0VJQ0FnSURZNU9yNklnEAE,Ahmed Almasuod,https://www.google.com/maps/contrib/111776933588680281173/reviews?hl=en,5,Edited 3 weeks ago,المكان جدن جميل,True,True,False,2026-09-25
P02,القرية الشعبية,الدمام,تراثي / ثقافي,https://maps.app.goo.gl/oNadKmXoFmk9e4Di9,Ci9DQUlRQUNvZENodHljRjlvT2pjMFYzaEZUWEEyWjNkeVJXY3lUVVpPWVdwSExVRRAB,الخدري العمراني,https://www.google.com/maps/contrib/106780132461243117863/reviews?hl=en,5,3 weeks ago,شي جميل جدا وكلهم شي فاخر من الاخر أكل لذيذ مشاءالله مطعم ممتاز,True,True,False,2026-09-25
P02,القرية الشعبية,الدمام,تراثي / ثقافي,https://maps.app.goo.gl/oNadKmXoFmk9e4Di9,Ci9DQUlRQUNvZENodHljRjlvT214V1ZWWkZjMWxSY3pGbE4xQTVWR3d3VG1WWWExRRAB,Eissa Alreyashi,https://www.google.com/maps/contrib/115223375361376614589/reviews?hl=en,4,3 weeks ago,روعه واشياء حلوه ودخول مجاني,True,True,False,2026-09-25
P02,القرية الشعبية,الدمام,تراثي / ثقافي,https://maps.app.goo.gl/oNadKmXoFmk9e4Di9,Ci9DQUlRQUNvZENodHljRjlvT21oellsbE1PVlkyWjFKWWFURXhNVzlJTjJoR2JHYxAB,Rkss Rasel hossain,https://www.google.com/maps/contrib/102923309945581480695/reviews?hl=en,5,3 weeks ago,,False,True,False,2026-09-25
P02,القرية الشعبية,الدمام,تراثي / ثقافي,https://maps.app.goo.gl/oNadKmXoFmk9e4Di9,Ci9DQUlRQUNvZENodHljRjlvT2tGaWEwTkVRVE4wZVhSVE5uRjZTa1pGUzJ0eGJHYxAB,عبدالوهاب بن ناصر الخلف,https://www.google.com/maps/contrib/117937177920121230068/reviews?hl=en,5,3 weeks ago,,False,True,False,2026-09-25
P02,القرية الشعبية,الدمام,تراثي / ثقافي,https://maps.app.goo.gl/oNadKmXoFmk9e4Di9,Ci9DQUlRQUNvZENodHljRjlvT21odWJWcFBjWE0xZVc1QmVHOU9hMHRDUWtOS1dHYxAB,FHD,https://www.google.com/maps/contrib/113281705975515515777/reviews?hl=en,5,3 weeks ago,Very good experience. The entrance fee SAR 20 is worth and the age of below 10 years are free.,False,True,False,2026-09-25
P02,القرية الشعبية,الدمام,تراثي / ثقافي,https://maps.app.goo.gl/oNadKmXoFmk9e4Di9,Ci9DQUlRQUNvZENodHljRjlvT21kSUxVWnRSa0pJWDBRM2RtNW5UVWQ1Y0d4NlVFRRAB,KHALID HMAD,https://www.google.com/maps/contrib/114377941536733257876/reviews?hl=en,4,3 weeks ago,مكان رائع متحف ومطعم,True,True,False,2026-09-25
P02,القرية الشعبية,الدمام,تراثي / ثقافي,https://maps.app.goo.gl/oNadKmXoFmk9e4Di9,Ci9DQUlRQUNvZENodHljRjlvT2xOclYxTlpUemcwVm5KS2FISllVR2x1ZVZFeVRtYxAB,خوله القحطاني,https://www.google.com/maps/contrib/102268645382430341651/reviews?hl=en,4,3 weeks ago,مدري ويني عنه من زمان جميل واثرائي حلو لو تاخذون معكم  امك ابوك جدك جدتك شخص كبير بيستانس,True,True,False,2026-09-25
P02,القرية الشعبية,الدمام,تراثي / ثقافي,https://maps.app.goo.gl/oNadKmXoFmk9e4Di9,Ci9DQUlRQUNvZENodHljRjlvT2tGbWVteDBRM0ZvWTJkRWIzbEdlbUUzVUVWNmVuYxAB,Nasser alqahtani,https://www.google.com/maps/contrib/105107566123408552060/reviews?hl=en,5,3 weeks ago,ماشاءالله تبارك الله ، فوق كل التوقعات,True,True,False,2026-09-25
P02,القرية الشعبية,الدمام,تراثي / ثقافي,https://maps.app.goo.gl/oNadKmXoFmk9e4Di9,Ci9DQUlRQUNvZENodHljRjlvT21SSWMwcEtORnBuVFdGUVVtcEpVbWhrUW5GdWFVRRAB,حيدر عبده,https://www.google.com/maps/contrib/114279107115803082123/reviews?hl=en,5,3 weeks ago,,False,True,False,2026-09-25
P02,القرية الشعبية,الدمام,تراثي / ثقافي,https://maps.app.goo.gl/oNadKmXoFmk9e4Di9,Ci9DQUlRQUNvZENodHljRjlvT25Fd1JUUm9aVWQzTmpWTVJFcFlUVW8xTlRZd1VYYxAB,mohamed AAA,https://www.google.com/maps/contrib/109035323861058847771/reviews?hl=en,1,3 weeks ago,انا قيمت عشان اكتب فقط ملاحظتي..لن نزورها حتى يتم إلغاء رسوم الدخول او تحسب من ضمن طلبك  استغرب من ادارة هذا المحل الشامخ الذي يحافظ على الموروث القديم والارث العظيم لمملكتنا الحبيبه اذا كان المستثمر هذا سيخسر اذا لم يضع رسوم اتمنى وزارة السياحه تساعده في ذلك  لان بهذه الرسوم سوف يفقد زبائن ونحن مقدمون على تطور هائل في السياحه والمشاريع اذا الكوره في مرمى الاداره...استيقضوقبل .لاتخسرون,True,True,False,2026-09-25
P02,القرية الشعبية,الدمام,تراثي / ثقافي,https://maps.app.goo.gl/oNadKmXoFmk9e4Di9,Ci9DQUlRQUNvZENodHljRjlvT2xsV2QzaFhUMU5EWjJaeVEwWnNWSEZ6VTFKZmRYYxAB,فهد آل بريك,https://www.google.com/maps/contrib/103708702132822807466/reviews?hl=en,5,3 weeks ago,,False,True,False,2026-09-25
P02,القرية الشعبية,الدمام,تراثي / ثقافي,https://maps.app.goo.gl/oNadKmXoFmk9e4Di9,Ci9DQUlRQUNvZENodHljRjlvT2psbGRIaHRhVXBrUW5KTVdqVklOMXA1ZW1zd09IYxAB,αвσ slταи,https://www.google.com/maps/contrib/110006567553878118826/reviews?hl=en,1,3 weeks ago,بعد فعالياتهم اللي يتمرن  اشوفها مقس في مقس,True,True,False,2026-09-25
P02,القرية الشعبية,الدمام,تراثي / ثقافي,https://maps.app.goo.gl/oNadKmXoFmk9e4Di9,Ci9DQUlRQUNvZENodHljRjlvT21aaWJVaG5lV1F6Ymt3eVJHaGljRFZNWDJkaWRGRRAB,Khalid Alqaisi,https://www.google.com/maps/contrib/107646157194558203532/reviews?hl=en,5,3 weeks ago,,False,True,False,2026-09-25
P02,القرية الشعبية,الدمام,تراثي / ثقافي,https://maps.app.goo.gl/oNadKmXoFmk9e4Di9,Ci9DQUlRQUNvZENodHljRjlvT2tFM2JtdGlTbkpyZW0xdk4wWjBkbEZYT0Y5bFJXYxAB,وصايف,https://www.google.com/maps/contrib/107095534237571647672/reviews?hl=en,1,3 weeks ago,تجربة لن تتكرر تسممنا من الاكل وكان لون اللحم اسود والرز كله دهن ولدي تعب منه يعني مومعقول نجيب اطفالنا وبسبب وصاخة اكلكم يتعبوا ع العموم انصح الجميع م يجربون الين يتعدلون,True,True,False,2026-09-25
P02,القرية الشعبية,الدمام,تراثي / ثقافي,https://maps.app.goo.gl/oNadKmXoFmk9e4Di9,Ci9DQUlRQUNvZENodHljRjlvT2twUVlXSjJVMEp2VlU5MFRpMUVWWFIzU1dabU4yYxAB,Hkeem Amri,https://www.google.com/maps/contrib/111596229976902023677/reviews?hl=en,3,3 weeks ago,,False,True,False,2026-09-25
P02,القرية الشعبية,الدمام,تراثي / ثقافي,https://maps.app.goo.gl/oNadKmXoFmk9e4Di9,Ci9DQUlRQUNvZENodHljRjlvT2kxYWQxTnVkRTg1ZDBFNWMxTjRja2xLYUdkQk5tYxAB,مرشدك المحلي المنطقه الشرقيه,https://www.google.com/maps/contrib/103950457559652712687/reviews?hl=en,5,4 weeks ago,"تجربة تراثية وأجواء شعبية أصيلة! 🌟
من أفضل الأماكن التي تعود بك لزمن الطيبين والأجواء التراثية الجميلة في الدمام. المكان واسع والمبنى مصمم بطابع تراثي مميز جداً.
الأكل: ممتازة ولذيذة جداً، جربنا المندي والكبسة، والأكل جاء حار وطازج مع تحضير متقن للنكهات الشعبية.
الخدمة: سريعة والعمالة متعاونة والتعامل راقي.
الأجواء: الجلسات الشعبية مريحة وتوفر خصوصية ممتازة للعوائل أو المجموعات.
مكان يستحق الزيارة والتكرار، وأنصح به بشدة لكل من يبحث عن الأكل الشعبي الأصيل في أجواء تراثية.",True,True,False,2026-09-25
P02,القرية الشعبية,الدمام,تراثي / ثقافي,https://maps.app.goo.gl/oNadKmXoFmk9e4Di9,Ci9DQUlRQUNvZENodHljRjlvT2tONll6ZFpUVGd3UlVGSVJuVnFSVE5TUVdodlFtYxAB,ثوبان بشارت,https://www.google.com/maps/contrib/105165720824052011700/reviews?hl=en,5,4 weeks ago,,False,True,False,2026-09-25
P02,القرية الشعبية,الدمام,تراثي / ثقافي,https://maps.app.goo.gl/oNadKmXoFmk9e4Di9,Ci9DQUlRQUNvZENodHljRjlvT2sxdlRXcG1aRU0yT1RZdGFsOUJZMGd0UVZCdWJYYxAB,علي الشواف,https://www.google.com/maps/contrib/105455786328662076284/reviews?hl=en,5,4 weeks ago,,False,True,False,2026-09-25
P02,القرية الشعبية,الدمام,تراثي / ثقافي,https://maps.app.goo.gl/oNadKmXoFmk9e4Di9,Ci9DQUlRQUNvZENodHljRjlvT25wa05pMWpjRTh0ZURkNFJETlhkR0pNZERSWGQyYxAB,فالح الشمري,https://www.google.com/maps/contrib/113753655544087923796/reviews?hl=en,5,4 weeks ago,حلوه,True,True,False,2026-09-25
P02,القرية الشعبية,الدمام,تراثي / ثقافي,https://maps.app.goo.gl/oNadKmXoFmk9e4Di9,Ci9DQUlRQUNvZENodHljRjlvT2xkdlNVOTNXV3BuUTJ3Mk16aE1Na2wyZFZFd1gyYxAB,حسام حسن,https://www.google.com/maps/contrib/104177919486129710229/reviews?hl=en,2,4 weeks ago,,False,True,False,2026-09-25
P02,القرية الشعبية,الدمام,تراثي / ثقافي,https://maps.app.goo.gl/oNadKmXoFmk9e4Di9,Ci9DQUlRQUNvZENodHljRjlvT204ek9HMUpSMkp3UjFGMGVuWmZiWGhDVERGcmFWRRAB,Bushra M.H,https://www.google.com/maps/contrib/101477886388686781115/reviews?hl=en,4,4 weeks ago,اجواء حلوه بس الاسعار سياحيه و مرتفعه,True,True,False,2026-09-25
P02,القرية الشعبية,الدمام,تراثي / ثقافي,https://maps.app.goo.gl/oNadKmXoFmk9e4Di9,Ci9DQUlRQUNvZENodHljRjlvT2kxaGREZHljSGh6ZFZaNWMzQnhRMHRZV0ZSUFEwRRAB,Rakibul islam Rokib (RAKIBUL ISLAM),https://www.google.com/maps/contrib/107917072680364522066/reviews?hl=en,5,a month ago,,False,True,False,2026-09-25
P02,القرية الشعبية,الدمام,تراثي / ثقافي,https://maps.app.goo.gl/oNadKmXoFmk9e4Di9,Ci9DQUlRQUNvZENodHljRjlvT25JeVEyZEZhbEJUUVdkRWFucFFRa3hDVDJNeWVuYxAB,شريف قديح,https://www.google.com/maps/contrib/109038062071465640070/reviews?hl=en,4,a month ago,تجربة رائعة ومثيرة  موقوع كوبون التذكرة ب ١٥ و عندهم ب ٢٠,True,True,False,2026-09-25
P02,القرية الشعبية,الدمام,تراثي / ثقافي,https://maps.app.goo.gl/oNadKmXoFmk9e4Di9,Ci9DQUlRQUNvZENodHljRjlvT210VGQybG5jVFpoZFROd05WUmxhMjVoV1dwWlZIYxAB,Asafa Bayan,https://www.google.com/maps/contrib/111677494544404144557/reviews?hl=en,5,a month ago,,False,True,False,2026-09-25
P02,القرية الشعبية,الدمام,تراثي / ثقافي,https://maps.app.goo.gl/oNadKmXoFmk9e4Di9,Ci9DQUlRQUNvZENodHljRjlvT25ndFRYQjRhbWswWDBOeGFrcG5UWGMwVjJKd04wRRAB,Native Guide,https://www.google.com/maps/contrib/106864215804571995700/reviews?hl=en,5,a month ago,,False,True,False,2026-09-25
P02,القرية الشعبية,الدمام,تراثي / ثقافي,https://maps.app.goo.gl/oNadKmXoFmk9e4Di9,Ci9DQUlRQUNvZENodHljRjlvT2toWU9YTk1ZMjVIUWtWaU9EaHVhM1F3WkZrNWExRRAB,Shakil Khandakar,https://www.google.com/maps/contrib/118258036767282599508/reviews?hl=en,4,a month ago,,False,True,False,2026-09-25
P02,القرية الشعبية,الدمام,تراثي / ثقافي,https://maps.app.goo.gl/oNadKmXoFmk9e4Di9,Ci9DQUlRQUNvZENodHljRjlvT21OWGJGZDRaMkZvWDI5Zk5UbFVZMkpTYkV0NWQzYxAB,Akram Bokhari,https://www.google.com/maps/contrib/106897146890538463968/reviews?hl=en,3,a month ago,"المكان حلو
الاسعار غاليه
طلبنا مقلوبه لحم غير مستوي اللحم
السمبوسه اللحمه مبرده ويقول طازجه
الجريش ساده ممتاز
شربه الجريش ساده ممتازه
تبوله ممتازه",True,True,False,2026-09-25
P02,القرية الشعبية,الدمام,تراثي / ثقافي,https://maps.app.goo.gl/oNadKmXoFmk9e4Di9,Ci9DQUlRQUNvZENodHljRjlvT21SNFVXVk1jalpWVjJFelpsWlVTVFZXT0VJd2JXYxAB,RADAH Jafar,https://www.google.com/maps/contrib/113771830895372639747/reviews?hl=en,5,a month ago,,False,True,False,2026-09-25
P02,القرية الشعبية,الدمام,تراثي / ثقافي,https://maps.app.goo.gl/oNadKmXoFmk9e4Di9,Ci9DQUlRQUNvZENodHljRjlvT2xoTGVETkNiV1U1TWxoVlZqUmtZMUZJUjI1WmJGRRAB,أبو عبد العزيز المنيف,https://www.google.com/maps/contrib/111969628787654015878/reviews?hl=en,3,a month ago,ليست المرة الأولى التي ازروها فرق في التطور والاهتمام ما شاء الله مكان نظيف ومعالم سياحي جميل ممكن تمر ساعات فيه دون أن تشعر ، لكن صدمة كثير بسعر الدخول ٢٠ ريال للفرد يعني صاحب العائلة ما يدري يحسب قيمة الوجبة أو الدخول ، مناسب أن يراعي حال المجموعات في ذلك ويكون لهم خصم خاص.,True,True,False,2026-09-25
P02,القرية الشعبية,الدمام,تراثي / ثقافي,https://maps.app.goo.gl/oNadKmXoFmk9e4Di9,Ci9DQUlRQUNvZENodHljRjlvT210WU5uZHNRMkpTT0VseU4xZzBlbFY2WDBSSGFGRRAB,ساجد مطير,https://www.google.com/maps/contrib/109860618564571255285/reviews?hl=en,5,a month ago,حلوووو وجميلح,True,True,False,2026-09-25
P02,القرية الشعبية,الدمام,تراثي / ثقافي,https://maps.app.goo.gl/oNadKmXoFmk9e4Di9,Ci9DQUlRQUNvZENodHljRjlvT2tRelQySlRhakZTTmw5ek4ybHZkR3BuUWpsVlVGRRAB,Lillian Blackford,https://www.google.com/maps/contrib/102838529692137235675/reviews?hl=en,5,a month ago,They allowed us to purchase water even though we didn't buy a ticket! They were very welcoming and thoughtful and even gave us cups!,False,True,False,2026-09-25
P02,القرية الشعبية,الدمام,تراثي / ثقافي,https://maps.app.goo.gl/oNadKmXoFmk9e4Di9,Ci9DQUlRQUNvZENodHljRjlvT21GclZUZHZObE5mY1ZsUlNuaGFTVTl5UmsxcVVWRRAB,Indhuja Rajan,https://www.google.com/maps/contrib/105913481694923873288/reviews?hl=en,5,a month ago,,False,True,False,2026-09-25
P02,القرية الشعبية,الدمام,تراثي / ثقافي,https://maps.app.goo.gl/oNadKmXoFmk9e4Di9,Ci9DQUlRQUNvZENodHljRjlvT25sek1ERlpjRTlZVEd4aVJXWktWVTVTWWxCcWMzYxAB,mesfer Il Fahad,https://www.google.com/maps/contrib/102267304373119926447/reviews?hl=en,3,a month ago,,False,True,False,2026-09-25
P02,القرية الشعبية,الدمام,تراثي / ثقافي,https://maps.app.goo.gl/oNadKmXoFmk9e4Di9,Ci9DQUlRQUNvZENodHljRjlvT25sSGFqWjVTVFpLYlZaNlRsTTVha1V3TWtaWlNVRRAB,‫المسافر ”‪sultan02‬‏“ ابن بطوطه‬‎,https://www.google.com/maps/contrib/102728139476644867805/reviews?hl=en,5,a month ago,,False,True,False,2026-09-25
P02,القرية الشعبية,الدمام,تراثي / ثقافي,https://maps.app.goo.gl/oNadKmXoFmk9e4Di9,ChZDSUhNMG9nS0VJQ0FnSUNxajZfb2VREAE,خالد الغامدي,https://www.google.com/maps/contrib/105244103209453291321/reviews?hl=en,5,Edited a month ago,ممتاز ولذيذ الطعم,True,True,False,2026-09-25
P02,القرية الشعبية,الدمام,تراثي / ثقافي,https://maps.app.goo.gl/oNadKmXoFmk9e4Di9,Ci9DQUlRQUNvZENodHljRjlvT21sZllreDNhamh6VEd4R1NUUm9iMHhvYlV4cVEyYxAB,Almaker 66,https://www.google.com/maps/contrib/115492018607887497510/reviews?hl=en,4,a month ago,اروح عشان الايسكريم طعمه حلو,True,True,False,2026-09-25
P02,القرية الشعبية,الدمام,تراثي / ثقافي,https://maps.app.goo.gl/oNadKmXoFmk9e4Di9,Ci9DQUlRQUNvZENodHljRjlvT2tFM2JXSnpVbFJJTFdWaGF6azRTRGR4YUVsTlZtYxAB,A A,https://www.google.com/maps/contrib/115127416905270933968/reviews?hl=en,1,a month ago,الدجاجه روشوها وحطوها فوق السليق على طول ويع ويع ويع وبخل لا صوص ولا سلطه ولاطعم فااااشل السليق فاشل ومقرف استغفرالله لوعة كبد وربي الهريس مكس دجاج ولحم من متى نسويه كذا !! والا بس اخبص اي كلام وعطهم,True,True,False,2026-09-25
P02,القرية الشعبية,الدمام,تراثي / ثقافي,https://maps.app.goo.gl/oNadKmXoFmk9e4Di9,Ci9DQUlRQUNvZENodHljRjlvT2xJM2EwTlBTVlZDVURaTVVUVktVRmhtVVdFelRtYxAB,Aydah ALNuaim,https://www.google.com/maps/contrib/109195785264374471677/reviews?hl=en,1,a month ago,"Tikes high ??? Only account hard copy for next time so strange system even though you provide your informations ? Not dedicated from your pill ? No response reason for the tickets , food  below normal not all available available?? Services below zero also communicated skills , environment not comfortable, A/C not working properly, service table damaged and old
Overalls v bad experience not recommended",False,True,False,2026-09-25
P02,القرية الشعبية,الدمام,تراثي / ثقافي,https://maps.app.goo.gl/oNadKmXoFmk9e4Di9,Ci9DQUlRQUNvZENodHljRjlvT2pKVmNrTjBURXQwVW5rMVdsSmtRall3TkZOU2FrRRAB,علي,https://www.google.com/maps/contrib/107378764849149395614/reviews?hl=en,5,a month ago,مكان حلو واستثنائي,True,True,False,2026-09-25
P02,القرية الشعبية,الدمام,تراثي / ثقافي,https://maps.app.goo.gl/oNadKmXoFmk9e4Di9,Ci9DQUlRQUNvZENodHljRjlvT2psNFJ6aFFMUzFmYkdseVdWY3RMV1pIZEZZd0xVRRAB,muhamed shafi,https://www.google.com/maps/contrib/107809258877794959166/reviews?hl=en,5,a month ago,,False,True,False,2026-09-25
P02,القرية الشعبية,الدمام,تراثي / ثقافي,https://maps.app.goo.gl/oNadKmXoFmk9e4Di9,Ci9DQUlRQUNvZENodHljRjlvT2xKTGRrZEhUV0pSVm00dFUwcHFXbHBLWVU5RU5HYxAB,Geetha Guru,https://www.google.com/maps/contrib/116042543209311938363/reviews?hl=en,5,a month ago,,False,True,False,2026-09-25
P02,القرية الشعبية,الدمام,تراثي / ثقافي,https://maps.app.goo.gl/oNadKmXoFmk9e4Di9,Ci9DQUlRQUNvZENodHljRjlvT2tsbU9YZDNaWHB3UjJORVdUSXpTbmhEWDFodGVtYxAB,ayyad alanze,https://www.google.com/maps/contrib/116135022019951563019/reviews?hl=en,4,a month ago,,False,True,False,2026-09-25
P02,القرية الشعبية,الدمام,تراثي / ثقافي,https://maps.app.goo.gl/oNadKmXoFmk9e4Di9,Ci9DQUlRQUNvZENodHljRjlvT2tVM1pHTnFOQzF1T1VkcmFtNU1jRFpqTjNKVU1IYxAB,محمد السهلي,https://www.google.com/maps/contrib/104038783138369462917/reviews?hl=en,5,a month ago,,False,True,False,2026-09-25
P02,القرية الشعبية,الدمام,تراثي / ثقافي,https://maps.app.goo.gl/oNadKmXoFmk9e4Di9,ChdDSUhNMG9nS0VJQ0FnSUN1aFptSHFnRRAB,هياء السبيعي,https://www.google.com/maps/contrib/102700441620325751721/reviews?hl=en,5,Edited a month ago,رائعه جدا,True,True,False,2026-09-25
P02,القرية الشعبية,الدمام,تراثي / ثقافي,https://maps.app.goo.gl/oNadKmXoFmk9e4Di9,Ci9DQUlRQUNvZENodHljRjlvT2tGc05sSmFZVFEwTTJSTlJtNU1RbnBzV1ZWNFkyYxAB,gh gh,https://www.google.com/maps/contrib/106808440442854455797/reviews?hl=en,5,a month ago,,False,True,False,2026-09-25
P02,القرية الشعبية,الدمام,تراثي / ثقافي,https://maps.app.goo.gl/oNadKmXoFmk9e4Di9,Ci9DQUlRQUNvZENodHljRjlvT2xSTVJGRmFRa05xZUd4VGEzUTJjalJ6VURKZlZXYxAB,saad alsultan,https://www.google.com/maps/contrib/113666685498492829152/reviews?hl=en,5,a month ago,,False,True,False,2026-09-25
P02,القرية الشعبية,الدمام,تراثي / ثقافي,https://maps.app.goo.gl/oNadKmXoFmk9e4Di9,Ci9DQUlRQUNvZENodHljRjlvT2xsQ1psazBVelpzTkdkRGJERmpNelZuT1hOWWJrRRAB,Bader Adel,https://www.google.com/maps/contrib/111731374584618202616/reviews?hl=en,5,a month ago,,False,True,False,2026-09-25
P02,القرية الشعبية,الدمام,تراثي / ثقافي,https://maps.app.goo.gl/oNadKmXoFmk9e4Di9,Ci9DQUlRQUNvZENodHljRjlvT2s1VGJpMWFURFpHTm1ZemRrZGpZamM1V0ZCcVlsRRAB,ابراهيم احمد,https://www.google.com/maps/contrib/101950193531691508906/reviews?hl=en,5,a month ago,مكان جميل جداً,True,True,False,2026-09-25
P02,القرية الشعبية,الدمام,تراثي / ثقافي,https://maps.app.goo.gl/oNadKmXoFmk9e4Di9,Ci9DQUlRQUNvZENodHljRjlvT2t0c04wVmhhWGhWUVVSTU1FdHBMVTloYjJ4MVJXYxAB,محمد الشهراني,https://www.google.com/maps/contrib/116323754276532620087/reviews?hl=en,5,a month ago,"القرية الشعبية عبارة عن مطعم في جميع الأكلات الشعبية على مستوى المملكة وفي أعلاه يوجد متحف
جميل واكله لذيذ",True,True,False,2026-09-25
P02,القرية الشعبية,الدمام,تراثي / ثقافي,https://maps.app.goo.gl/oNadKmXoFmk9e4Di9,Ci9DQUlRQUNvZENodHljRjlvT2xKeldTMTRTMDFTZUdvM1RERklka1JxYjBKdVVuYxAB,Sama Fuad,https://www.google.com/maps/contrib/109706077400344463349/reviews?hl=en,5,a month ago,ممتاز,True,True,False,2026-09-25
P02,القرية الشعبية,الدمام,تراثي / ثقافي,https://maps.app.goo.gl/oNadKmXoFmk9e4Di9,Ci9DQUlRQUNvZENodHljRjlvT2xkcFpESnphVzlVUVdKck1TMUVUVXB3U3kxb2JHYxAB,MOHAMMED ALSIR,https://www.google.com/maps/contrib/103160081001158192264/reviews?hl=en,5,a month ago,,False,True,False,2026-09-25
P02,القرية الشعبية,الدمام,تراثي / ثقافي,https://maps.app.goo.gl/oNadKmXoFmk9e4Di9,Ci9DQUlRQUNvZENodHljRjlvT21sTFRFVlhhR3h6VlVOWlVtdEtUbEUwUjA0NExWRRAB,Samsul Alom,https://www.google.com/maps/contrib/109886935084986660743/reviews?hl=en,5,a month ago,,False,True,False,2026-09-25
P02,القرية الشعبية,الدمام,تراثي / ثقافي,https://maps.app.goo.gl/oNadKmXoFmk9e4Di9,Ci9DQUlRQUNvZENodHljRjlvT20xTmFsZDNibXBYU1VkRWNuWlpNRnBRU0hjM2NWRRAB,amani khattb,https://www.google.com/maps/contrib/117016514127381428589/reviews?hl=en,5,a month ago,المطعم أكله طيب و الجلسة حلوة,True,True,False,2026-09-25
P02,القرية الشعبية,الدمام,تراثي / ثقافي,https://maps.app.goo.gl/oNadKmXoFmk9e4Di9,Ci9DQUlRQUNvZENodHljRjlvT213eWR6bHhaamN0UkdOb2RGSkVhMGs1ZG1wa1psRRAB,Marawan aldeb,https://www.google.com/maps/contrib/105105044004736379115/reviews?hl=en,5,a month ago,ما شاء الله شيء بلدي وجوده عاليه نشكر المعلم ناصر اليماني,True,True,False,2026-09-25
P02,القرية الشعبية,الدمام,تراثي / ثقافي,https://maps.app.goo.gl/oNadKmXoFmk9e4Di9,Ci9DQUlRQUNvZENodHljRjlvT20xaVZHdGZZWFp6VjB3NFl6TXRlVzlZVFRONllrRRAB,محارب الرويلي,https://www.google.com/maps/contrib/115124238787114066454/reviews?hl=en,5,a month ago,,False,True,False,2026-09-25
P02,القرية الشعبية,الدمام,تراثي / ثقافي,https://maps.app.goo.gl/oNadKmXoFmk9e4Di9,Ci9DQUlRQUNvZENodHljRjlvT2xCNFQzQlNjMDAxYlZwT1ZVdHhTR2czWDJ4UmNXYxAB,IBN SAUD ALHARBI,https://www.google.com/maps/contrib/116092124282750968365/reviews?hl=en,5,a month ago,,False,True,False,2026-09-25
P02,القرية الشعبية,الدمام,تراثي / ثقافي,https://maps.app.goo.gl/oNadKmXoFmk9e4Di9,Ci9DQUlRQUNvZENodHljRjlvT2tSWmNHdFNhbWRmZFVsRU4wRTBibFZYZVVOcFVtYxAB,Ahmad Al Haddad,https://www.google.com/maps/contrib/118245945893246187289/reviews?hl=en,4,a month ago,"المكان يحمل الطابع التراثي  ٢٠ ريال تذكرة دخول المتحف و المطعم
الهريس و المندي لذيذ",True,True,False,2026-09-25
P02,القرية الشعبية,الدمام,تراثي / ثقافي,https://maps.app.goo.gl/oNadKmXoFmk9e4Di9,Ci9DQUlRQUNvZENodHljRjlvT2sweE1VUmpZbUo1U0RGYVRsUmpWalU1WDNKZlNtYxAB,the lord_of_ksa,https://www.google.com/maps/contrib/117374089798319315875/reviews?hl=en,1,a month ago,العمال تغيروا صار يكلمك من طرف خشمه طبعا المطعم كفو وراعيه كفو لكن العمال سيئة والنظافة لك عليها والله على ما أقول شهيد وسلامتكم وارجوا من الله ثم من صاحب المطعم تقبل الكومنت بصدر رحب ويحاول يشوف وضع العماله  🌹,True,True,False,2026-09-25
P02,القرية الشعبية,الدمام,تراثي / ثقافي,https://maps.app.goo.gl/oNadKmXoFmk9e4Di9,Ci9DQUlRQUNvZENodHljRjlvT2twTVRXRlRhVkp3VDJSbWFGRndOV3g1YURZeE9HYxAB,Mohammed Khalifah,https://www.google.com/maps/contrib/100092551881187561603/reviews?hl=en,5,Edited a month ago,القرية الشعبية بالدمام ليست مجرد مكان للزيارة، بل رحلة جميلة تعيدك لسنوات مضت وتريك كيف كانت تفاصيل الحياة وكيف تغيرت مع الزمن. تنوع المقتنيات والأركان وطريقة عرض تراث مناطق المملكة جعلت التجربة ثرية وممتعة جدًا. وجهة سياحية مميزة تستحق الزيارة والتقدير، ومن الأماكن التي تترك ذكرى جميلة لدى الكبار والصغار.,True,True,False,2026-09-25
P02,القرية الشعبية,الدمام,تراثي / ثقافي,https://maps.app.goo.gl/oNadKmXoFmk9e4Di9,Ci9DQUlRQUNvZENodHljRjlvT2pWbVIyc3laR05WYTBWVlZtMW1Na28yV0ZremRXYxAB,Unofficial Harman gill,https://www.google.com/maps/contrib/100546407379868819211/reviews?hl=en,5,a month ago,Best place to visit staff also good,False,True,False,2026-09-25
P02,القرية الشعبية,الدمام,تراثي / ثقافي,https://maps.app.goo.gl/oNadKmXoFmk9e4Di9,Ci9DQUlRQUNvZENodHljRjlvT20xQlltMVdNMVZETVc1R0xTMTJaREpxTFZGWldHYxAB,shafi Aldossary,https://www.google.com/maps/contrib/102268395001015822028/reviews?hl=en,1,a month ago,جيت انا مع اهلي بنتغدا يقول ممنوع الجلوس بالغرف  الداخليه مع العلم اني زبون ودافع دخول واجلس محل ما ابي المفروض  مو يقول ممنوع او تجلس بالغرف العائليه وتخلي الباب مفتوح  تاكل والباب مفتوح ما ادري وش النظام الجديد ذا وين الخصوصيه للعوايل  ويقول نظام الاداره كذا المفروض يعلمني قبل ادفع تذاكر دخول  مو يدفعني ويخليني اجلس على كيفه,True,True,False,2026-09-25
P02,القرية الشعبية,الدمام,تراثي / ثقافي,https://maps.app.goo.gl/oNadKmXoFmk9e4Di9,Ci9DQUlRQUNvZENodHljRjlvT21GRmREZDVRek5GU1ZaNGIzRlpabmRoTWpWWFZFRRAB,Rashed Khan,https://www.google.com/maps/contrib/102427212843487696870/reviews?hl=en,5,a month ago,,False,True,False,2026-09-25
P02,القرية الشعبية,الدمام,تراثي / ثقافي,https://maps.app.goo.gl/oNadKmXoFmk9e4Di9,Ci9DQUlRQUNvZENodHljRjlvT2xKbFZGSlljbU54TVVaUk4wUjNWRkV0V0RoUlYwRRAB,Ishan Rashid,https://www.google.com/maps/contrib/110969976107253939136/reviews?hl=en,5,a month ago,"Amazing family experience. Ticket is SR 20 per person, but worth it",False,True,False,2026-09-25
P02,القرية الشعبية,الدمام,تراثي / ثقافي,https://maps.app.goo.gl/oNadKmXoFmk9e4Di9,Ci9DQUlRQUNvZENodHljRjlvT21KNVdVeGZSamhmV1ZsMk16VlpRMlJCZW5sM04xRRAB,Ahmed Alamri,https://www.google.com/maps/contrib/114574169053678528834/reviews?hl=en,5,a month ago,,False,True,False,2026-09-25
P02,القرية الشعبية,الدمام,تراثي / ثقافي,https://maps.app.goo.gl/oNadKmXoFmk9e4Di9,Ci9DQUlRQUNvZENodHljRjlvT213dFpGZHlTalpmVkVSVGFqVndWV1l6ZG1GeE9VRRAB,Ammar Bin Yahya,https://www.google.com/maps/contrib/112826903191370517252/reviews?hl=en,4,a month ago,,False,True,False,2026-09-25
P02,القرية الشعبية,الدمام,تراثي / ثقافي,https://maps.app.goo.gl/oNadKmXoFmk9e4Di9,Ci9DQUlRQUNvZENodHljRjlvT2xaWWVuUlBNRkpvWXpRMVpHaFhRVEJ0V1VkWlMyYxAB,m sul,https://www.google.com/maps/contrib/111928213723829027585/reviews?hl=en,5,a month ago,"متحف شعبي يستحق الزيارة
و يحوي مطعم شعبي",True,True,False,2026-09-25
P02,القرية الشعبية,الدمام,تراثي / ثقافي,https://maps.app.goo.gl/oNadKmXoFmk9e4Di9,Ci9DQUlRQUNvZENodHljRjlvT2kxWWR5MDBWM0ExY0ZWM1ZXTlpZV2xYWjAxNmNtYxAB,arif ahmed,https://www.google.com/maps/contrib/111770608326301500146/reviews?hl=en,5,a month ago,,False,True,False,2026-09-25
P02,القرية الشعبية,الدمام,تراثي / ثقافي,https://maps.app.goo.gl/oNadKmXoFmk9e4Di9,Ci9DQUlRQUNvZENodHljRjlvT2xnMlpYRXdNamR5VlZoSVVFbG5iM2hrYjNCemJVRRAB,Mahad Sajjad,https://www.google.com/maps/contrib/106688463100819094322/reviews?hl=en,4,a month ago,"A unique experience, there is an entry fee for the first time, 20 riyals per person, free for kids under 10. The fee doesn’t apply on the next visit on a weekday. The ambience is unmatched, a one of a kind cultural experience. The food was good and the prices were reasonable, though not extraordinary. The museum has a vast collection of historical artifacts and many vintage cars including the car of King Salman.",False,True,False,2026-09-25
P02,القرية الشعبية,الدمام,تراثي / ثقافي,https://maps.app.goo.gl/oNadKmXoFmk9e4Di9,Ci9DQUlRQUNvZENodHljRjlvT25aSWJXZEJZemR6TTBaWmNsSm9WMFJyT1hKSGEyYxAB,hesham mohamed,https://www.google.com/maps/contrib/116298850601071589056/reviews?hl=en,5,a month ago,,False,True,False,2026-09-25
P02,القرية الشعبية,الدمام,تراثي / ثقافي,https://maps.app.goo.gl/oNadKmXoFmk9e4Di9,Ci9DQUlRQUNvZENodHljRjlvT21veVlYUndkbk5IZVdjd1JqTnRTSGQzUWxKa1EyYxAB,عبدالرحمن المشعان,https://www.google.com/maps/contrib/101984875812897813124/reviews?hl=en,5,a month ago,,False,True,False,2026-09-25
P02,القرية الشعبية,الدمام,تراثي / ثقافي,https://maps.app.goo.gl/oNadKmXoFmk9e4Di9,Ci9DQUlRQUNvZENodHljRjlvT2pRNFdrZEhNSEozWlRSc1dUWnNkV1pwVHpsVVdsRRAB,Hassan Abbas,https://www.google.com/maps/contrib/113831978528406705243/reviews?hl=en,5,a month ago,حفاوت استقبال، متحف كان جدا جميل اخذنا جوله من ثم تعشينا سيرفس كان سريع وعماله مدربه وقمة في الادب وخدمة سريعة والاكل شعبي جريش وشوربات ومقبلات لذيذ وخفيف وحتى سعرهم جدا ممتاز مقابل خدمة.,True,True,False,2026-09-25
P02,القرية الشعبية,الدمام,تراثي / ثقافي,https://maps.app.goo.gl/oNadKmXoFmk9e4Di9,Ci9DQUlRQUNvZENodHljRjlvT2tRM1VFZG5UeTFwVkd3NGJuUnlaMnAzV1VsVk5sRRAB,Ramzi Ahmed,https://www.google.com/maps/contrib/117316930448972197954/reviews?hl=en,5,a month ago,أكله جميل ولكن سعره مرتفع,True,True,False,2026-09-25
P02,القرية الشعبية,الدمام,تراثي / ثقافي,https://maps.app.goo.gl/oNadKmXoFmk9e4Di9,Ci9DQUlRQUNvZENodHljRjlvT25kelpXRlRhMmh1UVRsMWIxVm5hMHhoTW5Nd1VFRRAB,Nora K,https://www.google.com/maps/contrib/109853639750452964783/reviews?hl=en,5,a month ago,المكان مره جميل وواسع الدخول برسوم فيه متحف رائع ومنظم وسوق شعبي واطلاله ع البحر,True,True,False,2026-09-25
P02,القرية الشعبية,الدمام,تراثي / ثقافي,https://maps.app.goo.gl/oNadKmXoFmk9e4Di9,ChdDSUhNMG9nS0VJQ0FnSUN1dzk3SzNRRRAB,ابو سطام,https://www.google.com/maps/contrib/107348590731130557404/reviews?hl=en,1,Edited a month ago,المطعم عادي,True,True,False,2026-09-25
P02,القرية الشعبية,الدمام,تراثي / ثقافي,https://maps.app.goo.gl/oNadKmXoFmk9e4Di9,Ci9DQUlRQUNvZENodHljRjlvT2t4b1pEVXpPV05EZDBrNVl6RTJia0p2VGxCSFoyYxAB,محمد بوجويسم,https://www.google.com/maps/contrib/115380189011329629978/reviews?hl=en,4,a month ago,"إلى الموظفه ندى في قسم السفري

أتقدم بخالص الشكر والتقدير للموظفة على ما تقدمه من مستوى متميز في التعامل مع الزبائن، وما تتمتع به من أسلوب راقٍ ومحترم يعكس صورة إيجابية ومشرّفة عن المنشأة.

تتميز الموظفة بحسن الاستقبال، والابتسامة الدائمة، واللباقة في الحديث، وسرعة الاستجابة لاحتياجات الزبائن، إضافة إلى حرصها الواضح على تقديم أفضل خدمة بكل اهتمام واحترام.🌹🌹🌹🌹",True,True,False,2026-09-25
P02,القرية الشعبية,الدمام,تراثي / ثقافي,https://maps.app.goo.gl/oNadKmXoFmk9e4Di9,Ci9DQUlRQUNvZENodHljRjlvT2w5SUxWa3hTSFpEUjFrNE9HaFdSVE5uZEdsemQwRRAB,majed alhmmadi,https://www.google.com/maps/contrib/106146456645654192321/reviews?hl=en,5,a month ago,,False,True,False,2026-09-25
P02,القرية الشعبية,الدمام,تراثي / ثقافي,https://maps.app.goo.gl/oNadKmXoFmk9e4Di9,Ci9DQUlRQUNvZENodHljRjlvT2xGYVFuWXlla05tZDFKRVlYTk5ia3hFY2t0UGEyYxAB,خالد,https://www.google.com/maps/contrib/113671865258562095345/reviews?hl=en,5,a month ago,الموظفة ندى تعاملها جدًا راقي مع العملاء، تحية شكر وعرفان,True,True,False,2026-09-25
P02,القرية الشعبية,الدمام,تراثي / ثقافي,https://maps.app.goo.gl/oNadKmXoFmk9e4Di9,Ci9DQUlRQUNvZENodHljRjlvT2tWSllpMUZhRGRyVFdwdVFXdzFlRFF4VmxoUmFuYxAB,Adnan Saleem,https://www.google.com/maps/contrib/112409408363272648869/reviews?hl=en,5,a month ago,,False,True,False,2026-09-25
P02,القرية الشعبية,الدمام,تراثي / ثقافي,https://maps.app.goo.gl/oNadKmXoFmk9e4Di9,Ci9DQUlRQUNvZENodHljRjlvT2pOVGNqZEJZVGc0WW5KTFRHZFRVbmxLZUdFMmFFRRAB,Shosh Gaziz,https://www.google.com/maps/contrib/101196209280583031161/reviews?hl=en,5,a month ago,,False,True,False,2026-09-25
P02,القرية الشعبية,الدمام,تراثي / ثقافي,https://maps.app.goo.gl/oNadKmXoFmk9e4Di9,Ci9DQUlRQUNvZENodHljRjlvT2pWdlpERklia0kyYTIxTFExWjJPRTFpYW1KeFVXYxAB,بوفارس بوفارس,https://www.google.com/maps/contrib/118391108478301594702/reviews?hl=en,5,a month ago,,False,True,False,2026-09-25
P02,القرية الشعبية,الدمام,تراثي / ثقافي,https://maps.app.goo.gl/oNadKmXoFmk9e4Di9,Ci9DQUlRQUNvZENodHljRjlvT21kSlVYWmFMVmxXU1ZsVldYUnZkVWxRTUhwTlkxRRAB,Wasfi al ismail,https://www.google.com/maps/contrib/100840098738546766917/reviews?hl=en,5,a month ago,,False,True,False,2026-09-25
P02,القرية الشعبية,الدمام,تراثي / ثقافي,https://maps.app.goo.gl/oNadKmXoFmk9e4Di9,Ci9DQUlRQUNvZENodHljRjlvT2poVk5rMVpaVkpmV0haSFJsQkxOSFk0VFVOeWIwRRAB,Abdulqawi Alyasery,https://www.google.com/maps/contrib/101642701167381140626/reviews?hl=en,5,a month ago,Very nice shopping,False,True,False,2026-09-25
P02,القرية الشعبية,الدمام,تراثي / ثقافي,https://maps.app.goo.gl/oNadKmXoFmk9e4Di9,Ci9DQUlRQUNvZENodHljRjlvT2pNMVZVaFNOR1pyVkRsR1ZFdGpTV2xxVkRsTmMxRRAB,Md Masud,https://www.google.com/maps/contrib/115672073926520694019/reviews?hl=en,5,a month ago,,False,True,False,2026-09-25
P02,القرية الشعبية,الدمام,تراثي / ثقافي,https://maps.app.goo.gl/oNadKmXoFmk9e4Di9,Ci9DQUlRQUNvZENodHljRjlvT2tsRVkxWmpWbWxDUjA1RVpWaGFhRW93WkdKNE9YYxAB,Abdulrahman Adil,https://www.google.com/maps/contrib/111016360859196249937/reviews?hl=en,5,a month ago,,False,True,False,2026-09-25
P02,القرية الشعبية,الدمام,تراثي / ثقافي,https://maps.app.goo.gl/oNadKmXoFmk9e4Di9,Ci9DQUlRQUNvZENodHljRjlvT25jd1JVSXhaRVkzUzBKTVRsUlNZVmx3VkhjMlYxRRAB,Kh_Dawah,https://www.google.com/maps/contrib/106625228590343995637/reviews?hl=en,5,a month ago,متميزة,True,True,False,2026-09-25
P02,القرية الشعبية,الدمام,تراثي / ثقافي,https://maps.app.goo.gl/oNadKmXoFmk9e4Di9,Ci9DQUlRQUNvZENodHljRjlvT2t4cVMybEdWRmxRWmpaUmVIaFBZbFphZFRSU00xRRAB,Mohanad Abdelrhem,https://www.google.com/maps/contrib/100330041948967187558/reviews?hl=en,5,a month ago,,False,True,False,2026-09-25
P02,القرية الشعبية,الدمام,تراثي / ثقافي,https://maps.app.goo.gl/oNadKmXoFmk9e4Di9,Ci9DQUlRQUNvZENodHljRjlvT21wNWFrNUZNMGh0TFhCa1EzTjBablF3ZVhkWlIzYxAB,هايف الدويش,https://www.google.com/maps/contrib/108569751710437229567/reviews?hl=en,1,a month ago,,False,True,False,2026-09-25
P02,القرية الشعبية,الدمام,تراثي / ثقافي,https://maps.app.goo.gl/oNadKmXoFmk9e4Di9,Ci9DQUlRQUNvZENodHljRjlvT2tVNWNERlNSalJ4V2xOTlJGOUVZbVpLYUdsRFJHYxAB,محمد الحمالي,https://www.google.com/maps/contrib/106775654723622741457/reviews?hl=en,3,a month ago,القرية الشعبية بالدمام الموقع جميل يدل على التراث الدخول للشخص ٢٠ ريال غير قيمة الاكل ما اقدر احكم عليه بجميع اطباقة لاني جربت فقط طبقين الربيان المشوي والمقلي بصراحة ما كان بالمستوى الي توقعته  ممكن احربة في اطباق أخرى واحكم عليه,True,True,False,2026-09-25
P02,القرية الشعبية,الدمام,تراثي / ثقافي,https://maps.app.goo.gl/oNadKmXoFmk9e4Di9,ChZDSUhNMG9nS0VJQ0FnSUNYXzZfRFVBEAE,Farooq Hassan,https://www.google.com/maps/contrib/117284643367678864222/reviews?hl=en,4,Edited a month ago,,False,True,False,2026-09-25
P02,القرية الشعبية,الدمام,تراثي / ثقافي,https://maps.app.goo.gl/oNadKmXoFmk9e4Di9,Ci9DQUlRQUNvZENodHljRjlvT2tvNGVsQmZVMmwwVVZSeVRYQkdTekZMYjBodmEyYxAB,Emad Anwer,https://www.google.com/maps/contrib/102366138217394909589/reviews?hl=en,5,a month ago,,False,True,False,2026-09-25
P02,القرية الشعبية,الدمام,تراثي / ثقافي,https://maps.app.goo.gl/oNadKmXoFmk9e4Di9,Ci9DQUlRQUNvZENodHljRjlvT25GQ1gzQkhiVVJ2ZGtGb09HUTVaV1ZHYzI5WVNFRRAB,Ali Alasiri,https://www.google.com/maps/contrib/108047721267721298781/reviews?hl=en,5,a month ago,,False,True,False,2026-09-25
P02,القرية الشعبية,الدمام,تراثي / ثقافي,https://maps.app.goo.gl/oNadKmXoFmk9e4Di9,Ci9DQUlRQUNvZENodHljRjlvT2xGZk1FWTFVUzFPYW0xV2IxUjJSRjlJTFRsMGRuYxAB,Kon,https://www.google.com/maps/contrib/115375414385273870672/reviews?hl=en,4,a month ago,مكان كبير وواسع جدا مناسب للعائلات يوجد متحف سيارات,True,True,False,2026-09-25
P02,القرية الشعبية,الدمام,تراثي / ثقافي,https://maps.app.goo.gl/oNadKmXoFmk9e4Di9,Ci9DQUlRQUNvZENodHljRjlvT201MlpIWlRTa2R6ZFZNNFowc3pkM0U0VnpSS05rRRAB,ABDULRHMAN,https://www.google.com/maps/contrib/101493652738770034101/reviews?hl=en,5,a month ago,,False,True,False,2026-09-25
P02,القرية الشعبية,الدمام,تراثي / ثقافي,https://maps.app.goo.gl/oNadKmXoFmk9e4Di9,Ci9DQUlRQUNvZENodHljRjlvT2xsV2RVVm1WVXhMUWpWWGFYWlRMVlIwVVRVM0xXYxAB,Koktail Kok,https://www.google.com/maps/contrib/106468127667339177866/reviews?hl=en,4,a month ago,,False,True,False,2026-09-25
P02,القرية الشعبية,الدمام,تراثي / ثقافي,https://maps.app.goo.gl/oNadKmXoFmk9e4Di9,Ci9DQUlRQUNvZENodHljRjlvT2xBMFNETm9kVlpwY25SelJtMW1MUzB5Wkd0RE0xRRAB,Imran Ali,https://www.google.com/maps/contrib/100717036076020771807/reviews?hl=en,1,a month ago,,False,True,False,2026-09-25
P02,القرية الشعبية,الدمام,تراثي / ثقافي,https://maps.app.goo.gl/oNadKmXoFmk9e4Di9,Ci9DQUlRQUNvZENodHljRjlvT2xwalpsVldOREpUWkhjNVZtdGxWakZJTXpGWmFYYxAB,Lu. Wi.,https://www.google.com/maps/contrib/116613290917929239159/reviews?hl=en,5,a month ago,"Nice, high culture personel. A multitude objects and artificals to view. Not crowded. Fantastically delicious dishes 😋",False,True,False,2026-09-25
P02,القرية الشعبية,الدمام,تراثي / ثقافي,https://maps.app.goo.gl/oNadKmXoFmk9e4Di9,Ci9DQUlRQUNvZENodHljRjlvT2xreU5VaG5lREZzYTNJeFJUVlBPRW94Y0ZsYWVFRRAB,ابوحمد الشماحي,https://www.google.com/maps/contrib/105219140720631990207/reviews?hl=en,4,a month ago,حلوه مره واجواء رائعه بس الاسعار فوق,True,True,False,2026-09-25
P02,القرية الشعبية,الدمام,تراثي / ثقافي,https://maps.app.goo.gl/oNadKmXoFmk9e4Di9,Ci9DQUlRQUNvZENodHljRjlvT21Wd04xZEtiR1k0T1RGVE56RlZhWEZ0UzJZemVHYxAB,Abood Alamoudi,https://www.google.com/maps/contrib/100755760438224098356/reviews?hl=en,5,a month ago,تجربة جميلة,True,True,False,2026-09-25
P02,القرية الشعبية,الدمام,تراثي / ثقافي,https://maps.app.goo.gl/oNadKmXoFmk9e4Di9,Ci9DQUlRQUNvZENodHljRjlvT21Kc1F6VklZbFJKTUhCM05VaExSbGh0VDFWTmNYYxAB,ابو نواف العامري,https://www.google.com/maps/contrib/111033419173507553153/reviews?hl=en,5,a month ago,,False,True,False,2026-09-25
P02,القرية الشعبية,الدمام,تراثي / ثقافي,https://maps.app.goo.gl/oNadKmXoFmk9e4Di9,Ci9DQUlRQUNvZENodHljRjlvT25SbVNFcFdRMVZ4TUZkTVdFOVdlbFpKVW5GRmFtYxAB,yiyuan wang,https://www.google.com/maps/contrib/106402553548951749473/reviews?hl=en,5,a month ago,,False,True,False,2026-09-25
P02,القرية الشعبية,الدمام,تراثي / ثقافي,https://maps.app.goo.gl/oNadKmXoFmk9e4Di9,Ci9DQUlRQUNvZENodHljRjlvT25wa1JFNXFaMDVGWjNwM1ZXazFURjlOUjFZMWVWRRAB,safyoo Ba-n,https://www.google.com/maps/contrib/111304103216949601747/reviews?hl=en,5,a month ago,,False,True,False,2026-09-25
P02,القرية الشعبية,الدمام,تراثي / ثقافي,https://maps.app.goo.gl/oNadKmXoFmk9e4Di9,Ci9DQUlRQUNvZENodHljRjlvT21GelVFRnRWMWhHTUY5R2QzSjNVVmd5ZDBGWmFWRRAB,Mohamed ALi,https://www.google.com/maps/contrib/112136201323808898911/reviews?hl=en,5,a month ago,بصراحه ممتاز,True,True,False,2026-09-25
P02,القرية الشعبية,الدمام,تراثي / ثقافي,https://maps.app.goo.gl/oNadKmXoFmk9e4Di9,Ci9DQUlRQUNvZENodHljRjlvT25wbGFIbDFMVFpVVHpkeFR6RkxZbXBWV1ZVNGFIYxAB,mokhtar abdull,https://www.google.com/maps/contrib/112515367336072793414/reviews?hl=en,4,Edited a month ago,,False,True,False,2026-09-25
P02,القرية الشعبية,الدمام,تراثي / ثقافي,https://maps.app.goo.gl/oNadKmXoFmk9e4Di9,Ci9DQUlRQUNvZENodHljRjlvT2twRWJESmlWazVZUTB3Mk0xODRaWGRCTFZSVlMzYxAB,جبرين الجبرين,https://www.google.com/maps/contrib/110066315279251092648/reviews?hl=en,4,a month ago,مكان جميل ولكن الجو حار ولا يوجد بطاقات تعريفه للمحتويات,True,True,False,2026-09-25
P02,القرية الشعبية,الدمام,تراثي / ثقافي,https://maps.app.goo.gl/oNadKmXoFmk9e4Di9,Ci9DQUlRQUNvZENodHljRjlvT21sUFdWOVVSVEptT1V3MFYzTk9ibTlQYm5RelRVRRAB,T.J. James,https://www.google.com/maps/contrib/110935269029009598291/reviews?hl=en,3,a month ago,,False,True,False,2026-09-25
P02,القرية الشعبية,الدمام,تراثي / ثقافي,https://maps.app.goo.gl/oNadKmXoFmk9e4Di9,Ci9DQUlRQUNvZENodHljRjlvT2tVMWRsQmZjazVIUTBNdFpuTmFZa0owYVZWU2MxRRAB,صالح ابراهيم,https://www.google.com/maps/contrib/110125183014350133979/reviews?hl=en,4,a month ago,,False,True,False,2026-09-25
P02,القرية الشعبية,الدمام,تراثي / ثقافي,https://maps.app.goo.gl/oNadKmXoFmk9e4Di9,Ci9DQUlRQUNvZENodHljRjlvT25GMUxXcGpSbTVuVTNGMmFXZFZaMEV4ZW5aUWNGRRAB,Wheelsgate2025,https://www.google.com/maps/contrib/112153998799895071201/reviews?hl=en,5,a month ago,فنانه جدا والاداره فنانين,True,True,False,2026-09-25
P02,القرية الشعبية,الدمام,تراثي / ثقافي,https://maps.app.goo.gl/oNadKmXoFmk9e4Di9,Ci9DQUlRQUNvZENodHljRjlvT2pKVlNrWTFjV05ZYjBaM1RtVk1OR2RTV21obVZrRRAB,Talib Ta,https://www.google.com/maps/contrib/108511926464508271243/reviews?hl=en,2,a month ago,,False,True,False,2026-09-25
P02,القرية الشعبية,الدمام,تراثي / ثقافي,https://maps.app.goo.gl/oNadKmXoFmk9e4Di9,Ci9DQUlRQUNvZENodHljRjlvT2pJd2RVUnJjRGh2UXpkZlUzRkRVa2hPT1ZwcE9IYxAB,Fahad Eid,https://www.google.com/maps/contrib/112341721588648650011/reviews?hl=en,1,a month ago,‏كنت بالأول وصل الطلب إلى العمل أما الآن علي بأن الطلب لم يصل المبلغ الذي هم يرغبون واكتساب به وهي قرابة الخمسة وعشرين ريال ولدي ما يثبت ذلك مطعم فاشل,True,True,False,2026-09-25
P02,القرية الشعبية,الدمام,تراثي / ثقافي,https://maps.app.goo.gl/oNadKmXoFmk9e4Di9,Ci9DQUlRQUNvZENodHljRjlvT2pWSldFUldVbDh5VkV4MmFWTTRNbkZYZFRWS1IwRRAB,Salem H99,https://www.google.com/maps/contrib/106536934426648865955/reviews?hl=en,4,a month ago,اصبحت افضل بعد التجديدات,True,True,False,2026-09-25
P02,القرية الشعبية,الدمام,تراثي / ثقافي,https://maps.app.goo.gl/oNadKmXoFmk9e4Di9,Ci9DQUlRQUNvZENodHljRjlvT2psM1UyMVpaMmxmWDBKQmFEQTBialJ3YkhWT1puYxAB,صالح الغامدي,https://www.google.com/maps/contrib/102167219644391072355/reviews?hl=en,5,a month ago,,False,True,False,2026-09-25
P02,القرية الشعبية,الدمام,تراثي / ثقافي,https://maps.app.goo.gl/oNadKmXoFmk9e4Di9,Ci9DQUlRQUNvZENodHljRjlvT2xSRWIxUTNlR1p6WkRod05VeE1lRWhyZUhkV2QzYxAB,BaShaR Abo SkaaR,https://www.google.com/maps/contrib/108271858447224323564/reviews?hl=en,5,a month ago,,False,True,False,2026-09-25
P02,القرية الشعبية,الدمام,تراثي / ثقافي,https://maps.app.goo.gl/oNadKmXoFmk9e4Di9,Ci9DQUlRQUNvZENodHljRjlvT2xwcmRGTkNiMkl4Y1VGcllVeEtkRnBwTm1rMVUyYxAB,noura alkj,https://www.google.com/maps/contrib/102754126333281825526/reviews?hl=en,5,a month ago,الاجواء والخدمه وكل حلوه يستحق الزياره,True,True,False,2026-09-25
P02,القرية الشعبية,الدمام,تراثي / ثقافي,https://maps.app.goo.gl/oNadKmXoFmk9e4Di9,Ci9DQUlRQUNvZENodHljRjlvT2xnM2VGVm1PVVozYmw5V2RrTTFjSFEwV1ZvNU4xRRAB,Bushra,https://www.google.com/maps/contrib/106486257056912704700/reviews?hl=en,5,a month ago,الاكل لذيذ ماشاء الله جربنا الهريس والجريش والمرقوق يستاهل التجربه وفيه متحف والمكان ماشاء الله كبير,True,True,False,2026-09-25
P02,القرية الشعبية,الدمام,تراثي / ثقافي,https://maps.app.goo.gl/oNadKmXoFmk9e4Di9,Ci9DQUlRQUNvZENodHljRjlvT21WcFprWm9TMkZKV25vMVpqSkpTelp4YTBGemNrRRAB,Abdullah Muharrag,https://www.google.com/maps/contrib/117286807042074902948/reviews?hl=en,4,a month ago,منطقة جميلة للتسوق والتجول وقضاء بعض الوقت الممتع في جو قديم يرد الحنين للماضي والبساطة مع دمج الأمور الحديثة,True,True,False,2026-09-25
P02,القرية الشعبية,الدمام,تراثي / ثقافي,https://maps.app.goo.gl/oNadKmXoFmk9e4Di9,Ci9DQUlRQUNvZENodHljRjlvT2tSNlptNDJTRXBYVUV4VWQxa3lOMjF6Y2pCYU9WRRAB,hash,https://www.google.com/maps/contrib/102238812566660541392/reviews?hl=en,4,a month ago,تجربة مليئة بالحنين للماضي .. الاكل كان لذيذ و السعر  معقول شكرا للنادل محبوب على الخدمة المميزة,True,True,False,2026-09-25
P02,القرية الشعبية,الدمام,تراثي / ثقافي,https://maps.app.goo.gl/oNadKmXoFmk9e4Di9,Ci9DQUlRQUNvZENodHljRjlvT2s5V01FSnNORjluWjI5dWQwVkdXalZNYURoV1lrRRAB,Anwar Alrowished,https://www.google.com/maps/contrib/106887780064366297179/reviews?hl=en,4,a month ago,"مطعم ممتاز
من ناخية تنوع الأطباق
ومن ناخية توفر الشاي و القهوة السعودية
ومن ناخية تنوع الجلسات ارضي و طاولات وغرف للعائلات
اما مايخص التكييف أنصح بفحص تكييف الغرفة اولا قبل الطلب لان بعضها لايعمل
تذاكر الدخول برسوم رمزيه تقدر تستخدمها لفتره اخرى للدخول مجانا
موقع القرية جدا ممتاز حيث انه يوجد على كورنيش الدمام و تتوفر المواقف للسيارات
القرية تحتوي على متحف للسيارات",True,True,False,2026-09-25
P02,القرية الشعبية,الدمام,تراثي / ثقافي,https://maps.app.goo.gl/oNadKmXoFmk9e4Di9,Ci9DQUlRQUNvZENodHljRjlvT25kVGJrODJkMHMzZG5NM2FqQlVlbWxxY2pFNGFIYxAB,abdullah alabbad,https://www.google.com/maps/contrib/108269718964040839907/reviews?hl=en,4,a month ago,,False,True,False,2026-09-25
P02,القرية الشعبية,الدمام,تراثي / ثقافي,https://maps.app.goo.gl/oNadKmXoFmk9e4Di9,Ci9DQUlRQUNvZENodHljRjlvT2pBeVdUQndOVWRmTkV3eFdGaHJlbEZ0Vm1KWU5VRRAB,azooz alshamrani,https://www.google.com/maps/contrib/112485772681246572439/reviews?hl=en,1,a month ago,فكرة ال ٢٠ ريال للشخص مستفزه وخاصة انها ماراح تسترجع من فيمة الفاتورة. وانا مو من اهل المنطقة عشان استفيد منها بعدين. الحركة منعتني من زيارتكم واراها مستفزه جداً.,True,True,False,2026-09-25
P02,القرية الشعبية,الدمام,تراثي / ثقافي,https://maps.app.goo.gl/oNadKmXoFmk9e4Di9,Ci9DQUlRQUNvZENodHljRjlvT25WTlluVlRVVFpNTFZwQmJqQmxRWFoxZWxjNU1uYxAB,Rami Thani,https://www.google.com/maps/contrib/116313686672384586212/reviews?hl=en,4,a month ago,,False,True,False,2026-09-25
P02,القرية الشعبية,الدمام,تراثي / ثقافي,https://maps.app.goo.gl/oNadKmXoFmk9e4Di9,Ci9DQUlRQUNvZENodHljRjlvT2tOR1lWcHdValpSUjNoU1IyeFJRbTlMYjNwaGNtYxAB,Fayaz Basha,https://www.google.com/maps/contrib/115434417717424124637/reviews?hl=en,1,a month ago,,False,True,False,2026-09-25
P02,القرية الشعبية,الدمام,تراثي / ثقافي,https://maps.app.goo.gl/oNadKmXoFmk9e4Di9,Ci9DQUlRQUNvZENodHljRjlvT25kNU5XeGZkbUY1TVVsdlJIQlhSVlV3VURSZlMwRRAB,John Joseph,https://www.google.com/maps/contrib/113499622235218026878/reviews?hl=en,4,a month ago,,False,True,False,2026-09-25
P02,القرية الشعبية,الدمام,تراثي / ثقافي,https://maps.app.goo.gl/oNadKmXoFmk9e4Di9,Ci9DQUlRQUNvZENodHljRjlvT21sTFZFaERlRWR6U1U5dWQwdzFXbmd3VG1wdWVuYxAB,عبدالله,https://www.google.com/maps/contrib/102771212925822116963/reviews?hl=en,5,a month ago,,False,True,False,2026-09-25
P02,القرية الشعبية,الدمام,تراثي / ثقافي,https://maps.app.goo.gl/oNadKmXoFmk9e4Di9,Ci9DQUlRQUNvZENodHljRjlvT210SmRFOVdka0p3UlZGTlgxUTFhMWxxVkZCVFZIYxAB,kunhi muhammed,https://www.google.com/maps/contrib/111520880818103178969/reviews?hl=en,4,a month ago,,False,True,False,2026-09-25
P02,القرية الشعبية,الدمام,تراثي / ثقافي,https://maps.app.goo.gl/oNadKmXoFmk9e4Di9,Ci9DQUlRQUNvZENodHljRjlvT25BMWFHTXlYMkV4VkZNMGRWbFlSR1kyU1MxVWNFRRAB,محمد العتيبي,https://www.google.com/maps/contrib/101000580609019339052/reviews?hl=en,5,a month ago,,False,True,False,2026-09-25
P02,القرية الشعبية,الدمام,تراثي / ثقافي,https://maps.app.goo.gl/oNadKmXoFmk9e4Di9,Ci9DQUlRQUNvZENodHljRjlvT201clgxVndWVEU1YldaWWR6SkhWRUl6TnpObFpIYxAB,Abdullah Almulla,https://www.google.com/maps/contrib/108366187440359929770/reviews?hl=en,1,a month ago,,False,True,False,2026-09-25
P02,القرية الشعبية,الدمام,تراثي / ثقافي,https://maps.app.goo.gl/oNadKmXoFmk9e4Di9,Ci9DQUlRQUNvZENodHljRjlvT21kMVozb3hXbFJHVldKSFFqZE1WR3hUVmpGR2FIYxAB,Lohan Husain,https://www.google.com/maps/contrib/103568993637893093416/reviews?hl=en,5,a month ago,very good restaurant 🙂 …,False,True,True,2026-09-25
P02,القرية الشعبية,الدمام,تراثي / ثقافي,https://maps.app.goo.gl/oNadKmXoFmk9e4Di9,Ci9DQUlRQUNvZENodHljRjlvT25WV2JHdzNNV04wTFRVM2FXSXljekZUU2sxTWFXYxAB,احمد محمد,https://www.google.com/maps/contrib/107241646359408862021/reviews?hl=en,5,a month ago,,False,True,False,2026-09-25
P02,القرية الشعبية,الدمام,تراثي / ثقافي,https://maps.app.goo.gl/oNadKmXoFmk9e4Di9,Ci9DQUlRQUNvZENodHljRjlvT2w5ME5XUXljRTVwVVZKUFJsb3dRMEo2WjBSbFNrRRAB,ع,https://www.google.com/maps/contrib/110173067984609329024/reviews?hl=en,3,a month ago,جميل ومرتب بس يعيبه الدخول ب تذكره 20 للشخص او تتوجه لمكان جانبي ريحته ليس جيده او تدفع الدخول لمكان النظيف والأسعار دبل مطاعم الأخرى ومشكله م تخصم من سعر الطلب لو الاسعار معقوله ممكن بس الاسعار مرتفعه,True,True,False,2026-09-25
P02,القرية الشعبية,الدمام,تراثي / ثقافي,https://maps.app.goo.gl/oNadKmXoFmk9e4Di9,Ci9DQUlRQUNvZENodHljRjlvT2tFd1REQmxlR1EzUjNkbGMzQlpTSFJhV210WlFVRRAB,Sultan Almansour,https://www.google.com/maps/contrib/104612503278967917451/reviews?hl=en,1,a month ago,رسوم اجبارية ع الدخول!,True,True,False,2026-09-25
P02,القرية الشعبية,الدمام,تراثي / ثقافي,https://maps.app.goo.gl/oNadKmXoFmk9e4Di9,Ci9DQUlRQUNvZENodHljRjlvT21sUmRWZHhWMjVoTUUxdGFsRjBRMFozWVc5b09IYxAB,Amr Samir,https://www.google.com/maps/contrib/117628291131957333435/reviews?hl=en,4,a month ago,Very Good design and filling your leave at the moment Zaman,False,True,False,2026-09-25
P02,القرية الشعبية,الدمام,تراثي / ثقافي,https://maps.app.goo.gl/oNadKmXoFmk9e4Di9,Ci9DQUlRQUNvZENodHljRjlvT25sNWVrNXhVMWxoY1hFMGNHdHJNemhYZFU1VlNYYxAB,عارف,https://www.google.com/maps/contrib/103135555671890943855/reviews?hl=en,3,a month ago,,False,True,False,2026-09-25
P02,القرية الشعبية,الدمام,تراثي / ثقافي,https://maps.app.goo.gl/oNadKmXoFmk9e4Di9,Ci9DQUlRQUNvZENodHljRjlvT214Q2NYcGZOVWsxY1UxdmFXcElNRzQ1V2xVeGVrRRAB,mohamad rasheed,https://www.google.com/maps/contrib/101076136792402267609/reviews?hl=en,5,a month ago,,False,True,False,2026-09-25
P02,القرية الشعبية,الدمام,تراثي / ثقافي,https://maps.app.goo.gl/oNadKmXoFmk9e4Di9,Ci9DQUlRQUNvZENodHljRjlvT2poNUxXeEJObWN0VDBoQ1UwSnBWbWRwT1RoVFJFRRAB,Khalid Abdullah,https://www.google.com/maps/contrib/117822430441687571808/reviews?hl=en,5,a month ago,,False,True,False,2026-09-25
P02,القرية الشعبية,الدمام,تراثي / ثقافي,https://maps.app.goo.gl/oNadKmXoFmk9e4Di9,Ci9DQUlRQUNvZENodHljRjlvT2pkTFEwbDZlVzFpVVhCMFRFZDVPRW94VVZnMFlsRRAB,Saad Aldihan,https://www.google.com/maps/contrib/112782454486763924559/reviews?hl=en,4,a month ago,,False,True,False,2026-09-25
P02,القرية الشعبية,الدمام,تراثي / ثقافي,https://maps.app.goo.gl/oNadKmXoFmk9e4Di9,Ci9DQUlRQUNvZENodHljRjlvT25KS1Zub3RPSGQyZW5wbFozRm1VVzgzZUVGc1IzYxAB,ابواحمد العيسائي,https://www.google.com/maps/contrib/115469322545887157877/reviews?hl=en,5,a month ago,,False,True,False,2026-09-25
P02,القرية الشعبية,الدمام,تراثي / ثقافي,https://maps.app.goo.gl/oNadKmXoFmk9e4Di9,Ci9DQUlRQUNvZENodHljRjlvT20xaGFHeE5aWFZ2YnpOV1lVRkJiSEZSTUhSYVVGRRAB,Fahad Ali,https://www.google.com/maps/contrib/106470902527850383059/reviews?hl=en,5,a month ago,,False,True,False,2026-09-25
P02,القرية الشعبية,الدمام,تراثي / ثقافي,https://maps.app.goo.gl/oNadKmXoFmk9e4Di9,Ci9DQUlRQUNvZENodHljRjlvT2poT2JVd3hkbTgyVDJ3MmQzbEdUM05XTlRreVFXYxAB,tariq -,https://www.google.com/maps/contrib/102360396469737296423/reviews?hl=en,5,a month ago,جميل جدا خاصه المتحف الوطني,True,True,False,2026-09-25
P02,القرية الشعبية,الدمام,تراثي / ثقافي,https://maps.app.goo.gl/oNadKmXoFmk9e4Di9,Ci9DQUlRQUNvZENodHljRjlvT25CQ1ZEVkRVVXMxT0VsV1ltbENORVJuUmtsNldXYxAB,RAHMAN BIN ISMAYIL,https://www.google.com/maps/contrib/116193223184475452911/reviews?hl=en,5,a month ago,,False,True,False,2026-09-25
P02,القرية الشعبية,الدمام,تراثي / ثقافي,https://maps.app.goo.gl/oNadKmXoFmk9e4Di9,Ci9DQUlRQUNvZENodHljRjlvT2xoNGRITk1NVFpJVWxVek1HaHBkMDQ1ZGpSUVgxRRAB,mathker alshafi,https://www.google.com/maps/contrib/105665995459060521483/reviews?hl=en,5,a month ago,,False,True,False,2026-09-25
P02,القرية الشعبية,الدمام,تراثي / ثقافي,https://maps.app.goo.gl/oNadKmXoFmk9e4Di9,Ci9DQUlRQUNvZENodHljRjlvT214aE4ySkNOak5hTFZKZmJGUkxRWHBTTjBkNVpWRRAB,Jawad Tanveer,https://www.google.com/maps/contrib/108669717967310908602/reviews?hl=en,5,2 months ago,Amazing Experience,False,True,False,2026-09-25
P02,القرية الشعبية,الدمام,تراثي / ثقافي,https://maps.app.goo.gl/oNadKmXoFmk9e4Di9,Ci9DQUlRQUNvZENodHljRjlvT2w5RFZtZERWaTFGUlRKNGNtRXhXRWxsUTA4elVtYxAB,zaid darweesh,https://www.google.com/maps/contrib/105958855448615111311/reviews?hl=en,4,2 months ago,المكان جميل و مهم و الكافيتيريا رائعة,True,True,False,2026-09-25
P02,القرية الشعبية,الدمام,تراثي / ثقافي,https://maps.app.goo.gl/oNadKmXoFmk9e4Di9,Ci9DQUlRQUNvZENodHljRjlvT2w5MVdVNWFiekZTYms5MVEwczNkbGhEV0VOSFZuYxAB,ابو عبدالله التميمي,https://www.google.com/maps/contrib/116703747866426345941/reviews?hl=en,5,2 months ago,,False,True,False,2026-09-25
P02,القرية الشعبية,الدمام,تراثي / ثقافي,https://maps.app.goo.gl/oNadKmXoFmk9e4Di9,Ci9DQUlRQUNvZENodHljRjlvT2taSFZWQkhWbGhXU1MxQmR6Wm9PR3czVEhaeVFrRRAB,sheilla hardini,https://www.google.com/maps/contrib/100743177139628510824/reviews?hl=en,5,2 months ago,"Great place to take guest and experience Saudi food. They have museum, traditional decoration from each province in Saudi Arabia, traditional garments to try and take pictures with. Welcomed gahwa with dates.
The restaurant is fabulous, Mr.Mahboon the staff made sure we had great service and delicious dishes to try.
My daughter who is visiting from Netherlands was very impressed with the whole experience.",False,True,False,2026-09-25
P02,القرية الشعبية,الدمام,تراثي / ثقافي,https://maps.app.goo.gl/oNadKmXoFmk9e4Di9,Ci9DQUlRQUNvZENodHljRjlvT2xOblRWRjFialpHU21oSmNuWkZha1ZRTW1ONVQyYxAB,Nur Aishah Ab Razak,https://www.google.com/maps/contrib/112300327557283884400/reviews?hl=en,3,2 months ago,"We had lunch of chicken mandi, chicken biryani and kebab at the indoor restaurant. I'd say the food is pretty good with generous portions.
The museum has a collection of antiques - old appliances like radios and typewriters, old coins, bank notes and stamps as well as weaponry and ceramics and leather goods.
We spent more time at the restaurant than at the museum. It'll take around 30mins on average to tour the museum.
I'd say skip this if you are short on time. But if you plan to have lunch here or just to skip the heat of the summer during the day, it's not a bad place to visit.",False,True,False,2026-09-25
P02,القرية الشعبية,الدمام,تراثي / ثقافي,https://maps.app.goo.gl/oNadKmXoFmk9e4Di9,Ci9DQUlRQUNvZENodHljRjlvT21jNVdXZDFjVGgzVFVWRFdXSjZRVUZmUlRsa1ZHYxAB,Naif Alabdullatif,https://www.google.com/maps/contrib/109195209091582183293/reviews?hl=en,5,2 months ago,,False,True,False,2026-09-25
P02,القرية الشعبية,الدمام,تراثي / ثقافي,https://maps.app.goo.gl/oNadKmXoFmk9e4Di9,Ci9DQUlRQUNvZENodHljRjlvT2xGSk9IQTNSWG80VjNoR2NYUkRPRGhqZDBsTE1IYxAB,نواف القطان,https://www.google.com/maps/contrib/114902143283144373879/reviews?hl=en,5,2 months ago,ممتاز,True,True,False,2026-09-25
P02,القرية الشعبية,الدمام,تراثي / ثقافي,https://maps.app.goo.gl/oNadKmXoFmk9e4Di9,Ci9DQUlRQUNvZENodHljRjlvT21kcGVEZFVibVJrY0ZwWVdYQnpXakUxVnpCcVkxRRAB,ياسين ياسين,https://www.google.com/maps/contrib/112886632810190310934/reviews?hl=en,5,2 months ago,مطعم عظمة والله يستحق الزيره ومعاودتها الاكل لا يعلى علية,True,True,False,2026-09-25
P02,القرية الشعبية,الدمام,تراثي / ثقافي,https://maps.app.goo.gl/oNadKmXoFmk9e4Di9,Ci9DQUlRQUNvZENodHljRjlvT2xCTFZFMTJSMVEyYm1KTFUxbzBVWE54VERKUlowRRAB,Emad Lafi,https://www.google.com/maps/contrib/118423449728188446259/reviews?hl=en,5,2 months ago,,False,True,False,2026-09-25
P02,القرية الشعبية,الدمام,تراثي / ثقافي,https://maps.app.goo.gl/oNadKmXoFmk9e4Di9,Ci9DQUlRQUNvZENodHljRjlvT2paNGJuaHBjWHAzTFdsYVIydEJMV3AyWWxvM09GRRAB,md hasan,https://www.google.com/maps/contrib/115026358055195728865/reviews?hl=en,5,2 months ago,,False,True,False,2026-09-25
P02,القرية الشعبية,الدمام,تراثي / ثقافي,https://maps.app.goo.gl/oNadKmXoFmk9e4Di9,Ci9DQUlRQUNvZENodHljRjlvT2s1MlgyaDVSMTlLTjA5ck5FcHpNbTVOVFZaWWRsRRAB,Naseer AL_Abdle,https://www.google.com/maps/contrib/114553629561244011734/reviews?hl=en,5,2 months ago,قريه مكتمله بكل التراث صراحه عمل جبار يشكرون عليه,True,True,False,2026-09-25
P02,القرية الشعبية,الدمام,تراثي / ثقافي,https://maps.app.goo.gl/oNadKmXoFmk9e4Di9,Ci9DQUlRQUNvZENodHljRjlvT2tKTlYzaG1iRVJGZEdsWmF6VnRiWGhsZEZKclpIYxAB,علي المجيدي,https://www.google.com/maps/contrib/118359596108597327660/reviews?hl=en,5,2 months ago,,False,True,False,2026-09-25
P02,القرية الشعبية,الدمام,تراثي / ثقافي,https://maps.app.goo.gl/oNadKmXoFmk9e4Di9,Ci9DQUlRQUNvZENodHljRjlvT25sU2JVOHdSMkZUUjNOTVdYVjFUMkYyVlRGQmFGRRAB,Hussam Sayyed,https://www.google.com/maps/contrib/108425242557129750133/reviews?hl=en,5,2 months ago,,False,True,False,2026-09-25
P02,القرية الشعبية,الدمام,تراثي / ثقافي,https://maps.app.goo.gl/oNadKmXoFmk9e4Di9,Ci9DQUlRQUNvZENodHljRjlvT201cE9ITlFkMUF5VWsxRmFVZG9WbTkyYWxSR1VXYxAB,Hadi Hussain,https://www.google.com/maps/contrib/107974093275448561515/reviews?hl=en,5,2 months ago,,False,True,False,2026-09-25
P02,القرية الشعبية,الدمام,تراثي / ثقافي,https://maps.app.goo.gl/oNadKmXoFmk9e4Di9,Ci9DQUlRQUNvZENodHljRjlvT2xFNFdVMXJUekpxZVhWME1IUkdVWFZwZURkU2NYYxAB,حسين طنطاوي,https://www.google.com/maps/contrib/114032944997491425932/reviews?hl=en,5,Edited 2 months ago,,False,True,False,2026-09-25
P02,القرية الشعبية,الدمام,تراثي / ثقافي,https://maps.app.goo.gl/oNadKmXoFmk9e4Di9,Ci9DQUlRQUNvZENodHljRjlvT2tVMFRHa3lRMUZUV0VOWVdXWnBiWEpWWVZwTlIwRRAB,عبدالله الشهري,https://www.google.com/maps/contrib/106097463162496884417/reviews?hl=en,5,2 months ago,,False,True,False,2026-09-25
P02,القرية الشعبية,الدمام,تراثي / ثقافي,https://maps.app.goo.gl/oNadKmXoFmk9e4Di9,Ci9DQUlRQUNvZENodHljRjlvT2xab1dEazNVV0Z3V1ZCNVFreEtja1JwU1V0YWVHYxAB,jaid Azami,https://www.google.com/maps/contrib/103533480658261469992/reviews?hl=en,5,2 months ago,,False,True,False,2026-09-25
P02,القرية الشعبية,الدمام,تراثي / ثقافي,https://maps.app.goo.gl/oNadKmXoFmk9e4Di9,Ci9DQUlRQUNvZENodHljRjlvT21OT2JWTldNME5rUjBkemVXUnRkR3BNVmpCSFNtYxAB,Mohamed Sharif,https://www.google.com/maps/contrib/111188400967510049314/reviews?hl=en,5,Edited 2 months ago,,False,True,False,2026-09-25
P02,القرية الشعبية,الدمام,تراثي / ثقافي,https://maps.app.goo.gl/oNadKmXoFmk9e4Di9,ChdDSUhNMG9nS0VJQ0FnSURMbWVia2xnRRAB,sameh samir,https://www.google.com/maps/contrib/111553274897399706469/reviews?hl=en,5,Edited 2 months ago,,False,True,False,2026-09-25
P02,القرية الشعبية,الدمام,تراثي / ثقافي,https://maps.app.goo.gl/oNadKmXoFmk9e4Di9,Ci9DQUlRQUNvZENodHljRjlvT2tWd01FMWlWSFJ4TWxveFNGSXRZV3BsTTBSSFUxRRAB,Syed Aamer,https://www.google.com/maps/contrib/112055371103716065240/reviews?hl=en,5,2 months ago,,False,True,False,2026-09-25
P02,القرية الشعبية,الدمام,تراثي / ثقافي,https://maps.app.goo.gl/oNadKmXoFmk9e4Di9,Ci9DQUlRQUNvZENodHljRjlvT25OQlJHVXhMVWgzWXpkdFNEUmlhR2x5VEVoblRWRRAB,احمد جمال,https://www.google.com/maps/contrib/108319133010666368790/reviews?hl=en,5,2 months ago,,False,True,False,2026-09-25
P02,القرية الشعبية,الدمام,تراثي / ثقافي,https://maps.app.goo.gl/oNadKmXoFmk9e4Di9,Ci9DQUlRQUNvZENodHljRjlvT21wUk9XNUxRMjVJUmxRd2RUTkdURkZRY0RWd05YYxAB,masood alhzbree,https://www.google.com/maps/contrib/101581156529694066970/reviews?hl=en,5,2 months ago,,False,True,False,2026-09-25
P02,القرية الشعبية,الدمام,تراثي / ثقافي,https://maps.app.goo.gl/oNadKmXoFmk9e4Di9,Ci9DQUlRQUNvZENodHljRjlvT2xwMVptdDVRV2x1VGpZM1gweFZUbkpOVkRGaFpIYxAB,Abdullah Alshehri,https://www.google.com/maps/contrib/116748060202406706658/reviews?hl=en,3,2 months ago,المكان جميل ولكن ينقصه اشياء كثيرة وتنشيط للاقسام اللي فيه و تنظيم فعاليات مستمره في المكان لان اغلب الايام مافيه احد وحرام مثل هالمكان ما ياخذ حقه وملاحظة من ناحية الأسعار مرتفعه حسيت اني في مطار,True,True,False,2026-09-25
P02,القرية الشعبية,الدمام,تراثي / ثقافي,https://maps.app.goo.gl/oNadKmXoFmk9e4Di9,Ci9DQUlRQUNvZENodHljRjlvT2xSeU5UUlBVV1YyWm0wMVkxRndNSFZGY0ZsSE1tYxAB,shadid,https://www.google.com/maps/contrib/107634084408008104705/reviews?hl=en,1,2 months ago,"سلامات الدخول بس للشخص ب٢٠ ريال
ما انصح فيه ابد الأكل ما يستاهل انك تدفع فيه ريال",True,True,False,2026-09-25
P02,القرية الشعبية,الدمام,تراثي / ثقافي,https://maps.app.goo.gl/oNadKmXoFmk9e4Di9,Ci9DQUlRQUNvZENodHljRjlvT2tWemFqTkVZMEpWYmxSdFNFdEZXbVExWnpsSVRuYxAB,Saad Al ghamdi,https://www.google.com/maps/contrib/111840549330244011071/reviews?hl=en,5,2 months ago,مجمع تراثي جميل,True,True,False,2026-09-25
P02,القرية الشعبية,الدمام,تراثي / ثقافي,https://maps.app.goo.gl/oNadKmXoFmk9e4Di9,Ci9DQUlRQUNvZENodHljRjlvT2xWUk5IUmlTM0phWWpkVVRHaEhRVXBrYVdwcmNXYxAB,ابو نواف,https://www.google.com/maps/contrib/116096400242986477679/reviews?hl=en,5,2 months ago,,False,True,False,2026-09-25
P02,القرية الشعبية,الدمام,تراثي / ثقافي,https://maps.app.goo.gl/oNadKmXoFmk9e4Di9,Ci9DQUlRQUNvZENodHljRjlvT25KRU0zbHVWV0ZvTVVGVWFqSnZWRE13TWxkT05HYxAB,Sniper,https://www.google.com/maps/contrib/107085918989005708516/reviews?hl=en,4,2 months ago,قريه شعبيه ومطعم ومتحف جميل بتنوع التحف  والسيارات في العصر السابق  👍🫶,True,True,False,2026-09-25
P02,القرية الشعبية,الدمام,تراثي / ثقافي,https://maps.app.goo.gl/oNadKmXoFmk9e4Di9,ChdDSUhNMG9nS0VJQ0FnSUNYMjlyUC1nRRAB,ابو درر القحطاني,https://www.google.com/maps/contrib/102537648023979535736/reviews?hl=en,4,Edited 2 months ago,,False,True,False,2026-09-25
P02,القرية الشعبية,الدمام,تراثي / ثقافي,https://maps.app.goo.gl/oNadKmXoFmk9e4Di9,Ci9DQUlRQUNvZENodHljRjlvT25ZMlEyVjFZa3R3WWtwVlJXRkNYME13VDBsUU5VRRAB,منتظر البصري,https://www.google.com/maps/contrib/100208970573750479826/reviews?hl=en,5,2 months ago,المطعم الاكل لذيذ جدا والمكان حلو وشعبي والمتحف حلو وموظف الاستقبال الللي عند بوابة الدخول ماشاء الله اخلاق ومحترم جدا اسلوبه حلو مع الزبون تشكرون على موظف الاستقبال والمكان مريح,True,True,False,2026-09-25
P02,القرية الشعبية,الدمام,تراثي / ثقافي,https://maps.app.goo.gl/oNadKmXoFmk9e4Di9,Ci9DQUlRQUNvZENodHljRjlvT21KWWRIVklaVGRMYlU5aVpHZENNbE5JUWtGMU1HYxAB,rajeev lalith,https://www.google.com/maps/contrib/100796228589276366774/reviews?hl=en,5,2 months ago,,False,True,False,2026-09-25
P02,القرية الشعبية,الدمام,تراثي / ثقافي,https://maps.app.goo.gl/oNadKmXoFmk9e4Di9,Ci9DQUlRQUNvZENodHljRjlvT2sxRVUzbFJOMDAxV21ndFZ6QlJhRjkyUlc1VGRWRRAB,Greenford Training Center - Gmail,https://www.google.com/maps/contrib/102997447020264192556/reviews?hl=en,5,2 months ago,,False,True,False,2026-09-25
P02,القرية الشعبية,الدمام,تراثي / ثقافي,https://maps.app.goo.gl/oNadKmXoFmk9e4Di9,Ci9DQUlRQUNvZENodHljRjlvT2xOeGNtOVZMVWhpUjFrM09EQmZTWEp1UWtOTWIxRRAB,احمد الغامدي,https://www.google.com/maps/contrib/116700091054689746279/reviews?hl=en,1,2 months ago,"- للاسف المستوى في تدني واسعارهم غالية جدا جدا الدخولية والاكل ، حتى المسؤل اظن اسمه حمزة طلبت اشوفه عشان اعطية ملاحظاتي وللاسف اعتذر عن مقابلني بحجة انه مشغول وقلت للاخوان انا باروح له في مكتبه فرفض المقابلة .
- بالنسبة للمطعم اغلب المنيو غير موجود حتى الببسي غير متوفر لديهم  .
- عندي فاتورة دخول لاربعة اشخاص رفضوا قبولها بحجة انها غير واضحة مع ان الخم واضح ولكن قالوا لازم ادفع من جديد  .",True,True,False,2026-09-25
P02,القرية الشعبية,الدمام,تراثي / ثقافي,https://maps.app.goo.gl/oNadKmXoFmk9e4Di9,Ci9DQUlRQUNvZENodHljRjlvT21wd2VVTlFNbUpyY2t0VlJXSjFSRFZmT0ZBeExXYxAB,نسرين 78,https://www.google.com/maps/contrib/106086180548390844128/reviews?hl=en,5,2 months ago,اكل شعبي لذيذ  عجبني محل ثراث  وقاعه مناسبات  أسعارها مناسبه,True,True,False,2026-09-25
P02,القرية الشعبية,الدمام,تراثي / ثقافي,https://maps.app.goo.gl/oNadKmXoFmk9e4Di9,Ci9DQUlRQUNvZENodHljRjlvT25KYU1HbE9iVEp1TlUxVWJXUk9SRnBGVW5kTGRGRRAB,Areej Mohammad,https://www.google.com/maps/contrib/103907842550331066327/reviews?hl=en,5,2 months ago,,False,True,False,2026-09-25
P02,القرية الشعبية,الدمام,تراثي / ثقافي,https://maps.app.goo.gl/oNadKmXoFmk9e4Di9,Ci9DQUlRQUNvZENodHljRjlvT2pkUE9VdGFXRkU0WkhabE4xQlFUbDg1YUZsQ05tYxAB,othman “‫الابتسامه صدقه‬‎” Zz,https://www.google.com/maps/contrib/116821583946255990461/reviews?hl=en,5,2 months ago,جبده,True,True,False,2026-09-25
P02,القرية الشعبية,الدمام,تراثي / ثقافي,https://maps.app.goo.gl/oNadKmXoFmk9e4Di9,Ci9DQUlRQUNvZENodHljRjlvT21ock9IRlNUa05xV1dzNVFXbFFRVmhPVTI5WldXYxAB,Megahed Hassn,https://www.google.com/maps/contrib/106180349062105465021/reviews?hl=en,3,2 months ago,,False,True,False,2026-09-25
P02,القرية الشعبية,الدمام,تراثي / ثقافي,https://maps.app.goo.gl/oNadKmXoFmk9e4Di9,Ci9DQUlRQUNvZENodHljRjlvT2tGdFYwbzJlRjlNVkV4VGFuSnRPREJ2VDBoblUzYxAB,Rami Al-Safaria,https://www.google.com/maps/contrib/113391153981136649546/reviews?hl=en,5,2 months ago,,False,True,False,2026-09-25
P02,القرية الشعبية,الدمام,تراثي / ثقافي,https://maps.app.goo.gl/oNadKmXoFmk9e4Di9,Ci9DQUlRQUNvZENodHljRjlvT2sxVGFIVnpWVTlaUmtwdlEwRm1TREJQYVY5M05IYxAB,moataz abdo,https://www.google.com/maps/contrib/101238147493372983022/reviews?hl=en,5,Edited 2 months ago,جميل جدا,True,True,False,2026-09-25
P02,القرية الشعبية,الدمام,تراثي / ثقافي,https://maps.app.goo.gl/oNadKmXoFmk9e4Di9,Ci9DQUlRQUNvZENodHljRjlvT25oQ09ITlFaMFJGWXpGTVpETmhhbWwwWnpKMVpsRRAB,FAGEER 1996,https://www.google.com/maps/contrib/101423605340935139720/reviews?hl=en,5,2 months ago,,False,True,False,2026-09-25
P02,القرية الشعبية,الدمام,تراثي / ثقافي,https://maps.app.goo.gl/oNadKmXoFmk9e4Di9,Ci9DQUlRQUNvZENodHljRjlvT25OeWQweEJTek51WTB0aU1XdG5XWGMyT1Y5aFQwRRAB,Mr.Abdulrahman KSA,https://www.google.com/maps/contrib/108087410491233128109/reviews?hl=en,1,2 months ago,هذا دخلته قبل خمس سنوات او اكثر كان جيد في الاكل والاطباق المميزه ولذه الطبخ ولاكن للاسف دخلته قبل يوم الاكل سيئ ولا يستساغ والجلسات سيئه وغير مريحه ومظلمه وايضا يرفضون طلوعك الى الطابق العلوي بحجه  التكيف  لا يعمل والسماعات مزعجه جدا والاسعار مرتفعه جدا جدا اسغلال واضح اما المتحف جيد واسعاره مقبوله لحد ما,True,True,False,2026-09-25
P02,القرية الشعبية,الدمام,تراثي / ثقافي,https://maps.app.goo.gl/oNadKmXoFmk9e4Di9,Ci9DQUlRQUNvZENodHljRjlvT2pKTlVsTndOM1JZWmw4d1lsbG9WMjV3VTA4elluYxAB,dakem almuttiri,https://www.google.com/maps/contrib/114783892041089818958/reviews?hl=en,5,2 months ago,,False,True,False,2026-09-25
P02,القرية الشعبية,الدمام,تراثي / ثقافي,https://maps.app.goo.gl/oNadKmXoFmk9e4Di9,Ci9DQUlRQUNvZENodHljRjlvT2tkelFWQjBja2RZVkdkME9HVm5Uekp2WHpoVFVIYxAB,wesam 132558,https://www.google.com/maps/contrib/118081146565714149725/reviews?hl=en,5,2 months ago,ممتاز👍🌹 …,True,True,True,2026-09-25
P02,القرية الشعبية,الدمام,تراثي / ثقافي,https://maps.app.goo.gl/oNadKmXoFmk9e4Di9,Ci9DQUlRQUNvZENodHljRjlvT2tOQk9XSmxURk5EUjFSWmFsbzFUalpyYldsUGNFRRAB,Mamunur Rashid,https://www.google.com/maps/contrib/105888950117926445532/reviews?hl=en,5,2 months ago,,False,True,False,2026-09-25
P02,القرية الشعبية,الدمام,تراثي / ثقافي,https://maps.app.goo.gl/oNadKmXoFmk9e4Di9,Ci9DQUlRQUNvZENodHljRjlvT2taS1JUVXRWRVpuTm1STGRYQkxiVFZIYjNNNU0xRRAB,Hasanain Sabah,https://www.google.com/maps/contrib/108058088205160964481/reviews?hl=en,5,2 months ago,,False,True,False,2026-09-25
P02,القرية الشعبية,الدمام,تراثي / ثقافي,https://maps.app.goo.gl/oNadKmXoFmk9e4Di9,Ci9DQUlRQUNvZENodHljRjlvT205RFkyeDFjRUoxVFdaRVowYzNjSEZEY0RkZk4yYxAB,خالد الـ خييلي,https://www.google.com/maps/contrib/100577404320598223779/reviews?hl=en,5,Edited 2 months ago,الصراحة هذا معلم أنصحكم فيه تبي من اجواء وتراث وكل شي حتى حلا ام علي ماشاءالله والله وعلى ما أقوله شهيد,True,True,False,2026-09-25
P02,القرية الشعبية,الدمام,تراثي / ثقافي,https://maps.app.goo.gl/oNadKmXoFmk9e4Di9,Ci9DQUlRQUNvZENodHljRjlvT25OT09ETjFkRlZWY1d4eE0zZEhkakpvVWpKTE5YYxAB,مندوب توصيل الشرقيه,https://www.google.com/maps/contrib/110464194210956194892/reviews?hl=en,5,2 months ago,,False,True,False,2026-09-25
P02,القرية الشعبية,الدمام,تراثي / ثقافي,https://maps.app.goo.gl/oNadKmXoFmk9e4Di9,Ci9DQUlRQUNvZENodHljRjlvT2w5b1gwbGxkSGhETURaek4xTnhUMnB4Y1RaT2IyYxAB,ام ريان,https://www.google.com/maps/contrib/108675781149404312849/reviews?hl=en,5,2 months ago,,False,True,False,2026-09-25
P02,القرية الشعبية,الدمام,تراثي / ثقافي,https://maps.app.goo.gl/oNadKmXoFmk9e4Di9,Ci9DQUlRQUNvZENodHljRjlvT2xsbmQzQlBkbk41VFdGdmRqWkxTR1kyWjBwWVdrRRAB,go go,https://www.google.com/maps/contrib/109159013745785637849/reviews?hl=en,5,2 months ago,,False,True,False,2026-09-25
P02,القرية الشعبية,الدمام,تراثي / ثقافي,https://maps.app.goo.gl/oNadKmXoFmk9e4Di9,Ci9DQUlRQUNvZENodHljRjlvT2tneGVrZHRSbTFRYVUxblpTMURTMDFMZFVWamEyYxAB,Ahmed Ahmed,https://www.google.com/maps/contrib/101110413951984869642/reviews?hl=en,5,2 months ago,,False,True,False,2026-09-25
P02,القرية الشعبية,الدمام,تراثي / ثقافي,https://maps.app.goo.gl/oNadKmXoFmk9e4Di9,Ci9DQUlRQUNvZENodHljRjlvT2xCb1UyNDNabDh6Y0UwdFZqRnFhVzFvVTNOS1NVRRAB,الطيب فضل السيد,https://www.google.com/maps/contrib/118161686786474646467/reviews?hl=en,3,2 months ago,عروض مذهله,True,True,False,2026-09-25
P02,القرية الشعبية,الدمام,تراثي / ثقافي,https://maps.app.goo.gl/oNadKmXoFmk9e4Di9,Ci9DQUlRQUNvZENodHljRjlvT2toNFgwaGlWM2hOVEhadFgyaDFlR3BxVjJWbk5WRRAB,Mohd Ahmad,https://www.google.com/maps/contrib/115724645616181654151/reviews?hl=en,5,2 months ago,,False,True,False,2026-09-25
P02,القرية الشعبية,الدمام,تراثي / ثقافي,https://maps.app.goo.gl/oNadKmXoFmk9e4Di9,Ci9DQUlRQUNvZENodHljRjlvT205dFVHaFRaMk4yTVUxb05tUTNaVXRZZWpWdFdHYxAB,abdullah alabdali,https://www.google.com/maps/contrib/111541565643435252256/reviews?hl=en,5,2 months ago,جميل المكان 👍🏽,True,True,False,2026-09-25
P02,القرية الشعبية,الدمام,تراثي / ثقافي,https://maps.app.goo.gl/oNadKmXoFmk9e4Di9,Ci9DQUlRQUNvZENodHljRjlvT2w5MmMzRXRZWGR6UVZoR2JqY3hNVmxqYUdzNVVrRRAB,Hanoonah,https://www.google.com/maps/contrib/113803842694613604835/reviews?hl=en,1,2 months ago,الدخله ب ٢٠ والمفروض يخلونها للاستخدام داخل المطعم والقهوه العربيه ب 35 ! غالي السعر,True,True,False,2026-09-25
P02,القرية الشعبية,الدمام,تراثي / ثقافي,https://maps.app.goo.gl/oNadKmXoFmk9e4Di9,ChZDSUhNMG9nS0VJQ0FnSUNxZ19TQ1lBEAE,alyaseenest al-yaseen,https://www.google.com/maps/contrib/103630152895918685425/reviews?hl=en,4,Edited 2 months ago,,False,True,False,2026-09-25
P02,القرية الشعبية,الدمام,تراثي / ثقافي,https://maps.app.goo.gl/oNadKmXoFmk9e4Di9,Ci9DQUlRQUNvZENodHljRjlvT25jeWJrVXRWV2xEWWtKRVFtUkZXWGQwTURGS1RYYxAB,Hasan Alzahrani,https://www.google.com/maps/contrib/104593781294667926113/reviews?hl=en,4,2 months ago,"Must visit place.
To be called Kingdom Heritage.
The outer building or castle structure represents different areas of the kingdom. Pay attention to the four corners of the castle. Inside is more spectacular. Each wing with its ally/rooms represents a region of the Kingdom in terms of design, colors and material.

Restaurant obtained World Guinness records in terms of size. Cuisine is traditional Saudi that visitors thrive for.

Museum collects manuscripts, artifacts, automobiles and more.
Heritage souk (market) is there as well.
They do have spaces to host VIPs , large delegation and  events.
Fantastic place to gain knowledge, feel culture and enjoy a nice meal.",False,True,False,2026-09-25
P02,القرية الشعبية,الدمام,تراثي / ثقافي,https://maps.app.goo.gl/oNadKmXoFmk9e4Di9,Ci9DQUlRQUNvZENodHljRjlvT213elZVcDBlVmxTTFZwRVZGbEVlVXM0Ym5ORFFXYxAB,Donnell,https://www.google.com/maps/contrib/116461647441656450115/reviews?hl=en,5,2 months ago,really neat spot if you want to see traditional saudi culture all in one building. the collection of old coins and cameras is huge and you can spend an hour just looking at details. lighting inside the museum rooms is kind of dim though so half my photos came out blurry,False,True,False,2026-09-25
P02,القرية الشعبية,الدمام,تراثي / ثقافي,https://maps.app.goo.gl/oNadKmXoFmk9e4Di9,Ci9DQUlRQUNvZENodHljRjlvT2taZlVXbFpaRWxGVlhKZmMwaFZRVGQxU0RSc2IzYxAB,ابوخالد الغ,https://www.google.com/maps/contrib/106781880629026526819/reviews?hl=en,5,2 months ago,,False,True,False,2026-09-25
P02,القرية الشعبية,الدمام,تراثي / ثقافي,https://maps.app.goo.gl/oNadKmXoFmk9e4Di9,Ci9DQUlRQUNvZENodHljRjlvT2pKdGVpMUpSbU01VmpCNVVrTnNYMWhuVTAxM09HYxAB,عثمان محمد,https://www.google.com/maps/contrib/114940163706051089756/reviews?hl=en,5,2 months ago,"مطعم القرية يعتبر من اكبر المطاعم المغلقه
نظافة + ترتيب + يوجود رسوم 20 لشخص البالغ والأطفال الاقل من 10 سنوات مجان

ويوجد مجالس و غرفة جميع المقاسات
والاكل طيب والاسعار شبه مرتفعه تجربه جيده",True,True,False,2026-09-25
P02,القرية الشعبية,الدمام,تراثي / ثقافي,https://maps.app.goo.gl/oNadKmXoFmk9e4Di9,Ci9DQUlRQUNvZENodHljRjlvT21SMGFrZHBhRkp1WVZsZlIzQm5jM1pUZEdkRGFWRRAB,بدر ابراهيم,https://www.google.com/maps/contrib/113357358672367174032/reviews?hl=en,5,2 months ago,,False,True,False,2026-09-25
P02,القرية الشعبية,الدمام,تراثي / ثقافي,https://maps.app.goo.gl/oNadKmXoFmk9e4Di9,Ci9DQUlRQUNvZENodHljRjlvT21oNlVrVjJSR0o0TVUwMWRDMTBWbGhCZVZKV1pYYxAB,Abu Ahmmed,https://www.google.com/maps/contrib/107365862451350721980/reviews?hl=en,5,2 months ago,,False,True,False,2026-09-25
P02,القرية الشعبية,الدمام,تراثي / ثقافي,https://maps.app.goo.gl/oNadKmXoFmk9e4Di9,Ci9DQUlRQUNvZENodHljRjlvT2xVMWJrUm5TakY0Ym10Sk5HSjBiRTFQUTBoU1IzYxAB,Karen Koppenaal,https://www.google.com/maps/contrib/103109966942891372670/reviews?hl=en,5,2 months ago,I was fortunate to be invited to the Heritage Village and it’s a wonderful experience and something not to be missed.  The cultural tour taught me much about Saudi culture and the food and company was very good. Maboob served us so well and I would definitely recommend that you visit the Heritage Village.,False,True,False,2026-09-25
P02,القرية الشعبية,الدمام,تراثي / ثقافي,https://maps.app.goo.gl/oNadKmXoFmk9e4Di9,Ci9DQUlRQUNvZENodHljRjlvT2t4MGFtazNTRU5ZUzFkeWNFWkZaSGhYYkZKTVVrRRAB,نبيل الماخذي,https://www.google.com/maps/contrib/117480576345098391490/reviews?hl=en,2,2 months ago,,False,True,False,2026-09-25
P02,القرية الشعبية,الدمام,تراثي / ثقافي,https://maps.app.goo.gl/oNadKmXoFmk9e4Di9,Ci9DQUlRQUNvZENodHljRjlvT2xOZllWQnVPRjl2WHpFeGRIcGlSVGxrUzJSTlJFRRAB,سمير الحُريري,https://www.google.com/maps/contrib/106207852254772333141/reviews?hl=en,5,2 months ago,,False,True,False,2026-09-25
P02,القرية الشعبية,الدمام,تراثي / ثقافي,https://maps.app.goo.gl/oNadKmXoFmk9e4Di9,Ci9DQUlRQUNvZENodHljRjlvT2xweFExVXlabTl3ZFVRNWVGUnVhRXRXYzNRMVYyYxAB,عبدالرحمن بو مروان,https://www.google.com/maps/contrib/110357244918853122518/reviews?hl=en,5,2 months ago,,False,True,False,2026-09-25
P02,القرية الشعبية,الدمام,تراثي / ثقافي,https://maps.app.goo.gl/oNadKmXoFmk9e4Di9,Ci9DQUlRQUNvZENodHljRjlvT210MmVVWkZaaTAyUm5kZmRXeHNNVEJRTjBkQlVIYxAB,ابراهيم القحطاني,https://www.google.com/maps/contrib/108616931239244463874/reviews?hl=en,5,2 months ago,,False,True,False,2026-09-25
P02,القرية الشعبية,الدمام,تراثي / ثقافي,https://maps.app.goo.gl/oNadKmXoFmk9e4Di9,Ci9DQUlRQUNvZENodHljRjlvT25ONlVEZDBSelJGZEhGSGMxOTBOa0phVmtKV1UwRRAB,Abdullah Ibrahim,https://www.google.com/maps/contrib/108027636084002286831/reviews?hl=en,5,2 months ago,قاعه الزواجات ممتازه ولاكن عيبها المواقف خاصه في ايام الاجازات,True,True,False,2026-09-25
P02,القرية الشعبية,الدمام,تراثي / ثقافي,https://maps.app.goo.gl/oNadKmXoFmk9e4Di9,Ci9DQUlRQUNvZENodHljRjlvT2sxQlVrdEtTekpuTlhSb1dHZHRSVWRSYm1KYVgwRRAB,IBM,https://www.google.com/maps/contrib/107730159463004195301/reviews?hl=en,5,2 months ago,,False,True,False,2026-09-25
P02,القرية الشعبية,الدمام,تراثي / ثقافي,https://maps.app.goo.gl/oNadKmXoFmk9e4Di9,Ci9DQUlRQUNvZENodHljRjlvT2xCclEwNWpZMWhuUVc1bFZWcEtaa05KU0dkdGNWRRAB,محمود ربيع,https://www.google.com/maps/contrib/114265496269675794634/reviews?hl=en,5,2 months ago,,False,True,False,2026-09-25
P02,القرية الشعبية,الدمام,تراثي / ثقافي,https://maps.app.goo.gl/oNadKmXoFmk9e4Di9,Ci9DQUlRQUNvZENodHljRjlvT2paemVHTmxVVkZqZUZSaFQyZG5ObTh3UlhwdlpVRRAB,mahmoud Abdelbaki,https://www.google.com/maps/contrib/101519494724801280600/reviews?hl=en,5,2 months ago,,False,True,False,2026-09-25
P02,القرية الشعبية,الدمام,تراثي / ثقافي,https://maps.app.goo.gl/oNadKmXoFmk9e4Di9,ChZDSUhNMG9nS0VJQ0FnSURQN1ktUU1REAE,د. عدلي الغزالي,https://www.google.com/maps/contrib/116651895844985015878/reviews?hl=en,5,Edited 2 months ago,مكان جمبل,True,True,False,2026-09-25
P02,القرية الشعبية,الدمام,تراثي / ثقافي,https://maps.app.goo.gl/oNadKmXoFmk9e4Di9,Ci9DQUlRQUNvZENodHljRjlvT21zM2FsOVRjMnBsVFZneE9XcDBabmgyZFRJMVFYYxAB,احمد فهد الشغدري,https://www.google.com/maps/contrib/101021102924964609006/reviews?hl=en,5,2 months ago,,False,True,False,2026-09-25
P02,القرية الشعبية,الدمام,تراثي / ثقافي,https://maps.app.goo.gl/oNadKmXoFmk9e4Di9,Ci9DQUlRQUNvZENodHljRjlvT2tkMk5GaDNTVTV1YzFocFkydEVOWFJFZW5wa1VVRRAB,Aum Sultan,https://www.google.com/maps/contrib/105527276541868997176/reviews?hl=en,4,2 months ago,المكان جميل وهادئ سعر الماء مبالغ فيه جدا,True,True,False,2026-09-25
P02,القرية الشعبية,الدمام,تراثي / ثقافي,https://maps.app.goo.gl/oNadKmXoFmk9e4Di9,Ci9DQUlRQUNvZENodHljRjlvT2xCR1ZHNDVaSFI2YkRGRVFuUlphQzFNTjNkVWNuYxAB,A 8,https://www.google.com/maps/contrib/100850172279501597021/reviews?hl=en,4,2 months ago,,False,True,False,2026-09-25
P02,القرية الشعبية,الدمام,تراثي / ثقافي,https://maps.app.goo.gl/oNadKmXoFmk9e4Di9,Ci9DQUlRQUNvZENodHljRjlvT21sd09VZE9lbkJ1VkRSV1FVVjNUelpUV0dGR2RYYxAB,Mohamed Mohamed,https://www.google.com/maps/contrib/101619672197300674003/reviews?hl=en,5,2 months ago,,False,True,False,2026-09-25
P02,القرية الشعبية,الدمام,تراثي / ثقافي,https://maps.app.goo.gl/oNadKmXoFmk9e4Di9,Ci9DQUlRQUNvZENodHljRjlvT21sVk4wVTVRWGR2VXpKWGVUaHdOM0J0Ym0wM0xYYxAB,Salah Al-Hejjei,https://www.google.com/maps/contrib/103131775314030926916/reviews?hl=en,4,2 months ago,مطعم ومكان  تراثي جميل يعود بك الزمن الى سنوات ماقبل النفط,True,True,False,2026-09-25
P02,القرية الشعبية,الدمام,تراثي / ثقافي,https://maps.app.goo.gl/oNadKmXoFmk9e4Di9,Ci9DQUlRQUNvZENodHljRjlvT2w5MlkzZHplVGgyT1hCM2NGQkpkRTFzWlhZd1IyYxAB,anas alraien,https://www.google.com/maps/contrib/106101567474198802667/reviews?hl=en,5,2 months ago,,False,True,False,2026-09-25
P02,القرية الشعبية,الدمام,تراثي / ثقافي,https://maps.app.goo.gl/oNadKmXoFmk9e4Di9,Ci9DQUlRQUNvZENodHljRjlvT2pOR2FuUjNhRm81ZGtKSU16SjBhVXRNVEZOaFEwRRAB,Saad Al-Shammari,https://www.google.com/maps/contrib/115030559057158597949/reviews?hl=en,4,2 months ago,الاجواء جميله داله المتحف والاكل جيد جدا,True,True,False,2026-09-25
P02,القرية الشعبية,الدمام,تراثي / ثقافي,https://maps.app.goo.gl/oNadKmXoFmk9e4Di9,Ci9DQUlRQUNvZENodHljRjlvT25oblNXbGxlRlF6Umw5aU5WZFFhbkl4UlZKVFltYxAB,SAAD ALOTAIBI,https://www.google.com/maps/contrib/106940123081169328085/reviews?hl=en,5,2 months ago,,False,True,False,2026-09-25
P02,القرية الشعبية,الدمام,تراثي / ثقافي,https://maps.app.goo.gl/oNadKmXoFmk9e4Di9,Ci9DQUlRQUNvZENodHljRjlvT25SU2JEUTRUMUF6VTNFMVNXVkhjVE5HVWpjd1ZYYxAB,الحسين اليامي,https://www.google.com/maps/contrib/106300584000258743328/reviews?hl=en,5,2 months ago,,False,True,False,2026-09-25
P02,القرية الشعبية,الدمام,تراثي / ثقافي,https://maps.app.goo.gl/oNadKmXoFmk9e4Di9,Ci9DQUlRQUNvZENodHljRjlvT2preFFVVmtiVTlrZUVOeWRUQkpOelIxYkVaZk1uYxAB,م المري,https://www.google.com/maps/contrib/103808492276634999311/reviews?hl=en,1,2 months ago,"للاسف اني بترك تعليق عكس المتوقع

المكان سيء من ناحية الخدمة

والاسعار

ولا انسى سعر الدخول !

ولا يسعني الا ان اشكر عبدالرحمن الشمري على حسن الاستقبال عند البوابه !",True,True,False,2026-09-25
P02,القرية الشعبية,الدمام,تراثي / ثقافي,https://maps.app.goo.gl/oNadKmXoFmk9e4Di9,Ci9DQUlRQUNvZENodHljRjlvT201UllUaG5TM1pmT1VoVkxWRlJSMWxaZVZZM1ZtYxAB,M-aziz86,https://www.google.com/maps/contrib/106402863682590385702/reviews?hl=en,5,2 months ago,,False,True,False,2026-09-25
P02,القرية الشعبية,الدمام,تراثي / ثقافي,https://maps.app.goo.gl/oNadKmXoFmk9e4Di9,Ci9DQUlRQUNvZENodHljRjlvT2tSVWFraElkRGxoUTFKNmRWWkZNV1E0TjFGUVRWRRAB,Reck Andao,https://www.google.com/maps/contrib/108839485181157798112/reviews?hl=en,5,2 months ago,Good place,False,True,False,2026-09-25
P02,القرية الشعبية,الدمام,تراثي / ثقافي,https://maps.app.goo.gl/oNadKmXoFmk9e4Di9,Ci9DQUlRQUNvZENodHljRjlvT2psSGNGTXliMGgwWkY5U2NtbDJYMDVaUVRjMGQzYxAB,mobarak mohmmed,https://www.google.com/maps/contrib/113366477340964136513/reviews?hl=en,5,2 months ago,,False,True,False,2026-09-25
P02,القرية الشعبية,الدمام,تراثي / ثقافي,https://maps.app.goo.gl/oNadKmXoFmk9e4Di9,Ci9DQUlRQUNvZENodHljRjlvT25ZNVpHVTRXR3BDUmt4VlNVeFZaa0ZWV0d4VWEyYxAB,وليد الشمري,https://www.google.com/maps/contrib/112255005273075542298/reviews?hl=en,5,2 months ago,القرية الشعبيه هو بالأساس مطعم رز وبالدور الثاني مسوي متحف يضم سيارات كلاسيكيه ونوادر مثل عملات و اسلحه قديمه واكثر من شي بتستمتع في زيارتك ل المكان اول مره دخول بعشرين ريال ل الشخص الواحد والمره الثانيه احتفظ في الفاتوره وتدخل مجاني يستحق التجربه,True,True,False,2026-09-25
P02,القرية الشعبية,الدمام,تراثي / ثقافي,https://maps.app.goo.gl/oNadKmXoFmk9e4Di9,Ci9DQUlRQUNvZENodHljRjlvT2kxalJGVmZaMUp3V2psM2VuVTRVRnBhVVhodU5YYxAB,خموس البطل,https://www.google.com/maps/contrib/104901601405526567193/reviews?hl=en,5,2 months ago,,False,True,False,2026-09-25
P02,القرية الشعبية,الدمام,تراثي / ثقافي,https://maps.app.goo.gl/oNadKmXoFmk9e4Di9,Ci9DQUlRQUNvZENodHljRjlvT21WVWFUVkpZVEJ2UkRGTE9GbExlVFpCVjNwTk9FRRAB,Danah Alhasan,https://www.google.com/maps/contrib/112354262683988104253/reviews?hl=en,5,2 months ago,,False,True,False,2026-09-25
P02,القرية الشعبية,الدمام,تراثي / ثقافي,https://maps.app.goo.gl/oNadKmXoFmk9e4Di9,Ci9DQUlRQUNvZENodHljRjlvT20xU2FUaGhaa2N4VDFvNWJWcHNWM05OVFd0eWJsRRAB,Aysha Shahid (AshuAli),https://www.google.com/maps/contrib/115402386306320195301/reviews?hl=en,5,2 months ago,,False,True,False,2026-09-25
P02,القرية الشعبية,الدمام,تراثي / ثقافي,https://maps.app.goo.gl/oNadKmXoFmk9e4Di9,Ci9DQUlRQUNvZENodHljRjlvT2s1MVRUaDZZbmMwZG1KbVUxQTVhblo1WkROVmRrRRAB,Lovely Reemaa,https://www.google.com/maps/contrib/116080760634208366517/reviews?hl=en,5,2 months ago,الاكل كثير طيب.. بس ازعاج مع قاعه الزواج لما يكون الباب مفتوح,True,True,False,2026-09-25
P02,القرية الشعبية,الدمام,تراثي / ثقافي,https://maps.app.goo.gl/oNadKmXoFmk9e4Di9,Ci9DQUlRQUNvZENodHljRjlvT2w5dWMwbDFTRkpFY0c1RVpUZGhNbUpYY1dSMGMwRRAB,Ahmed Almarri,https://www.google.com/maps/contrib/116427345092335600709/reviews?hl=en,3,2 months ago,,False,True,False,2026-09-25
P02,القرية الشعبية,الدمام,تراثي / ثقافي,https://maps.app.goo.gl/oNadKmXoFmk9e4Di9,Ci9DQUlRQUNvZENodHljRjlvT21sQ2VucDRaV2xCZFU1RU0xcGFWVFY1YlUxc01uYxAB,Wela G,https://www.google.com/maps/contrib/113993214343020725805/reviews?hl=en,5,2 months ago,,False,True,False,2026-09-25
P02,القرية الشعبية,الدمام,تراثي / ثقافي,https://maps.app.goo.gl/oNadKmXoFmk9e4Di9,Ci9DQUlRQUNvZENodHljRjlvT21GWVVtOHRWa0pwY1dJeE5YUjBiM3BJWVdacVoxRRAB,Maryam Alruhaish,https://www.google.com/maps/contrib/100170889976539151320/reviews?hl=en,5,2 months ago,,False,True,False,2026-09-25
P02,القرية الشعبية,الدمام,تراثي / ثقافي,https://maps.app.goo.gl/oNadKmXoFmk9e4Di9,Ci9DQUlRQUNvZENodHljRjlvT2pKeFEwdGlaa05HTVc1RFpHaDBjVUY2ZVVOdVowRRAB,Saleek Ahammed,https://www.google.com/maps/contrib/103739962502049275988/reviews?hl=en,5,2 months ago,,False,True,False,2026-09-25
P02,القرية الشعبية,الدمام,تراثي / ثقافي,https://maps.app.goo.gl/oNadKmXoFmk9e4Di9,Ci9DQUlRQUNvZENodHljRjlvT2pob2FuWTJaRWRaVGtwbE1tMUxVV2RaZUcxYVVYYxAB,Joseph Stanly,https://www.google.com/maps/contrib/117272191123323365991/reviews?hl=en,5,2 months ago,The experience was awesome.,False,True,False,2026-09-25
P02,القرية الشعبية,الدمام,تراثي / ثقافي,https://maps.app.goo.gl/oNadKmXoFmk9e4Di9,Ci9DQUlRQUNvZENodHljRjlvT2paQlRYWm5WbFpJZUVkeVNEQTVSV0pMTXkxRlJrRRAB,Angelica Paula Flores,https://www.google.com/maps/contrib/112371705592906575623/reviews?hl=en,4,2 months ago,Its a nice place to visit. A great place to visit if you love history. It’s so nostalgic to see the things we used growing up—many of them are now displayed in the museum. Walking through it feels like taking a trip down memory lane.,False,True,False,2026-09-25
P02,القرية الشعبية,الدمام,تراثي / ثقافي,https://maps.app.goo.gl/oNadKmXoFmk9e4Di9,ChdDSUhNMG9nS0VJQ0FnSUMzNEtDMzh3RRAB,B M,https://www.google.com/maps/contrib/114199694053004319015/reviews?hl=en,1,Edited 2 months ago,"كل التحيات الطيبة لإدارة القرية الشعبية بالدمام، مطعم سعودي عريق وذو طابع أصلي بالشكل والجوهر، الاكل لا يُعلى عليه.
عندنا ملاحظة وأتمنى تؤخذ بعين الإعتبار، انا وعائلتي ""أكثر من مره"" زرنا القرية الشعبية وزرنا المتحف، السؤال ليه كل مره ازور المطعم (((لتناول الطعام))) ادفع تذكرة زيارة المتحف؟ وعن كل فرد ٢٥ ريال؟؟ اذا انا وافراد عائلتي سبق وزرنا المتحف وجايين نستمتع بأكلاتكم الشعبية وندفع حسابنا كامل..
اكتبوا للي جاي (((ياكل فقط))) ممنوع زيارة المتحف على فاتورته، واللي يبي يزور المتحف يدفع زيادة ويقف موظف من موظفيكم اللي في الاستقبال عند باب المتحف للتأكد ان فاتورة الشخص شاملة زيارة المتحف! وجزاكم الله خير على تعاونكم.",True,True,False,2026-09-25
P02,القرية الشعبية,الدمام,تراثي / ثقافي,https://maps.app.goo.gl/oNadKmXoFmk9e4Di9,Ci9DQUlRQUNvZENodHljRjlvT21sc1dXZExZekpwYjFoc1JtbFBNa2RPVGxsSE5sRRAB,Little Angel,https://www.google.com/maps/contrib/100263756658991425012/reviews?hl=en,5,2 months ago,عشق سليقهم وشوربة الجريش باللحم انصحكم فيه وبصراحه اكله كله حلو,True,True,False,2026-09-25
P02,القرية الشعبية,الدمام,تراثي / ثقافي,https://maps.app.goo.gl/oNadKmXoFmk9e4Di9,Ci9DQUlRQUNvZENodHljRjlvT2taYVpIaEdTbkZtTFU5MFNGY3RSRVYxTTBwU09WRRAB,مؤسسة الكرم والانجاز للتجارة,https://www.google.com/maps/contrib/113146615071246761871/reviews?hl=en,5,2 months ago,ممتازه,True,True,False,2026-09-25
P02,القرية الشعبية,الدمام,تراثي / ثقافي,https://maps.app.goo.gl/oNadKmXoFmk9e4Di9,Ci9DQUlRQUNvZENodHljRjlvT2xOcWVIVkpaMDUwY0c5VWNuaHJSVTVIVmxVM1pFRRAB,Rolly Reyes,https://www.google.com/maps/contrib/103022201208632084665/reviews?hl=en,5,2 months ago,Mr Mahaboob and his staff are excellent. Five start service. Courteous and warm. Food is also great. We are well satisfied. Thank you very much.,False,True,False,2026-09-25
P02,القرية الشعبية,الدمام,تراثي / ثقافي,https://maps.app.goo.gl/oNadKmXoFmk9e4Di9,Ci9DQUlRQUNvZENodHljRjlvT213d05FZDNjbWN5TmpoMWRXNXNaWHBpWWtSNU9HYxAB,Alaa Hassan,https://www.google.com/maps/contrib/110300810846580331291/reviews?hl=en,4,2 months ago,,False,True,False,2026-09-25
P02,القرية الشعبية,الدمام,تراثي / ثقافي,https://maps.app.goo.gl/oNadKmXoFmk9e4Di9,Ci9DQUlRQUNvZENodHljRjlvT2xkaFNUSnNTMnBGUzNKNWFGcDVMVWh5V0VkdE9FRRAB,Sami Taweel,https://www.google.com/maps/contrib/117831187531529571663/reviews?hl=en,4,2 months ago,,False,True,False,2026-09-25
P02,القرية الشعبية,الدمام,تراثي / ثقافي,https://maps.app.goo.gl/oNadKmXoFmk9e4Di9,Ci9DQUlRQUNvZENodHljRjlvT2t4clEwTm1XbmhIV1RRd1J6Um9TbEpSVEV4c1MyYxAB,Abdullah Alshammari,https://www.google.com/maps/contrib/101944388990058246672/reviews?hl=en,5,2 months ago,,False,True,False,2026-09-25
P02,القرية الشعبية,الدمام,تراثي / ثقافي,https://maps.app.goo.gl/oNadKmXoFmk9e4Di9,Ci9DQUlRQUNvZENodHljRjlvT2t4U1NrWTFTSGx3UkRaWmVFVmlaa2RmTjJFMVpXYxAB,Lateefa Alnoami,https://www.google.com/maps/contrib/102089440560179183595/reviews?hl=en,5,2 months ago,,False,True,False,2026-09-25
P02,القرية الشعبية,الدمام,تراثي / ثقافي,https://maps.app.goo.gl/oNadKmXoFmk9e4Di9,Ci9DQUlRQUNvZENodHljRjlvT205QlNTMTBNMFpCVFZwR1pXOTNNV2hFTnpsNFpGRRAB,Rashid Saleem,https://www.google.com/maps/contrib/110777588910850823275/reviews?hl=en,5,2 months ago,,False,True,False,2026-09-25
P02,القرية الشعبية,الدمام,تراثي / ثقافي,https://maps.app.goo.gl/oNadKmXoFmk9e4Di9,Ci9DQUlRQUNvZENodHljRjlvT2tORFdYbzFRV2RvTm1JdFJtb3RkMjlLTjBWU1prRRAB,FAHAD ALSULAIH,https://www.google.com/maps/contrib/110199369092799233149/reviews?hl=en,5,2 months ago,,False,True,False,2026-09-25
P02,القرية الشعبية,الدمام,تراثي / ثقافي,https://maps.app.goo.gl/oNadKmXoFmk9e4Di9,Ci9DQUlRQUNvZENodHljRjlvT2t4eE0yVjVXa3QyTm5JNWNuaGZNbXhWUm5rNVpsRRAB,mohammed bosaleh,https://www.google.com/maps/contrib/104633316753165626952/reviews?hl=en,5,2 months ago,,False,True,False,2026-09-25
P02,القرية الشعبية,الدمام,تراثي / ثقافي,https://maps.app.goo.gl/oNadKmXoFmk9e4Di9,Ci9DQUlRQUNvZENodHljRjlvT25sU1VqbFRRblp0YjNoRlgyNWZlWEJ4UTFoUWFXYxAB,Abu Hoor,https://www.google.com/maps/contrib/110643680644784668106/reviews?hl=en,5,2 months ago,,False,True,False,2026-09-25
P02,القرية الشعبية,الدمام,تراثي / ثقافي,https://maps.app.goo.gl/oNadKmXoFmk9e4Di9,ChZDSUhNMG9nS0VJQ0FnSURINmR2ek1REAE,Sami Ghorib,https://www.google.com/maps/contrib/101700941080814813753/reviews?hl=en,4,Edited 2 months ago,جيد,True,True,False,2026-09-25
P02,القرية الشعبية,الدمام,تراثي / ثقافي,https://maps.app.goo.gl/oNadKmXoFmk9e4Di9,Ci9DQUlRQUNvZENodHljRjlvT21jME1rSnRkVjlPTUhOS2JYcFVjMHh5V1ZscE5rRRAB,محمد صلى الله عليه وسلم على طريقه وخطواته,https://www.google.com/maps/contrib/109904192584159702062/reviews?hl=en,4,2 months ago,,False,True,False,2026-09-25
P02,القرية الشعبية,الدمام,تراثي / ثقافي,https://maps.app.goo.gl/oNadKmXoFmk9e4Di9,Ci9DQUlRQUNvZENodHljRjlvT2xwbk4waFdaSGxyVjFGYVVGRndjMU5xYlVKcVlWRRAB,Abe H,https://www.google.com/maps/contrib/112538611844369358795/reviews?hl=en,5,2 months ago,"متحف جميل، مكان جدا راقي ومميز، يحتاج اكثر من زيارة.
مشكورة جهود القائمين على هذا الصرح الرائع والعاملين وخاصة السيدة المحترمة في الاستقبال.",True,True,False,2026-09-25
P02,القرية الشعبية,الدمام,تراثي / ثقافي,https://maps.app.goo.gl/oNadKmXoFmk9e4Di9,Ci9DQUlRQUNvZENodHljRjlvT25oZmNFTXRkeTFVWm5VeFZHTjNkbDl5ZERsM1RWRRAB,s h,https://www.google.com/maps/contrib/114066995764008062231/reviews?hl=en,1,2 months ago,,False,True,False,2026-09-25
P02,القرية الشعبية,الدمام,تراثي / ثقافي,https://maps.app.goo.gl/oNadKmXoFmk9e4Di9,Ci9DQUlRQUNvZENodHljRjlvT2tsMmJGUkZYM0p1YkRkaGVGWTJjWFJNWnpsa2NtYxAB,nabeel mohammed,https://www.google.com/maps/contrib/111707127216478119676/reviews?hl=en,5,2 months ago,,False,True,False,2026-09-25
P02,القرية الشعبية,الدمام,تراثي / ثقافي,https://maps.app.goo.gl/oNadKmXoFmk9e4Di9,Ci9DQUlRQUNvZENodHljRjlvT2pVMU5sTkZZWFEwU25KQlRuVTJZVzU0VEU5NU9YYxAB,Talal M,https://www.google.com/maps/contrib/111610369566143945089/reviews?hl=en,5,2 months ago,,False,True,False,2026-09-25
P02,القرية الشعبية,الدمام,تراثي / ثقافي,https://maps.app.goo.gl/oNadKmXoFmk9e4Di9,Ci9DQUlRQUNvZENodHljRjlvT214cmJqaHVUa3h5ZEY4NVJWcHplRU5OU2tnelNWRRAB,Safinaz Shariff,https://www.google.com/maps/contrib/118177183613891847775/reviews?hl=en,5,2 months ago,Loved the museum and the restaurant 😍 …,False,True,True,2026-09-25
P02,القرية الشعبية,الدمام,تراثي / ثقافي,https://maps.app.goo.gl/oNadKmXoFmk9e4Di9,Ci9DQUlRQUNvZENodHljRjlvT2s1Nk5tSlhNMUJOVTNKVlVGWlVabXh0TlVWa1lrRRAB,Talha Shaikh,https://www.google.com/maps/contrib/106281058685896888519/reviews?hl=en,4,2 months ago,,False,True,False,2026-09-25
P02,القرية الشعبية,الدمام,تراثي / ثقافي,https://maps.app.goo.gl/oNadKmXoFmk9e4Di9,Ci9DQUlRQUNvZENodHljRjlvT2tjeVZsOXlPRXQwTlZBMVZtZEtkMXBGWkRGallWRRAB,Mojahid Ahmed,https://www.google.com/maps/contrib/111842348934225920662/reviews?hl=en,5,2 months ago,Nice place.,False,True,False,2026-09-25
P02,القرية الشعبية,الدمام,تراثي / ثقافي,https://maps.app.goo.gl/oNadKmXoFmk9e4Di9,Ci9DQUlRQUNvZENodHljRjlvT2xKeVlrVlhRMFI2YTNKcGVXNVZNMmRQVEZGUlpVRRAB,أيمن عبد الله,https://www.google.com/maps/contrib/105325536405696785058/reviews?hl=en,5,2 months ago,"زرتها مرتين جميلة
والمطعم اطباقه شهية",True,True,False,2026-09-25
P02,القرية الشعبية,الدمام,تراثي / ثقافي,https://maps.app.goo.gl/oNadKmXoFmk9e4Di9,ChZDSUhNMG9nS0VJQ0FnSUNROGIzM0JnEAE,عادل عبدالعزيز,https://www.google.com/maps/contrib/118036754291105532540/reviews?hl=en,4,Edited 2 months ago,Very nice . جهد جبار,True,True,False,2026-09-25
P02,القرية الشعبية,الدمام,تراثي / ثقافي,https://maps.app.goo.gl/oNadKmXoFmk9e4Di9,Ci9DQUlRQUNvZENodHljRjlvT2t0MlMyOXpXbDlpVTNWNk1pMDVVM2t5VnpSMWNIYxAB,Ahmedabdelatty Eprest405,https://www.google.com/maps/contrib/113634630589309759207/reviews?hl=en,5,3 months ago,,False,True,False,2026-09-25
P02,القرية الشعبية,الدمام,تراثي / ثقافي,https://maps.app.goo.gl/oNadKmXoFmk9e4Di9,ChdDSUhNMG9nS0VJQ0FnSUNfbnFpRTFnRRAB,Kaleem Pasha,https://www.google.com/maps/contrib/116935875854069891398/reviews?hl=en,5,Edited 3 months ago,,False,True,False,2026-09-25
P02,القرية الشعبية,الدمام,تراثي / ثقافي,https://maps.app.goo.gl/oNadKmXoFmk9e4Di9,Ci9DQUlRQUNvZENodHljRjlvT25GeU1tcHpPRFowU0hKclpYQjVNM1JoZUVWRWRVRRAB,Fadi “Ķöñăņ” sæmî,https://www.google.com/maps/contrib/112284439686958670462/reviews?hl=en,4,3 months ago,كان مغلق,True,True,False,2026-09-25
P02,القرية الشعبية,الدمام,تراثي / ثقافي,https://maps.app.goo.gl/oNadKmXoFmk9e4Di9,Ci9DQUlRQUNvZENodHljRjlvT25sWVNGSnJVWEUxU2xwWlVVbEZNRkJqUjJ4ZlEzYxAB,Osama Alvi,https://www.google.com/maps/contrib/115508083823011964977/reviews?hl=en,5,3 months ago,,False,True,False,2026-09-25
P02,القرية الشعبية,الدمام,تراثي / ثقافي,https://maps.app.goo.gl/oNadKmXoFmk9e4Di9,Ci9DQUlRQUNvZENodHljRjlvT21OU1RYaFBVa1pRZVZwRFUydHFNblIzVlVZeWIwRRAB,غزاله,https://www.google.com/maps/contrib/101499801402800916096/reviews?hl=en,5,3 months ago,مكان نفتخر فيه تراثي واكلهم اكل زمان,True,True,False,2026-09-25
P02,القرية الشعبية,الدمام,تراثي / ثقافي,https://maps.app.goo.gl/oNadKmXoFmk9e4Di9,Ci9DQUlRQUNvZENodHljRjlvT2trNGVHOVVOUzB4TFZBdGEzSllUV1JPVjJ0a01XYxAB,Alatooe,https://www.google.com/maps/contrib/118119575801300543219/reviews?hl=en,5,3 months ago,,False,True,False,2026-09-25
P02,القرية الشعبية,الدمام,تراثي / ثقافي,https://maps.app.goo.gl/oNadKmXoFmk9e4Di9,Ci9DQUlRQUNvZENodHljRjlvT2pWNFZsSkVMVEEyU0ZkT1pETm5NbWQwVWxGcFNsRRAB,ابو محمد القفيلي,https://www.google.com/maps/contrib/113182005947701191907/reviews?hl=en,5,3 months ago,,False,True,False,2026-09-25
P02,القرية الشعبية,الدمام,تراثي / ثقافي,https://maps.app.goo.gl/oNadKmXoFmk9e4Di9,Ci9DQUlRQUNvZENodHljRjlvT2tNNGJFNHhNM1I2YTFsdE9VMHpha05TZVRaVWRYYxAB,Bo Mohammad,https://www.google.com/maps/contrib/101879674999518877500/reviews?hl=en,5,3 months ago,,False,True,False,2026-09-25
P02,القرية الشعبية,الدمام,تراثي / ثقافي,https://maps.app.goo.gl/oNadKmXoFmk9e4Di9,Ci9DQUlRQUNvZENodHljRjlvT2xFMlozcENWMmd6Y0VOTE9UbGtTamxOY0V4b1RYYxAB,عصمت خالد السامعي,https://www.google.com/maps/contrib/109414117265804777334/reviews?hl=en,5,3 months ago,,False,True,False,2026-09-25
P02,القرية الشعبية,الدمام,تراثي / ثقافي,https://maps.app.goo.gl/oNadKmXoFmk9e4Di9,Ci9DQUlRQUNvZENodHljRjlvT2pOdlRsQmhZVTlmYm5KSVR6SmFPVXN4TFRGSExYYxAB,سلطان الزهراني,https://www.google.com/maps/contrib/107441768178179011658/reviews?hl=en,5,3 months ago,مناسب للعزايم الرسميه جدا وكذلك بعض الجمعات للاصدقا اكلهم حلو,True,True,False,2026-09-25
P02,القرية الشعبية,الدمام,تراثي / ثقافي,https://maps.app.goo.gl/oNadKmXoFmk9e4Di9,Ci9DQUlRQUNvZENodHljRjlvT213d2NqTlZNbFp6WjBWRWEySXRiaTF3YlU5ZlpWRRAB,HAMED Ali,https://www.google.com/maps/contrib/115956376716249103339/reviews?hl=en,4,3 months ago,"المكان جميل وتعامل راقي بداية من موظفات الاستقبال والمشرف محمود الهندي
يوجد فيه الكثير من الاشياء التراثية القديمة زادت من المكان جمال
والاكل لذيذ وجلسات نظيفة انصح بزيارته",True,True,False,2026-09-25
P02,القرية الشعبية,الدمام,تراثي / ثقافي,https://maps.app.goo.gl/oNadKmXoFmk9e4Di9,Ci9DQUlRQUNvZENodHljRjlvT20xc2JuaEdhREZpTTJWNU4xOVhabFZxYW1oVGIxRRAB,ahmed abd elrhman,https://www.google.com/maps/contrib/101923645700457482673/reviews?hl=en,5,3 months ago,مكان رائع و جميل و منظم,True,True,False,2026-09-25
P02,القرية الشعبية,الدمام,تراثي / ثقافي,https://maps.app.goo.gl/oNadKmXoFmk9e4Di9,Ci9DQUlRQUNvZENodHljRjlvT2xRdGNteEtWalozVW5veWJVNUhWM00yVFZCQ1ZFRRAB,مقييم الاماكن مثل للمطاعم والفنادق والاسواق والورش,https://www.google.com/maps/contrib/110533312373404501051/reviews?hl=en,2,3 months ago,"المكان جميل
لكن فيه رسوم دخول 20 ريال للشخص

الخدمه سيئه

والاكل كذلك الله يكرم النعمه
جاي بارد ولا فيه اي طعم
حاجز طاوله وللاسف رحت اصلي جيت حصلتها ماخوذه
كلمت المدير للاسف ضعيف ولم يستطع عمل شي
يقول عبدالقوي هو المسول
انت مدير نافي يدك قرار
العمال اجتهدو وهي غلطتهم لاني قلت هذي طاولتي
لكن عبدالقوي هو اللي جاء وغيرها ويكذب يقول الزبون حركها
يوم حشرته قال هذولا شركه !!!",True,True,False,2026-09-25
P02,القرية الشعبية,الدمام,تراثي / ثقافي,https://maps.app.goo.gl/oNadKmXoFmk9e4Di9,Ci9DQUlRQUNvZENodHljRjlvT2xSNGMwVm5iRVE0UzA1SGVWaGpTR1JTVjJSMlJtYxAB,Mycle Cabuang,https://www.google.com/maps/contrib/109473206189080349952/reviews?hl=en,5,3 months ago,A wonderful dining experience. Everything exceeded my expectations. Mahboob very good service.,False,True,False,2026-09-25
P02,القرية الشعبية,الدمام,تراثي / ثقافي,https://maps.app.goo.gl/oNadKmXoFmk9e4Di9,Ci9DQUlRQUNvZENodHljRjlvT2xkb1JWY3pWM0pGUW5OSGVuRjBNM1p1ZGs5aWIxRRAB,Y S,https://www.google.com/maps/contrib/117238146140831070222/reviews?hl=en,1,3 months ago,التعامل الله بالخير سيئ,True,True,False,2026-09-25
P02,القرية الشعبية,الدمام,تراثي / ثقافي,https://maps.app.goo.gl/oNadKmXoFmk9e4Di9,Ci9DQUlRQUNvZENodHljRjlvT2xCMFNrbGlTWFIyVW04eGRTMWtSRXhuUlZac00wRRAB,احمد عوض الرفاعي,https://www.google.com/maps/contrib/107527826399677438917/reviews?hl=en,5,3 months ago,,False,True,False,2026-09-25
P02,القرية الشعبية,الدمام,تراثي / ثقافي,https://maps.app.goo.gl/oNadKmXoFmk9e4Di9,Ci9DQUlRQUNvZENodHljRjlvT21NM2RtUmtXRFpQWXpWaWJUZEhNVWx5Ym5CNmFVRRAB,Andrea Gutierrez,https://www.google.com/maps/contrib/108439643537397704143/reviews?hl=en,5,3 months ago,Staff are really kind and friendly. The place has beautiful views of the ocean and food is delicious. Thanks for the hospitality.,False,True,False,2026-09-25
P02,القرية الشعبية,الدمام,تراثي / ثقافي,https://maps.app.goo.gl/oNadKmXoFmk9e4Di9,Ci9DQUlRQUNvZENodHljRjlvT210RVZtY3habmRNTWpKWWIzWTJNbkJ3ZFZCbWVIYxAB,F.s.z,https://www.google.com/maps/contrib/105709092712826267895/reviews?hl=en,5,3 months ago,,False,True,False,2026-09-25
P02,القرية الشعبية,الدمام,تراثي / ثقافي,https://maps.app.goo.gl/oNadKmXoFmk9e4Di9,Ci9DQUlRQUNvZENodHljRjlvT2w5aFJqSjZNMnhOTlhGSGRHcFVUMWRGVkc5d2NGRRAB,Avelino Erana Jr,https://www.google.com/maps/contrib/114039492605506466659/reviews?hl=en,5,3 months ago,,False,True,False,2026-09-25
P02,القرية الشعبية,الدمام,تراثي / ثقافي,https://maps.app.goo.gl/oNadKmXoFmk9e4Di9,Ci9DQUlRQUNvZENodHljRjlvT25FMlNrbHJURjg0YkhWM05uRjRaRXhEYnpkT1RWRRAB,Hassan Jj,https://www.google.com/maps/contrib/109001601734600743315/reviews?hl=en,5,3 months ago,,False,True,False,2026-09-25
P02,القرية الشعبية,الدمام,تراثي / ثقافي,https://maps.app.goo.gl/oNadKmXoFmk9e4Di9,Ci9DQUlRQUNvZENodHljRjlvT2xSWlJtOVFjVVp0TURNMmIzbHVhV0o2V21Zd1JVRRAB,--,https://www.google.com/maps/contrib/111240559565898243848/reviews?hl=en,5,3 months ago,"Very good
Mahboob",False,True,False,2026-09-25
P02,القرية الشعبية,الدمام,تراثي / ثقافي,https://maps.app.goo.gl/oNadKmXoFmk9e4Di9,Ci9DQUlRQUNvZENodHljRjlvT21rMmJHeFVURkpETW5BMU1TMVBURU00TFdOWExWRRAB,Munirah Alzayani,https://www.google.com/maps/contrib/105605118862936241306/reviews?hl=en,5,3 months ago,,False,True,False,2026-09-25
P02,القرية الشعبية,الدمام,تراثي / ثقافي,https://maps.app.goo.gl/oNadKmXoFmk9e4Di9,Ci9DQUlRQUNvZENodHljRjlvT2todVRIaFhhME0xZEhkdFRuazRlalprVFVweUxYYxAB,خالد الجوهر,https://www.google.com/maps/contrib/108292627263971233447/reviews?hl=en,5,3 months ago,,False,True,False,2026-09-25
P02,القرية الشعبية,الدمام,تراثي / ثقافي,https://maps.app.goo.gl/oNadKmXoFmk9e4Di9,Ci9DQUlRQUNvZENodHljRjlvT21wSVZFRlVRVlZDVWtvNFZrMVNhRmxIT0VweVExRRAB,Shaikha Ashoor,https://www.google.com/maps/contrib/111800330126717290968/reviews?hl=en,5,3 months ago,,False,True,False,2026-09-25
P02,القرية الشعبية,الدمام,تراثي / ثقافي,https://maps.app.goo.gl/oNadKmXoFmk9e4Di9,Ci9DQUlRQUNvZENodHljRjlvT2xBd00zSlVOamRRU21jM1VYQjNhRmxrUkU5ak9FRRAB,math.,https://www.google.com/maps/contrib/111850858836956176172/reviews?hl=en,5,3 months ago,"Great place, awesome atmosphere and of course the food was incredible, rich in flavours and very good seasoning.
A highlight was definitely the service, we were helped by Mahboob, who was very friendly and helpful!
Will definitely come back, great experience",False,True,False,2026-09-25
P02,القرية الشعبية,الدمام,تراثي / ثقافي,https://maps.app.goo.gl/oNadKmXoFmk9e4Di9,Ci9DQUlRQUNvZENodHljRjlvT2w5R1EzbHJkMWd5UVRsRk5uVnBkRzlHZUZoVU1WRRAB,Abdullah Sarhan,https://www.google.com/maps/contrib/101197520827221978363/reviews?hl=en,4,3 months ago,,False,True,False,2026-09-25
P02,القرية الشعبية,الدمام,تراثي / ثقافي,https://maps.app.goo.gl/oNadKmXoFmk9e4Di9,Ci9DQUlRQUNvZENodHljRjlvT2tkelkzZEhOMkpFVkVOa1IwWXpMWFZ5UTBsSFpXYxAB,Mohammed ALAnazi,https://www.google.com/maps/contrib/116979718770025182517/reviews?hl=en,3,3 months ago,,False,True,False,2026-09-25
P02,القرية الشعبية,الدمام,تراثي / ثقافي,https://maps.app.goo.gl/oNadKmXoFmk9e4Di9,Ci9DQUlRQUNvZENodHljRjlvT2pBMVpsVlljVGMyZDJabGRXY3RRMGszTUdOMFdrRRAB,علي s,https://www.google.com/maps/contrib/101922648208286595930/reviews?hl=en,5,3 months ago,,False,True,False,2026-09-25
P02,القرية الشعبية,الدمام,تراثي / ثقافي,https://maps.app.goo.gl/oNadKmXoFmk9e4Di9,Ci9DQUlRQUNvZENodHljRjlvT21oSmN6aDVUemRVT1cxTU4ycDRkVGRmTkhSS09WRRAB,عبدالفتاح ادم سوداني,https://www.google.com/maps/contrib/108208351036255168786/reviews?hl=en,4,3 months ago,,False,True,False,2026-09-25
P02,القرية الشعبية,الدمام,تراثي / ثقافي,https://maps.app.goo.gl/oNadKmXoFmk9e4Di9,Ci9DQUlRQUNvZENodHljRjlvT2sxTFYxZGZhV0V5YVdGRlMzbEJNRUpuUWxOYWFXYxAB,MD SAZID MIA,https://www.google.com/maps/contrib/107496566697898990868/reviews?hl=en,5,3 months ago,,False,True,False,2026-09-25
P02,القرية الشعبية,الدمام,تراثي / ثقافي,https://maps.app.goo.gl/oNadKmXoFmk9e4Di9,Ci9DQUlRQUNvZENodHljRjlvT2xWV1UzVkVhbk5wV25Bd2VWcFdkVTFoYUV0M1JXYxAB,عبدالمحسن المطيري,https://www.google.com/maps/contrib/114887093648686127140/reviews?hl=en,3,3 months ago,"زرته مكان صغير نوعا ما
يستحق الزياره مره واحده فقط",True,True,False,2026-09-25
P02,القرية الشعبية,الدمام,تراثي / ثقافي,https://maps.app.goo.gl/oNadKmXoFmk9e4Di9,Ci9DQUlRQUNvZENodHljRjlvT2xrNGFtVm1TMHhPYUZOb1RISkpYMmRPVG1kdFFXYxAB,عبدالمجيد العمري,https://www.google.com/maps/contrib/106939524084429120059/reviews?hl=en,5,3 months ago,,False,True,False,2026-09-25
P02,القرية الشعبية,الدمام,تراثي / ثقافي,https://maps.app.goo.gl/oNadKmXoFmk9e4Di9,Ci9DQUlRQUNvZENodHljRjlvT2xSQlpXUkpRbFk0TlhGUlNUTmhYMkkzTUZCTmFrRRAB,محمد ابوياسين,https://www.google.com/maps/contrib/103662718926106640028/reviews?hl=en,1,3 months ago,,False,True,False,2026-09-25
P02,القرية الشعبية,الدمام,تراثي / ثقافي,https://maps.app.goo.gl/oNadKmXoFmk9e4Di9,Ci9DQUlRQUNvZENodHljRjlvT2pRdGMyRjRRMFpzUVd4VVVHdDJlSFZwWjNnd1dHYxAB,أحمد العزي,https://www.google.com/maps/contrib/113633296990360215646/reviews?hl=en,5,3 months ago,ماشاءالله تبارك الرحمن,True,True,False,2026-09-25
P02,القرية الشعبية,الدمام,تراثي / ثقافي,https://maps.app.goo.gl/oNadKmXoFmk9e4Di9,Ci9DQUlRQUNvZENodHljRjlvT2twSlZXWkJOV2sxVVRSbldGZDBiMGc1V1hKYVVsRRAB,Sara Mahmoud,https://www.google.com/maps/contrib/117166857139425470448/reviews?hl=en,5,3 months ago,,False,True,False,2026-09-25
P02,القرية الشعبية,الدمام,تراثي / ثقافي,https://maps.app.goo.gl/oNadKmXoFmk9e4Di9,Ci9DQUlRQUNvZENodHljRjlvT2xaR01ucEhOMVZmTjBGa1F6a3hkbUZ4VURBelMzYxAB,متابع متابع,https://www.google.com/maps/contrib/114656023861203413867/reviews?hl=en,4,3 months ago,المكان جميل وراقي,True,True,False,2026-09-25
P02,القرية الشعبية,الدمام,تراثي / ثقافي,https://maps.app.goo.gl/oNadKmXoFmk9e4Di9,Ci9DQUlRQUNvZENodHljRjlvT2pKelJ6SjZlV293VW1KMGRsRm5TMFZSWTNGWVVYYxAB,Abdullah Al Qahtani,https://www.google.com/maps/contrib/113320011133232805792/reviews?hl=en,2,3 months ago,"It was not with my expectations in terms of delivery car which was old and had a lot of dents, also the Om Ali Heater was not clean and you can see finger touches on the body of heater ,
The price of Om Ali was high 400 for one container,",False,True,False,2026-09-25
P02,القرية الشعبية,الدمام,تراثي / ثقافي,https://maps.app.goo.gl/oNadKmXoFmk9e4Di9,Ci9DQUlRQUNvZENodHljRjlvT2toaldEVktOSEJaVUVSbGVuWnNWbGN0VEZsck5IYxAB,عبد الرحمن,https://www.google.com/maps/contrib/108234432725275149450/reviews?hl=en,5,3 months ago,,False,True,False,2026-09-25
P02,القرية الشعبية,الدمام,تراثي / ثقافي,https://maps.app.goo.gl/oNadKmXoFmk9e4Di9,Ci9DQUlRQUNvZENodHljRjlvT21OSU0wRTJUMFY0V1VWbk1qRkNWamR2UkY4NFVVRRAB,Abdo Ibrahem,https://www.google.com/maps/contrib/107520914805007009631/reviews?hl=en,5,3 months ago,❤️,False,True,False,2026-09-25
P02,القرية الشعبية,الدمام,تراثي / ثقافي,https://maps.app.goo.gl/oNadKmXoFmk9e4Di9,Ci9DQUlRQUNvZENodHljRjlvT2trMWRWSmFNVlZHUWpobWRGVnRNa3RITjFOYWNYYxAB,Yones Saleh,https://www.google.com/maps/contrib/109985984500987634937/reviews?hl=en,5,3 months ago,القريه الشعبية هي من اجمل المنتجعات السياحيه في الدمام والتراث القديم جداً  والماكولات الشعبية بنسبه لاستقبال الضيوف والحجوزات يعني شى رائع جداً,True,True,False,2026-09-25
P02,القرية الشعبية,الدمام,تراثي / ثقافي,https://maps.app.goo.gl/oNadKmXoFmk9e4Di9,Ci9DQUlRQUNvZENodHljRjlvT2tGTFJsWlhSakpTU2tOM2FqSTBjV2QxZHkxSmRGRRAB,Алина,https://www.google.com/maps/contrib/115751548085171871503/reviews?hl=en,5,3 months ago,"Great place with amazing staff!

Thanks a lot for adorable guide Zainab. The best guide in Saudi Arabia whom I met! Very interesting, open and kind! Happy to enjoy Zainab company and explore the world with her!

Thanks for Mahabub for hospitality, openness and helping in all our asking!

Thanks Vijay Lama for the best advices in choosing food and amazing service!",False,True,False,2026-09-25
P02,القرية الشعبية,الدمام,تراثي / ثقافي,https://maps.app.goo.gl/oNadKmXoFmk9e4Di9,Ci9DQUlRQUNvZENodHljRjlvT2sxS2F6TnZjbnBTVkVGQ2NVZG5aakZ0WDJsM2NGRRAB,Saravanan Duraisamy,https://www.google.com/maps/contrib/117129082098684912343/reviews?hl=en,5,3 months ago,,False,True,False,2026-09-25
P02,القرية الشعبية,الدمام,تراثي / ثقافي,https://maps.app.goo.gl/oNadKmXoFmk9e4Di9,Ci9DQUlRQUNvZENodHljRjlvT2xOSlExSkxNMk5ZV2tSdE5qTXRaRmQyYkVKalVXYxAB,Adeel Shahid,https://www.google.com/maps/contrib/117501378809280537848/reviews?hl=en,2,3 months ago,"Pretty average food, very high priced compared to taste of food. Per head SAR 100+ …",False,True,True,2026-09-25
P02,القرية الشعبية,الدمام,تراثي / ثقافي,https://maps.app.goo.gl/oNadKmXoFmk9e4Di9,Ci9DQUlRQUNvZENodHljRjlvT2xFNE9IZHJObTVFZVhORGRraFNTR1ZoZERKd1gzYxAB,قايد حمزه,https://www.google.com/maps/contrib/116625458976438656624/reviews?hl=en,5,Edited 3 months ago,مكانه جدا رايع,True,True,False,2026-09-25
P02,القرية الشعبية,الدمام,تراثي / ثقافي,https://maps.app.goo.gl/oNadKmXoFmk9e4Di9,Ci9DQUlRQUNvZENodHljRjlvT2pZd2RrY3RPRGxXUlRoZmFrMUdjVU5HVTBKUldYYxAB,Roy Lacuna,https://www.google.com/maps/contrib/108350474387895411130/reviews?hl=en,5,3 months ago,Very informative and entertaining Village.,False,True,False,2026-09-25
P02,القرية الشعبية,الدمام,تراثي / ثقافي,https://maps.app.goo.gl/oNadKmXoFmk9e4Di9,Ci9DQUlRQUNvZENodHljRjlvT2taQmVtaDViSGxyWlVGZlQzRTVSbFkwWnpVNE5uYxAB,سالم اليامي,https://www.google.com/maps/contrib/113898873698211192828/reviews?hl=en,4,3 months ago,,False,True,False,2026-09-25
P02,القرية الشعبية,الدمام,تراثي / ثقافي,https://maps.app.goo.gl/oNadKmXoFmk9e4Di9,Ci9DQUlRQUNvZENodHljRjlvT25WR01VZExjME5NZW1aS09YVlRVRlpxV1RCWFduYxAB,mustafa alataş,https://www.google.com/maps/contrib/117416051693968037339/reviews?hl=en,4,3 months ago,Giriş fiyatları biraz pahalı geldi bana.,True,True,False,2026-09-25
P02,القرية الشعبية,الدمام,تراثي / ثقافي,https://maps.app.goo.gl/oNadKmXoFmk9e4Di9,Ci9DQUlRQUNvZENodHljRjlvT2w5d01saE5TWFpsVVZoT2JIaEZObVV5VVdabGIyYxAB,antumana (Domains),https://www.google.com/maps/contrib/104847902820666029908/reviews?hl=en,5,3 months ago,رائع,True,True,False,2026-09-25
P02,القرية الشعبية,الدمام,تراثي / ثقافي,https://maps.app.goo.gl/oNadKmXoFmk9e4Di9,Ci9DQUlRQUNvZENodHljRjlvT25ZMFNVWXhPRmxoVjAweVJrbDJWblp4ZG1SVWMxRRAB,muhammad nasser,https://www.google.com/maps/contrib/111313919650310338702/reviews?hl=en,5,3 months ago,,False,True,False,2026-09-25
P02,القرية الشعبية,الدمام,تراثي / ثقافي,https://maps.app.goo.gl/oNadKmXoFmk9e4Di9,Ci9DQUlRQUNvZENodHljRjlvT21SWlJXVTNNRTlCYzBac2NETm9VVEIzTkRSV2RrRRAB,Saja alghamdi,https://www.google.com/maps/contrib/102801928712715127029/reviews?hl=en,5,3 months ago,,False,True,False,2026-09-25
P02,القرية الشعبية,الدمام,تراثي / ثقافي,https://maps.app.goo.gl/oNadKmXoFmk9e4Di9,Ci9DQUlRQUNvZENodHljRjlvT2xsS1kzZE5OVWh4V21STVNuVXRlVkJWUmxSRVRGRRAB,S mk,https://www.google.com/maps/contrib/106267500027056942819/reviews?hl=en,2,3 months ago,"تقيمي على المطعم ماقول الاكل مو كويس ولكن تطلب نص دجاج يجيك حجم 300 والسعر 25
والقهوى والشاي فقط 91 ريال شي مو معقول صراحه
النصيح سو دخول ودق فره حقها 10 دقايق تجربه الشراء سيئه جدا",True,True,False,2026-09-25
P02,القرية الشعبية,الدمام,تراثي / ثقافي,https://maps.app.goo.gl/oNadKmXoFmk9e4Di9,Ci9DQUlRQUNvZENodHljRjlvT21nMlEzSjNUMEpZZVV4VGNVSXpaVXR0V0dZeVJuYxAB,Ali Bn Ali,https://www.google.com/maps/contrib/117043805211310124357/reviews?hl=en,3,3 months ago,مكان متنوع جيد جدا,True,True,False,2026-09-25
P02,القرية الشعبية,الدمام,تراثي / ثقافي,https://maps.app.goo.gl/oNadKmXoFmk9e4Di9,Ci9DQUlRQUNvZENodHljRjlvT2tKR1NIbEdVa05OYkZWeGMyZDZUek5CV0RoNllWRRAB,James Calderon,https://www.google.com/maps/contrib/102396232660695865627/reviews?hl=en,5,Edited 3 months ago,"Always great experience!; recently,, we visited again with our new guest and Mahboob served us well.",False,True,False,2026-09-25
P02,القرية الشعبية,الدمام,تراثي / ثقافي,https://maps.app.goo.gl/oNadKmXoFmk9e4Di9,Ci9DQUlRQUNvZENodHljRjlvT2tkdGEyWTJkR2g0ZGpnelgyWm5aREJKYmxGeVdrRRAB,Karim Shahen,https://www.google.com/maps/contrib/103780970061386460651/reviews?hl=en,5,3 months ago,,False,True,False,2026-09-25
P02,القرية الشعبية,الدمام,تراثي / ثقافي,https://maps.app.goo.gl/oNadKmXoFmk9e4Di9,Ci9DQUlRQUNvZENodHljRjlvT2pKcFJGUlNMVFpGTW04NFdVVkVaMU16VkVrNFMwRRAB,MHMD BINALI,https://www.google.com/maps/contrib/110878689742219875766/reviews?hl=en,5,3 months ago,تميز في الضيافة وتميز في الأطعمة وتميز في المتحف ويستحق الزيارة ..,True,True,False,2026-09-25
P02,القرية الشعبية,الدمام,تراثي / ثقافي,https://maps.app.goo.gl/oNadKmXoFmk9e4Di9,Ci9DQUlRQUNvZENodHljRjlvT21GSVltRjJSMWRTYUhkclZucFVSRFZFTkdaeVEyYxAB,طلال علي القطوي,https://www.google.com/maps/contrib/110169429937963299116/reviews?hl=en,5,3 months ago,,False,True,False,2026-09-25
P02,القرية الشعبية,الدمام,تراثي / ثقافي,https://maps.app.goo.gl/oNadKmXoFmk9e4Di9,Ci9DQUlRQUNvZENodHljRjlvT2tKalVDMXFUekZXVW1SdmRIVmZRMDlwYVhCUlRWRRAB,A M,https://www.google.com/maps/contrib/115949864655516456461/reviews?hl=en,5,3 months ago,,False,True,False,2026-09-25
P02,القرية الشعبية,الدمام,تراثي / ثقافي,https://maps.app.goo.gl/oNadKmXoFmk9e4Di9,Ci9DQUlRQUNvZENodHljRjlvT2xCdVQyY3piWEZGVlhKV1JuUlFUbkI2VVVSWFgyYxAB,Amira Ahmad,https://www.google.com/maps/contrib/104307540499788590154/reviews?hl=en,5,3 months ago,المكان يستحق الزياره ررررروعه 😍❤️‍🔥خصوصا المتحف …,True,True,True,2026-09-25
P02,القرية الشعبية,الدمام,تراثي / ثقافي,https://maps.app.goo.gl/oNadKmXoFmk9e4Di9,Ci9DQUlRQUNvZENodHljRjlvT2tGRWVYZHJiV2RaUmw4MVNYUlRlVTVOWkd4M2RtYxAB,صالح العجمي .,https://www.google.com/maps/contrib/116302513267861420379/reviews?hl=en,5,3 months ago,,False,True,False,2026-09-25
P02,القرية الشعبية,الدمام,تراثي / ثقافي,https://maps.app.goo.gl/oNadKmXoFmk9e4Di9,Ci9DQUlRQUNvZENodHljRjlvT2toR1VYb3hXV2RKY25Ga2VVNXZOVjlDVmtKRVZXYxAB,Teacher: TAREQ,https://www.google.com/maps/contrib/106064652955244243745/reviews?hl=en,5,3 months ago,,False,True,False,2026-09-25
P02,القرية الشعبية,الدمام,تراثي / ثقافي,https://maps.app.goo.gl/oNadKmXoFmk9e4Di9,Ci9DQUlRQUNvZENodHljRjlvT2tsc01ETkdXbkYxWDB4UVlXWTRRVVJGTW5SWFNWRRAB,Sheldon Fernandes,https://www.google.com/maps/contrib/101414039446836206475/reviews?hl=en,5,Edited 3 months ago,,False,True,False,2026-09-25
P02,القرية الشعبية,الدمام,تراثي / ثقافي,https://maps.app.goo.gl/oNadKmXoFmk9e4Di9,Ci9DQUlRQUNvZENodHljRjlvT2taNlFXWklhVnBFT1VaeWFuTTBjV05wWWxabWRIYxAB,Anosi Al-Otaibi,https://www.google.com/maps/contrib/101630038954521433679/reviews?hl=en,5,3 months ago,حلووه جداً,True,True,False,2026-09-25
P02,القرية الشعبية,الدمام,تراثي / ثقافي,https://maps.app.goo.gl/oNadKmXoFmk9e4Di9,Ci9DQUlRQUNvZENodHljRjlvT21wV1JXcEVlRlEwTVZkbmVDMW5NWEJhTVVWRk1XYxAB,Norah.a,https://www.google.com/maps/contrib/109404692500442159805/reviews?hl=en,5,3 months ago,,False,True,False,2026-09-25
P02,القرية الشعبية,الدمام,تراثي / ثقافي,https://maps.app.goo.gl/oNadKmXoFmk9e4Di9,ChdDSUhNMG9nS0VJQ0FnTUR3b1lpY2dnRRAB,سعود بن عبدالعزيز,https://www.google.com/maps/contrib/116993007722115644983/reviews?hl=en,5,Edited 3 months ago,,False,True,False,2026-09-25
P02,القرية الشعبية,الدمام,تراثي / ثقافي,https://maps.app.goo.gl/oNadKmXoFmk9e4Di9,Ci9DQUlRQUNvZENodHljRjlvT25OVk4yWnlXWGxTTkhsWFIyRmxibnBLZDA5Q01YYxAB,osama saad,https://www.google.com/maps/contrib/111039158278610008531/reviews?hl=en,3,3 months ago,جميل بس المفروض يراجعون موضوع الدخوليه فيها مبالغه,True,True,False,2026-09-25
P02,القرية الشعبية,الدمام,تراثي / ثقافي,https://maps.app.goo.gl/oNadKmXoFmk9e4Di9,Ci9DQUlRQUNvZENodHljRjlvT25CSGJrNWpRek4yUkcxTVYyWnFSR0ZaUVROUlVVRRAB,تشليح قطع غيارات سيارات,https://www.google.com/maps/contrib/113382638613043461835/reviews?hl=en,1,3 months ago,,False,True,False,2026-09-25
P02,القرية الشعبية,الدمام,تراثي / ثقافي,https://maps.app.goo.gl/oNadKmXoFmk9e4Di9,Ci9DQUlRQUNvZENodHljRjlvT2xRNWVIQk1kbTV2V1ZCUE1saGpUSFptZWpkdVpuYxAB,GSX5 KSA,https://www.google.com/maps/contrib/100774043490802473016/reviews?hl=en,4,3 months ago,,False,True,False,2026-09-25
P02,القرية الشعبية,الدمام,تراثي / ثقافي,https://maps.app.goo.gl/oNadKmXoFmk9e4Di9,Ci9DQUlRQUNvZENodHljRjlvT21aQmNFUnNaME5PZVVaVU9XdHhaVWd6UVVKM1JGRRAB,yehaiy M,https://www.google.com/maps/contrib/114386117500207708952/reviews?hl=en,5,3 months ago,,False,True,False,2026-09-25
P02,القرية الشعبية,الدمام,تراثي / ثقافي,https://maps.app.goo.gl/oNadKmXoFmk9e4Di9,Ci9DQUlRQUNvZENodHljRjlvT210VlRVa3hiRkUzTnkxbFVHNXBiVkF5TlZsd2JsRRAB,EA,https://www.google.com/maps/contrib/109050144193744959555/reviews?hl=en,4,3 months ago,,False,True,False,2026-09-25
P02,القرية الشعبية,الدمام,تراثي / ثقافي,https://maps.app.goo.gl/oNadKmXoFmk9e4Di9,Ci9DQUlRQUNvZENodHljRjlvT2pnMVdUVTBNREo2VDBOdVZtTm1ZekptTldsbVRGRRAB,Abdul Salam,https://www.google.com/maps/contrib/117947376115316071423/reviews?hl=en,4,3 months ago,,False,True,False,2026-09-25
P02,القرية الشعبية,الدمام,تراثي / ثقافي,https://maps.app.goo.gl/oNadKmXoFmk9e4Di9,Ci9DQUlRQUNvZENodHljRjlvT2xaM1gxOTFabDlaVmkweFgySjVNR0V4WjJsclkzYxAB,منصور المطيري,https://www.google.com/maps/contrib/117017830536157803805/reviews?hl=en,5,3 months ago,فكره مميزه متحف ومطعم والرسوم رمزيه يستحق الزيارة والاكل لذيذ وخدمتهم رائعه خصوصا الاخ محمد الهندي مميز,True,True,False,2026-09-25
P02,القرية الشعبية,الدمام,تراثي / ثقافي,https://maps.app.goo.gl/oNadKmXoFmk9e4Di9,Ci9DQUlRQUNvZENodHljRjlvT2poQlNsOW5NMEZXZGpGTWN6RlJVRmRuYmtWcFkzYxAB,taher_ 44,https://www.google.com/maps/contrib/113965366874330402031/reviews?hl=en,5,3 months ago,"كورنيش الدمام.. حكايات لا تنتهي من الجمال.. والترتيب.. ونقاء الهواء..
مايعكر المكان... البعض مستهتر.. ويرمي مخلفاته وراؤه.. خصوصا من الاخوة القادمين من ام الدنيا.. هذا وطن لنا جميعا.. والحفاظ على نظافته وجماله.. مسؤلية الجميع",True,True,False,2026-09-25
P02,القرية الشعبية,الدمام,تراثي / ثقافي,https://maps.app.goo.gl/oNadKmXoFmk9e4Di9,Ci9DQUlRQUNvZENodHljRjlvT2xSVVRqUkRNME5HU0haUFRtMWpOVkZrUmtka0xWRRAB,ربيع عيسوى,https://www.google.com/maps/contrib/113465282482053043039/reviews?hl=en,4,3 months ago,رائع,True,True,False,2026-09-25
P02,القرية الشعبية,الدمام,تراثي / ثقافي,https://maps.app.goo.gl/oNadKmXoFmk9e4Di9,ChZDSUhNMG9nS0VJQ0FnSUNHd3JuTUR3EAE,Loai Bastawi,https://www.google.com/maps/contrib/116020132715393410096/reviews?hl=en,3,Edited 3 months ago,,False,True,False,2026-09-25
P02,القرية الشعبية,الدمام,تراثي / ثقافي,https://maps.app.goo.gl/oNadKmXoFmk9e4Di9,Ci9DQUlRQUNvZENodHljRjlvT2t4QlNsQnpOa1ZCY1hjeVdrNXhjMnhHTFU5MWJYYxAB,wafi alali,https://www.google.com/maps/contrib/117115734043344661006/reviews?hl=en,5,3 months ago,سوق شعبية جميل يحتوي على كثير من المتتجات واسعار مناسبة للجميع,True,True,False,2026-09-25
P02,القرية الشعبية,الدمام,تراثي / ثقافي,https://maps.app.goo.gl/oNadKmXoFmk9e4Di9,Ci9DQUlRQUNvZENodHljRjlvT2pWWGMyTkdiMEpvZG1SNmNqQkdVbmRaUlhwS1kwRRAB,Ahmed Bader,https://www.google.com/maps/contrib/113700537553310931911/reviews?hl=en,5,3 months ago,"من اشهر و افضل مطاعم الدمام مكان جميل و امل متنوع و لذيذ يوحد سوق صغير و متحف فالداخل
خصوصية للعائلة ممتازة (غرف واسعه جداً) يوجد رسوم للدخول (تذاكر) وممكن تستخدم هذه التذاكر بالدخول مجاناً في المرة القادمة",True,True,False,2026-09-25
P02,القرية الشعبية,الدمام,تراثي / ثقافي,https://maps.app.goo.gl/oNadKmXoFmk9e4Di9,Ci9DQUlRQUNvZENodHljRjlvT2s1eGFXVlhSMFo1VDBSa09EZGZOVTU2VFhWQmNHYxAB,kh3led_1,https://www.google.com/maps/contrib/106812809693778720939/reviews?hl=en,4,3 months ago,,False,True,False,2026-09-25
P02,القرية الشعبية,الدمام,تراثي / ثقافي,https://maps.app.goo.gl/oNadKmXoFmk9e4Di9,Ci9DQUlRQUNvZENodHljRjlvT2tKSWVuTmFPVGt5TWw5YWNtcEpWVXM0TVZCaU0wRRAB,حميد العبادي,https://www.google.com/maps/contrib/106715434172797231295/reviews?hl=en,5,3 months ago,,False,True,False,2026-09-25
P02,القرية الشعبية,الدمام,تراثي / ثقافي,https://maps.app.goo.gl/oNadKmXoFmk9e4Di9,Ci9DQUlRQUNvZENodHljRjlvT2tSYVRHYzVSV1o1VFRkWFVXeFFOemcxVTFGbmJIYxAB,فيصل علي,https://www.google.com/maps/contrib/107330794228993440375/reviews?hl=en,5,3 months ago,,False,True,False,2026-09-25
P02,القرية الشعبية,الدمام,تراثي / ثقافي,https://maps.app.goo.gl/oNadKmXoFmk9e4Di9,Ci9DQUlRQUNvZENodHljRjlvT2psVU5FYzRWQzFCWjNGT1psWmFiSGxoY2xsVVUxRRAB,Peprah Isaac,https://www.google.com/maps/contrib/117028618672263507653/reviews?hl=en,5,3 months ago,,False,True,False,2026-09-25
P02,القرية الشعبية,الدمام,تراثي / ثقافي,https://maps.app.goo.gl/oNadKmXoFmk9e4Di9,Ci9DQUlRQUNvZENodHljRjlvT2xZMWNHSmxRamhsUzBOZmVDMU9aRkZtUWxSSmFIYxAB,Abdul Al Abdulatif,https://www.google.com/maps/contrib/113431044298986933674/reviews?hl=en,5,3 months ago,"جيد جدا
يستحق الزيارة مرة ثانية",True,True,False,2026-09-25
P02,القرية الشعبية,الدمام,تراثي / ثقافي,https://maps.app.goo.gl/oNadKmXoFmk9e4Di9,Ci9DQUlRQUNvZENodHljRjlvT25aYVVsaFVaekpWTTBkb1RuSmpRVWxoVWxJd1EwRRAB,Masooma Khalid,https://www.google.com/maps/contrib/103736946931750458743/reviews?hl=en,5,3 months ago,Great food and great service. Special thanks to Mohammed Al Amin for his kindness and hospitality. He was friendly helpful and made our visit even more enjoyable. Really appreciate his excellent service. Will definitely come back again,False,True,False,2026-09-25
P02,القرية الشعبية,الدمام,تراثي / ثقافي,https://maps.app.goo.gl/oNadKmXoFmk9e4Di9,Ci9DQUlRQUNvZENodHljRjlvT2sxc2NtbG5NazFRTlVGNVZta3dVRzVMUW5KcWQxRRAB,KSA,https://www.google.com/maps/contrib/117678167769064012692/reviews?hl=en,1,3 months ago,"استغلالي تدخل المطعم بفلوس .
غير الطلب",True,True,False,2026-09-25
P02,القرية الشعبية,الدمام,تراثي / ثقافي,https://maps.app.goo.gl/oNadKmXoFmk9e4Di9,Ci9DQUlRQUNvZENodHljRjlvT2xSYVJqTXRhbGg0VW1wMVRtWTVTVWR3UVZOQ2NXYxAB,ابومحمد,https://www.google.com/maps/contrib/103927084998467723161/reviews?hl=en,5,3 months ago,ممتازه جدا,True,True,False,2026-09-25
P02,القرية الشعبية,الدمام,تراثي / ثقافي,https://maps.app.goo.gl/oNadKmXoFmk9e4Di9,Ci9DQUlRQUNvZENodHljRjlvT2pKWGFWUXhPV2wyTW1KMU9FZEdRVGczZFRKcVgyYxAB,Anamaria Campean,https://www.google.com/maps/contrib/105750428500400055269/reviews?hl=en,5,3 months ago,"It was very interesting to see how the people lived in the past. They have a very big collection of different things from the ‘70s- ‘80s. From the balcony, second floor, the view is amazing. I liked the idea of restaurant and museum together. Until 5 you don’t have to pay for the table. I would definitely recommend to go there if you are visiting Dammam or the surroundings.",False,True,False,2026-09-25
P02,القرية الشعبية,الدمام,تراثي / ثقافي,https://maps.app.goo.gl/oNadKmXoFmk9e4Di9,ChZDSUhNMG9nS0VJQ0FnSUNmNXVhbEdREAE,Abdullah Al Humaid,https://www.google.com/maps/contrib/117362335920576662180/reviews?hl=en,5,Edited 3 months ago,,False,True,False,2026-09-25
P02,القرية الشعبية,الدمام,تراثي / ثقافي,https://maps.app.goo.gl/oNadKmXoFmk9e4Di9,Ci9DQUlRQUNvZENodHljRjlvT2pSTE1tMWlVamh4U0hGcFZucDNUbEJ6WkZacU9VRRAB,Khk9167 X.k,https://www.google.com/maps/contrib/110578977680492719483/reviews?hl=en,2,3 months ago,سعر الدخول غالي جدا ٢٠ريال,True,True,False,2026-09-25
P02,القرية الشعبية,الدمام,تراثي / ثقافي,https://maps.app.goo.gl/oNadKmXoFmk9e4Di9,Ci9DQUlRQUNvZENodHljRjlvT2xkVlUyNVNVVEJYY2s1b2NWcHljRVl4WlZreWNXYxAB,م. عبداللطيف الجوهر,https://www.google.com/maps/contrib/109101814145059260674/reviews?hl=en,5,3 months ago,جميل جدا,True,True,False,2026-09-25
P02,القرية الشعبية,الدمام,تراثي / ثقافي,https://maps.app.goo.gl/oNadKmXoFmk9e4Di9,Ci9DQUlRQUNvZENodHljRjlvT2xGS1ZWWnJPVzVmVTFONlEyaGthVTF6VUZkS1RVRRAB,احمد الصنعاني,https://www.google.com/maps/contrib/104301660457765387208/reviews?hl=en,5,3 months ago,"حضاري جدا"" روووعه",True,True,False,2026-09-25
P02,القرية الشعبية,الدمام,تراثي / ثقافي,https://maps.app.goo.gl/oNadKmXoFmk9e4Di9,Ci9DQUlRQUNvZENodHljRjlvT2pGRlUwMXpRMUV0TWxBdGNTMWFhV1k1WVY5WFRHYxAB,saleh D,https://www.google.com/maps/contrib/109949417539329335271/reviews?hl=en,4,3 months ago,,False,True,False,2026-09-25
P02,القرية الشعبية,الدمام,تراثي / ثقافي,https://maps.app.goo.gl/oNadKmXoFmk9e4Di9,Ci9DQUlRQUNvZENodHljRjlvT20xcmJEbDRkak5mYTJsMk5UaENSVmxzZDJGSlpXYxAB,Rohit Yadav,https://www.google.com/maps/contrib/102565349930125077725/reviews?hl=en,5,3 months ago,,False,True,False,2026-09-25
P02,القرية الشعبية,الدمام,تراثي / ثقافي,https://maps.app.goo.gl/oNadKmXoFmk9e4Di9,Ci9DQUlRQUNvZENodHljRjlvT21wb05HRTFlVWcyVW5walFrbHhNMGxmVGsxemNrRRAB,abozaher teama,https://www.google.com/maps/contrib/105777697534854390561/reviews?hl=en,5,3 months ago,افضل وارحم دكتور ربنا يبارك في عمرك,True,True,False,2026-09-25
P02,القرية الشعبية,الدمام,تراثي / ثقافي,https://maps.app.goo.gl/oNadKmXoFmk9e4Di9,Ci9DQUlRQUNvZENodHljRjlvT2pZNGEySm9VVE5KZUdacGFWVmxXVloyVGt4UFpYYxAB,Farah Alumar,https://www.google.com/maps/contrib/105232261799328237144/reviews?hl=en,5,3 months ago,"A beautiful and spacious place, very suitable for shopping, eating, and walking.",False,True,False,2026-09-25
P02,القرية الشعبية,الدمام,تراثي / ثقافي,https://maps.app.goo.gl/oNadKmXoFmk9e4Di9,Ci9DQUlRQUNvZENodHljRjlvT2sxRUxXcFVaV2w0VmtaMFoxSnNibWhxZURkTVpsRRAB,SHIHAB KK,https://www.google.com/maps/contrib/115393603151023690150/reviews?hl=en,4,3 months ago,Beautiful location you must visit place in Dammam Saudi Arabia,False,True,False,2026-09-25
P02,القرية الشعبية,الدمام,تراثي / ثقافي,https://maps.app.goo.gl/oNadKmXoFmk9e4Di9,Ci9DQUlRQUNvZENodHljRjlvT2pKT2JrWmhhRk50TjBGTmNYWlBWbEZ0UmtsV1QwRRAB,Sultan Alzhrani,https://www.google.com/maps/contrib/105307211778405665532/reviews?hl=en,1,3 months ago,الاجواء ممتازه لكن الاكل اقل من عادي والسعر مبالغ فيه,True,True,False,2026-09-25
P02,القرية الشعبية,الدمام,تراثي / ثقافي,https://maps.app.goo.gl/oNadKmXoFmk9e4Di9,Ci9DQUlRQUNvZENodHljRjlvT21kd016UlROWHBQZERRMlpEQnRYMjg1UmxGU2JtYxAB,Sarfaraz Surve,https://www.google.com/maps/contrib/117665235616955163927/reviews?hl=en,4,3 months ago,,False,True,False,2026-09-25
P02,القرية الشعبية,الدمام,تراثي / ثقافي,https://maps.app.goo.gl/oNadKmXoFmk9e4Di9,ChdDSUhNMG9nS0VJQ0FnSUNxODZQY19RRRAB,Ali,https://www.google.com/maps/contrib/100859538289597688259/reviews?hl=en,5,Edited 3 months ago,جميله,True,True,False,2026-09-25
P02,القرية الشعبية,الدمام,تراثي / ثقافي,https://maps.app.goo.gl/oNadKmXoFmk9e4Di9,Ci9DQUlRQUNvZENodHljRjlvT25aVlowcFBabG95YjA4MVluWTVSekJuZVdaS1UzYxAB,Alexandra Novik Khamis,https://www.google.com/maps/contrib/112397113314706901097/reviews?hl=en,5,3 months ago,,False,True,False,2026-09-25
P02,القرية الشعبية,الدمام,تراثي / ثقافي,https://maps.app.goo.gl/oNadKmXoFmk9e4Di9,Ci9DQUlRQUNvZENodHljRjlvT25sWlh6aEpUbkI0VTBWT01GWnhUbVppYXpSS2NrRRAB,Ammar N Fadhel,https://www.google.com/maps/contrib/109811764807234760097/reviews?hl=en,5,3 months ago,,False,True,False,2026-09-25
P02,القرية الشعبية,الدمام,تراثي / ثقافي,https://maps.app.goo.gl/oNadKmXoFmk9e4Di9,Ci9DQUlRQUNvZENodHljRjlvT25aeFh6TjJValJwUm1KNldVWkpORzFuVjNwUlUxRRAB,استوديو عدسة العائلة للتصوير,https://www.google.com/maps/contrib/101867500256507303922/reviews?hl=en,2,3 months ago,حلو,True,True,False,2026-09-25
P02,القرية الشعبية,الدمام,تراثي / ثقافي,https://maps.app.goo.gl/oNadKmXoFmk9e4Di9,Ci9DQUlRQUNvZENodHljRjlvT2tOelZ6QmtOa3RFVjE4NE5HNVlaVjh3YzBkMVZHYxAB,Hany Hermas,https://www.google.com/maps/contrib/107010213416925962289/reviews?hl=en,5,3 months ago,,False,True,False,2026-09-25
P02,القرية الشعبية,الدمام,تراثي / ثقافي,https://maps.app.goo.gl/oNadKmXoFmk9e4Di9,Ci9DQUlRQUNvZENodHljRjlvT21ScVowMUdXVk5FZUZab2FWSnNhbXRWTjBwS1ZrRRAB,رحال 2021,https://www.google.com/maps/contrib/110837260975147675805/reviews?hl=en,4,3 months ago,مزدحم,True,True,False,2026-09-25
P02,القرية الشعبية,الدمام,تراثي / ثقافي,https://maps.app.goo.gl/oNadKmXoFmk9e4Di9,Ci9DQUlRQUNvZENodHljRjlvT2xGS2FGTllOVVZZTVRRMU5FOHlaMjQwYlcxbVVrRRAB,Ossamah Durrani,https://www.google.com/maps/contrib/108240657212417529664/reviews?hl=en,3,3 months ago,Ok for 1 time visit. Nothing that extraordinary or very fine. Food very average as well.,False,True,False,2026-09-25
P02,القرية الشعبية,الدمام,تراثي / ثقافي,https://maps.app.goo.gl/oNadKmXoFmk9e4Di9,Ci9DQUlRQUNvZENodHljRjlvT21obk56UjNSRTlUY1daaFJsRnZOMkpTZW5SS2NrRRAB,FaHaD GuJjAaR,https://www.google.com/maps/contrib/114995810429141543073/reviews?hl=en,5,3 months ago,Very good experience,False,True,False,2026-09-25
P02,القرية الشعبية,الدمام,تراثي / ثقافي,https://maps.app.goo.gl/oNadKmXoFmk9e4Di9,Ci9DQUlRQUNvZENodHljRjlvT2pKV2NFbHJOa2h2V0hKMVkxbG5NRGh6TlVsemRFRRAB,no no,https://www.google.com/maps/contrib/112376147246458482629/reviews?hl=en,5,3 months ago,,False,True,False,2026-09-25
P02,القرية الشعبية,الدمام,تراثي / ثقافي,https://maps.app.goo.gl/oNadKmXoFmk9e4Di9,Ci9DQUlRQUNvZENodHljRjlvT2kxdFV6TTNibkoxVjFKSE1XeE1XbXhNYTJkSVNWRRAB,Ahmad Shah BAIM,https://www.google.com/maps/contrib/117934808315298392937/reviews?hl=en,5,3 months ago,Great visit to museum and excellent service by Mr Mahboob handling our delicious lunch. Really enjoyed the food by the whole family.,False,True,False,2026-09-25
P02,القرية الشعبية,الدمام,تراثي / ثقافي,https://maps.app.goo.gl/oNadKmXoFmk9e4Di9,Ci9DQUlRQUNvZENodHljRjlvT2tSSFlsQkNNVmh4VjNGSE5GaFRiMkY2ZUV4Mk5sRRAB,عبدالرحمن عبدالله,https://www.google.com/maps/contrib/105973079305721066630/reviews?hl=en,5,3 months ago,"هذه الزيارة رقم ١٠٠
تستاهل
الدخول ٢٠ ريال
وتحتفظ يالفتورة تدخل بعدين مجانا",True,True,False,2026-09-25
P02,القرية الشعبية,الدمام,تراثي / ثقافي,https://maps.app.goo.gl/oNadKmXoFmk9e4Di9,ChdDSUhNMG9nS0VJQ0FnSURnMnEtMGhRRRAB,Ali Alqahtani,https://www.google.com/maps/contrib/107419186560709760060/reviews?hl=en,5,Edited 3 months ago,,False,True,False,2026-09-25
P02,القرية الشعبية,الدمام,تراثي / ثقافي,https://maps.app.goo.gl/oNadKmXoFmk9e4Di9,Ci9DQUlRQUNvZENodHljRjlvT2s5Uk5sOVBaemRuWTBkTWEzb3hTME5vYVU1R1MyYxAB,Murtada Alarbath,https://www.google.com/maps/contrib/111404572891968668995/reviews?hl=en,5,Edited 3 months ago,,False,True,False,2026-09-25
P02,القرية الشعبية,الدمام,تراثي / ثقافي,https://maps.app.goo.gl/oNadKmXoFmk9e4Di9,Ci9DQUlRQUNvZENodHljRjlvT2pJNWQyUXdiV05wVUhSd1kwWkJORWRXVUVKM09HYxAB,Ml,https://www.google.com/maps/contrib/106781724873751956596/reviews?hl=en,5,3 months ago,جميله جدا,True,True,False,2026-09-25
P02,القرية الشعبية,الدمام,تراثي / ثقافي,https://maps.app.goo.gl/oNadKmXoFmk9e4Di9,Ci9DQUlRQUNvZENodHljRjlvT200elNsSlFhMVZHWVd4UGNURlhabHBPZWxSSGJVRRAB,فتحي ابو ملك,https://www.google.com/maps/contrib/117145983304341600160/reviews?hl=en,5,3 months ago,,False,True,False,2026-09-25
P02,القرية الشعبية,الدمام,تراثي / ثقافي,https://maps.app.goo.gl/oNadKmXoFmk9e4Di9,Ci9DQUlRQUNvZENodHljRjlvT25OMU0wUnZNbHAwVlROR1gwczFiMHRhTVhsMWJXYxAB,Vijay Singh,https://www.google.com/maps/contrib/102099850677549440371/reviews?hl=en,5,3 months ago,,False,True,False,2026-09-25
P02,القرية الشعبية,الدمام,تراثي / ثقافي,https://maps.app.goo.gl/oNadKmXoFmk9e4Di9,Ci9DQUlRQUNvZENodHljRjlvT21aaFdHaGFNak5MYlZCRU5XeFVYM1ZPV1hGR1ozYxAB,Turky Aldossari,https://www.google.com/maps/contrib/102833631038299066471/reviews?hl=en,5,3 months ago,زرتهم بالعيد وكان عندي ضيوف جاين من خارج السعودية استمتعو بالاكل والاجواء الشعبيه و المتحف حاب اشكرهم على حسن الضيافه والتعامل,True,True,False,2026-09-25
P02,القرية الشعبية,الدمام,تراثي / ثقافي,https://maps.app.goo.gl/oNadKmXoFmk9e4Di9,Ci9DQUlRQUNvZENodHljRjlvT214clpHMTZPRnBGWjB4MVlYTk9XRjh3YVRaUGRWRRAB,FAHAD.M.AIDAYILI,https://www.google.com/maps/contrib/102184693728713653022/reviews?hl=en,5,3 months ago,"‏السلام عليكم ورحمة الله وبركاته صراحة المطعم غالي اكلهم نوعا ما طيب ولكن مو منطقي الموية بنصف 3
ريال (ولاحظت شي انه ما يعطونك الفاتورة)",True,True,False,2026-09-25
P02,القرية الشعبية,الدمام,تراثي / ثقافي,https://maps.app.goo.gl/oNadKmXoFmk9e4Di9,Ci9DQUlRQUNvZENodHljRjlvT21ZeFlsSm5RVTF3TjNWT2JETTJSRmt6WjNvd1JGRRAB,ibrahim alshayi,https://www.google.com/maps/contrib/111862517414782452580/reviews?hl=en,5,3 months ago,,False,True,False,2026-09-25
P02,القرية الشعبية,الدمام,تراثي / ثقافي,https://maps.app.goo.gl/oNadKmXoFmk9e4Di9,Ci9DQUlRQUNvZENodHljRjlvT21KcVlreHNhR0oyT1daNWQyTXlOV05SYWtKUFIxRRAB,وهج العجاجي,https://www.google.com/maps/contrib/109531861416120897540/reviews?hl=en,4,3 months ago,,False,True,False,2026-09-25
P02,القرية الشعبية,الدمام,تراثي / ثقافي,https://maps.app.goo.gl/oNadKmXoFmk9e4Di9,Ci9DQUlRQUNvZENodHljRjlvT2w5NVpsb3pTVGhHUXpRMGN6a3phVlI1TTFOcVFXYxAB,شريف مصطفي الكاملي,https://www.google.com/maps/contrib/113190767272405657575/reviews?hl=en,5,3 months ago,مكان جميل ورائع ويستحق الزيارة,True,True,False,2026-09-25
P02,القرية الشعبية,الدمام,تراثي / ثقافي,https://maps.app.goo.gl/oNadKmXoFmk9e4Di9,Ci9DQUlRQUNvZENodHljRjlvT25CMmRqbHpPV1JpWmtKdlJGWmtjRWRHTW1kVmRtYxAB,Anwar Abu Abdullah Bashiri,https://www.google.com/maps/contrib/102582370366138863135/reviews?hl=en,5,3 months ago,,False,True,False,2026-09-25
P02,القرية الشعبية,الدمام,تراثي / ثقافي,https://maps.app.goo.gl/oNadKmXoFmk9e4Di9,Ci9DQUlRQUNvZENodHljRjlvT21sNVRGcDNVbFpzTkVoVldHOXdiMHBwVmtOWE1WRRAB,عدنان الزمر,https://www.google.com/maps/contrib/102584824386828750941/reviews?hl=en,1,3 months ago,,False,True,False,2026-09-25
P02,القرية الشعبية,الدمام,تراثي / ثقافي,https://maps.app.goo.gl/oNadKmXoFmk9e4Di9,Ci9DQUlRQUNvZENodHljRjlvT2xCa1dFeEJWRFIzVHpOTGRWZGZSV3AyVWs5cVRGRRAB,Rafeek Meerasahib,https://www.google.com/maps/contrib/111102312076410505425/reviews?hl=en,1,3 months ago,,False,True,False,2026-09-25
P02,القرية الشعبية,الدمام,تراثي / ثقافي,https://maps.app.goo.gl/oNadKmXoFmk9e4Di9,Ci9DQUlRQUNvZENodHljRjlvT2tJeWJHaEZjMFZXUkZsc01WTmxiMmQwYUMxNE9YYxAB,بدر السماح,https://www.google.com/maps/contrib/115048939911167564536/reviews?hl=en,5,3 months ago,موقع جميل والاكل في غاية الروعة,True,True,False,2026-09-25
P02,القرية الشعبية,الدمام,تراثي / ثقافي,https://maps.app.goo.gl/oNadKmXoFmk9e4Di9,Ci9DQUlRQUNvZENodHljRjlvT2pod1JubDZTbTl2VG5WMk5YaHNSRjh6TW1wSlVGRRAB,Fadi Mustafa,https://www.google.com/maps/contrib/103184279847073224200/reviews?hl=en,5,3 months ago,"جميل جدا
شكرا لجميع الموظفين من الاستقبال لغاية الداخل",True,True,False,2026-09-25
P02,القرية الشعبية,الدمام,تراثي / ثقافي,https://maps.app.goo.gl/oNadKmXoFmk9e4Di9,Ci9DQUlRQUNvZENodHljRjlvT25BellXcFpjRVJ5TmtWSGFGZG9RbTk1TTI5UlFYYxAB,Radhi Awwami,https://www.google.com/maps/contrib/115090909028232588739/reviews?hl=en,5,3 months ago,ممتاز جداً، انصح بزيارته بعه متحف ومقتنيات سعودية اثرية,True,True,False,2026-09-25
P02,القرية الشعبية,الدمام,تراثي / ثقافي,https://maps.app.goo.gl/oNadKmXoFmk9e4Di9,Ci9DQUlRQUNvZENodHljRjlvT2tOek9XcDRYMGRIUlROUlZtMHdTMlZPT1U0d00yYxAB,الخايف من الله,https://www.google.com/maps/contrib/103939162604112448686/reviews?hl=en,5,3 months ago,,False,True,False,2026-09-25
P02,القرية الشعبية,الدمام,تراثي / ثقافي,https://maps.app.goo.gl/oNadKmXoFmk9e4Di9,Ci9DQUlRQUNvZENodHljRjlvT2pWeVZWRlhkbUZMTjFreVVqZEJNV3RUT1hGQ2FXYxAB,Dr Ahmed Ramadan د - احمد رمضان,https://www.google.com/maps/contrib/117813610358955373288/reviews?hl=en,4,3 months ago,,False,True,False,2026-09-25
P02,القرية الشعبية,الدمام,تراثي / ثقافي,https://maps.app.goo.gl/oNadKmXoFmk9e4Di9,Ci9DQUlRQUNvZENodHljRjlvT2tGWFJsWnlPRGhOUldaTlNHWm9hMEpYVm5oRlVsRRAB,هشام ابو الفهد,https://www.google.com/maps/contrib/116385571684655362666/reviews?hl=en,1,3 months ago,,False,True,False,2026-09-25
P02,القرية الشعبية,الدمام,تراثي / ثقافي,https://maps.app.goo.gl/oNadKmXoFmk9e4Di9,Ci9DQUlRQUNvZENodHljRjlvT2xGUWMyTlJSM05DYmtZemJYUkVkMTlrVG5Wb1RXYxAB,Awais Nazir,https://www.google.com/maps/contrib/112492499983781621654/reviews?hl=en,5,3 months ago,,False,True,False,2026-09-25
P02,القرية الشعبية,الدمام,تراثي / ثقافي,https://maps.app.goo.gl/oNadKmXoFmk9e4Di9,Ci9DQUlRQUNvZENodHljRjlvT25vM2FUazRNa3BUVkZaaVpVTnVhWEZxVWpob2JFRRAB,ماجد القحطاني,https://www.google.com/maps/contrib/109431223493579746962/reviews?hl=en,5,3 months ago,الله يعطيكم العافية,True,True,False,2026-09-25
P02,القرية الشعبية,الدمام,تراثي / ثقافي,https://maps.app.goo.gl/oNadKmXoFmk9e4Di9,Ci9DQUlRQUNvZENodHljRjlvT2psSFFXOTJWRU5yZFZSM1gxQXlWelpxZEdrMFJFRRAB,Rashad Almasri,https://www.google.com/maps/contrib/105040848607672887348/reviews?hl=en,5,3 months ago,,False,True,False,2026-09-25
P02,القرية الشعبية,الدمام,تراثي / ثقافي,https://maps.app.goo.gl/oNadKmXoFmk9e4Di9,Ci9DQUlRQUNvZENodHljRjlvT2xob1RYVXRNVzFwT1ZWM05XVnplbVZEY2s0MVJWRRAB,Saleh (QTR),https://www.google.com/maps/contrib/116280027903797487008/reviews?hl=en,5,3 months ago,بصراحة امس جيت من القرية العالمية ومستغرب ليش الكثير كان يذم هالمكان ورغم اني متحسف اني ماجيتها قبل..بصراحة المكان حلو وعائلي وشرح وانصح فيه وماعليكم من الكلام الي تسمعونه وونتمنى ان شاء الله السنة الجاية يكبرون القرية ويزيدون الفعاليات,True,True,False,2026-09-25
P02,القرية الشعبية,الدمام,تراثي / ثقافي,https://maps.app.goo.gl/oNadKmXoFmk9e4Di9,Ci9DQUlRQUNvZENodHljRjlvT2tSVU9WaENTRlJOV1d0YWRFZEtVMGgwVmpWcVVtYxAB,تشاليح الدمام,https://www.google.com/maps/contrib/103544184866658795386/reviews?hl=en,4,3 months ago,اعجبني حضورهم ولي زياره اخرا ان شاء الله,True,True,False,2026-09-25
P02,القرية الشعبية,الدمام,تراثي / ثقافي,https://maps.app.goo.gl/oNadKmXoFmk9e4Di9,Ci9DQUlRQUNvZENodHljRjlvT2pkTU5VMW5ZbFp2Y1VWTFZUUmZXbmh6V1dwWFRXYxAB,حسن علي,https://www.google.com/maps/contrib/117358604316152833338/reviews?hl=en,5,3 months ago,,False,True,False,2026-09-25
P02,القرية الشعبية,الدمام,تراثي / ثقافي,https://maps.app.goo.gl/oNadKmXoFmk9e4Di9,Ci9DQUlRQUNvZENodHljRjlvT2xKQ1RGSTBaVmd5UmtaeWRFWkZia3hpVDBkSlQzYxAB,SAEED ghamdi,https://www.google.com/maps/contrib/113317275023953410368/reviews?hl=en,4,3 months ago,,False,True,False,2026-09-25
P02,القرية الشعبية,الدمام,تراثي / ثقافي,https://maps.app.goo.gl/oNadKmXoFmk9e4Di9,Ci9DQUlRQUNvZENodHljRjlvT2toTVkyWjFNMU50UjFOdk9EUnlTMnRPTnpObFdWRRAB,novy,https://www.google.com/maps/contrib/104100828737043427962/reviews?hl=en,4,3 months ago,"الاكل لذيذ
الخدمه ممتازة
كل طبق كان لذيذ وكميته راهيه
لكن سعر الدخول مرتفع ٢٠ ريال للشخص
ولايتم احتسابه من ضمن فاتورة المطعم",True,True,False,2026-09-25
P02,القرية الشعبية,الدمام,تراثي / ثقافي,https://maps.app.goo.gl/oNadKmXoFmk9e4Di9,Ci9DQUlRQUNvZENodHljRjlvT2xGVFRXTjNaemRIWXkxNk1EUnNiMFJZTVRSbFgzYxAB,Muhammed S,https://www.google.com/maps/contrib/102460881816787040685/reviews?hl=en,5,3 months ago,مكان رائع بصراحة يستحق الزيارة,True,True,False,2026-09-25
P02,القرية الشعبية,الدمام,تراثي / ثقافي,https://maps.app.goo.gl/oNadKmXoFmk9e4Di9,Ci9DQUlRQUNvZENodHljRjlvT2poeGVuTjJiek14VldkRlUwWmhSMjFNVnpWTVNHYxAB,mohammed alaali,https://www.google.com/maps/contrib/114919537595653653281/reviews?hl=en,5,3 months ago,,False,True,False,2026-09-25
P02,القرية الشعبية,الدمام,تراثي / ثقافي,https://maps.app.goo.gl/oNadKmXoFmk9e4Di9,Ci9DQUlRQUNvZENodHljRjlvT21Oa04zTnRObDk1WlU5RVVUSm5OSGt0Y0VSS1RWRRAB,سامي سعيد الشمساني,https://www.google.com/maps/contrib/102461321619561629825/reviews?hl=en,5,3 months ago,,False,True,False,2026-09-25
P02,القرية الشعبية,الدمام,تراثي / ثقافي,https://maps.app.goo.gl/oNadKmXoFmk9e4Di9,Ci9DQUlRQUNvZENodHljRjlvT2pFNWVtcGlUbmxEYkZsUGMySlVWUzF2UTFaU05YYxAB,Ahmed Al Massari,https://www.google.com/maps/contrib/109516055180664076911/reviews?hl=en,1,3 months ago,الصراحة طلبنا ذبيحة العيد وللأسف الأكل لا يؤكل. المطعم يحتاج لإعادة تقييم الجودة الي لا يتناسب مع حجم واسم المطعم,True,True,False,2026-09-25
P02,القرية الشعبية,الدمام,تراثي / ثقافي,https://maps.app.goo.gl/oNadKmXoFmk9e4Di9,Ci9DQUlRQUNvZENodHljRjlvT21sSlJsZFJWblJXVFdaUlgwazVRelZLVUcxbmRIYxAB,amenohisensei,https://www.google.com/maps/contrib/108737484150178101536/reviews?hl=en,4,3 months ago,,False,True,False,2026-09-25
P02,القرية الشعبية,الدمام,تراثي / ثقافي,https://maps.app.goo.gl/oNadKmXoFmk9e4Di9,ChZDSUhNMG9nS0VNaUctWjN2bWJLNlFREAE,محمد العمري,https://www.google.com/maps/contrib/116180808865137396053/reviews?hl=en,2,Edited 3 months ago,,False,True,False,2026-09-25
P02,القرية الشعبية,الدمام,تراثي / ثقافي,https://maps.app.goo.gl/oNadKmXoFmk9e4Di9,Ci9DQUlRQUNvZENodHljRjlvT25weWVXaG5NbVJhUWpsYWNXdGZjVXBxWlVweFlYYxAB,ابوبدر,https://www.google.com/maps/contrib/105756478448564747855/reviews?hl=en,3,3 months ago,,False,True,False,2026-09-25
P02,القرية الشعبية,الدمام,تراثي / ثقافي,https://maps.app.goo.gl/oNadKmXoFmk9e4Di9,Ci9DQUlRQUNvZENodHljRjlvT2pjMFEzZFljRzluYmpoeFdXbFhOMVpxZGtaNWFVRRAB,sayd elmahdy,https://www.google.com/maps/contrib/117396830231901808048/reviews?hl=en,5,3 months ago,رائع,True,True,False,2026-09-25
P02,القرية الشعبية,الدمام,تراثي / ثقافي,https://maps.app.goo.gl/oNadKmXoFmk9e4Di9,Ci9DQUlRQUNvZENodHljRjlvT21sdU4yOXVhbm90YWt4RFgwbFpla05EY0haSFNXYxAB,Eng-Anas Sulaiman,https://www.google.com/maps/contrib/107630063964689058868/reviews?hl=en,1,3 months ago,ريحة الزباله وسخت الكورنيش,True,True,False,2026-09-25
P02,القرية الشعبية,الدمام,تراثي / ثقافي,https://maps.app.goo.gl/oNadKmXoFmk9e4Di9,Ci9DQUlRQUNvZENodHljRjlvT21wS1oxZ3lTRUZaV0hJNWRHWjVNbkZQUXpaSmJVRRAB,مُهنّد,https://www.google.com/maps/contrib/101362794412924043194/reviews?hl=en,3,3 months ago,"ذهبت للغداء وتم طلب دخول 20 ريال للشخص وللأسف ليست محسوبة ضمن سعر الطعام

يعني 4 أشخاص دفعنا 80 ريال

طيب أنا لا أرغب في زيارة المتحف لماذا أدفع دخول للمطعم",True,True,False,2026-09-25
P02,القرية الشعبية,الدمام,تراثي / ثقافي,https://maps.app.goo.gl/oNadKmXoFmk9e4Di9,Ci9DQUlRQUNvZENodHljRjlvT25CNFJVbFJaV05yVmtkU05GaE1hblJSYzFGT2NYYxAB,Abu Aabid Riyaz,https://www.google.com/maps/contrib/112947499694633578800/reviews?hl=en,5,3 months ago,"Nice
Good museum and good juice",False,True,False,2026-09-25
P02,القرية الشعبية,الدمام,تراثي / ثقافي,https://maps.app.goo.gl/oNadKmXoFmk9e4Di9,Ci9DQUlRQUNvZENodHljRjlvT2tsdGNrOXNZMEp1ZGtwRmVtbFJjVk52YW01QmQzYxAB,بدور الزهراني,https://www.google.com/maps/contrib/113208372434321551969/reviews?hl=en,5,3 months ago,,False,True,False,2026-09-25
P02,القرية الشعبية,الدمام,تراثي / ثقافي,https://maps.app.goo.gl/oNadKmXoFmk9e4Di9,Ci9DQUlRQUNvZENodHljRjlvT25VMFZHaFlNVm95TjNKWmJEbEVjQzFhWldaWGJYYxAB,Omar Al Matar,https://www.google.com/maps/contrib/106995181224614599475/reviews?hl=en,5,3 months ago,The place is Amazing. We enjoyed the experience. Special recognition to Mahboob who took care of our table. The service was a outstanding,False,True,False,2026-09-25
P02,القرية الشعبية,الدمام,تراثي / ثقافي,https://maps.app.goo.gl/oNadKmXoFmk9e4Di9,Ci9DQUlRQUNvZENodHljRjlvT2pkck1GWlVZMmx3Um5OelgwVnRjRUZPVGtKcGQwRRAB,André Van Balen,https://www.google.com/maps/contrib/117013139050648165643/reviews?hl=en,5,3 months ago,Really nice place to know more about the local history and local culture. The food is really good,False,True,False,2026-09-25
P02,القرية الشعبية,الدمام,تراثي / ثقافي,https://maps.app.goo.gl/oNadKmXoFmk9e4Di9,Ci9DQUlRQUNvZENodHljRjlvT25wbmQxOU9SVTFLVEV0Rlp6aHVXbmRITjBwSGQwRRAB,عبدالله بن علي,https://www.google.com/maps/contrib/105898152253167308008/reviews?hl=en,4,3 months ago,جميل جدا جداً,True,True,False,2026-09-25
P02,القرية الشعبية,الدمام,تراثي / ثقافي,https://maps.app.goo.gl/oNadKmXoFmk9e4Di9,Ci9DQUlRQUNvZENodHljRjlvT2xKUk5rd3lSMDgyU1VsNlEwbFVPSEZ6Y0ZaQlNXYxAB,Soumaya Khan,https://www.google.com/maps/contrib/117170122198016208494/reviews?hl=en,5,3 months ago,,False,True,False,2026-09-25
P02,القرية الشعبية,الدمام,تراثي / ثقافي,https://maps.app.goo.gl/oNadKmXoFmk9e4Di9,Ci9DQUlRQUNvZENodHljRjlvT2s1SFFXNVZTRlE1VjBGUlFXRmtUa0ZtUW5sUFNGRRAB,بلال الملاح,https://www.google.com/maps/contrib/102275278482670064969/reviews?hl=en,3,Edited 3 months ago,,False,True,False,2026-09-25
P02,القرية الشعبية,الدمام,تراثي / ثقافي,https://maps.app.goo.gl/oNadKmXoFmk9e4Di9,Ci9DQUlRQUNvZENodHljRjlvT2pSWFQyWXRWVmhrU0RkTVMyOVZRMTlQVm1Kck9WRRAB,S.H,https://www.google.com/maps/contrib/106690758038666901494/reviews?hl=en,5,3 months ago,المكان جميل ويعتبر متحف مصغر ..,True,True,False,2026-09-25
P02,القرية الشعبية,الدمام,تراثي / ثقافي,https://maps.app.goo.gl/oNadKmXoFmk9e4Di9,Ci9DQUlRQUNvZENodHljRjlvT2tGM05uWmtjRmxrVm1aeE1GVlBWek16TmpSdGNsRRAB,Ammar Zrkly,https://www.google.com/maps/contrib/101382497066441725027/reviews?hl=en,3,3 months ago,"المكان رائع و تجربه جميلة جدا ومختلفه .. لكن الاكل ربي يكرم النعمة ماقدرنا ناكل منه لقمة و بلغنا الموظف انه مزنخ وراح ماعاد رجع صراحة خاب املي في الاكل كثير 🫣🫠

حتى الدخوليه سعرها مرتفع اذا كان عدد الاشخاص كثار لعائله كبيرة،  ممكن يسوون حركة ذكيه انها تنخصم من اجمالي اي فاتورة من الداخل سواء في المطعم او السوق",True,True,False,2026-09-25
P02,القرية الشعبية,الدمام,تراثي / ثقافي,https://maps.app.goo.gl/oNadKmXoFmk9e4Di9,Ci9DQUlRQUNvZENodHljRjlvT25sRFUwbFBTWFIxZVZFMlFVSjZYMlo0Y1RGYVNWRRAB,maakaa almmlka,https://www.google.com/maps/contrib/107835784681711078743/reviews?hl=en,5,3 months ago,,False,True,False,2026-09-25
P02,القرية الشعبية,الدمام,تراثي / ثقافي,https://maps.app.goo.gl/oNadKmXoFmk9e4Di9,Ci9DQUlRQUNvZENodHljRjlvT201NFpGTnRabmhpYm0xeFNYVnRTbGhZYjFSRE1WRRAB,ماجد النعيم,https://www.google.com/maps/contrib/116780223460291581411/reviews?hl=en,5,3 months ago,,False,True,False,2026-09-25
P02,القرية الشعبية,الدمام,تراثي / ثقافي,https://maps.app.goo.gl/oNadKmXoFmk9e4Di9,Ci9DQUlRQUNvZENodHljRjlvT2tGd1EyMXZRVGRKTFdoV1MzaG9VVEJwUkdZeGQyYxAB,Mohammed Shalaby,https://www.google.com/maps/contrib/116621061430538961283/reviews?hl=en,5,3 months ago,,False,True,False,2026-09-25
P02,القرية الشعبية,الدمام,تراثي / ثقافي,https://maps.app.goo.gl/oNadKmXoFmk9e4Di9,Ci9DQUlRQUNvZENodHljRjlvT2pWeGNVODNhWEprUmw5SFNHdHpkMWhhWVVKa2EwRRAB,sarah khan,https://www.google.com/maps/contrib/114686471455098025611/reviews?hl=en,5,3 months ago,"We had a really good time here! The culture, art, history everything was wonderful. There was so much attention to details. Mehboob was really kind and guided us through the whole experience! The food was amazing.",False,True,False,2026-09-25
P02,القرية الشعبية,الدمام,تراثي / ثقافي,https://maps.app.goo.gl/oNadKmXoFmk9e4Di9,Ci9DQUlRQUNvZENodHljRjlvT2xGSmF6QmlVMGhNYTJWWWRVY3dSVFpPYkdwSlJuYxAB,Islam Ahmed,https://www.google.com/maps/contrib/112527819909611390083/reviews?hl=en,5,3 months ago,,False,True,False,2026-09-25
P02,القرية الشعبية,الدمام,تراثي / ثقافي,https://maps.app.goo.gl/oNadKmXoFmk9e4Di9,Ci9DQUlRQUNvZENodHljRjlvT2tsdmFVY3dSR05RUTFaaFgxaE1ZalJCWjAxb1NrRRAB,cyriac mathew,https://www.google.com/maps/contrib/114760751038428613533/reviews?hl=en,5,3 months ago,,False,True,False,2026-09-25
P02,القرية الشعبية,الدمام,تراثي / ثقافي,https://maps.app.goo.gl/oNadKmXoFmk9e4Di9,Ci9DQUlRQUNvZENodHljRjlvT2xWcGJVbFhTRUptUjBORmVUVjJabE5LUzFWNU9WRRAB,Blooming in shadows,https://www.google.com/maps/contrib/103883478161058500359/reviews?hl=en,5,3 months ago,Amazing experience.,False,True,False,2026-09-25
P02,القرية الشعبية,الدمام,تراثي / ثقافي,https://maps.app.goo.gl/oNadKmXoFmk9e4Di9,Ci9DQUlRQUNvZENodHljRjlvT25Wd01qWXphbE0yVG5wWGVuSlZWbE15U0RobGRGRRAB,Eslam Abdel Aziz,https://www.google.com/maps/contrib/109380471235911367851/reviews?hl=en,5,Edited 3 months ago,,False,True,False,2026-09-25
P02,القرية الشعبية,الدمام,تراثي / ثقافي,https://maps.app.goo.gl/oNadKmXoFmk9e4Di9,Ci9DQUlRQUNvZENodHljRjlvT2xoYVZXZzBZa3A2Y1VaVWJVMUJkblUzV25ocU4xRRAB,Moustafa Eissa,https://www.google.com/maps/contrib/103592426054037137592/reviews?hl=en,5,3 months ago,,False,True,False,2026-09-25
P02,القرية الشعبية,الدمام,تراثي / ثقافي,https://maps.app.goo.gl/oNadKmXoFmk9e4Di9,Ci9DQUlRQUNvZENodHljRjlvT2paaFZtTkpZbmxHUVRkek5IbzRVMHhRVXpsWWRVRRAB,Ahmed_b,https://www.google.com/maps/contrib/104695831425806648332/reviews?hl=en,5,3 months ago,,False,True,False,2026-09-25
P02,القرية الشعبية,الدمام,تراثي / ثقافي,https://maps.app.goo.gl/oNadKmXoFmk9e4Di9,Ci9DQUlRQUNvZENodHljRjlvT21wclVFWklWaTFuTkVOT1JGOXBWR2RFVHpSbWNGRRAB,Suman Chaudhary,https://www.google.com/maps/contrib/113604484984214431719/reviews?hl=en,5,3 months ago,,False,True,False,2026-09-25
P02,القرية الشعبية,الدمام,تراثي / ثقافي,https://maps.app.goo.gl/oNadKmXoFmk9e4Di9,Ci9DQUlRQUNvZENodHljRjlvT25odVdVVjBSWEpTVW5sWWRrNVhkRkJRVFdoQ1ZHYxAB,فريج الشمري,https://www.google.com/maps/contrib/102351869407550647255/reviews?hl=en,4,4 months ago,ممتاز جدآ,True,True,False,2026-09-25
P02,القرية الشعبية,الدمام,تراثي / ثقافي,https://maps.app.goo.gl/oNadKmXoFmk9e4Di9,Ci9DQUlRQUNvZENodHljRjlvT2padUxXTnNlRlJQVDNaVWJHTkNVVjl2WVhSR1NrRRAB,Awadh Al gahtani,https://www.google.com/maps/contrib/105694159580190880978/reviews?hl=en,3,4 months ago,Good,False,True,False,2026-09-25
P02,القرية الشعبية,الدمام,تراثي / ثقافي,https://maps.app.goo.gl/oNadKmXoFmk9e4Di9,Ci9DQUlRQUNvZENodHljRjlvT20xb2VXcG5XVmxvV1ZwU2NWQktibEV3YjNCTk1VRRAB,عمر الذبحاني,https://www.google.com/maps/contrib/111344636235548040742/reviews?hl=en,5,4 months ago,👌👍👍 …,False,True,True,2026-09-25
P02,القرية الشعبية,الدمام,تراثي / ثقافي,https://maps.app.goo.gl/oNadKmXoFmk9e4Di9,Ci9DQUlRQUNvZENodHljRjlvT2xoRVRtUjFYMjlrTFZWRlJYbHhNMlJzUjBveWFFRRAB,Razaq Net,https://www.google.com/maps/contrib/100007977113043102609/reviews?hl=en,4,Edited 4 months ago,ممتازة للعوائل والاجتماع مع الاصحاب باجواء تراثيه قديمه والاستمتاع بالمتحف التراثي والسيارات الكلاسيكيه ولا ننسى جودة الطعام والطاقم جدا ودود وبالاخص المهندس فايز الاحمد,True,True,False,2026-09-25
P02,القرية الشعبية,الدمام,تراثي / ثقافي,https://maps.app.goo.gl/oNadKmXoFmk9e4Di9,Ci9DQUlRQUNvZENodHljRjlvT2xOelVsbFpOalZ3UkZoa2JpMW5NSFl6WWxVeGNrRRAB,Shamah,https://www.google.com/maps/contrib/112079025505899471719/reviews?hl=en,5,4 months ago,المكان جميل والعاملين لطيفين جداً وخدومين,True,True,False,2026-09-25
P02,القرية الشعبية,الدمام,تراثي / ثقافي,https://maps.app.goo.gl/oNadKmXoFmk9e4Di9,Ci9DQUlRQUNvZENodHljRjlvT2tOM01EZEVTRGxQWm5kcmVFazVOMlZqYzA1R2IxRRAB,Art Fatemah sa,https://www.google.com/maps/contrib/112025399761941944247/reviews?hl=en,1,4 months ago,تعامل سىء جدا من الموظفين,True,True,False,2026-09-25
P02,القرية الشعبية,الدمام,تراثي / ثقافي,https://maps.app.goo.gl/oNadKmXoFmk9e4Di9,Ci9DQUlRQUNvZENodHljRjlvT2pCVmRrTmxUbFpzWWxCS1dHWmFjV2RvVTFKVGVFRRAB,Syed Ameeruddin,https://www.google.com/maps/contrib/111133390772848105665/reviews?hl=en,5,4 months ago,,False,True,False,2026-09-25
P02,القرية الشعبية,الدمام,تراثي / ثقافي,https://maps.app.goo.gl/oNadKmXoFmk9e4Di9,Ci9DQUlRQUNvZENodHljRjlvT2pZNWVqa3hjMkZDUXpOaVpXdFRlalZRYTFwck5uYxAB,H azm,https://www.google.com/maps/contrib/116477742850029397767/reviews?hl=en,5,4 months ago,ممتع,True,True,False,2026-09-25
P02,القرية الشعبية,الدمام,تراثي / ثقافي,https://maps.app.goo.gl/oNadKmXoFmk9e4Di9,Ci9DQUlRQUNvZENodHljRjlvT2pWWll6QnpOR2RYTlRKaVIyWkZjRTFmYWtwaVZrRRAB,Zinaa H.,https://www.google.com/maps/contrib/107192307991897706004/reviews?hl=en,3,4 months ago,,False,True,False,2026-09-25
P02,القرية الشعبية,الدمام,تراثي / ثقافي,https://maps.app.goo.gl/oNadKmXoFmk9e4Di9,Ci9DQUlRQUNvZENodHljRjlvT25WRGJTMVZSazltVWpCa01IUXpYMG90V0ZBeWExRRAB,Khalid,https://www.google.com/maps/contrib/102268729354381427163/reviews?hl=en,5,4 months ago,,False,True,False,2026-09-25
P02,القرية الشعبية,الدمام,تراثي / ثقافي,https://maps.app.goo.gl/oNadKmXoFmk9e4Di9,Ci9DQUlRQUNvZENodHljRjlvT2xSV1IyOHdOV1ZzT0hKNFFVZEllRGRJT1hOQk5IYxAB,ديكورات الدمام,https://www.google.com/maps/contrib/115368209666177507042/reviews?hl=en,5,4 months ago,,False,True,False,2026-09-25
P02,القرية الشعبية,الدمام,تراثي / ثقافي,https://maps.app.goo.gl/oNadKmXoFmk9e4Di9,Ci9DQUlRQUNvZENodHljRjlvT25kWFNYRk5YM2xhVkcxVE1sWkxUQzFCVVZST2VVRRAB,Ibrahim AlSafra,https://www.google.com/maps/contrib/110612134702576793268/reviews?hl=en,5,4 months ago,اول مرة ازورهم وماشالله اكلهم وجلساتهم رائعة,True,True,False,2026-09-25
P02,القرية الشعبية,الدمام,تراثي / ثقافي,https://maps.app.goo.gl/oNadKmXoFmk9e4Di9,Ci9DQUlRQUNvZENodHljRjlvT21KRVEzcGZPVXRuU0RSblRVZEJObUp5TWsxbVkzYxAB,M Alyami,https://www.google.com/maps/contrib/109851631255036113045/reviews?hl=en,5,4 months ago,,False,True,False,2026-09-25
P02,القرية الشعبية,الدمام,تراثي / ثقافي,https://maps.app.goo.gl/oNadKmXoFmk9e4Di9,Ci9DQUlRQUNvZENodHljRjlvT25NMVlrd3RjR0p5VVRkcmMwTmFUV3BPYmpoeFlXYxAB,نواف الشمري,https://www.google.com/maps/contrib/101524921309057170885/reviews?hl=en,5,4 months ago,,False,True,False,2026-09-25
P02,القرية الشعبية,الدمام,تراثي / ثقافي,https://maps.app.goo.gl/oNadKmXoFmk9e4Di9,Ci9DQUlRQUNvZENodHljRjlvT2poUFlXRTBaM1ZmTFV3NWNWcEZWWE5ZUldwbFIzYxAB,Lolo Balolo,https://www.google.com/maps/contrib/113036646570219424156/reviews?hl=en,5,4 months ago,المكان روعه وانصح الكل يزوره جميل بكل تفاصيله,True,True,False,2026-09-25
P02,القرية الشعبية,الدمام,تراثي / ثقافي,https://maps.app.goo.gl/oNadKmXoFmk9e4Di9,Ci9DQUlRQUNvZENodHljRjlvT21FdGJXVnJUbE5XY21FMlJHaFFkbmRNU2xsTmVrRRAB,AMANY ALHAJRY,https://www.google.com/maps/contrib/101039992641844134627/reviews?hl=en,5,4 months ago,مكان سياحي,True,True,False,2026-09-25
P02,القرية الشعبية,الدمام,تراثي / ثقافي,https://maps.app.goo.gl/oNadKmXoFmk9e4Di9,Ci9DQUlRQUNvZENodHljRjlvT21SaFJuZHJOMGRxUWxRdFFuQjJkbTlVVUdkUVkxRRAB,مشعل القلعي,https://www.google.com/maps/contrib/118360060651654177560/reviews?hl=en,5,4 months ago,,False,True,False,2026-09-25
P02,القرية الشعبية,الدمام,تراثي / ثقافي,https://maps.app.goo.gl/oNadKmXoFmk9e4Di9,Ci9DQUlRQUNvZENodHljRjlvT25sWWQzZFpTR0ZqUm1SbmRrZExlbEk1TUhrNVFYYxAB,كوخ ريفي تنومة,https://www.google.com/maps/contrib/101368119832581322002/reviews?hl=en,5,4 months ago,رائع,True,True,False,2026-09-25
P02,القرية الشعبية,الدمام,تراثي / ثقافي,https://maps.app.goo.gl/oNadKmXoFmk9e4Di9,Ci9DQUlRQUNvZENodHljRjlvT25OdlNVOUVYMDgyYWtJd1UwbGhjR2RsWjB0RVMwRRAB,Rana Sikandar G,https://www.google.com/maps/contrib/115919271058918941832/reviews?hl=en,5,4 months ago,,False,True,False,2026-09-25
P02,القرية الشعبية,الدمام,تراثي / ثقافي,https://maps.app.goo.gl/oNadKmXoFmk9e4Di9,Ci9DQUlRQUNvZENodHljRjlvT21FeWRrRXdZbWx6ZERKcVVHVm5ZMUJFVjBRelMxRRAB,Zein Mostafa,https://www.google.com/maps/contrib/117578588902932541809/reviews?hl=en,4,4 months ago,,False,True,False,2026-09-25
P02,القرية الشعبية,الدمام,تراثي / ثقافي,https://maps.app.goo.gl/oNadKmXoFmk9e4Di9,Ci9DQUlRQUNvZENodHljRjlvT205RFZXWTNTRGxDUWxKSllXUk1ZMmQxVjJVd2QwRRAB,ᴛʜɪɴᴋ “‌ ‌ ‌ ‌ ‌ ‌ ‌ ‌ ‌ ‌” ᴘsᴛᴠ,https://www.google.com/maps/contrib/103292593783775141321/reviews?hl=en,5,4 months ago,,False,True,False,2026-09-25
P02,القرية الشعبية,الدمام,تراثي / ثقافي,https://maps.app.goo.gl/oNadKmXoFmk9e4Di9,Ci9DQUlRQUNvZENodHljRjlvT2xsdlRHUjJaa2xCZGkwMlN6WldWSGs1YlhGa1NWRRAB,Mansour Hamdan,https://www.google.com/maps/contrib/117599662243423638385/reviews?hl=en,5,4 months ago,,False,True,False,2026-09-25
P02,القرية الشعبية,الدمام,تراثي / ثقافي,https://maps.app.goo.gl/oNadKmXoFmk9e4Di9,Ci9DQUlRQUNvZENodHljRjlvT2xaWFRsQnJRVXhJZFdkWVRGRkNUMlJIWWprNFRuYxAB,Abdulelah A,https://www.google.com/maps/contrib/117642449862140199893/reviews?hl=en,5,4 months ago,"المكان يستحق الزيارة ، والاكل جميل جداً ونظيف وخيارات كبيرة ومتنوعة  ، الخدمة ممتازة جداً

والشكر للموظفة فاطمة على استقبالها واخلاقها الرفيعه
وشكرا لكم جميعاً",True,True,False,2026-09-25
P02,القرية الشعبية,الدمام,تراثي / ثقافي,https://maps.app.goo.gl/oNadKmXoFmk9e4Di9,Ci9DQUlRQUNvZENodHljRjlvT2pKWGVHNVJkR3RsYTJWbVYzRlJXa05tWVdsTGVIYxAB,Feras Alseed,https://www.google.com/maps/contrib/100325839140883717181/reviews?hl=en,5,4 months ago,,False,True,False,2026-09-25
P02,القرية الشعبية,الدمام,تراثي / ثقافي,https://maps.app.goo.gl/oNadKmXoFmk9e4Di9,Ci9DQUlRQUNvZENodHljRjlvT2tWdVJHSmpkR1pNYjNkeE9WTlBOVlUxTkRWb1RuYxAB,Raouf Beaini,https://www.google.com/maps/contrib/109527913909256746374/reviews?hl=en,5,4 months ago,,False,True,False,2026-09-25
P02,القرية الشعبية,الدمام,تراثي / ثقافي,https://maps.app.goo.gl/oNadKmXoFmk9e4Di9,Ci9DQUlRQUNvZENodHljRjlvT2psWWFuaE9MWE4xVlZCclgzaFpMVEI1WjNwQ1ZFRRAB,ابومعتز 99,https://www.google.com/maps/contrib/117824734621164019602/reviews?hl=en,5,4 months ago,,False,True,False,2026-09-25
P02,القرية الشعبية,الدمام,تراثي / ثقافي,https://maps.app.goo.gl/oNadKmXoFmk9e4Di9,Ci9DQUlRQUNvZENodHljRjlvT2pnNFdGZHlia2ROZWxBeFVXRkdlbVkxWkd4U01YYxAB,Husain Husain,https://www.google.com/maps/contrib/113019813095809727038/reviews?hl=en,5,4 months ago,"تستحق الزيارة
مكان كبير و كباين شرحة و جلسات ارضية و اكل لذيذ خمس نجوم. فيه رسوم دخول ٢٠ ريال للبالغين فقط مع دخول مجاني في تكرار الزيارة.",True,True,False,2026-09-25
P02,القرية الشعبية,الدمام,تراثي / ثقافي,https://maps.app.goo.gl/oNadKmXoFmk9e4Di9,Ci9DQUlRQUNvZENodHljRjlvT21WelVqZFpaa0U0VmxndFpubHZYM00zWkdKeVJFRRAB,RAKAN Also,https://www.google.com/maps/contrib/106784617728035388673/reviews?hl=en,5,4 months ago,,False,True,False,2026-09-25
P02,القرية الشعبية,الدمام,تراثي / ثقافي,https://maps.app.goo.gl/oNadKmXoFmk9e4Di9,Ci9DQUlRQUNvZENodHljRjlvT2pkcU9HcDVUMWhZUldKcVRXODJlbmhGWWxabFlYYxAB,Abdullah Alqahtani,https://www.google.com/maps/contrib/113832970283329682609/reviews?hl=en,5,4 months ago,مكان جميل يستحق الزياره,True,True,False,2026-09-25
P02,القرية الشعبية,الدمام,تراثي / ثقافي,https://maps.app.goo.gl/oNadKmXoFmk9e4Di9,Ci9DQUlRQUNvZENodHljRjlvT2pkVldFZGhOMFU0VlZCVVJsbExibUpDYlVwd1ozYxAB,mohammed alali,https://www.google.com/maps/contrib/101693270920019663089/reviews?hl=en,5,4 months ago,,False,True,False,2026-09-25
P02,القرية الشعبية,الدمام,تراثي / ثقافي,https://maps.app.goo.gl/oNadKmXoFmk9e4Di9,Ci9DQUlRQUNvZENodHljRjlvT21KSlJFMUNPVWw2ZHpGNVJUZDNiVWhMV1UxcmJtYxAB,شادي ابو محمد,https://www.google.com/maps/contrib/112948960621339797275/reviews?hl=en,2,4 months ago,الأكل غالي مرة ولاطعم والخبز قاسي,True,True,False,2026-09-25
P02,القرية الشعبية,الدمام,تراثي / ثقافي,https://maps.app.goo.gl/oNadKmXoFmk9e4Di9,Ci9DQUlRQUNvZENodHljRjlvT2toS05IcE1Zek42YmtSdVZrUTFXR0pLYTJFMU9WRRAB,Jiya Shaikh,https://www.google.com/maps/contrib/103620765678080634034/reviews?hl=en,5,4 months ago,"Its a very good place, good for antiques and vintage vibe",False,True,False,2026-09-25
P02,القرية الشعبية,الدمام,تراثي / ثقافي,https://maps.app.goo.gl/oNadKmXoFmk9e4Di9,Ci9DQUlRQUNvZENodHljRjlvT2xjNFpDMXZWRW93YmtoTE5XZE1aWEZLVGpZelYxRRAB,ام عبدالملك الحربي,https://www.google.com/maps/contrib/112544583981473958277/reviews?hl=en,4,4 months ago,"الفطور عندهم صراحة لذيذ أخذنا كبدة ولذييذة
وشكشوكة كذلك لذيذة يستحق الزيارة",True,True,False,2026-09-25
P02,القرية الشعبية,الدمام,تراثي / ثقافي,https://maps.app.goo.gl/oNadKmXoFmk9e4Di9,Ci9DQUlRQUNvZENodHljRjlvT2t4eWVsaE9SMmg1YXpOU2RVaFJNbGszV0Rkb2VGRRAB,Omar Alsofi,https://www.google.com/maps/contrib/106368094382482333545/reviews?hl=en,4,4 months ago,,False,True,False,2026-09-25
P02,القرية الشعبية,الدمام,تراثي / ثقافي,https://maps.app.goo.gl/oNadKmXoFmk9e4Di9,Ci9DQUlRQUNvZENodHljRjlvT21SWWNFNXBZM2c1VkMxd1gxZzBXRXREYzNCQmEyYxAB,ممث مم,https://www.google.com/maps/contrib/104301543838015051696/reviews?hl=en,5,4 months ago,ممتازه وجه سياحيه,True,True,False,2026-09-25
P02,القرية الشعبية,الدمام,تراثي / ثقافي,https://maps.app.goo.gl/oNadKmXoFmk9e4Di9,Ci9DQUlRQUNvZENodHljRjlvT2xGSmQwVTBia1YwUkVFMlExcEhUbDgzYzJGR05sRRAB,TALAL AlGHAMDI,https://www.google.com/maps/contrib/108031263302222435141/reviews?hl=en,4,4 months ago,,False,True,False,2026-09-25
P02,القرية الشعبية,الدمام,تراثي / ثقافي,https://maps.app.goo.gl/oNadKmXoFmk9e4Di9,Ci9DQUlRQUNvZENodHljRjlvT2xOdWRXbEhiVWRhU0dWS1QxVk1ka1JEV1ZkaVExRRAB,Abdalwahab alqahtani,https://www.google.com/maps/contrib/101293531570826160733/reviews?hl=en,5,4 months ago,,False,True,False,2026-09-25
P02,القرية الشعبية,الدمام,تراثي / ثقافي,https://maps.app.goo.gl/oNadKmXoFmk9e4Di9,Ci9DQUlRQUNvZENodHljRjlvT21Gc2NUWlhkekUzU0dVeFkwbEJSbGRxV25WT1RrRRAB,Abdullah Alghafli,https://www.google.com/maps/contrib/111168965221759319109/reviews?hl=en,5,4 months ago,,False,True,False,2026-09-25
P02,القرية الشعبية,الدمام,تراثي / ثقافي,https://maps.app.goo.gl/oNadKmXoFmk9e4Di9,Ci9DQUlRQUNvZENodHljRjlvT21KdWMyUXdVMkl5UkRkbVJHVjNiaTFzYzNoRExWRRAB,abdullah alghuribi,https://www.google.com/maps/contrib/100980802159619620603/reviews?hl=en,5,4 months ago,,False,True,False,2026-09-25
P02,القرية الشعبية,الدمام,تراثي / ثقافي,https://maps.app.goo.gl/oNadKmXoFmk9e4Di9,Ci9DQUlRQUNvZENodHljRjlvT2xkVGRIQXRSM2d0WDIxYVdVRXpSRU5CYkhkeVFVRRAB,Najlakm,https://www.google.com/maps/contrib/108694276139532151640/reviews?hl=en,4,4 months ago,,False,True,False,2026-09-25
P02,القرية الشعبية,الدمام,تراثي / ثقافي,https://maps.app.goo.gl/oNadKmXoFmk9e4Di9,Ci9DQUlRQUNvZENodHljRjlvT2pSMWVWVk1VRkZ5U2pjMGIzSjNNMjVuZUdWM1oxRRAB,Al Hashemi Al Hashemi,https://www.google.com/maps/contrib/100817946250610214135/reviews?hl=en,1,4 months ago,السلام عليكم كيف أتواصل مع الادارة,True,True,False,2026-09-25
P02,القرية الشعبية,الدمام,تراثي / ثقافي,https://maps.app.goo.gl/oNadKmXoFmk9e4Di9,Ci9DQUlRQUNvZENodHljRjlvT2xKbE9XaHhNM016YlVoRlh6TnBMWHB5VmtreFQxRRAB,Abo Saeed,https://www.google.com/maps/contrib/110487292897126573504/reviews?hl=en,5,4 months ago,"*القرية الشعبية بالدمام - Dammam Heritage Village*
مطعم تراثي ضخم ومزار سياحي مصمم على شكل قلعة طينية تحاكي القرى النجدية القديمة. وجهة مفضلة لتجربة الأكل السعودي الأصيل والأجواء التراثية.

*وش تلقى فيه:*
1. *المطعم التراثي*: أشهر جزء فيها. يقدم مندي، مضغوط، جريش، قرصان، ومشاوي على أصولها، مع جلسات أرضية ومجالس عربية داخل أقسام تشبه بيوت الطين القديمة.
2. *المتحف المصغر*: أقسام تعرض أدوات تراثية، ملابس شعبية، وأواني قديمة تعكس حياة أهل المنطقة قبل 50-70 سنة.
3. *السوق الشعبي*: محلات صغيرة تبيع تحف، هدايا تراثية، عطور، وبخور داخل ممرات تشبه الأسواق القديمة.
4. *التصميم المعماري*: مبنى ضخم على شكل حصن من الطين والخشب، مع أبراج وممرات ضيقة تعطي إحساس القرية القديمة. يعتبر نقطة تصوير مشهورة.

*الموقع*: حي الشاطئ الغربي، طريق الكورنيش، الدمام. قريب من كورنيش الدمام وجزيرة المرجان.
*الأجواء*: مزدحمة خصوصًا وقت الغداء والعشاء وعطلة نهاية الأسبوع. الأجواء عائلية ورسمية نوعًا ما. الأسعار أعلى من المتوسط بسبب الموقع والطابع السياحي.
*التوقيت*: مفتوح يوميًا من الظهر لـ 1 صباحًا تقريبًا.

*نصيحة*: لو تبغى جلسة هادئة روح بدري قبل 7 المساء، واطلب ""سفرة شعبية"" لشخصين أو أكثر عشان تجرب أكثر من صنف.",True,True,False,2026-09-25
P02,القرية الشعبية,الدمام,تراثي / ثقافي,https://maps.app.goo.gl/oNadKmXoFmk9e4Di9,Ci9DQUlRQUNvZENodHljRjlvT2xKNVRFSlZORXBKYlVGSlFuVm1lbU5ZUVdJM1EyYxAB,ALAYAD !,https://www.google.com/maps/contrib/105574377970682440512/reviews?hl=en,4,4 months ago,"انتبهوا لمواعيد العمل عندهم
مايفتحون الا الساعه ١٢ الظهر",True,True,False,2026-09-25
P02,القرية الشعبية,الدمام,تراثي / ثقافي,https://maps.app.goo.gl/oNadKmXoFmk9e4Di9,Ci9DQUlRQUNvZENodHljRjlvT2xKaFRscEdNMUZOVmxJNVMyOTFUbE5KT1U1aVgyYxAB,Shaikh Mujeb,https://www.google.com/maps/contrib/103948098591833879708/reviews?hl=en,4,4 months ago,,False,True,False,2026-09-25
P02,القرية الشعبية,الدمام,تراثي / ثقافي,https://maps.app.goo.gl/oNadKmXoFmk9e4Di9,Ci9DQUlRQUNvZENodHljRjlvT2s1RE5scEVia04zVFhoYWMwUjVNM0EzZFdoR05HYxAB,سحر عبدالله,https://www.google.com/maps/contrib/111782726758556176538/reviews?hl=en,5,4 months ago,المكان جميل جدا جدا,True,True,False,2026-09-25
P02,القرية الشعبية,الدمام,تراثي / ثقافي,https://maps.app.goo.gl/oNadKmXoFmk9e4Di9,Ci9DQUlRQUNvZENodHljRjlvT2pkNFFWcFpkVXc1ZDNOaVYxSm5VV3c0ZUdKeGIyYxAB,Husametin Latifeci,https://www.google.com/maps/contrib/115431075230718500646/reviews?hl=en,5,4 months ago,Mükemmel harika yer,True,True,False,2026-09-25
P02,القرية الشعبية,الدمام,تراثي / ثقافي,https://maps.app.goo.gl/oNadKmXoFmk9e4Di9,Ci9DQUlRQUNvZENodHljRjlvT25GbVoyUldSRXhsVERZMlRGWTFSalp5U2t4blEwRRAB,عبدلله علي,https://www.google.com/maps/contrib/112947524320032721258/reviews?hl=en,5,4 months ago,المكان راقي  خصوصاً السكرتي عبدلله يساعدك ب اي شي,True,True,False,2026-09-25
P02,القرية الشعبية,الدمام,تراثي / ثقافي,https://maps.app.goo.gl/oNadKmXoFmk9e4Di9,Ci9DQUlRQUNvZENodHljRjlvT2pKa1IwTTBVbTlRU0VkNFlWQm5RV1ZKUldkbFJXYxAB,زهراء هزازي,https://www.google.com/maps/contrib/101902793902635012786/reviews?hl=en,5,4 months ago,مشاء الله المكان جداً جميل,True,True,False,2026-09-25
P02,القرية الشعبية,الدمام,تراثي / ثقافي,https://maps.app.goo.gl/oNadKmXoFmk9e4Di9,Ci9DQUlRQUNvZENodHljRjlvT2xkaVpFNW5NSE00TW5sb1NrdExNMVk1VlRJMmNXYxAB,m93_ o0,https://www.google.com/maps/contrib/113199888160844909469/reviews?hl=en,5,4 months ago,,False,True,False,2026-09-25
P02,القرية الشعبية,الدمام,تراثي / ثقافي,https://maps.app.goo.gl/oNadKmXoFmk9e4Di9,Ci9DQUlRQUNvZENodHljRjlvT2xKUWN6TlJabGx5WDBScFVtcEtSbE5yZVZSVVNrRRAB,Hussein AL-Ress,https://www.google.com/maps/contrib/103859969356647474980/reviews?hl=en,4,4 months ago,,False,True,False,2026-09-25
P02,القرية الشعبية,الدمام,تراثي / ثقافي,https://maps.app.goo.gl/oNadKmXoFmk9e4Di9,Ci9DQUlRQUNvZENodHljRjlvT21saU1ISXhiREZDVmtWeVdWOUxOMWQzYjNOclNtYxAB,ayman aljohani,https://www.google.com/maps/contrib/112012271592011625146/reviews?hl=en,5,4 months ago,,False,True,False,2026-09-25
P02,القرية الشعبية,الدمام,تراثي / ثقافي,https://maps.app.goo.gl/oNadKmXoFmk9e4Di9,Ci9DQUlRQUNvZENodHljRjlvT2xwZlJYbHdRMDl4ZFdkNE1XNVVMV0Z5TW5WUlduYxAB,Almalahi 2030,https://www.google.com/maps/contrib/104628346780085892811/reviews?hl=en,5,4 months ago,,False,True,False,2026-09-25
P02,القرية الشعبية,الدمام,تراثي / ثقافي,https://maps.app.goo.gl/oNadKmXoFmk9e4Di9,Ci9DQUlRQUNvZENodHljRjlvT25JeGF6QjRPR3hoVERCbFNUVjBNbmRtTlV0MFYzYxAB,Mostafa Kandil,https://www.google.com/maps/contrib/117432336839482161510/reviews?hl=en,5,4 months ago,,False,True,False,2026-09-25
P02,القرية الشعبية,الدمام,تراثي / ثقافي,https://maps.app.goo.gl/oNadKmXoFmk9e4Di9,Ci9DQUlRQUNvZENodHljRjlvT25OaFZsZGlSVnA1YjJkRGMwcEhaV0ZwVmpaMWNFRRAB,مؤسسة لؤلؤة منار الخليج للزجاج والمرايا,https://www.google.com/maps/contrib/102557111658230212980/reviews?hl=en,5,4 months ago,,False,True,False,2026-09-25
P02,القرية الشعبية,الدمام,تراثي / ثقافي,https://maps.app.goo.gl/oNadKmXoFmk9e4Di9,Ci9DQUlRQUNvZENodHljRjlvT2s1VE9FNUljV2MzVUUweGR6TjZhRTlmVkV0cVRsRRAB,yousef alghamdi,https://www.google.com/maps/contrib/104004107882344080651/reviews?hl=en,4,4 months ago,ممتاز.,True,True,False,2026-09-25
P02,القرية الشعبية,الدمام,تراثي / ثقافي,https://maps.app.goo.gl/oNadKmXoFmk9e4Di9,ChdDSUhNMG9nS0VJQ0FnSURTMFlMdG93RRAB,Ali Shamer,https://www.google.com/maps/contrib/102199525079414371420/reviews?hl=en,5,Edited 4 months ago,,False,True,False,2026-09-25
P02,القرية الشعبية,الدمام,تراثي / ثقافي,https://maps.app.goo.gl/oNadKmXoFmk9e4Di9,Ci9DQUlRQUNvZENodHljRjlvT2xkUFlWZDFUMHRGT0Znd2JEZ3RXbWRCY1Raa1dYYxAB,Rakib Ahmed,https://www.google.com/maps/contrib/112094375935582217318/reviews?hl=en,5,4 months ago,,False,True,False,2026-09-25
P02,القرية الشعبية,الدمام,تراثي / ثقافي,https://maps.app.goo.gl/oNadKmXoFmk9e4Di9,Ci9DQUlRQUNvZENodHljRjlvT201c2JreHBlVVpaTm1ZM1FsZExlbk5qZEZwT1RFRRAB,محمد بجاش بجاش,https://www.google.com/maps/contrib/106270114965277273667/reviews?hl=en,5,4 months ago,,False,True,False,2026-09-25
P02,القرية الشعبية,الدمام,تراثي / ثقافي,https://maps.app.goo.gl/oNadKmXoFmk9e4Di9,Ci9DQUlRQUNvZENodHljRjlvT2tselJVOU5WbEJ0TW5WWWVYbElka2x1UW5SSk4zYxAB,Essam Tekfen,https://www.google.com/maps/contrib/113745382953166243503/reviews?hl=en,5,4 months ago,"الضيافة والاستقبال من الإستاذة منيرة
كان جميل  وماشاءالله عليها شكرا",True,True,False,2026-09-25
P02,القرية الشعبية,الدمام,تراثي / ثقافي,https://maps.app.goo.gl/oNadKmXoFmk9e4Di9,Ci9DQUlRQUNvZENodHljRjlvT21OalZqQkZaVmhKZUhCVlpsWXpRalpuT1Zsa05VRRAB,Salman Siyal,https://www.google.com/maps/contrib/115126059561937898313/reviews?hl=en,5,4 months ago,,False,True,False,2026-09-25
P02,القرية الشعبية,الدمام,تراثي / ثقافي,https://maps.app.goo.gl/oNadKmXoFmk9e4Di9,Ci9DQUlRQUNvZENodHljRjlvT25KRk5sWnNSMjkzY21zMlNURXhORTFxUlVadU5sRRAB,Najd,https://www.google.com/maps/contrib/105472999126027180589/reviews?hl=en,5,4 months ago,تجربة فريدة طعم خيال والمكان تحفة,True,True,False,2026-09-25
P02,القرية الشعبية,الدمام,تراثي / ثقافي,https://maps.app.goo.gl/oNadKmXoFmk9e4Di9,Ci9DQUlRQUNvZENodHljRjlvT201SVZtTnZaVVExWWs5TlNYVkJWSGhsZUZsbmNXYxAB,T e Q,https://www.google.com/maps/contrib/101005242972841287277/reviews?hl=en,5,4 months ago,,False,True,False,2026-09-25
P02,القرية الشعبية,الدمام,تراثي / ثقافي,https://maps.app.goo.gl/oNadKmXoFmk9e4Di9,Ci9DQUlRQUNvZENodHljRjlvT214b1JtMXJZVzEzYTJ0cE9FeFRWSGxMY2xWdGNVRRAB,ابو رداد,https://www.google.com/maps/contrib/103351113096428724080/reviews?hl=en,4,4 months ago,,False,True,False,2026-09-25
P02,القرية الشعبية,الدمام,تراثي / ثقافي,https://maps.app.goo.gl/oNadKmXoFmk9e4Di9,Ci9DQUlRQUNvZENodHljRjlvT2tJMmRsa3lXV1ZvVUhWU1MxZ3lSRFpSVUd3d00wRRAB,osama abdullah,https://www.google.com/maps/contrib/113914719212220850933/reviews?hl=en,5,4 months ago,,False,True,False,2026-09-25
P02,القرية الشعبية,الدمام,تراثي / ثقافي,https://maps.app.goo.gl/oNadKmXoFmk9e4Di9,Ci9DQUlRQUNvZENodHljRjlvT21GNExUbHNSMDlTVEU1VmNHNXBSR2R2VG01cE4xRRAB,Jan Hansen,https://www.google.com/maps/contrib/117467750381398088256/reviews?hl=en,5,4 months ago,"Great place for the entire family. Thank you Mahboob, it was wonderful.",False,True,False,2026-09-25
P02,القرية الشعبية,الدمام,تراثي / ثقافي,https://maps.app.goo.gl/oNadKmXoFmk9e4Di9,Ci9DQUlRQUNvZENodHljRjlvT2pCVWJVTnVWbVZNVmxRMFJtcDBRM1JOYUROQ01sRRAB,Abu Mohammed,https://www.google.com/maps/contrib/107104951210056604662/reviews?hl=en,5,4 months ago,"حضرت أحد المناسبات الخاصة وكانت الزيارة الأولى لي للقرية ..

خدمة ممتازة والطعام كان مميز بالفعل 👍

المطعم كبير جداً ويجمع تراث المملكة بطريقة إبداعية ..

يوجد متحف مميز فيه مقتنيات فريدة ونادرة ومجموعة من السيارات الكلاسيكية",True,True,False,2026-09-25
P02,القرية الشعبية,الدمام,تراثي / ثقافي,https://maps.app.goo.gl/oNadKmXoFmk9e4Di9,ChZDSUhNMG9nS0VJQ0FnSUNLeHJYNldREAE,وليد,https://www.google.com/maps/contrib/107560075668893139262/reviews?hl=en,5,Edited 4 months ago,جميل المكان,True,True,False,2026-09-25
P02,القرية الشعبية,الدمام,تراثي / ثقافي,https://maps.app.goo.gl/oNadKmXoFmk9e4Di9,Ci9DQUlRQUNvZENodHljRjlvT2tacWJ6RjROV05XTWpoaldrZGtSelJTTm5oMmJXYxAB,Norunisa Barambangan,https://www.google.com/maps/contrib/110254270517383579508/reviews?hl=en,5,4 months ago,,False,True,False,2026-09-25
P02,القرية الشعبية,الدمام,تراثي / ثقافي,https://maps.app.goo.gl/oNadKmXoFmk9e4Di9,Ci9DQUlRQUNvZENodHljRjlvT2pWQ2NURjJaREpIZWpkaVRUUk1VRkZFVjBzd1UzYxAB,H Alorainy,https://www.google.com/maps/contrib/112858181989821234999/reviews?hl=en,5,4 months ago,,False,True,False,2026-09-25
P02,القرية الشعبية,الدمام,تراثي / ثقافي,https://maps.app.goo.gl/oNadKmXoFmk9e4Di9,ChdDSUhNMG9nS0VJQ0FnSURLd0piMHd3RRAB,meantinance مقاولات العامة,https://www.google.com/maps/contrib/111696194076945392105/reviews?hl=en,5,Edited 4 months ago,A 1,False,True,False,2026-09-25
P02,القرية الشعبية,الدمام,تراثي / ثقافي,https://maps.app.goo.gl/oNadKmXoFmk9e4Di9,Ci9DQUlRQUNvZENodHljRjlvT2tkMlpVZzNaVWQ1Vm1GaVZqaEtaRlkwV0U1Tk0zYxAB,جميله العتيبي,https://www.google.com/maps/contrib/102593304035999117074/reviews?hl=en,5,4 months ago,لذيذ ونظيف ويستحق التجربة 👍👍 …,True,True,True,2026-09-25
P02,القرية الشعبية,الدمام,تراثي / ثقافي,https://maps.app.goo.gl/oNadKmXoFmk9e4Di9,Ci9DQUlRQUNvZENodHljRjlvT2s0MWFVMTBUR2xvZHpOM1dXbDVNVzkwWDJGNFVVRRAB,Saleh AlAteyah,https://www.google.com/maps/contrib/113509489578900136489/reviews?hl=en,2,4 months ago,مؤخرا قمت بزيارة متحف ومطعم القرية وكان الانطباع بخصوص المتحف جيد الى حد ما بالرغم من عدم القناعة برسوم الدخول، لكن المطعم مخيب جدا لانه لا يمثل شيء من اكلات واطباق المملكة,True,True,False,2026-09-25
P02,القرية الشعبية,الدمام,تراثي / ثقافي,https://maps.app.goo.gl/oNadKmXoFmk9e4Di9,Ci9DQUlRQUNvZENodHljRjlvT2pKblpsRlROalZLTXpKaVNGazBZMDFSZEhWWlVYYxAB,محمد عبدالمجيد,https://www.google.com/maps/contrib/109752561253443149642/reviews?hl=en,5,4 months ago,"منطقه رائعه جدا
انصح الجميع زيارتها",True,True,False,2026-09-25
P02,القرية الشعبية,الدمام,تراثي / ثقافي,https://maps.app.goo.gl/oNadKmXoFmk9e4Di9,Ci9DQUlRQUNvZENodHljRjlvT2tSR1RqZHVlVEEwTkdGT1pESm5WazFaY2tWWVMzYxAB,مسلم المهري,https://www.google.com/maps/contrib/107730887902818748491/reviews?hl=en,5,4 months ago,,False,True,False,2026-09-25
P02,القرية الشعبية,الدمام,تراثي / ثقافي,https://maps.app.goo.gl/oNadKmXoFmk9e4Di9,Ci9DQUlRQUNvZENodHljRjlvT2xFMFNWTjRUbXBaVkZWalV6UlhaRkJCWkhWd09WRRAB,bandar alrusayd,https://www.google.com/maps/contrib/101726872146749337899/reviews?hl=en,5,4 months ago,تجربة سعودية تراثية سياحية من الدرجة الاولى انصح فية,True,True,False,2026-09-25
P02,القرية الشعبية,الدمام,تراثي / ثقافي,https://maps.app.goo.gl/oNadKmXoFmk9e4Di9,ChZDSUhNMG9nS0VJQ0FnSURvaXI2NEVBEAE,Bader Bnalsh,https://www.google.com/maps/contrib/101390784179518872648/reviews?hl=en,4,Edited 4 months ago,جيده,True,True,False,2026-09-25
P02,القرية الشعبية,الدمام,تراثي / ثقافي,https://maps.app.goo.gl/oNadKmXoFmk9e4Di9,ChdDSUhNMG9nS0VJQ0FnSURaX1pib3VnRRAB,عبدالرحمن الجميعة,https://www.google.com/maps/contrib/115095214985073054234/reviews?hl=en,5,Edited 4 months ago,,False,True,False,2026-09-25
P02,القرية الشعبية,الدمام,تراثي / ثقافي,https://maps.app.goo.gl/oNadKmXoFmk9e4Di9,Ci9DQUlRQUNvZENodHljRjlvT2tFMGJ5MW1TV0Y2VDE5dWVWZENPR0p0YlhsUWVHYxAB,Majed Abduallah,https://www.google.com/maps/contrib/117518670438520425759/reviews?hl=en,5,4 months ago,🇸🇦🇸🇦🇸🇦❤️💙 …,False,True,True,2026-09-25
P02,القرية الشعبية,الدمام,تراثي / ثقافي,https://maps.app.goo.gl/oNadKmXoFmk9e4Di9,Ci9DQUlRQUNvZENodHljRjlvT2t0ME5VZGpRMlZ0WlVNNFEzWkRSbmxRTjBsYVdXYxAB,حسين الصالحي,https://www.google.com/maps/contrib/106987017971321325740/reviews?hl=en,5,4 months ago,فاطمة افضل موظفه فالعالم,True,True,False,2026-09-25
P02,القرية الشعبية,الدمام,تراثي / ثقافي,https://maps.app.goo.gl/oNadKmXoFmk9e4Di9,Ci9DQUlRQUNvZENodHljRjlvT2xGRFlsWm5NMmR4VkRCalExRkRjMmRyY2s1Tk9FRRAB,Dhom,https://www.google.com/maps/contrib/105033430308741306270/reviews?hl=en,5,4 months ago,مكان جميل وساعدتنا فاطمه افضلللل موظفه فالمكان,True,True,False,2026-09-25
P02,القرية الشعبية,الدمام,تراثي / ثقافي,https://maps.app.goo.gl/oNadKmXoFmk9e4Di9,Ci9DQUlRQUNvZENodHljRjlvT2xrMlpXNTJiRkJQTTBoblZHMHlRV0YzVVRJelVHYxAB,خلف العتيبي,https://www.google.com/maps/contrib/111717182718841602534/reviews?hl=en,5,4 months ago,,False,True,False,2026-09-25
P02,القرية الشعبية,الدمام,تراثي / ثقافي,https://maps.app.goo.gl/oNadKmXoFmk9e4Di9,Ci9DQUlRQUNvZENodHljRjlvT2pVMGIxRm1hR0p6WkdWaGVYWk1iWE5ETUZadk1IYxAB,Dr. Abdullah Alhuzaim,https://www.google.com/maps/contrib/104063747636052042545/reviews?hl=en,5,4 months ago,معلم من معالم الشرقية و العاملين رائعين شكرا للقائمين على هذا المكان الجميل,True,True,False,2026-09-25
P02,القرية الشعبية,الدمام,تراثي / ثقافي,https://maps.app.goo.gl/oNadKmXoFmk9e4Di9,Ci9DQUlRQUNvZENodHljRjlvT2prNVVEbG9jamQzWkVScldFOXJWVWRvVG0xNmNYYxAB,Saleem Ahmad,https://www.google.com/maps/contrib/104585939281875967475/reviews?hl=en,5,4 months ago,,False,True,False,2026-09-25
P02,القرية الشعبية,الدمام,تراثي / ثقافي,https://maps.app.goo.gl/oNadKmXoFmk9e4Di9,Ci9DQUlRQUNvZENodHljRjlvT25JMWFHRndkamxVVUhCT1NtaE5NblI1VDAxWGJFRRAB,Binil Asokan,https://www.google.com/maps/contrib/105240895908555340775/reviews?hl=en,5,4 months ago,,False,True,False,2026-09-25
P02,القرية الشعبية,الدمام,تراثي / ثقافي,https://maps.app.goo.gl/oNadKmXoFmk9e4Di9,Ci9DQUlRQUNvZENodHljRjlvT2xCalpUQjNOVEZmUkRjMFFpMU5URjlyZFd0R2VIYxAB,فيصل الجمالى,https://www.google.com/maps/contrib/103365861190279473219/reviews?hl=en,5,4 months ago,,False,True,False,2026-09-25
P02,القرية الشعبية,الدمام,تراثي / ثقافي,https://maps.app.goo.gl/oNadKmXoFmk9e4Di9,Ci9DQUlRQUNvZENodHljRjlvT201d2RrOVhZbmwxWWsxU1lYWmFWR2RWVFRock5WRRAB,Ali Alamari,https://www.google.com/maps/contrib/101196978582557626998/reviews?hl=en,5,4 months ago,,False,True,False,2026-09-25
P02,القرية الشعبية,الدمام,تراثي / ثقافي,https://maps.app.goo.gl/oNadKmXoFmk9e4Di9,Ci9DQUlRQUNvZENodHljRjlvT2xOSVkzaFNVM2sxVG5Kck5qRkhka2RXZW5Sa01FRRAB,ATHEER,https://www.google.com/maps/contrib/103690352608557350428/reviews?hl=en,5,4 months ago,,False,True,False,2026-09-25
P02,القرية الشعبية,الدمام,تراثي / ثقافي,https://maps.app.goo.gl/oNadKmXoFmk9e4Di9,Ci9DQUlRQUNvZENodHljRjlvT2pjNVNucERTa05KWkVGSFRGSjFXVWRmT0V0NlQyYxAB,Raghad,https://www.google.com/maps/contrib/101684501410932326680/reviews?hl=en,5,4 months ago,,False,True,False,2026-09-25
P02,القرية الشعبية,الدمام,تراثي / ثقافي,https://maps.app.goo.gl/oNadKmXoFmk9e4Di9,Ci9DQUlRQUNvZENodHljRjlvT2pSV2NraE1iRXBOYVVGaFRsSnJhRUZXTWxoUFgxRRAB,Ahmed Bayoumi,https://www.google.com/maps/contrib/105704099105176820397/reviews?hl=en,1,4 months ago,,False,True,False,2026-09-25
P02,القرية الشعبية,الدمام,تراثي / ثقافي,https://maps.app.goo.gl/oNadKmXoFmk9e4Di9,Ci9DQUlRQUNvZENodHljRjlvT2s1NGVTMHRkMU5UTFd0VlIwOUdlRkY0VlZwU1FYYxAB,Abduazez Mohammed,https://www.google.com/maps/contrib/113225394581803592536/reviews?hl=en,4,4 months ago,,False,True,False,2026-09-25
P02,القرية الشعبية,الدمام,تراثي / ثقافي,https://maps.app.goo.gl/oNadKmXoFmk9e4Di9,Ci9DQUlRQUNvZENodHljRjlvT21Wd1JsVTBRV3B0ZFdGRExVd3lZekpXVVRCcFFWRRAB,Talal Ageel,https://www.google.com/maps/contrib/113098738964766403355/reviews?hl=en,4,4 months ago,,False,True,False,2026-09-25
P02,القرية الشعبية,الدمام,تراثي / ثقافي,https://maps.app.goo.gl/oNadKmXoFmk9e4Di9,Ci9DQUlRQUNvZENodHljRjlvT2xabmFXcDJhbmRDUTNKNE9EWnhUbkYxTTNWV2IxRRAB,عون العوفي,https://www.google.com/maps/contrib/106369886066505235701/reviews?hl=en,5,4 months ago,,False,True,False,2026-09-25
P02,القرية الشعبية,الدمام,تراثي / ثقافي,https://maps.app.goo.gl/oNadKmXoFmk9e4Di9,Ci9DQUlRQUNvZENodHljRjlvT205SlZDMDNZa1JKY1VaeGQyTllVVVowWHpBMVEwRRAB,MAK,https://www.google.com/maps/contrib/118445016333938008690/reviews?hl=en,4,4 months ago,,False,True,False,2026-09-25
P02,القرية الشعبية,الدمام,تراثي / ثقافي,https://maps.app.goo.gl/oNadKmXoFmk9e4Di9,Ci9DQUlRQUNvZENodHljRjlvT21kWWRsbGtWMFZZUkZNd2RWbEpUV2hCTUhoVFEzYxAB,mahmoud alsebaey,https://www.google.com/maps/contrib/110662324381156425695/reviews?hl=en,5,4 months ago,,False,True,False,2026-09-25
P02,القرية الشعبية,الدمام,تراثي / ثقافي,https://maps.app.goo.gl/oNadKmXoFmk9e4Di9,Ci9DQUlRQUNvZENodHljRjlvT2xWUGFEZDBTVjgzTlhVMU5rOVdjMGRvYjAxNWNXYxAB,ابو ليال,https://www.google.com/maps/contrib/103858460518717710431/reviews?hl=en,3,4 months ago,The prices are high and do not reflect the value of the service for the fee paid.,True,False,False,2026-09-25
P02,القرية الشعبية,الدمام,تراثي / ثقافي,https://maps.app.goo.gl/oNadKmXoFmk9e4Di9,Ci9DQUlRQUNvZENodHljRjlvT2tKbVVXRm5ZbGh0YURWMFRGQm9iWEIwYjBwU1pWRRAB,Abdulla Alnaimi,https://www.google.com/maps/contrib/113269746243345000898/reviews?hl=en,5,Edited 4 months ago,المكان جدا جميل والأكل متنوع والأسعار مناسبه .. فقط تذاكر الدخول مالها داعي او يفضل تخصم من فاتورة الاكل بعد الدخول .. وانصح بزيارة المكان,True,True,False,2026-09-25
P02,القرية الشعبية,الدمام,تراثي / ثقافي,https://maps.app.goo.gl/oNadKmXoFmk9e4Di9,ChZDSUhNMG9nS0VJQ0FnSUNRb3BidlFBEAE,عبدالعزيز الشهري,https://www.google.com/maps/contrib/117619446887490163831/reviews?hl=en,5,Edited 4 months ago,افضل مطعم بالشرقية,True,True,False,2026-09-25
P02,القرية الشعبية,الدمام,تراثي / ثقافي,https://maps.app.goo.gl/oNadKmXoFmk9e4Di9,ChZDSUhNMG9nS0VJQ0FnTURJd1ptMEh3EAE,زجاج سكريت الدمام,https://www.google.com/maps/contrib/102682701626127107618/reviews?hl=en,5,Edited 4 months ago,,False,True,False,2026-09-25
P02,القرية الشعبية,الدمام,تراثي / ثقافي,https://maps.app.goo.gl/oNadKmXoFmk9e4Di9,Ci9DQUlRQUNvZENodHljRjlvT2xKRmRWWnhaRTVoY25oNlVXOXJlV3hhT1RGSmFrRRAB,Faisal Abunayyan,https://www.google.com/maps/contrib/113088471104326616904/reviews?hl=en,5,4 months ago,,False,True,False,2026-09-25
P02,القرية الشعبية,الدمام,تراثي / ثقافي,https://maps.app.goo.gl/oNadKmXoFmk9e4Di9,Ci9DQUlRQUNvZENodHljRjlvT2psUWJXVjVhV3BtVlRKbWNYVmtkVVpSV1ZOYVVsRRAB,Raeed Almutairi,https://www.google.com/maps/contrib/109386915384484973995/reviews?hl=en,5,4 months ago,,False,True,False,2026-09-25
P02,القرية الشعبية,الدمام,تراثي / ثقافي,https://maps.app.goo.gl/oNadKmXoFmk9e4Di9,Ci9DQUlRQUNvZENodHljRjlvT2s4NU5HbFVWRlp2UVdGS05sTTVSRzlaY3kxZlpYYxAB,Mona Rabea Gashoom,https://www.google.com/maps/contrib/110637506016647723158/reviews?hl=en,5,4 months ago,"A truly wonderful experience that I will repeat, God willing.",True,False,False,2026-09-25
P02,القرية الشعبية,الدمام,تراثي / ثقافي,https://maps.app.goo.gl/oNadKmXoFmk9e4Di9,Ci9DQUlRQUNvZENodHljRjlvT21jMlJHNXBWVzQ1WkV0NFdXeEViVXRsU0RCdWVYYxAB,Abadi Ali,https://www.google.com/maps/contrib/113977008859619069415/reviews?hl=en,5,4 months ago,ممتاز من ناحية الاستقبال و الترتيب و المطعم و النظافة انصح فيه,True,True,False,2026-09-25
P02,القرية الشعبية,الدمام,تراثي / ثقافي,https://maps.app.goo.gl/oNadKmXoFmk9e4Di9,Ci9DQUlRQUNvZENodHljRjlvT2xoU1pIQlROVVI1WDFWT2VXaGlWQzFTY2pkT1pWRRAB,meow,https://www.google.com/maps/contrib/109855930546580000027/reviews?hl=en,4,4 months ago,تعامل الموظفين جدا ممتاز خاصه البنات بس المتحف يحتاج تكييف,True,True,False,2026-09-25
P02,القرية الشعبية,الدمام,تراثي / ثقافي,https://maps.app.goo.gl/oNadKmXoFmk9e4Di9,Ci9DQUlRQUNvZENodHljRjlvT25oYWRUUnBUbGQ1TkZsb2JqQkZaMUpKVm05Mk5tYxAB,Ajwed Alsubaih,https://www.google.com/maps/contrib/117723034251266223018/reviews?hl=en,5,4 months ago,,False,True,False,2026-09-25
P02,القرية الشعبية,الدمام,تراثي / ثقافي,https://maps.app.goo.gl/oNadKmXoFmk9e4Di9,Ci9DQUlRQUNvZENodHljRjlvT21wQ1QzSnRNMWRrYlV4d2VVeHJaRVZKTjBGVWRWRRAB,محمد الشهري,https://www.google.com/maps/contrib/116231762367424859935/reviews?hl=en,4,4 months ago,,False,True,False,2026-09-25
P02,القرية الشعبية,الدمام,تراثي / ثقافي,https://maps.app.goo.gl/oNadKmXoFmk9e4Di9,Ci9DQUlRQUNvZENodHljRjlvT25kNFluUllWamt4VDBSNE1uRTVaR3hMUkd0VmExRRAB,Mona Alotaibi,https://www.google.com/maps/contrib/116997270114738765443/reviews?hl=en,5,4 months ago,الاكل لذيذ وجريش الذ والذ وسليق لذيذ وبرياني ومندي وهريس لذيذ يعطيهم العافيه,True,True,False,2026-09-25
P02,القرية الشعبية,الدمام,تراثي / ثقافي,https://maps.app.goo.gl/oNadKmXoFmk9e4Di9,Ci9DQUlRQUNvZENodHljRjlvT2xsdU1uWm9kWFExVkZKM1RUVnFOa1pxY21OVWMwRRAB,ابو عاصم غازي,https://www.google.com/maps/contrib/101557696220669654468/reviews?hl=en,1,4 months ago,تأخير في تحظير الطلب,True,True,False,2026-09-25
P02,القرية الشعبية,الدمام,تراثي / ثقافي,https://maps.app.goo.gl/oNadKmXoFmk9e4Di9,Ci9DQUlRQUNvZENodHljRjlvT2pJMk5uSlpTMmQwTUVKeVFVaFFhRTEzVkRCTmFVRRAB,Ali AL-G,https://www.google.com/maps/contrib/108287971770481574852/reviews?hl=en,5,4 months ago,"التجربة كانت رائعة الاكل لذيذ وتعامل الموظفين كلهم رائع وخاصة الموظفات السعوديات استقبالهم راقي وجميل ومتعاونين

انصح بزيارة القرية الشعبية بالدمام",True,True,False,2026-09-25
P02,القرية الشعبية,الدمام,تراثي / ثقافي,https://maps.app.goo.gl/oNadKmXoFmk9e4Di9,Ci9DQUlRQUNvZENodHljRjlvT2tkS2VUaHplRTg1ZERsV1FWTk9iRkpUTkU1blRHYxAB,أبوعبدالملك A,https://www.google.com/maps/contrib/106220740081464946253/reviews?hl=en,1,4 months ago,"The reception is excellent and the service is excellent, but the entrance fees and prices are extremely high.",True,False,False,2026-09-25
P02,القرية الشعبية,الدمام,تراثي / ثقافي,https://maps.app.goo.gl/oNadKmXoFmk9e4Di9,ChdDSUhNMG9nS0VJQ0FnSUNzNl92ZjJnRRAB,ابو ريماس ال الفرس ابو محمد,https://www.google.com/maps/contrib/110757294329342933613/reviews?hl=en,5,Edited 4 months ago,روعه بما تعنيه الكلمة تراث رائع وطعام اروع بكل ما تعنية الكلمة والذي لا يزور القرية فيعتبر كأنه مازار الشرقية,True,True,False,2026-09-25
P02,القرية الشعبية,الدمام,تراثي / ثقافي,https://maps.app.goo.gl/oNadKmXoFmk9e4Di9,Ci9DQUlRQUNvZENodHljRjlvT2xSMFJtUnJUemxQZUVGNFEwczFOR1pRTlZRNU5uYxAB,jaswanth rajha,https://www.google.com/maps/contrib/100706413001881863487/reviews?hl=en,5,4 months ago,,False,True,False,2026-09-25
P02,القرية الشعبية,الدمام,تراثي / ثقافي,https://maps.app.goo.gl/oNadKmXoFmk9e4Di9,Ci9DQUlRQUNvZENodHljRjlvT2kxSlN6ZzBkMlJRYVhOdlltdFhRWGxPVFd4R00yYxAB,Waleed Al kendi,https://www.google.com/maps/contrib/111537824694859511077/reviews?hl=en,5,4 months ago,مكان مميز  لكن سعره شوي غالي,True,True,False,2026-09-25
P02,القرية الشعبية,الدمام,تراثي / ثقافي,https://maps.app.goo.gl/oNadKmXoFmk9e4Di9,Ci9DQUlRQUNvZENodHljRjlvT2pCb1FXdDBhWGt3V1VKd09IaGZSRTVVY0VKWE1tYxAB,hassan shahin,https://www.google.com/maps/contrib/118420533695565132800/reviews?hl=en,5,4 months ago,مطعم لذيذ جدا و المعرض رائع و فيه اشياء مميزة,True,True,False,2026-09-25
P02,القرية الشعبية,الدمام,تراثي / ثقافي,https://maps.app.goo.gl/oNadKmXoFmk9e4Di9,Ci9DQUlRQUNvZENodHljRjlvT25OeFMzRnRlbE0zV25wWWFrdGZhWGMyZWpORmFXYxAB,عبدالله المعاوي,https://www.google.com/maps/contrib/115985017128853435055/reviews?hl=en,5,4 months ago,خدمتهم مره حلوه بذات من بنات متواجدين في الاستقبال,True,True,False,2026-09-25
P02,القرية الشعبية,الدمام,تراثي / ثقافي,https://maps.app.goo.gl/oNadKmXoFmk9e4Di9,Ci9DQUlRQUNvZENodHljRjlvT21GclMwcHlRMk5PUTI1SFdXaEdTV0ZoTjJ4eVJrRRAB,Jawed Iqbal,https://www.google.com/maps/contrib/107748556161632757007/reviews?hl=en,5,4 months ago,"Visited The Heritage Village today and honestly it was a very nice experience. The traditional Saudi atmosphere, old-style architecture, museums, and cultural sections make the place feel unique and relaxing. The indoor restaurant is huge and well organized — now I know why it entered the Guinness World Records with 5226 seats. A good place for families, guests, and anyone who wants to enjoy Saudi heritage in Dammam. Definitely worth visiting at least once.",False,True,False,2026-09-25
P02,القرية الشعبية,الدمام,تراثي / ثقافي,https://maps.app.goo.gl/oNadKmXoFmk9e4Di9,Ci9DQUlRQUNvZENodHljRjlvT25rMU5YWjViazlKWlhBNE9YRXRaelZOUzBOV1oyYxAB,Vladimir Vladimirov,https://www.google.com/maps/contrib/110465018224303996181/reviews?hl=en,5,4 months ago,Visited the heritage village. Amazing place with amazing and very hospitable people like elsewhere in Saudi Arabia. Special thanks to Nada and Aman for welcoming us and making our experience unforgettable🙂,False,True,False,2026-09-25
P02,القرية الشعبية,الدمام,تراثي / ثقافي,https://maps.app.goo.gl/oNadKmXoFmk9e4Di9,Ci9DQUlRQUNvZENodHljRjlvT21kR1RXZHZXRmMyY2xBM2RVaGxTM3ByVWsxV04zYxAB,୨ৎ,https://www.google.com/maps/contrib/107508878024334955638/reviews?hl=en,5,4 months ago,حسن تعامل مررة ما قصرت ندى يعطيها العافيه و منيره و اماني على حسن تعاملهم وتعاملهم عسلل مرة❣️,True,True,False,2026-09-25
P02,القرية الشعبية,الدمام,تراثي / ثقافي,https://maps.app.goo.gl/oNadKmXoFmk9e4Di9,Ci9DQUlRQUNvZENodHljRjlvT2pSSlJWUkhObEZxVDAxNFIycFBWMlpqUzJsV09HYxAB,Mohammed Alshehri,https://www.google.com/maps/contrib/111801373882308786743/reviews?hl=en,5,4 months ago,,False,True,False,2026-09-25
P02,القرية الشعبية,الدمام,تراثي / ثقافي,https://maps.app.goo.gl/oNadKmXoFmk9e4Di9,Ci9DQUlRQUNvZENodHljRjlvT2tJNGNuUkpMV3hQVG5SZk5GVkRVbUptYVZwNWMzYxAB,Mohamed Reda,https://www.google.com/maps/contrib/103710907166192176726/reviews?hl=en,5,4 months ago,,False,True,False,2026-09-25
P02,القرية الشعبية,الدمام,تراثي / ثقافي,https://maps.app.goo.gl/oNadKmXoFmk9e4Di9,Ci9DQUlRQUNvZENodHljRjlvT2xaSVRVNXpNWGRKY2w4MGJXaFNhelpEVWpCVmNVRRAB,Fawaz AL-Garni,https://www.google.com/maps/contrib/112587512491734338312/reviews?hl=en,5,4 months ago,Excellent experience,True,False,False,2026-09-25
P02,القرية الشعبية,الدمام,تراثي / ثقافي,https://maps.app.goo.gl/oNadKmXoFmk9e4Di9,Ci9DQUlRQUNvZENodHljRjlvT2tWMk5UZHFjbGRqTVc5WFpUaEhORTQwWVhaRGQyYxAB,Nagi Alaggad,https://www.google.com/maps/contrib/104434430589424787502/reviews?hl=en,5,4 months ago,The best place I had I ever been too ❤️❤️,False,True,False,2026-09-25
P02,القرية الشعبية,الدمام,تراثي / ثقافي,https://maps.app.goo.gl/oNadKmXoFmk9e4Di9,Ci9DQUlRQUNvZENodHljRjlvT25SU2QzTXRXRGczV1VZM2IzSkNOa2RZYkRaSlJHYxAB,Leen Hwang,https://www.google.com/maps/contrib/110055633227408494064/reviews?hl=en,5,4 months ago,amazing service and very kind people,False,True,False,2026-09-25
P02,القرية الشعبية,الدمام,تراثي / ثقافي,https://maps.app.goo.gl/oNadKmXoFmk9e4Di9,Ci9DQUlRQUNvZENodHljRjlvT2s1WWVrRXpVa2wwZUhnMFpFVklTVXg1V2tkWVNYYxAB,deyala fagih,https://www.google.com/maps/contrib/107029017762506475271/reviews?hl=en,5,4 months ago,,False,True,False,2026-09-25
P02,القرية الشعبية,الدمام,تراثي / ثقافي,https://maps.app.goo.gl/oNadKmXoFmk9e4Di9,Ci9DQUlRQUNvZENodHljRjlvT25CcVVIcHpOelEyVmxWMGVVVkVia2cyUWpoNU5VRRAB,ابوانس العالمي,https://www.google.com/maps/contrib/115701776826117042616/reviews?hl=en,5,4 months ago,المكان جميل وحلو والاستقبال وجوده الطعام ممتازه,True,True,False,2026-09-25
P02,القرية الشعبية,الدمام,تراثي / ثقافي,https://maps.app.goo.gl/oNadKmXoFmk9e4Di9,Ci9DQUlRQUNvZENodHljRjlvT2tkVFVWWkNWazlEWkhsaE1HOU5aRUkxWDFOWk1IYxAB,عبدالمحسن الحجي,https://www.google.com/maps/contrib/107548882746417321327/reviews?hl=en,5,4 months ago,شكرا لكم على الاستقبال خاصة الاخت ندى وأماني,True,True,False,2026-09-25
P02,القرية الشعبية,الدمام,تراثي / ثقافي,https://maps.app.goo.gl/oNadKmXoFmk9e4Di9,Ci9DQUlRQUNvZENodHljRjlvT21sRlExQnBRakUzU0ZKcFRFOWxZamRWYVdwSFNIYxAB,emad al hejii,https://www.google.com/maps/contrib/101178748400249402282/reviews?hl=en,5,4 months ago,"الموظف اماني مع دنى
ممتازين بالتعاون",True,True,False,2026-09-25
P02,القرية الشعبية,الدمام,تراثي / ثقافي,https://maps.app.goo.gl/oNadKmXoFmk9e4Di9,Ci9DQUlRQUNvZENodHljRjlvT2w4M2FteE1jbkJOYmxjNFZXMDNTMDl3TlV0VldWRRAB,أبوعبد الرحمن الغرباني,https://www.google.com/maps/contrib/114006999039772648268/reviews?hl=en,5,4 months ago,جميل ورائع وينصح بشدة بالزيارة عالم آخر، حضارة وتراث مقتيات وقطع أثرية رحلة مع حياة الماضي,True,True,False,2026-09-25
P02,القرية الشعبية,الدمام,تراثي / ثقافي,https://maps.app.goo.gl/oNadKmXoFmk9e4Di9,Ci9DQUlRQUNvZENodHljRjlvT204M1JXZFlPR1ppWHpaUE1GWmpPSEpyUXpoNmMwRRAB,abo anas alfaifi,https://www.google.com/maps/contrib/103881501468397679583/reviews?hl=en,2,4 months ago,غااااااااالي جداً جداً,True,True,False,2026-09-25
P02,القرية الشعبية,الدمام,تراثي / ثقافي,https://maps.app.goo.gl/oNadKmXoFmk9e4Di9,Ci9DQUlRQUNvZENodHljRjlvT2xVMFkzZGxhblIwZG5GVFoyWlFjMWc0YjNoNk4zYxAB,Mohammad ALhamaydeh,https://www.google.com/maps/contrib/115786720925753346252/reviews?hl=en,5,4 months ago,,False,True,False,2026-09-25
P02,القرية الشعبية,الدمام,تراثي / ثقافي,https://maps.app.goo.gl/oNadKmXoFmk9e4Di9,Ci9DQUlRQUNvZENodHljRjlvT2xGSVJFUTRSMnRyVG5jNExUUlpNSEJoV2xNeVVHYxAB,ali alyahya,https://www.google.com/maps/contrib/114332158124802441196/reviews?hl=en,5,4 months ago,The place is beautiful and the staff there are extremely polite and courteous.,True,False,False,2026-09-25
P02,القرية الشعبية,الدمام,تراثي / ثقافي,https://maps.app.goo.gl/oNadKmXoFmk9e4Di9,Ci9DQUlRQUNvZENodHljRjlvT2tJdFdHbFVkR2s1WDBNelRqZHRSMWt0T0VveVgzYxAB,abdulaziz,https://www.google.com/maps/contrib/100425226906534452631/reviews?hl=en,5,4 months ago,تجربه حلوه ومكان مليء بالقطع الأثريه والأكل جداً لذيذ ويستاهل الزياره,True,True,False,2026-09-25
P02,القرية الشعبية,الدمام,تراثي / ثقافي,https://maps.app.goo.gl/oNadKmXoFmk9e4Di9,Ci9DQUlRQUNvZENodHljRjlvT21remJWQkZhMUl6UW1SV00zZHRObkY0V2pCUlFtYxAB,RIO,https://www.google.com/maps/contrib/115987472804560139421/reviews?hl=en,5,4 months ago,تجربه جدا فريده من نوعها وتعامل الطاقم كان جدا محترم وحبيب والله من دون مبالغه من اجمل التجارب الي جربتها بحياتي مع اي مطعم,True,True,False,2026-09-25
P02,القرية الشعبية,الدمام,تراثي / ثقافي,https://maps.app.goo.gl/oNadKmXoFmk9e4Di9,Ci9DQUlRQUNvZENodHljRjlvT25wc1JFOHdSRlZHVDJwaVIwaGlZa1IxUVc5MVVtYxAB,Rami Iskandar,https://www.google.com/maps/contrib/117200910533727771862/reviews?hl=en,5,4 months ago,,False,True,False,2026-09-25
P02,القرية الشعبية,الدمام,تراثي / ثقافي,https://maps.app.goo.gl/oNadKmXoFmk9e4Di9,Ci9DQUlRQUNvZENodHljRjlvT25CbmRWQlljbFpQYVd0NGJ6RjJkbkZxZVhodlJuYxAB,Ahmed Alzahrani,https://www.google.com/maps/contrib/104780909235233387780/reviews?hl=en,4,4 months ago,,False,True,False,2026-09-25
P02,القرية الشعبية,الدمام,تراثي / ثقافي,https://maps.app.goo.gl/oNadKmXoFmk9e4Di9,Ci9DQUlRQUNvZENodHljRjlvT21wUE5EVnlOV3hvTkVsZlUzcG9SMlF0VEVKVE0xRRAB,عثمان العطوي,https://www.google.com/maps/contrib/115536178564177415919/reviews?hl=en,5,4 months ago,,False,True,False,2026-09-25
P02,القرية الشعبية,الدمام,تراثي / ثقافي,https://maps.app.goo.gl/oNadKmXoFmk9e4Di9,Ci9DQUlRQUNvZENodHljRjlvT2xnMlVGcElWaTFQYlVVd2NVYzNTRlpzTUhScVVtYxAB,Faisal Alomari,https://www.google.com/maps/contrib/103198136939640898955/reviews?hl=en,5,4 months ago,,False,True,False,2026-09-25
P02,القرية الشعبية,الدمام,تراثي / ثقافي,https://maps.app.goo.gl/oNadKmXoFmk9e4Di9,Ci9DQUlRQUNvZENodHljRjlvT2xwM1VEQXRObVJ5Tld4WGMyNVBURVJrVldOU2FXYxAB,ali al-ali,https://www.google.com/maps/contrib/100535766355906952714/reviews?hl=en,5,4 months ago,اجواء تراثية مختلفة ومميزة ...,True,True,False,2026-09-25
P02,القرية الشعبية,الدمام,تراثي / ثقافي,https://maps.app.goo.gl/oNadKmXoFmk9e4Di9,Ci9DQUlRQUNvZENodHljRjlvT2tReU1tdHpRVUZQT1VGc1JXRnFXbWhIZGpacWFIYxAB,بسمه الدوسري,https://www.google.com/maps/contrib/106748200669600747392/reviews?hl=en,5,4 months ago,مشالله المكان جميل يفتح النفس والاكل والطعم ولا غلطه اختيار جميل,True,True,False,2026-09-25
P02,القرية الشعبية,الدمام,تراثي / ثقافي,https://maps.app.goo.gl/oNadKmXoFmk9e4Di9,Ci9DQUlRQUNvZENodHljRjlvT25KR2NYYzFhSEZOV2xaNmIwUkZWblZRVUdJeVFYYxAB,اذكر الله 9,https://www.google.com/maps/contrib/118322075005840206753/reviews?hl=en,2,4 months ago,decent,True,False,False,2026-09-25
P02,القرية الشعبية,الدمام,تراثي / ثقافي,https://maps.app.goo.gl/oNadKmXoFmk9e4Di9,Ci9DQUlRQUNvZENodHljRjlvT25aZk0xaGpjUzFHVTJ4eGVuSmhRbWwwT0RsUGRsRRAB,بشار الجلال,https://www.google.com/maps/contrib/106565760884402975340/reviews?hl=en,3,4 months ago,مناظر جميله اسعار غاليه,True,True,False,2026-09-25
P02,القرية الشعبية,الدمام,تراثي / ثقافي,https://maps.app.goo.gl/oNadKmXoFmk9e4Di9,Ci9DQUlRQUNvZENodHljRjlvT25SQ1MxTXdXa3gwZVRGUlZHa3hRMGhsZERaMWFIYxAB,Brdah Brdahmm,https://www.google.com/maps/contrib/112928262672024109246/reviews?hl=en,4,4 months ago,جميل جدا ورايق,True,True,False,2026-09-25
P02,القرية الشعبية,الدمام,تراثي / ثقافي,https://maps.app.goo.gl/oNadKmXoFmk9e4Di9,Ci9DQUlRQUNvZENodHljRjlvT21WVlYzSkhOMGRYVGtzM1ZUQklkRzlCTVhGUlgxRRAB,Ghulam Murtaza,https://www.google.com/maps/contrib/110286388473771771354/reviews?hl=en,5,4 months ago,,False,True,False,2026-09-25
P02,القرية الشعبية,الدمام,تراثي / ثقافي,https://maps.app.goo.gl/oNadKmXoFmk9e4Di9,Ci9DQUlRQUNvZENodHljRjlvT2pJek5ucFVURTVtVUhKa1FXSTNVRFZNUzJrM1JFRRAB,Sahar Ali,https://www.google.com/maps/contrib/115403252313521739331/reviews?hl=en,5,4 months ago,القرية الشعبية في الدمام مكان جميل، والأستاذة منيرة كانت استقبالها طيب وشرحها للمكان محمّس.,True,True,False,2026-09-25
P02,القرية الشعبية,الدمام,تراثي / ثقافي,https://maps.app.goo.gl/oNadKmXoFmk9e4Di9,Ci9DQUlRQUNvZENodHljRjlvT2t3M2JUaGhlWFpxTlVJM1FXNW1aVzB3T1ZWb1lXYxAB,محمد الواصلي,https://www.google.com/maps/contrib/105642026903013447442/reviews?hl=en,5,4 months ago,,False,True,False,2026-09-25
P02,القرية الشعبية,الدمام,تراثي / ثقافي,https://maps.app.goo.gl/oNadKmXoFmk9e4Di9,Ci9DQUlRQUNvZENodHljRjlvT2xod1UwWkZNR0pVUTIxaVlWQXdORGRWT0VWSFZsRRAB,9214 محمد,https://www.google.com/maps/contrib/112574983865194189526/reviews?hl=en,5,4 months ago,حلا مكاني المفضل للافطار والغداء,True,True,False,2026-09-25
P02,القرية الشعبية,الدمام,تراثي / ثقافي,https://maps.app.goo.gl/oNadKmXoFmk9e4Di9,Ci9DQUlRQUNvZENodHljRjlvT25oZmNWZFdkSEU1V1VaemFGOXZUMnB1ZVRGcVVYYxAB,عبدالله سيد,https://www.google.com/maps/contrib/115905224202203145626/reviews?hl=en,5,4 months ago,,False,True,False,2026-09-25
P02,القرية الشعبية,الدمام,تراثي / ثقافي,https://maps.app.goo.gl/oNadKmXoFmk9e4Di9,Ci9DQUlRQUNvZENodHljRjlvT2tKMlQxRTROWE40YldaUmJVUjZXa2RmY0hBMU1YYxAB,عوض الاحمري,https://www.google.com/maps/contrib/112240689809529979801/reviews?hl=en,5,4 months ago,افضل مطعم وافضل متحف قد جربتهم في حياتي كلها من اجواء ومن خدمة و تراث عشرة من عشرة,True,True,False,2026-09-25
P02,القرية الشعبية,الدمام,تراثي / ثقافي,https://maps.app.goo.gl/oNadKmXoFmk9e4Di9,Ci9DQUlRQUNvZENodHljRjlvT21wTkxURmlNa1JVVERKVVpEaHRhV0o0VlZsSFMzYxAB,سالم 23,https://www.google.com/maps/contrib/100072671268711769373/reviews?hl=en,5,4 months ago,"الاستقبال من منيرة الدوسري رائع جداً
الاستاذ أحمد عبدالستار رجل خلوق ومتابع بشكل كبير للعملاء
الأكل جميل ومتنوع وجودة عالية",True,True,False,2026-09-25
P02,القرية الشعبية,الدمام,تراثي / ثقافي,https://maps.app.goo.gl/oNadKmXoFmk9e4Di9,Ci9DQUlRQUNvZENodHljRjlvT2xCSWEzcGZTVm8xVDNSdlUwRklRbDlXYlV0emVIYxAB,رمضان علي,https://www.google.com/maps/contrib/100577212485122429854/reviews?hl=en,5,4 months ago,"Excellent, very, very excellent",True,False,False,2026-09-25
P02,القرية الشعبية,الدمام,تراثي / ثقافي,https://maps.app.goo.gl/oNadKmXoFmk9e4Di9,Ci9DQUlRQUNvZENodHljRjlvT2pGUFMzcG9WazlvYUdVMU1VdFJSV1pYYlRKSGNVRRAB,Mory Hussain,https://www.google.com/maps/contrib/111004889539424158936/reviews?hl=en,5,4 months ago,كل شيء بالمكآن جميل ومنظم والأكل لذيذ .. وان شاء الله بكرر الزياره مع  بقية الأهل وأحب اشكر الموظفه ندى على اخلاقها وتفآنيها  وبقية طاقم العمل,True,True,False,2026-09-25
P02,القرية الشعبية,الدمام,تراثي / ثقافي,https://maps.app.goo.gl/oNadKmXoFmk9e4Di9,Ci9DQUlRQUNvZENodHljRjlvT2tSdmJEaElkVEI0ZEdJNFJHNVhUMHBpYTJRM04wRRAB,ابو مبارك,https://www.google.com/maps/contrib/101715602469289049200/reviews?hl=en,5,4 months ago,,False,True,False,2026-09-25
P02,القرية الشعبية,الدمام,تراثي / ثقافي,https://maps.app.goo.gl/oNadKmXoFmk9e4Di9,Ci9DQUlRQUNvZENodHljRjlvT2toRmIzbHlNa05rYldKRFJWQk1ZVzF1YVRWUFpGRRAB,brave king,https://www.google.com/maps/contrib/110881677922294087364/reviews?hl=en,5,4 months ago,المكان روعة ووجهة سياحية والطعام لذيذ جدا ومعاملة الموظفين خاصة ندى تعامل خاص وراقي,True,True,False,2026-09-25
P02,القرية الشعبية,الدمام,تراثي / ثقافي,https://maps.app.goo.gl/oNadKmXoFmk9e4Di9,Ci9DQUlRQUNvZENodHljRjlvT2tkbVNFMWhNM1ZMVkUxbGJuWkRVbWRIZGtReGNYYxAB,Fatoomy Alzaher,https://www.google.com/maps/contrib/101452562243816773579/reviews?hl=en,5,4 months ago,,False,True,False,2026-09-25
P02,القرية الشعبية,الدمام,تراثي / ثقافي,https://maps.app.goo.gl/oNadKmXoFmk9e4Di9,Ci9DQUlRQUNvZENodHljRjlvT21SWFlqSkJhRVJqUW01WFJYWlpaa2hNTUZSTWFXYxAB,Khalid Al-Qahtani,https://www.google.com/maps/contrib/110334832443069697976/reviews?hl=en,5,4 months ago,,False,True,False,2026-09-25
P02,القرية الشعبية,الدمام,تراثي / ثقافي,https://maps.app.goo.gl/oNadKmXoFmk9e4Di9,Ci9DQUlRQUNvZENodHljRjlvT21OblFtTlNWRzVxTlhsMGJVRm5lREJLZDFSNFZuYxAB,فهد الدوسري,https://www.google.com/maps/contrib/107094108800311945325/reviews?hl=en,5,4 months ago,,False,True,False,2026-09-25
P02,القرية الشعبية,الدمام,تراثي / ثقافي,https://maps.app.goo.gl/oNadKmXoFmk9e4Di9,Ci9DQUlRQUNvZENodHljRjlvT21aV1FVczNVREptVUdnME1HaDNVM04xZUVaM1NrRRAB,Badi Aldosari,https://www.google.com/maps/contrib/112990346454984321747/reviews?hl=en,5,4 months ago,,False,True,False,2026-09-25
P02,القرية الشعبية,الدمام,تراثي / ثقافي,https://maps.app.goo.gl/oNadKmXoFmk9e4Di9,Ci9DQUlRQUNvZENodHljRjlvT2tRMk9WaHhVbmRHVlVacVRYTXpWR3QzYkhsbWIwRRAB,A Rahim,https://www.google.com/maps/contrib/103479219175295978854/reviews?hl=en,5,4 months ago,نا كنت في زيارة إلى القرية الشعبية، وقد قامت الأخت ندى بشرح مميز لي عن الطيور المهاجرة المحنطة الموجودة في الدور العلوي، وكان لديها معلومات ثقافية قيّمة عن هذه الطيور، وقدمت الشرح بأسلوب جميل وواضح,True,True,False,2026-09-25
P02,القرية الشعبية,الدمام,تراثي / ثقافي,https://maps.app.goo.gl/oNadKmXoFmk9e4Di9,Ci9DQUlRQUNvZENodHljRjlvT25vM2FVOHlkbXhPYTFoeGRETndNVzV1Um5oNVQyYxAB,Saad Alsahli,https://www.google.com/maps/contrib/118212634080144176317/reviews?hl=en,5,4 months ago,زرت البارح وكان اكثر من روعه وكان المتحف جميل تراث فوق الجميل في تراث القديم والموظفة ندى جلست تشرح لنا عن تراث,True,True,False,2026-09-25
P02,القرية الشعبية,الدمام,تراثي / ثقافي,https://maps.app.goo.gl/oNadKmXoFmk9e4Di9,Ci9DQUlRQUNvZENodHljRjlvT2pFNWVVZGxURk10ZEZCclZ6bHdkVTgzYzNCTk5rRRAB,حمود الشمري,https://www.google.com/maps/contrib/105727843508340987966/reviews?hl=en,5,4 months ago,"I would like to commend the two employees, Nada and Munira, for their warm welcome yesterday, their cooperation, and their excellent treatment, especially towards my elderly mother, whom they helped and opened the door for with utmost respect and kindness. My sincere thanks and appreciation to them for their wonderful approach.",True,False,False,2026-09-25
P02,القرية الشعبية,الدمام,تراثي / ثقافي,https://maps.app.goo.gl/oNadKmXoFmk9e4Di9,Ci9DQUlRQUNvZENodHljRjlvT2s1WlJHdHhSMGxVVTNWYVlURlFXbmwxUW10SU9FRRAB,حمد ابو راشد,https://www.google.com/maps/contrib/113238592033503837978/reviews?hl=en,5,4 months ago,المكان يجنن بس لو بدون رسوم افضل وشكرا حق الموظفات ندى و اماني أخلاق الله يوفقهم ويسعدهم,True,True,False,2026-09-25
P02,القرية الشعبية,الدمام,تراثي / ثقافي,https://maps.app.goo.gl/oNadKmXoFmk9e4Di9,Ci9DQUlRQUNvZENodHljRjlvT2pCNVUzQkRTa290UlZGbU1qRndVMWRITlVGaU5rRRAB,عبدالله الربيع,https://www.google.com/maps/contrib/101541129004720495102/reviews?hl=en,5,4 months ago,امس زرت المطعم الصراحه معاملتهم حلوه وخصوصا الموظفه ندى تعاملها راقي مع العملاء اشكرها,True,True,False,2026-09-25
P02,القرية الشعبية,الدمام,تراثي / ثقافي,https://maps.app.goo.gl/oNadKmXoFmk9e4Di9,Ci9DQUlRQUNvZENodHljRjlvT25SS2J6QmtXbnBXWDNsYU5rZEpMVU5pT0RkbFRXYxAB,علي عيسى,https://www.google.com/maps/contrib/101622012066362262225/reviews?hl=en,5,4 months ago,مكان جميل واشكر الأخت ندى على إعلانها للأماكن الجميلة وأخلاقها معا الجميع بالتعامل والتوضيح,True,True,False,2026-09-25
P02,القرية الشعبية,الدمام,تراثي / ثقافي,https://maps.app.goo.gl/oNadKmXoFmk9e4Di9,Ci9DQUlRQUNvZENodHljRjlvT21FelV6TlRURWR6ZWs1aFoycFBVRlZyUlZkVlVXYxAB,tilal tilal,https://www.google.com/maps/contrib/105458813063584122566/reviews?hl=en,5,4 months ago,“موظفه ندى، شكراً لتعاملك الراقي وابتسامتك اللطيفة التي تجعل المكان أكثر جمالًا وراحة.”,True,True,False,2026-09-25
P02,القرية الشعبية,الدمام,تراثي / ثقافي,https://maps.app.goo.gl/oNadKmXoFmk9e4Di9,Ci9DQUlRQUNvZENodHljRjlvT25wSlkyRm5VWE54WVVadmRUSmZTR1pYUWtjNGVrRRAB,Maryam H,https://www.google.com/maps/contrib/104035789648937558587/reviews?hl=en,5,4 months ago,زرت قاعة الاحتفالات صراحه روعه المكان وكبيير ومرتب ويخدم اي مناسبه عندكم يوفرون خدمة الضيافة,True,True,False,2026-09-25
P02,القرية الشعبية,الدمام,تراثي / ثقافي,https://maps.app.goo.gl/oNadKmXoFmk9e4Di9,Ci9DQUlRQUNvZENodHljRjlvT25CQ1JVSnpOMUZQY2poYU9IQmpNbFJmU0c5Sk5IYxAB,M,https://www.google.com/maps/contrib/116953214236300572267/reviews?hl=en,5,4 months ago,👍🏻👍🏻👍🏻 …,False,True,True,2026-09-25
P02,القرية الشعبية,الدمام,تراثي / ثقافي,https://maps.app.goo.gl/oNadKmXoFmk9e4Di9,Ci9DQUlRQUNvZENodHljRjlvT2tSVVMyRnhSMUpzTkRBemNqRkxZakJtWkVGSFJGRRAB,Asmaa Shaikh,https://www.google.com/maps/contrib/114044649835019438909/reviews?hl=en,5,4 months ago,,False,True,False,2026-09-25
P02,القرية الشعبية,الدمام,تراثي / ثقافي,https://maps.app.goo.gl/oNadKmXoFmk9e4Di9,Ci9DQUlRQUNvZENodHljRjlvT2tkWWNHNVJhM3ByWmsxMU4xcEZkbFZNVWs4eWRtYxAB,عبدالله البيشي,https://www.google.com/maps/contrib/100680194932032166413/reviews?hl=en,5,4 months ago,,False,True,False,2026-09-25
P02,القرية الشعبية,الدمام,تراثي / ثقافي,https://maps.app.goo.gl/oNadKmXoFmk9e4Di9,Ci9DQUlRQUNvZENodHljRjlvT2poQ09WZ3RhazExV2xneGVVSTFkSFpzWjNFMFVHYxAB,sagaf 24md,https://www.google.com/maps/contrib/109190637164759609470/reviews?hl=en,5,4 months ago,,False,True,False,2026-09-25
P02,القرية الشعبية,الدمام,تراثي / ثقافي,https://maps.app.goo.gl/oNadKmXoFmk9e4Di9,Ci9DQUlRQUNvZENodHljRjlvT2t4SVgyRk1TMll5ZEhGVFpEVnRZMTl3YVhkQ1IxRRAB,عابد بن سفر,,5,4 months ago,"The place is very beautiful, historical, and valuable in terms of the museum and the atmosphere; it took us back to the old days. The reception staff, Sister Nada and her colleague, were very kind and provided excellent explanations.",True,False,False,2026-09-25
P02,القرية الشعبية,الدمام,تراثي / ثقافي,https://maps.app.goo.gl/oNadKmXoFmk9e4Di9,Ci9DQUlRQUNvZENodHljRjlvT2paMGFEQlVabmcyYUZWUVdsY3hSazFGTVMxcFNsRRAB,محمد المغربي,https://www.google.com/maps/contrib/112584569480976382423/reviews?hl=en,5,4 months ago,"بكل فخر واعتزاز، نُسجّل هذا التقييم المتميز لكل من:
أماني، أمثال، منيرة، ندى، مريم، وفاطمة، نظير ما قدّمنه من أداء احترافي رفيع في مهام الاستقبال بـ القرية الشعبية – الدمام.

لقد قدّمن صورة مشرّفة تعكس أعلى معايير الجودة في الاستقبال (Reception)، من خلال حسن التعامل، والرقي في الأسلوب، والبشاشة الدائمة، والاهتمام البالغ براحة الضيوف، إضافةً إلى العناية الواضحة بنظافة وتنظيم الموقع، مما أسهم في تقديم تجربة راقية ومتكاملة.

وبكل أمانة، فإن ما قدّمنه يتجاوز حدود التميز إلى مستوى يُحتذى به ويُعتمد كنموذج يُقتدى به في بيئة العمل.

كما نُثمن الجهود المباركة لكل من:
السكرتي حسن جبران – مدير العمليات،
والسكرتي محمد المغربي – مشرف الميدان،
على دعمهما المستمر ومتابعتهما الدقيقة، والتنظيم كان لهم دور بارز في تحقيق هذا المستوى العالي من الأداء.

كل الشكر والتقدير للجميع، ونسأل الله دوام التوفيق والسداد والتميّز.",True,True,False,2026-09-25
P02,القرية الشعبية,الدمام,تراثي / ثقافي,https://maps.app.goo.gl/oNadKmXoFmk9e4Di9,Ci9DQUlRQUNvZENodHljRjlvT2pacFVsRjVWVTVxYUc5c1FsbEpZMDB4VG5RMVkzYxAB,إبن الجنوب,https://www.google.com/maps/contrib/106644588098271999094/reviews?hl=en,5,4 months ago,"أود أن أتقدم بخالص الشكر والتقدير لكل من
أماني، أنفال، منيرة، ندى، مريم، وفاطمة، وذلك على ما قدّمنه من أداء مميز في الاستقبال بـ القرية الشعبية – الدمام.

لقد كان استقبالهن في قمة الاحترافية، حيث تحلّين بحسن الخلق، ولباقة التعامل، والاهتمام الواضح براحة الضيوف. كما يُشكر لهن حرصهن على نظافة وترتيب المكان بشكل يعكس صورة مشرفة ومميزة.

بكل أمانة، كنَّ مثالاً رائعاً في أداء مهام الاستقبال (Reception)، وقدمن تجربة راقية تليق بالموقع والجهة.

كل الشكر لكنّ، مع أطيب التمنيات بدوام التوفيق والتميز.",True,True,False,2026-09-25
P02,القرية الشعبية,الدمام,تراثي / ثقافي,https://maps.app.goo.gl/oNadKmXoFmk9e4Di9,Ci9DQUlRQUNvZENodHljRjlvT2xGTlFsQlRTRVJrYW1GeGF6VlFWMjAxVEZwRFVsRRAB,خالد العمار,https://www.google.com/maps/contrib/109649760135836646664/reviews?hl=en,5,4 months ago,مكان راقي جدا انصح بزيارته,True,True,False,2026-09-25
P02,القرية الشعبية,الدمام,تراثي / ثقافي,https://maps.app.goo.gl/oNadKmXoFmk9e4Di9,Ci9DQUlRQUNvZENodHljRjlvT25KdFgwbGxlVXRyYVhOQ1YzQTRhMk5NVFRCemQxRRAB,jamal ms,https://www.google.com/maps/contrib/107606990547148435358/reviews?hl=en,5,4 months ago,افضل موظفة ندى ماقصرت,True,True,False,2026-09-25
P02,القرية الشعبية,الدمام,تراثي / ثقافي,https://maps.app.goo.gl/oNadKmXoFmk9e4Di9,Ci9DQUlRQUNvZENodHljRjlvT2pSYWFFaEdTMDVmTkc5RFRVYzJhakI2WlRaaWRtYxAB,wadiah Mallahi,https://www.google.com/maps/contrib/102086660135491106986/reviews?hl=en,5,4 months ago,"Excellent location and outstanding service. The food was rich and satisfying. I also have to mention my friend Nada, who is incredibly hardworking and dedicated, and she always give 100% and it shows in everything she does and smarter and love her work",False,True,False,2026-09-25
P02,القرية الشعبية,الدمام,تراثي / ثقافي,https://maps.app.goo.gl/oNadKmXoFmk9e4Di9,Ci9DQUlRQUNvZENodHljRjlvT25Cb1JFbFBRM2RWVTBSdldFY3lTRFJxUm1GWWMxRRAB,مجلس الغريب,https://www.google.com/maps/contrib/115296097559042105317/reviews?hl=en,5,4 months ago,نشكر الاخت ندى كانت معاملتها لنا جداً رايقه نتمنى لك  التوفيق,True,True,False,2026-09-25
P02,القرية الشعبية,الدمام,تراثي / ثقافي,https://maps.app.goo.gl/oNadKmXoFmk9e4Di9,Ci9DQUlRQUNvZENodHljRjlvT2tWUlgyNU1SM1p6WVhWa2EwOWhRakUzZURod1prRRAB,Noof Nony,https://www.google.com/maps/contrib/117480452381354637054/reviews?hl=en,5,4 months ago,ماشاء الله مكان رائع و بل اخص استقبال الكشيره ندى كان اسلوبها راقي ومتعاونه وايضا موظفه منيره احببت مكان ولنا زياره مره الثانيه,True,True,False,2026-09-25
P02,القرية الشعبية,الدمام,تراثي / ثقافي,https://maps.app.goo.gl/oNadKmXoFmk9e4Di9,Ci9DQUlRQUNvZENodHljRjlvT2tRNUxWZzJlVEJrWTBsQlNGVmhVazFtYW14Q0xYYxAB,Shim Alnas,https://www.google.com/maps/contrib/102353985684013038114/reviews?hl=en,3,4 months ago,مكان جدا ممتاز وموقع مميز وتصميم مختلف,True,True,False,2026-09-25
P02,القرية الشعبية,الدمام,تراثي / ثقافي,https://maps.app.goo.gl/oNadKmXoFmk9e4Di9,Ci9DQUlRQUNvZENodHljRjlvT2paRFZtVmxVbE5sYTFCRFowRTVUbTB5U0ZSUFVrRRAB,Abdullah Ali,https://www.google.com/maps/contrib/104270631491408390406/reviews?hl=en,5,4 months ago,"تجربة رائعة بكل المقاييس، تستحق أكثر من 5 نجوم!

منذ اللحظة الأولى، كان الاستقبال استثنائيًا بفضل الأستاذة منيرة، التي كانت خير سفيرة لهذا الصرح العريق. حسن ترحيبها، وأسلوبها الراقي جعلونا نشعر وكأننا ضيوف أعزاء، لا مجرد زوار. تعاملها الاحترافي وحفاوة استقبالها تركت في أنفسنا أثرًا طيبًا قبل أن نبدأ جولتنا.

أما القرية نفسها، فهي حقًا تحفة فنية وثقافية لا تُقدّر بثمن. تمتد على مساحة هائلة تزيد عن 22 ألف متر مربع، وتضم أكثر من 8 آلاف قطعة تراثية تحكي بكل أمانة قصة 13 منطقة من مناطق المملكة.",True,True,False,2026-09-25
P02,القرية الشعبية,الدمام,تراثي / ثقافي,https://maps.app.goo.gl/oNadKmXoFmk9e4Di9,ChdDSUhNMG9nS0VJQ0FnSUQ2ODdxczl3RRAB,سلطان القرني,https://www.google.com/maps/contrib/111719227254131219676/reviews?hl=en,5,Edited 4 months ago,,False,True,False,2026-09-25
P02,القرية الشعبية,الدمام,تراثي / ثقافي,https://maps.app.goo.gl/oNadKmXoFmk9e4Di9,Ci9DQUlRQUNvZENodHljRjlvT2pkdmEzWXdZWEY0ZURKUU5rRjRTeTFOV25wVlJFRRAB,محمد مريزيق العتيبي,https://www.google.com/maps/contrib/116760739642387180272/reviews?hl=en,5,4 months ago,"The place is very beautiful and wonderful. The service is five-star, and the reception is very classy and welcoming, especially Fatima, Anfal, and Maryam. May God reward you for the warm welcome and hospitality.",True,False,False,2026-09-25
P02,القرية الشعبية,الدمام,تراثي / ثقافي,https://maps.app.goo.gl/oNadKmXoFmk9e4Di9,Ci9DQUlRQUNvZENodHljRjlvT2pWM05HMHRUV1JmWXpsVE1ubE9Sa3gyWDBOVlZuYxAB,rohail khan,https://www.google.com/maps/contrib/115603621953612938564/reviews?hl=en,5,4 months ago,"Had a wonderful experience at Saudi Heritage Mall. The atmosphere, hospitality, and overall experience were truly memorable. …",False,True,True,2026-09-25
P02,القرية الشعبية,الدمام,تراثي / ثقافي,https://maps.app.goo.gl/oNadKmXoFmk9e4Di9,Ci9DQUlRQUNvZENodHljRjlvT21WYVFtbFBhbTFCZWxwaU9XRnhSbU4xWDNOeE0xRRAB,Dafaallah Alaraky,https://www.google.com/maps/contrib/110952947127510013771/reviews?hl=en,5,4 months ago,مكان جميل ومرتب واستقبال امثر من رائع، واشكر فطامة ومريم وانفال اللي كان في استقبالنا,True,True,False,2026-09-25
P02,القرية الشعبية,الدمام,تراثي / ثقافي,https://maps.app.goo.gl/oNadKmXoFmk9e4Di9,Ci9DQUlRQUNvZENodHljRjlvT2xob2NXOXRWbFl4TkU1d1kzRm9UVVpaVVRKdU0yYxAB,تركي رفاعي,https://www.google.com/maps/contrib/105607318182178303577/reviews?hl=en,5,4 months ago,عشره على عشره لعيون الموظفين يستاهلون الطيب محترمين و اخلاق و زيدو رواتبهم  مو مبالغه بس منجد محترمين بس عاد لو يعطوني البندقيه ذي ب اقيمهم مليون من عشره,True,True,False,2026-09-25
P02,القرية الشعبية,الدمام,تراثي / ثقافي,https://maps.app.goo.gl/oNadKmXoFmk9e4Di9,Ci9DQUlRQUNvZENodHljRjlvT2xONlRrNXNibTE0VFcxSlVFdHRaMUJ3UjB4TVlWRRAB,Aakasha Qureshi,https://www.google.com/maps/contrib/107294044339861745496/reviews?hl=en,5,4 months ago,Excellent,False,True,False,2026-09-25
P02,القرية الشعبية,الدمام,تراثي / ثقافي,https://maps.app.goo.gl/oNadKmXoFmk9e4Di9,Ci9DQUlRQUNvZENodHljRjlvT2tNeVpGOXhkbFZwUjA1b2VreHNia2d6U1dSUWFHYxAB,Abdullah Alsaeed,https://www.google.com/maps/contrib/104009662579737365978/reviews?hl=en,5,4 months ago,,False,True,False,2026-09-25
P02,القرية الشعبية,الدمام,تراثي / ثقافي,https://maps.app.goo.gl/oNadKmXoFmk9e4Di9,ChZDSUhNMG9nS0VJQ0FnSUNQamRpT1hBEAE,Making Salome,https://www.google.com/maps/contrib/103307827840685844926/reviews?hl=en,5,Edited 4 months ago,i like it and so wonder fall  place and all so the name asma to helping me,False,True,False,2026-09-25
P02,القرية الشعبية,الدمام,تراثي / ثقافي,https://maps.app.goo.gl/oNadKmXoFmk9e4Di9,Ci9DQUlRQUNvZENodHljRjlvT2tGWE9XbzNXV3hzY0RVNGFFVmZUM2RyUW5sMGIwRRAB,ابو فهد,https://www.google.com/maps/contrib/106945773836166308629/reviews?hl=en,5,4 months ago,,False,True,False,2026-09-25
P02,القرية الشعبية,الدمام,تراثي / ثقافي,https://maps.app.goo.gl/oNadKmXoFmk9e4Di9,Ci9DQUlRQUNvZENodHljRjlvT2xKWVdVSnNZMDlCVm5Ka1ZrNDRZWFZRWW5aRmIzYxAB,fatimah aldhamin,https://www.google.com/maps/contrib/116235499073285478263/reviews?hl=en,5,4 months ago,زرنا المكان وفعلا من افضل المطاعم والمتاحف ، وجوده الطعام والخدمة جدا ممتازه,True,True,False,2026-09-25
P02,القرية الشعبية,الدمام,تراثي / ثقافي,https://maps.app.goo.gl/oNadKmXoFmk9e4Di9,Ci9DQUlRQUNvZENodHljRjlvT2pSUVJTMTFaRzB4VWkxWWVETnBOR05WY2s5UVVYYxAB,Soyad Imran,https://www.google.com/maps/contrib/106986240441464016679/reviews?hl=en,5,4 months ago,,False,True,False,2026-09-25
P02,القرية الشعبية,الدمام,تراثي / ثقافي,https://maps.app.goo.gl/oNadKmXoFmk9e4Di9,Ci9DQUlRQUNvZENodHljRjlvT21aWk4xVXhhVEZFY0ZNeWVHZ3RkV055VW00M1JXYxAB,Salma Agadir,https://www.google.com/maps/contrib/107374867805658426297/reviews?hl=en,5,4 months ago,,False,True,False,2026-09-25
P02,القرية الشعبية,الدمام,تراثي / ثقافي,https://maps.app.goo.gl/oNadKmXoFmk9e4Di9,Ci9DQUlRQUNvZENodHljRjlvT2twT0xWcDJkWHA0WlRWb1UwWm9aMjAwVGpWV2NuYxAB,Robin Daniel Mathew,https://www.google.com/maps/contrib/115837548900155336523/reviews?hl=en,5,4 months ago,Great place,False,True,False,2026-09-25
P02,القرية الشعبية,الدمام,تراثي / ثقافي,https://maps.app.goo.gl/oNadKmXoFmk9e4Di9,Ci9DQUlRQUNvZENodHljRjlvT2xKV01rVkxjemQ2UW5WMWMyMTZOazV2U0Rad2QwRRAB,Bader,https://www.google.com/maps/contrib/103322364752720724838/reviews?hl=en,5,4 months ago,,False,True,False,2026-09-25
P02,القرية الشعبية,الدمام,تراثي / ثقافي,https://maps.app.goo.gl/oNadKmXoFmk9e4Di9,Ci9DQUlRQUNvZENodHljRjlvT2xkSkxXUnBYM2hUWkRObWRrNWFlRlJJUnpsUmJXYxAB,abdullah al-haddad,https://www.google.com/maps/contrib/116869322617136637669/reviews?hl=en,5,4 months ago,,False,True,False,2026-09-25
P02,القرية الشعبية,الدمام,تراثي / ثقافي,https://maps.app.goo.gl/oNadKmXoFmk9e4Di9,Ci9DQUlRQUNvZENodHljRjlvT2tGRFFWVTNUV0V5U0hwQmVUWldhakpHUzBSeWEyYxAB,abdullah abu suliman,https://www.google.com/maps/contrib/117257823298319985954/reviews?hl=en,5,4 months ago,,False,True,False,2026-09-25
P02,القرية الشعبية,الدمام,تراثي / ثقافي,https://maps.app.goo.gl/oNadKmXoFmk9e4Di9,Ci9DQUlRQUNvZENodHljRjlvT2pjMFFtNDNNaTFYY0hFMVJFRklVSFoxUWw5Rk5VRRAB,MöD MöD,https://www.google.com/maps/contrib/115136669856584755265/reviews?hl=en,5,4 months ago,,False,True,False,2026-09-25
P02,القرية الشعبية,الدمام,تراثي / ثقافي,https://maps.app.goo.gl/oNadKmXoFmk9e4Di9,Ci9DQUlRQUNvZENodHljRjlvT21kUVUxQm9jR0pEWTJRNGRVcHhSVGd4T1RGdVJWRRAB,فرح السريعي,https://www.google.com/maps/contrib/102743967309402570085/reviews?hl=en,5,4 months ago,,False,True,False,2026-09-25
P02,القرية الشعبية,الدمام,تراثي / ثقافي,https://maps.app.goo.gl/oNadKmXoFmk9e4Di9,Ci9DQUlRQUNvZENodHljRjlvT2tSUlNUbGFNMWhRZFdKWmF6bHRlbTk0UTNrelRFRRAB,,https://www.google.com/maps/contrib/110406974423533805686/reviews?hl=en,5,4 months ago,"Worth a visit.
The place and the concept are wonderful.
Thank you.",True,False,False,2026-09-25
P02,القرية الشعبية,الدمام,تراثي / ثقافي,https://maps.app.goo.gl/oNadKmXoFmk9e4Di9,Ci9DQUlRQUNvZENodHljRjlvT25SMFF6QmxibWR5TUZwTllrbFdYMXB4YlZwaVFsRRAB,Incisive FAYEZ,https://www.google.com/maps/contrib/101416749674934573742/reviews?hl=en,4,4 months ago,I recommend ❤️,False,True,False,2026-09-25
P02,القرية الشعبية,الدمام,تراثي / ثقافي,https://maps.app.goo.gl/oNadKmXoFmk9e4Di9,Ci9DQUlRQUNvZENodHljRjlvT2xWUE5GRTRVMHRPYkdVeFVWOXdNR3BXWTJRMVltYxAB,محمد VIP,https://www.google.com/maps/contrib/102456855835313801963/reviews?hl=en,5,4 months ago,The place is very beautiful. The food is excellent. There's a museum and heritage items. Entrance is 20 riyals per person (over 10 years old).,True,False,False,2026-09-25
P02,القرية الشعبية,الدمام,تراثي / ثقافي,https://maps.app.goo.gl/oNadKmXoFmk9e4Di9,Ci9DQUlRQUNvZENodHljRjlvT2tOUWNrRkZNSFJXYjNjdGVEaHBUbFpUY1hKb2FWRRAB,ريماس الخالدي,https://www.google.com/maps/contrib/107318513058227797110/reviews?hl=en,5,4 months ago,,False,True,False,2026-09-25
P02,القرية الشعبية,الدمام,تراثي / ثقافي,https://maps.app.goo.gl/oNadKmXoFmk9e4Di9,Ci9DQUlRQUNvZENodHljRjlvT25OTGIwTm9ZV3d5YWtwSWNHdHJURGhyVWxCaU1XYxAB,Salah Qasam,https://www.google.com/maps/contrib/111895380098590013250/reviews?hl=en,5,4 months ago,,False,True,False,2026-09-25
P02,القرية الشعبية,الدمام,تراثي / ثقافي,https://maps.app.goo.gl/oNadKmXoFmk9e4Di9,ChdDSUhNMG9nS0VJQ0FnSURDdE96d3hRRRAB,MOHAMMED S,https://www.google.com/maps/contrib/110089283878614196549/reviews?hl=en,5,Edited 4 months ago,قرية كبيرة متحف ومطعم شعبي ومكان جميل الأكل عندهم ممتاز بانواعه ولكن ليه فيه رسوم دخول المفروض الرسوم على المتحف فقط,True,True,False,2026-09-25
P02,القرية الشعبية,الدمام,تراثي / ثقافي,https://maps.app.goo.gl/oNadKmXoFmk9e4Di9,Ci9DQUlRQUNvZENodHljRjlvT200d1R6bFBNRlpKYlhFd2RqTTNNbTFJYkV0NFYwRRAB,Basel Akram,https://www.google.com/maps/contrib/117463915241270191421/reviews?hl=en,5,4 months ago,,False,True,False,2026-09-25
P02,القرية الشعبية,الدمام,تراثي / ثقافي,https://maps.app.goo.gl/oNadKmXoFmk9e4Di9,Ci9DQUlRQUNvZENodHljRjlvT2xKMlJEZEJUakZ6YjFOUmVFZHBZemRSTjNwSFlYYxAB,عبدالكريم سريع,https://www.google.com/maps/contrib/114201480650288235663/reviews?hl=en,1,4 months ago,,False,True,False,2026-09-25
P02,القرية الشعبية,الدمام,تراثي / ثقافي,https://maps.app.goo.gl/oNadKmXoFmk9e4Di9,Ci9DQUlRQUNvZENodHljRjlvT25sSVRsVXRiakZPZFhkR1RIVkRWWEE1TTJSd1JWRRAB,Jose Jr Cabancalan,https://www.google.com/maps/contrib/104859342278498502931/reviews?hl=en,5,4 months ago,,False,True,False,2026-09-25
P02,القرية الشعبية,الدمام,تراثي / ثقافي,https://maps.app.goo.gl/oNadKmXoFmk9e4Di9,Ci9DQUlRQUNvZENodHljRjlvT2tGbVprYzJlVmxqY0dReFVVSlhNM1phU0VNemFXYxAB,A Alzubidi,https://www.google.com/maps/contrib/101419783699373078321/reviews?hl=en,5,4 months ago,,False,True,False,2026-09-25
P02,القرية الشعبية,الدمام,تراثي / ثقافي,https://maps.app.goo.gl/oNadKmXoFmk9e4Di9,Ci9DQUlRQUNvZENodHljRjlvT2t0RFJqWk9VMTgyVWkxU1JEQlJiUzFOYVhONE1VRRAB,hadi alhajri,https://www.google.com/maps/contrib/102429400200028242961/reviews?hl=en,5,4 months ago,قرية شعبية تحتوي على مطاعم وصالات للمناسبات والأعراس ايضا وتقع على الكورنيش.,True,True,False,2026-09-25
P02,القرية الشعبية,الدمام,تراثي / ثقافي,https://maps.app.goo.gl/oNadKmXoFmk9e4Di9,Ci9DQUlRQUNvZENodHljRjlvT2xWMVVUbDZTRVpYUWtGV1EwaFZSRWxEUjFoc1owRRAB,abdulrahman البراري,https://www.google.com/maps/contrib/103834661481497961609/reviews?hl=en,5,4 months ago,مكان جميل وما ينمل منه,True,True,False,2026-09-25
P02,القرية الشعبية,الدمام,تراثي / ثقافي,https://maps.app.goo.gl/oNadKmXoFmk9e4Di9,Ci9DQUlRQUNvZENodHljRjlvT25sTVVYSldNa1pmWkRWWFJWVlhaVWRFUzA4MlNWRRAB,Mohamed Fathi,https://www.google.com/maps/contrib/115814517488790469569/reviews?hl=en,5,4 months ago,,False,True,False,2026-09-25
P02,القرية الشعبية,الدمام,تراثي / ثقافي,https://maps.app.goo.gl/oNadKmXoFmk9e4Di9,Ci9DQUlRQUNvZENodHljRjlvT204MWRXWjBRMFZ4WXpZelltdHJOWHB5TVV4TWVuYxAB,Denmark Uddin,https://www.google.com/maps/contrib/107749429455763785991/reviews?hl=en,5,4 months ago,,False,True,False,2026-09-25
P02,القرية الشعبية,الدمام,تراثي / ثقافي,https://maps.app.goo.gl/oNadKmXoFmk9e4Di9,Ci9DQUlRQUNvZENodHljRjlvT2xZeWJHMDFSbmw1TW5sdFJIUnFhMUZLTkV4WlNuYxAB,Khaled Ezaibi,https://www.google.com/maps/contrib/113883814002815619810/reviews?hl=en,5,4 months ago,A wonderful experience and valuable information,True,False,False,2026-09-25
P02,القرية الشعبية,الدمام,تراثي / ثقافي,https://maps.app.goo.gl/oNadKmXoFmk9e4Di9,Ci9DQUlRQUNvZENodHljRjlvT2pGdVlVWTVUekZ2VVRGcFNUaFliamhFV1dnNVpFRRAB,MOHAMMED OMRAN,https://www.google.com/maps/contrib/102860274203890913027/reviews?hl=en,4,4 months ago,تجربة توصف بالجيدة,True,True,False,2026-09-25
P02,القرية الشعبية,الدمام,تراثي / ثقافي,https://maps.app.goo.gl/oNadKmXoFmk9e4Di9,Ci9DQUlRQUNvZENodHljRjlvT2tkbWFXOVZYMk4yZVZaSmRpMTNYMUZaTFcxU2RYYxAB,Khalid Almuhaidib,https://www.google.com/maps/contrib/109921012762391179010/reviews?hl=en,5,4 months ago,,False,True,False,2026-09-25
P02,القرية الشعبية,الدمام,تراثي / ثقافي,https://maps.app.goo.gl/oNadKmXoFmk9e4Di9,Ci9DQUlRQUNvZENodHljRjlvT2psNmNVUkJVV3ROY1VWcGJFWkNaamt4ZDJaeWVWRRAB,احمد الجرافي,https://www.google.com/maps/contrib/103150981532246271814/reviews?hl=en,5,4 months ago,,False,True,False,2026-09-25
P02,القرية الشعبية,الدمام,تراثي / ثقافي,https://maps.app.goo.gl/oNadKmXoFmk9e4Di9,ChdDSUhNMG9nS0VJQ0FnSURuaHVmVG5BRRAB,latifa ali,https://www.google.com/maps/contrib/112706747264912709369/reviews?hl=en,5,Edited 4 months ago,,False,True,False,2026-09-25
P02,القرية الشعبية,الدمام,تراثي / ثقافي,https://maps.app.goo.gl/oNadKmXoFmk9e4Di9,Ci9DQUlRQUNvZENodHljRjlvT2xBM2RHTXpSV3BXWm05UFFrWXdjRmx5TVc1eU1sRRAB,سوسو صادق,https://www.google.com/maps/contrib/105103625113094364862/reviews?hl=en,5,4 months ago,,False,True,False,2026-09-25
P02,القرية الشعبية,الدمام,تراثي / ثقافي,https://maps.app.goo.gl/oNadKmXoFmk9e4Di9,Ci9DQUlRQUNvZENodHljRjlvT2xsbFQweFBTMVpJTmpsR1YxcDZWRUp2WWpkRExWRRAB,zkai almahfodi,https://www.google.com/maps/contrib/107029272778972482510/reviews?hl=en,5,4 months ago,,False,True,False,2026-09-25
P02,القرية الشعبية,الدمام,تراثي / ثقافي,https://maps.app.goo.gl/oNadKmXoFmk9e4Di9,Ci9DQUlRQUNvZENodHljRjlvT2pJek1XbEJNVjlEZVdscFdsaGpXV3h1WmtWM2RsRRAB,essa,https://www.google.com/maps/contrib/116420899303998428067/reviews?hl=en,3,4 months ago,,False,True,False,2026-09-25
P02,القرية الشعبية,الدمام,تراثي / ثقافي,https://maps.app.goo.gl/oNadKmXoFmk9e4Di9,ChZDSUhNMG9nS0VJQ0FnSUNQamRyakN3EAE,Laku Sorker,https://www.google.com/maps/contrib/108429111052798192548/reviews?hl=en,5,Edited 4 months ago,"Beautiful place and delicious food,, Service is very good, I am very happy to come here,,",False,True,False,2026-09-25
P02,القرية الشعبية,الدمام,تراثي / ثقافي,https://maps.app.goo.gl/oNadKmXoFmk9e4Di9,Ci9DQUlRQUNvZENodHljRjlvT2pJeE5tUnpiekJTTjJ4RmVsUlJjMTlCTFdoWVNWRRAB,Ebrahim Miah,https://www.google.com/maps/contrib/100573496900969669257/reviews?hl=en,5,4 months ago,,False,True,False,2026-09-25
P02,القرية الشعبية,الدمام,تراثي / ثقافي,https://maps.app.goo.gl/oNadKmXoFmk9e4Di9,Ci9DQUlRQUNvZENodHljRjlvT21relEyazRhbWx4Y2xocWVpMVNORlZNYnpoeU1GRRAB,msahary msahary,https://www.google.com/maps/contrib/111519848309172862541/reviews?hl=en,5,4 months ago,,False,True,False,2026-09-25
P02,القرية الشعبية,الدمام,تراثي / ثقافي,https://maps.app.goo.gl/oNadKmXoFmk9e4Di9,Ci9DQUlRQUNvZENodHljRjlvT2tvNGNUZDRTRTFFVTBKa1gxRnFlSEpsTUdwemVVRRAB,مريم نايف,https://www.google.com/maps/contrib/113820873684082279613/reviews?hl=en,5,4 months ago,,False,True,False,2026-09-25
P02,القرية الشعبية,الدمام,تراثي / ثقافي,https://maps.app.goo.gl/oNadKmXoFmk9e4Di9,Ci9DQUlRQUNvZENodHljRjlvT21wWGRsRkxVRXRIWkhoRlRIQllUVlYxWDJaR00zYxAB,أبو يحيى,https://www.google.com/maps/contrib/109808528727667714346/reviews?hl=en,5,4 months ago,,False,True,False,2026-09-25
P02,القرية الشعبية,الدمام,تراثي / ثقافي,https://maps.app.goo.gl/oNadKmXoFmk9e4Di9,Ci9DQUlRQUNvZENodHljRjlvT205SVdFcExiVVZtTURWcE9GWm9ZUzFhUld0TmFuYxAB,Omahmad Juhani,https://www.google.com/maps/contrib/118402476037176639873/reviews?hl=en,4,4 months ago,Beautiful and serene,True,False,False,2026-09-25
P02,القرية الشعبية,الدمام,تراثي / ثقافي,https://maps.app.goo.gl/oNadKmXoFmk9e4Di9,Ci9DQUlRQUNvZENodHljRjlvT25GeU4ySlZOVjlqUkZVeWJVWlJNR1kwTVVsdmVWRRAB,امين عمر,https://www.google.com/maps/contrib/117081209170583103096/reviews?hl=en,4,4 months ago,,False,True,False,2026-09-25
P02,القرية الشعبية,الدمام,تراثي / ثقافي,https://maps.app.goo.gl/oNadKmXoFmk9e4Di9,Ci9DQUlRQUNvZENodHljRjlvT2pSc1RrUmFNbFIxUzFaWE9WOUhSMjh6V0VRdFJrRRAB,Rooh 9985,https://www.google.com/maps/contrib/109406699493405347599/reviews?hl=en,5,4 months ago,,False,True,False,2026-09-25
P02,القرية الشعبية,الدمام,تراثي / ثقافي,https://maps.app.goo.gl/oNadKmXoFmk9e4Di9,ChZDSUhNMG9nS0VJQ0FnTURJdHFEcldREAE,jihad Mia,https://www.google.com/maps/contrib/105258123135973025022/reviews?hl=en,5,Edited 4 months ago,,False,True,False,2026-09-25
P02,القرية الشعبية,الدمام,تراثي / ثقافي,https://maps.app.goo.gl/oNadKmXoFmk9e4Di9,ChZDSUhNMG9nS0VJQ0FnSURDczZyS1BBEAE,محمد فقيهي,https://www.google.com/maps/contrib/117355765182195228830/reviews?hl=en,5,Edited 5 months ago,ممتاز,True,True,False,2026-09-25
P02,القرية الشعبية,الدمام,تراثي / ثقافي,https://maps.app.goo.gl/oNadKmXoFmk9e4Di9,Ci9DQUlRQUNvZENodHljRjlvT21ndE5YQm9PV1F3WVVKaU5ITlFSV2RqVXpCZmNFRRAB,حسين الدوسري,https://www.google.com/maps/contrib/106836590395056576021/reviews?hl=en,5,5 months ago,,False,True,False,2026-09-25
P02,القرية الشعبية,الدمام,تراثي / ثقافي,https://maps.app.goo.gl/oNadKmXoFmk9e4Di9,Ci9DQUlRQUNvZENodHljRjlvT2xsb1MxcGthVk5VYkhwTU0yUmFjV3RUTlhoaFpsRRAB,Ezzaldeen Alshuaibi,https://www.google.com/maps/contrib/116982691114134692413/reviews?hl=en,5,5 months ago,,False,True,False,2026-09-25
P02,القرية الشعبية,الدمام,تراثي / ثقافي,https://maps.app.goo.gl/oNadKmXoFmk9e4Di9,Ci9DQUlRQUNvZENodHljRjlvT20xc2NHUldPRUo1U0V0TWNYbElXRkZmWWtvNFpIYxAB,Adel ZulQarnain,https://www.google.com/maps/contrib/117736333812447346488/reviews?hl=en,5,5 months ago,Excellent vibes and food,False,True,False,2026-09-25
P02,القرية الشعبية,الدمام,تراثي / ثقافي,https://maps.app.goo.gl/oNadKmXoFmk9e4Di9,Ci9DQUlRQUNvZENodHljRjlvT21veWREYzJkeTFTZWt0SmVtUkZkWGRzWDNsdE1tYxAB,Mohd M,https://www.google.com/maps/contrib/112837869311909205502/reviews?hl=en,1,5 months ago,"My experience with them was very, very bad. After they took the entrance fee and we entered the room and ordered, they said there were 15 minutes left until the restaurant closed. They should have told me there were 15 minutes left before I paid for the tickets.",True,False,False,2026-09-25
P02,القرية الشعبية,الدمام,تراثي / ثقافي,https://maps.app.goo.gl/oNadKmXoFmk9e4Di9,Ci9DQUlRQUNvZENodHljRjlvT2xGU1pHaDRlUzFDYW5wS1NUTmlSV2hMY1RsSFNFRRAB,Jassem Mohammad,https://www.google.com/maps/contrib/108900427947450064818/reviews?hl=en,5,5 months ago,,False,True,False,2026-09-25
P02,القرية الشعبية,الدمام,تراثي / ثقافي,https://maps.app.goo.gl/oNadKmXoFmk9e4Di9,Ci9DQUlRQUNvZENodHljRjlvT21kNmRrUllSbUpVWW1JMVJVbEVSak52VVdGSVNsRRAB,محمد أيمن السعودي,https://www.google.com/maps/contrib/114284768170726294620/reviews?hl=en,4,5 months ago,,False,True,False,2026-09-25
P02,القرية الشعبية,الدمام,تراثي / ثقافي,https://maps.app.goo.gl/oNadKmXoFmk9e4Di9,Ci9DQUlRQUNvZENodHljRjlvT21kT1RGOWlNVmh1V1RabFEzZG5OMHAxUld4VFVFRRAB,Millat Hossan,https://www.google.com/maps/contrib/113616121608878342071/reviews?hl=en,5,5 months ago,Quite and good place,False,True,False,2026-09-25
P02,القرية الشعبية,الدمام,تراثي / ثقافي,https://maps.app.goo.gl/oNadKmXoFmk9e4Di9,Ci9DQUlRQUNvZENodHljRjlvT2xwR2FsTlVObW96VVhoV1QzUnlVM0k0Y1RWbFFYYxAB,ahmad Khalel,https://www.google.com/maps/contrib/118133945672258865294/reviews?hl=en,1,5 months ago,,False,True,False,2026-09-25
P02,القرية الشعبية,الدمام,تراثي / ثقافي,https://maps.app.goo.gl/oNadKmXoFmk9e4Di9,Ci9DQUlRQUNvZENodHljRjlvT2xwU1JqRk9PR1JYUkZWTVEyRkJhR1l5UTNwbFYyYxAB,Khalda,https://www.google.com/maps/contrib/116658290891383687653/reviews?hl=en,5,5 months ago,تجربه فريده,True,True,False,2026-09-25
P02,القرية الشعبية,الدمام,تراثي / ثقافي,https://maps.app.goo.gl/oNadKmXoFmk9e4Di9,Ci9DQUlRQUNvZENodHljRjlvT2tsMk1YTndOVE5hV21wb1ZITkhNbFZXVWxaaVlsRRAB,أريج الزهراني,https://www.google.com/maps/contrib/110790709451007689861/reviews?hl=en,5,5 months ago,المكان حلو وتغدينا كبسه دجاج ولذيذه وحلو ان المكان في كورنيش الدمام,True,True,False,2026-09-25
P02,القرية الشعبية,الدمام,تراثي / ثقافي,https://maps.app.goo.gl/oNadKmXoFmk9e4Di9,Ci9DQUlRQUNvZENodHljRjlvT2tKa01VVXlRemRKVkZwSVVGOHpZakJNYVU1dFpVRRAB,Mahmoud Alaroomi,https://www.google.com/maps/contrib/100907468085869615300/reviews?hl=en,4,5 months ago,"There are wonderful heritage items, a restaurant, private dining rooms, and an events and party hall.",True,False,False,2026-09-25
P02,القرية الشعبية,الدمام,تراثي / ثقافي,https://maps.app.goo.gl/oNadKmXoFmk9e4Di9,Ci9DQUlRQUNvZENodHljRjlvT2pGbFRUUjNVVkEwYUVndFNFcDVSR05pTm01aWJrRRAB,Ahmed Elhadidy,https://www.google.com/maps/contrib/111246540867624747311/reviews?hl=en,5,5 months ago,,False,True,False,2026-09-25
P02,القرية الشعبية,الدمام,تراثي / ثقافي,https://maps.app.goo.gl/oNadKmXoFmk9e4Di9,Ci9DQUlRQUNvZENodHljRjlvT2poblluQTJUVmhwT0c1WVJGUk1SWEpKWVVsWVYxRRAB,Mohsen Aldossary,https://www.google.com/maps/contrib/116764161036588964758/reviews?hl=en,5,5 months ago,,False,True,False,2026-09-25
P02,القرية الشعبية,الدمام,تراثي / ثقافي,https://maps.app.goo.gl/oNadKmXoFmk9e4Di9,Ci9DQUlRQUNvZENodHljRjlvT2xWS05IZFJWVTkzWmtGV1dVeFFTMUpCWkhSNVdsRRAB,ahmed aldubaikel,https://www.google.com/maps/contrib/113694380429034916622/reviews?hl=en,5,5 months ago,,False,True,False,2026-09-25
P02,القرية الشعبية,الدمام,تراثي / ثقافي,https://maps.app.goo.gl/oNadKmXoFmk9e4Di9,Ci9DQUlRQUNvZENodHljRjlvT25WS1EzaHNNelJJTFhseVpYVmpVMEpUU1ZKcFNIYxAB,omer alaqeel,https://www.google.com/maps/contrib/114525969836415549469/reviews?hl=en,1,5 months ago,كنت مفكر اروح. لكن من شفت موضوع الدخول. كنسلت.,True,True,False,2026-09-25
P02,القرية الشعبية,الدمام,تراثي / ثقافي,https://maps.app.goo.gl/oNadKmXoFmk9e4Di9,Ci9DQUlRQUNvZENodHljRjlvT2tkQmFHMDBVV05hWVdWYU9VcDROWEkyWVU4dGFVRRAB,Abdul Arabian,https://www.google.com/maps/contrib/107388875386763014159/reviews?hl=en,4,Edited 5 months ago,Good place to visit weekend,False,True,False,2026-09-25
P02,القرية الشعبية,الدمام,تراثي / ثقافي,https://maps.app.goo.gl/oNadKmXoFmk9e4Di9,Ci9DQUlRQUNvZENodHljRjlvT210WVF6STNUV3BsWjFkQ2RVbFpabE5oWkVSTldVRRAB,TAG,https://www.google.com/maps/contrib/102764444487351524739/reviews?hl=en,4,5 months ago,‏المكان ممتاز جدا ولكن الأسعار مرتفعة,True,True,False,2026-09-25
P02,القرية الشعبية,الدمام,تراثي / ثقافي,https://maps.app.goo.gl/oNadKmXoFmk9e4Di9,Ci9DQUlRQUNvZENodHljRjlvT201WGRWVkxiV2hrVHpoWVlYSjZOME5OU205TmVFRRAB,الشافعي للمشاوير الخاصة,https://www.google.com/maps/contrib/112151182275339394770/reviews?hl=en,5,5 months ago,,False,True,False,2026-09-25
P02,القرية الشعبية,الدمام,تراثي / ثقافي,https://maps.app.goo.gl/oNadKmXoFmk9e4Di9,Ci9DQUlRQUNvZENodHljRjlvT25GMU1WWTJja05XZGpSUE1HMW5NWEZUWVRoWVgyYxAB,عادل الربيعي,https://www.google.com/maps/contrib/100751677764482547865/reviews?hl=en,5,5 months ago,مكان ممتاز فيه بضائع متنوعة,True,True,False,2026-09-25
P02,القرية الشعبية,الدمام,تراثي / ثقافي,https://maps.app.goo.gl/oNadKmXoFmk9e4Di9,Ci9DQUlRQUNvZENodHljRjlvT21aWFZsbE1Sbk01U1RkSGVsTkhUVjgxVlZwdU5VRRAB,مدينه حسين,https://www.google.com/maps/contrib/105286780853632418278/reviews?hl=en,5,5 months ago,,False,True,False,2026-09-25
P02,القرية الشعبية,الدمام,تراثي / ثقافي,https://maps.app.goo.gl/oNadKmXoFmk9e4Di9,Ci9DQUlRQUNvZENodHljRjlvT21sMFVHMW5aa3B4ZVU5eE5TMW5hSFJRVTI1cVozYxAB,Eman Joher,https://www.google.com/maps/contrib/109577645676357427935/reviews?hl=en,1,5 months ago,,False,True,False,2026-09-25
P02,القرية الشعبية,الدمام,تراثي / ثقافي,https://maps.app.goo.gl/oNadKmXoFmk9e4Di9,Ci9DQUlRQUNvZENodHljRjlvT2tjeVNUaHFXRTlhYWxOQ1VtTnlOR1JPZW01UU0xRRAB,Yaqub Sharf,https://www.google.com/maps/contrib/114626803198635061370/reviews?hl=en,4,5 months ago,,False,True,False,2026-09-25
P02,القرية الشعبية,الدمام,تراثي / ثقافي,https://maps.app.goo.gl/oNadKmXoFmk9e4Di9,Ci9DQUlRQUNvZENodHljRjlvT2tOb2NVZDJkWGxyYzBWM1pVaHlWMDVQWmxkclMxRRAB,ابو نورة,https://www.google.com/maps/contrib/103557599843176156721/reviews?hl=en,5,5 months ago,Amazing,True,False,False,2026-09-25
P02,القرية الشعبية,الدمام,تراثي / ثقافي,https://maps.app.goo.gl/oNadKmXoFmk9e4Di9,Ci9DQUlRQUNvZENodHljRjlvT2tOc2MzVlFia1JoZDBWckxVRlZPRVJ0Vm1OQ1oyYxAB,GiGi Camz,https://www.google.com/maps/contrib/113304506431845178454/reviews?hl=en,5,5 months ago,If you want to experience Saudi culture and heritage.. Come and see for yourself...,False,True,False,2026-09-25
P02,القرية الشعبية,الدمام,تراثي / ثقافي,https://maps.app.goo.gl/oNadKmXoFmk9e4Di9,Ci9DQUlRQUNvZENodHljRjlvT20xUlR6YzRVRXBLVkY5Q1IybzVOMWhDTWxoSlptYxAB,Waleed Waleed,https://www.google.com/maps/contrib/115718084805215242497/reviews?hl=en,5,5 months ago,"واجهه سياحية للملكة العربية السعودية وليس للدمام
ومكان يمكن تستضيف فيه ضيوفك بشكل شخصي او تستضيف وفد رسمي اذا انت جهه مسؤلة",True,True,False,2026-09-25
P02,القرية الشعبية,الدمام,تراثي / ثقافي,https://maps.app.goo.gl/oNadKmXoFmk9e4Di9,Ci9DQUlRQUNvZENodHljRjlvT2xoTlZUQlJkMWgzZFZCdU5HUkdialZvUTBRelptYxAB,الوليد بو علي,https://www.google.com/maps/contrib/115204181425397845544/reviews?hl=en,5,5 months ago,,False,True,False,2026-09-25
P02,القرية الشعبية,الدمام,تراثي / ثقافي,https://maps.app.goo.gl/oNadKmXoFmk9e4Di9,Ci9DQUlRQUNvZENodHljRjlvT25wdGVHWnlRekEyUlRaeWIzZEVWRVJUUzNSSlNrRRAB,fayez ali Shehri,https://www.google.com/maps/contrib/101151433988937496609/reviews?hl=en,5,5 months ago,,False,True,False,2026-09-25
P02,القرية الشعبية,الدمام,تراثي / ثقافي,https://maps.app.goo.gl/oNadKmXoFmk9e4Di9,Ci9DQUlRQUNvZENodHljRjlvT2pKall6bExOR1Z0TFRkc1VsVlBRMkZhVUhSSFJtYxAB,Amjad Talea Alghamdi,https://www.google.com/maps/contrib/106945360227584416096/reviews?hl=en,5,5 months ago,,False,True,False,2026-09-25
P02,القرية الشعبية,الدمام,تراثي / ثقافي,https://maps.app.goo.gl/oNadKmXoFmk9e4Di9,Ci9DQUlRQUNvZENodHljRjlvT25nM1VFcDBTMjFJV0hsaE5tMHlNVTg1ZEdveFJGRRAB,زعيم محمد,https://www.google.com/maps/contrib/109720513101988159766/reviews?hl=en,4,5 months ago,,False,True,False,2026-09-25
P02,القرية الشعبية,الدمام,تراثي / ثقافي,https://maps.app.goo.gl/oNadKmXoFmk9e4Di9,Ci9DQUlRQUNvZENodHljRjlvT2t4MlNXaHNjREF4ZG0wMVlVWk1aV1JXZEhOZmNGRRAB,محمد الجبران,https://www.google.com/maps/contrib/111324744951121919045/reviews?hl=en,5,5 months ago,,False,True,False,2026-09-25
P02,القرية الشعبية,الدمام,تراثي / ثقافي,https://maps.app.goo.gl/oNadKmXoFmk9e4Di9,Ci9DQUlRQUNvZENodHljRjlvT2w5cFREaFhZVlJVY1dFNVgyNW5RVmhwYWsxaGIyYxAB,Omar Amer,https://www.google.com/maps/contrib/101252048394882892624/reviews?hl=en,5,5 months ago,,False,True,False,2026-09-25
P02,القرية الشعبية,الدمام,تراثي / ثقافي,https://maps.app.goo.gl/oNadKmXoFmk9e4Di9,Ci9DQUlRQUNvZENodHljRjlvT2w5QlZ6UnlWVzVCTld0NlYweFRRMjVSY2xNMWRHYxAB,Hamad,https://www.google.com/maps/contrib/118264394499953687953/reviews?hl=en,5,5 months ago,,False,True,False,2026-09-25
P02,القرية الشعبية,الدمام,تراثي / ثقافي,https://maps.app.goo.gl/oNadKmXoFmk9e4Di9,Ci9DQUlRQUNvZENodHljRjlvT2xsTE1sWm9kMnd4YW5OWVdGUjFibkZuWkdreWVIYxAB,Pascal,https://www.google.com/maps/contrib/114485263150213961393/reviews?hl=en,4,5 months ago,"Great food, friendly and competent staff.",False,True,False,2026-09-25
P02,القرية الشعبية,الدمام,تراثي / ثقافي,https://maps.app.goo.gl/oNadKmXoFmk9e4Di9,Ci9DQUlRQUNvZENodHljRjlvT205MU1sVm5NRFZmUTBFMGFuZG5iRlYwYjJwd1MzYxAB,ashfaq rothenberger,https://www.google.com/maps/contrib/112335886249886153740/reviews?hl=en,5,5 months ago,,False,True,False,2026-09-25
P02,القرية الشعبية,الدمام,تراثي / ثقافي,https://maps.app.goo.gl/oNadKmXoFmk9e4Di9,Ci9DQUlRQUNvZENodHljRjlvT2tWUGRuaGFNWGxhTUZoclUzUndObkZoWDJsT2QwRRAB,لوفي الهمداني,https://www.google.com/maps/contrib/117060065470373928709/reviews?hl=en,5,5 months ago,,False,True,False,2026-09-25
P02,القرية الشعبية,الدمام,تراثي / ثقافي,https://maps.app.goo.gl/oNadKmXoFmk9e4Di9,Ci9DQUlRQUNvZENodHljRjlvT2xCa1dGQXRkemRpTlROU2RGTndOMVowY0hoNWFWRRAB,Shahad,https://www.google.com/maps/contrib/116119313248009849512/reviews?hl=en,5,5 months ago,,False,True,False,2026-09-25
P02,القرية الشعبية,الدمام,تراثي / ثقافي,https://maps.app.goo.gl/oNadKmXoFmk9e4Di9,Ci9DQUlRQUNvZENodHljRjlvT25aRlJrdEVVMWc0U0VOQk5sVlZiMDFsU2tZemJGRRAB,قناة الإعلامي بندر المليفي,https://www.google.com/maps/contrib/102272417645622526662/reviews?hl=en,,5 months ago,"I tried their breakfast and honestly, it's beyond amazing! They have a Saudi cook who deserves five stars. May God grant her health and well-being; she's incredibly talented! 👏🏼 …",True,False,True,2026-09-25
P02,القرية الشعبية,الدمام,تراثي / ثقافي,https://maps.app.goo.gl/oNadKmXoFmk9e4Di9,ChZDSUhNMG9nS0VJQ0FnSURpMmNyb2NREAE,ALI ALGHAMDI,https://www.google.com/maps/contrib/108559931030227679056/reviews?hl=en,5,Edited 5 months ago,,False,True,False,2026-09-25
P02,القرية الشعبية,الدمام,تراثي / ثقافي,https://maps.app.goo.gl/oNadKmXoFmk9e4Di9,Ci9DQUlRQUNvZENodHljRjlvT2tSUFQwRlpZVTF5VVVFdFRHOXJhbWRNWjJaU1VWRRAB,محل فل الفيصليه الرياض لبيع انواع الزهور محل فل,https://www.google.com/maps/contrib/104623592710190169429/reviews?hl=en,5,5 months ago,,False,True,False,2026-09-25
P02,القرية الشعبية,الدمام,تراثي / ثقافي,https://maps.app.goo.gl/oNadKmXoFmk9e4Di9,Ci9DQUlRQUNvZENodHljRjlvT2tOMlUwcFhXRGxzZWxCQk9HRXlVR2Q2Tld4SmNFRRAB,عزوز ولد عبود,https://www.google.com/maps/contrib/116799542051846689673/reviews?hl=en,5,5 months ago,,False,True,False,2026-09-25
P02,القرية الشعبية,الدمام,تراثي / ثقافي,https://maps.app.goo.gl/oNadKmXoFmk9e4Di9,Ci9DQUlRQUNvZENodHljRjlvT2tsaU1FUjNRemhKVEVZMWVIbHlVRUo2VmpsclRVRRAB,Daily Quran,https://www.google.com/maps/contrib/112915147736024138106/reviews?hl=en,1,5 months ago,,False,True,False,2026-09-25
P02,القرية الشعبية,الدمام,تراثي / ثقافي,https://maps.app.goo.gl/oNadKmXoFmk9e4Di9,Ci9DQUlRQUNvZENodHljRjlvT2xKVWFFbFFTREpFV1VSbWVXWTBUakF6UmkxS2VWRRAB,الفريد,https://www.google.com/maps/contrib/111908781667739857145/reviews?hl=en,1,5 months ago,,False,True,False,2026-09-25
P02,القرية الشعبية,الدمام,تراثي / ثقافي,https://maps.app.goo.gl/oNadKmXoFmk9e4Di9,ChdDSUhNMG9nS0VJQ0FnSUNDbklqSnl3RRAB,عبدالمجيد الحسن,https://www.google.com/maps/contrib/109202112752924649084/reviews?hl=en,3,Edited 5 months ago,The ticket is rather expensive,True,False,False,2026-09-25
P02,القرية الشعبية,الدمام,تراثي / ثقافي,https://maps.app.goo.gl/oNadKmXoFmk9e4Di9,Ci9DQUlRQUNvZENodHljRjlvT2xONFNqVXRTREJvVVU1ck1WTldNSFozZFhkMVprRRAB,mohamed mousa,https://www.google.com/maps/contrib/104483526494914462863/reviews?hl=en,5,5 months ago,,False,True,False,2026-09-25
P02,القرية الشعبية,الدمام,تراثي / ثقافي,https://maps.app.goo.gl/oNadKmXoFmk9e4Di9,Ci9DQUlRQUNvZENodHljRjlvT2xkRUxVZDNaekJUTFdsdE5sbHlUREpaTTBsemIyYxAB,Mohd Najeeb Uz Zaman,https://www.google.com/maps/contrib/111805697151268727981/reviews?hl=en,4,5 months ago,,False,True,False,2026-09-25
P02,القرية الشعبية,الدمام,تراثي / ثقافي,https://maps.app.goo.gl/oNadKmXoFmk9e4Di9,Ci9DQUlRQUNvZENodHljRjlvT2taT09VTXdXR1J2ZUVkbmRXVkZTbU13Yldkd00wRRAB,ابو منيف ثامر,https://www.google.com/maps/contrib/114620518665594813820/reviews?hl=en,5,5 months ago,لاباس به,True,True,False,2026-09-25
P02,القرية الشعبية,الدمام,تراثي / ثقافي,https://maps.app.goo.gl/oNadKmXoFmk9e4Di9,Ci9DQUlRQUNvZENodHljRjlvT2xRdE5EQnFRbkZ2Y1VGMGVIVnRTVVZSVVVaRVJYYxAB,سمار السالم,https://www.google.com/maps/contrib/117833275455716235607/reviews?hl=en,4,5 months ago,,False,True,False,2026-09-25
P02,القرية الشعبية,الدمام,تراثي / ثقافي,https://maps.app.goo.gl/oNadKmXoFmk9e4Di9,Ci9DQUlRQUNvZENodHljRjlvT2tabE9FWjRNR3BYTkRKTmFHVTRNRjloZVZoME1WRRAB,Sarah Suraya,https://www.google.com/maps/contrib/115992242519498277371/reviews?hl=en,5,5 months ago,"Definitely worth going..
Amazing atmosphere & food
The fact that's it's big enough to place more than 5000 customers is shocking
Museum with a restaurant a wonderful mix
Perfect to bring visitors from out of town or even if those who would like experience the old culture",False,True,False,2026-09-25
P02,القرية الشعبية,الدمام,تراثي / ثقافي,https://maps.app.goo.gl/oNadKmXoFmk9e4Di9,Ci9DQUlRQUNvZENodHljRjlvT2paRExWSlBjbFpVWm1sUFdWcElYMGN5TWtwclRYYxAB,The Man,https://www.google.com/maps/contrib/107552167297397641979/reviews?hl=en,5,5 months ago,,False,True,False,2026-09-25
P02,القرية الشعبية,الدمام,تراثي / ثقافي,https://maps.app.goo.gl/oNadKmXoFmk9e4Di9,Ci9DQUlRQUNvZENodHljRjlvT21ObVVUUnlOVXBPU1ZGQ2QxZDBZblZPY0RkMWVFRRAB,Amal S,https://www.google.com/maps/contrib/111153160710655569891/reviews?hl=en,5,5 months ago,Very cozy place full of history and the food was delicious,False,True,False,2026-09-25
P02,القرية الشعبية,الدمام,تراثي / ثقافي,https://maps.app.goo.gl/oNadKmXoFmk9e4Di9,Ci9DQUlRQUNvZENodHljRjlvT2twRFNtUXhURWRLYjFobGJVdFNkbm8xVlVsRGVuYxAB,غزيل غريب اليامي,https://www.google.com/maps/contrib/102634102859397332945/reviews?hl=en,3,5 months ago,,False,True,False,2026-09-25
P02,القرية الشعبية,الدمام,تراثي / ثقافي,https://maps.app.goo.gl/oNadKmXoFmk9e4Di9,Ci9DQUlRQUNvZENodHljRjlvT2taMlZITkxSa04xU1VGU1NGTlVZa0paUlhSYUxYYxAB,عهود الشمري,https://www.google.com/maps/contrib/100903369033177147082/reviews?hl=en,5,5 months ago,,False,True,False,2026-09-25
P02,القرية الشعبية,الدمام,تراثي / ثقافي,https://maps.app.goo.gl/oNadKmXoFmk9e4Di9,Ci9DQUlRQUNvZENodHljRjlvT25KMFpYSjZNVXBSY1dnMGJISmxjM0ZFZFhSdWNIYxAB,Raneem Gh,https://www.google.com/maps/contrib/116379994504271703187/reviews?hl=en,5,5 months ago,,False,True,False,2026-09-25
P02,القرية الشعبية,الدمام,تراثي / ثقافي,https://maps.app.goo.gl/oNadKmXoFmk9e4Di9,Ci9DQUlRQUNvZENodHljRjlvT21sVFoyVkdRVnBLZGtkSFJFRlJaa05yY2xadlFsRRAB,Sadhiya Al Jifry,https://www.google.com/maps/contrib/116938050703643793750/reviews?hl=en,5,5 months ago,The best,False,True,False,2026-09-25
P02,القرية الشعبية,الدمام,تراثي / ثقافي,https://maps.app.goo.gl/oNadKmXoFmk9e4Di9,Ci9DQUlRQUNvZENodHljRjlvT2pkZmEwTnlNRWxWZVdaZmFqWk1Oa1JEYXpCUE5sRRAB,Muhammad Adil,https://www.google.com/maps/contrib/117570877822108433633/reviews?hl=en,3,5 months ago,,False,True,False,2026-09-25
P02,القرية الشعبية,الدمام,تراثي / ثقافي,https://maps.app.goo.gl/oNadKmXoFmk9e4Di9,Ci9DQUlRQUNvZENodHljRjlvT21GV2JUWnJRV3hpYkc5aWFqTXlNMGxRUkd4dGExRRAB,Zz Zz,https://www.google.com/maps/contrib/102756465010427367884/reviews?hl=en,5,5 months ago,,False,True,False,2026-09-25
P02,القرية الشعبية,الدمام,تراثي / ثقافي,https://maps.app.goo.gl/oNadKmXoFmk9e4Di9,Ci9DQUlRQUNvZENodHljRjlvT2poa2FXNW5TV2hHWkVsNmRFaFhOMDFtVUhwRlJIYxAB,BB m,https://www.google.com/maps/contrib/109568830864766783627/reviews?hl=en,3,5 months ago,"He's still insisting on an entry fee of 20 riyals, which is unbelievable!",True,False,False,2026-09-25
P02,القرية الشعبية,الدمام,تراثي / ثقافي,https://maps.app.goo.gl/oNadKmXoFmk9e4Di9,Ci9DQUlRQUNvZENodHljRjlvT201T1IxOUdNall6Wlc1aVlVZFhUa05QY21oS09XYxAB,Shukurov Azimkhon,https://www.google.com/maps/contrib/106694485594636222802/reviews?hl=en,4,5 months ago,,False,True,False,2026-09-25
P02,القرية الشعبية,الدمام,تراثي / ثقافي,https://maps.app.goo.gl/oNadKmXoFmk9e4Di9,Ci9DQUlRQUNvZENodHljRjlvT20xeU9UaDBaRkZaU1hCRWFHRjFVMFJvZWpsSVgwRRAB,Amen Ahmed,https://www.google.com/maps/contrib/104475735543592821560/reviews?hl=en,5,5 months ago,,False,True,False,2026-09-25
P02,القرية الشعبية,الدمام,تراثي / ثقافي,https://maps.app.goo.gl/oNadKmXoFmk9e4Di9,Ci9DQUlRQUNvZENodHljRjlvT2psS1gwRlJNSEZ4V0hFd01tTm5UVTh4Vkc5RVFsRRAB,خالد,https://www.google.com/maps/contrib/107225918241020717252/reviews?hl=en,5,5 months ago,,False,True,False,2026-09-25
P02,القرية الشعبية,الدمام,تراثي / ثقافي,https://maps.app.goo.gl/oNadKmXoFmk9e4Di9,Ci9DQUlRQUNvZENodHljRjlvT2xBdGRFRXdOVmhZT0V0RFFXVTJVRWRLYkRCVmJHYxAB,SAWT AL-FURSAN,https://www.google.com/maps/contrib/115618554483083361307/reviews?hl=en,5,5 months ago,,False,True,False,2026-09-25
P02,القرية الشعبية,الدمام,تراثي / ثقافي,https://maps.app.goo.gl/oNadKmXoFmk9e4Di9,Ci9DQUlRQUNvZENodHljRjlvT25OTWVVaHhOM1o2ZWxadmFtVkJabTlCTTJKb1FuYxAB,أبوأنس السليماني,https://www.google.com/maps/contrib/115369298145532268478/reviews?hl=en,5,5 months ago,,False,True,False,2026-09-25
P02,القرية الشعبية,الدمام,تراثي / ثقافي,https://maps.app.goo.gl/oNadKmXoFmk9e4Di9,ChdDSUhNMG9nS0VJQ0FnSUNpbUpITTNRRRAB,SOOM,https://www.google.com/maps/contrib/107723589210021575262/reviews?hl=en,5,Edited 5 months ago,,False,True,False,2026-09-25
P02,القرية الشعبية,الدمام,تراثي / ثقافي,https://maps.app.goo.gl/oNadKmXoFmk9e4Di9,Ci9DQUlRQUNvZENodHljRjlvT2sxQ1MxWk9ZVEE0ZEhKbGJXUjFOazV3Y1hGV1oyYxAB,Kemo Abdlelrhem,https://www.google.com/maps/contrib/112014477576231409589/reviews?hl=en,5,5 months ago,,False,True,False,2026-09-25
P02,القرية الشعبية,الدمام,تراثي / ثقافي,https://maps.app.goo.gl/oNadKmXoFmk9e4Di9,Ci9DQUlRQUNvZENodHljRjlvT2kxelQyMU5Razh4VDNGdFRUbG1ZMDlKVDJnMFNFRRAB,Hamdan,https://www.google.com/maps/contrib/109689172371682791401/reviews?hl=en,3,5 months ago,,False,True,False,2026-09-25
P02,القرية الشعبية,الدمام,تراثي / ثقافي,https://maps.app.goo.gl/oNadKmXoFmk9e4Di9,Ci9DQUlRQUNvZENodHljRjlvT2sxV2J6aFdWVFZZWm10U1NWbFdPRFkwY1doVmRtYxAB,Ibn Ezz,https://www.google.com/maps/contrib/111906702292343923196/reviews?hl=en,5,5 months ago,,False,True,False,2026-09-25
P02,القرية الشعبية,الدمام,تراثي / ثقافي,https://maps.app.goo.gl/oNadKmXoFmk9e4Di9,Ci9DQUlRQUNvZENodHljRjlvT2s0d01HdGhRamRXUWpsMGQwZGFORGxFUzFSaVRXYxAB,Abu Hashem,https://www.google.com/maps/contrib/117718091123018621763/reviews?hl=en,5,5 months ago,"It's located in a prime location, and I've even tried them at their old branch.",True,False,False,2026-09-25
P02,القرية الشعبية,الدمام,تراثي / ثقافي,https://maps.app.goo.gl/oNadKmXoFmk9e4Di9,Ci9DQUlRQUNvZENodHljRjlvT2psQmVuZ3pRVVZCZW10NVdrRTVVbTUxVERCblZXYxAB,Fatmah Albader,https://www.google.com/maps/contrib/106662523376072224393/reviews?hl=en,5,5 months ago,جميله,True,True,False,2026-09-25
P02,القرية الشعبية,الدمام,تراثي / ثقافي,https://maps.app.goo.gl/oNadKmXoFmk9e4Di9,Ci9DQUlRQUNvZENodHljRjlvT2pKSlQzbDJhRmxSZDJ4S1ZGbGZXV2h2YWpGVVRXYxAB,ساره القحطاني,https://www.google.com/maps/contrib/100763017918763573872/reviews?hl=en,5,5 months ago,مكان حميل ويعتبر مزار سياحي واكله حلو ومتنوع يعكس تراث المملكه,True,True,False,2026-09-25
P02,القرية الشعبية,الدمام,تراثي / ثقافي,https://maps.app.goo.gl/oNadKmXoFmk9e4Di9,Ci9DQUlRQUNvZENodHljRjlvT2kxRWVqTm9Wa2RWTW5nMmQxZGZXa3R5WVhoWmNWRRAB,عامر الحجري,https://www.google.com/maps/contrib/103518779571166013744/reviews?hl=en,5,5 months ago,مكان جميل كل ما تحتاجه في مكان واحد,True,True,False,2026-09-25
P02,القرية الشعبية,الدمام,تراثي / ثقافي,https://maps.app.goo.gl/oNadKmXoFmk9e4Di9,Ci9DQUlRQUNvZENodHljRjlvT2psV0xXeFJXalJmVDNKTU9FbEpjVFpwUjJGdFduYxAB,abdulhafizz Zz,https://www.google.com/maps/contrib/103217295402635158975/reviews?hl=en,5,5 months ago,,False,True,False,2026-09-25
P02,القرية الشعبية,الدمام,تراثي / ثقافي,https://maps.app.goo.gl/oNadKmXoFmk9e4Di9,Ci9DQUlRQUNvZENodHljRjlvT2pKdExVcG1UVFpMU1c4emRVOUNURlUzWTBoUFpXYxAB,THESHARK,https://www.google.com/maps/contrib/101258517342172373916/reviews?hl=en,5,5 months ago,,False,True,False,2026-09-25
P02,القرية الشعبية,الدمام,تراثي / ثقافي,https://maps.app.goo.gl/oNadKmXoFmk9e4Di9,Ci9DQUlRQUNvZENodHljRjlvT21oU1FtNU9SR3RDZVhkbFUzRk9iVmxOTmtGYUxXYxAB,Mohammad Hazem,https://www.google.com/maps/contrib/101456571112928734077/reviews?hl=en,5,5 months ago,,False,True,False,2026-09-25
P02,القرية الشعبية,الدمام,تراثي / ثقافي,https://maps.app.goo.gl/oNadKmXoFmk9e4Di9,Ci9DQUlRQUNvZENodHljRjlvT21GV1kweHFObkJyTFRBNGJtWklUWGRTV2pFNVEzYxAB,عامر العبسي,https://www.google.com/maps/contrib/106186594995782556177/reviews?hl=en,5,5 months ago,,False,True,False,2026-09-25
P02,القرية الشعبية,الدمام,تراثي / ثقافي,https://maps.app.goo.gl/oNadKmXoFmk9e4Di9,Ci9DQUlRQUNvZENodHljRjlvT2pZNVJWcDJka1JrZUdWWFZYbGxSRFJvZFhSdlRuYxAB,Youness LYAAKOBI,https://www.google.com/maps/contrib/109386731264549646837/reviews?hl=en,5,5 months ago,,False,True,False,2026-09-25
P02,القرية الشعبية,الدمام,تراثي / ثقافي,https://maps.app.goo.gl/oNadKmXoFmk9e4Di9,Ci9DQUlRQUNvZENodHljRjlvT21GYWVYTmlVa2hTVVRkR1FtcERVR3d6VHpGVVVIYxAB,nayeem 4u,https://www.google.com/maps/contrib/101560202911372415046/reviews?hl=en,5,5 months ago,,False,True,False,2026-09-25
P02,القرية الشعبية,الدمام,تراثي / ثقافي,https://maps.app.goo.gl/oNadKmXoFmk9e4Di9,Ci9DQUlRQUNvZENodHljRjlvT2s1TlUyUXlOVUU1WjBzMExVcGZaVGh6ZDFjMVNHYxAB,JASSAR ALOTAIBI,https://www.google.com/maps/contrib/103651734086396846166/reviews?hl=en,5,5 months ago,,False,True,False,2026-09-25
P02,القرية الشعبية,الدمام,تراثي / ثقافي,https://maps.app.goo.gl/oNadKmXoFmk9e4Di9,Ci9DQUlRQUNvZENodHljRjlvT25KSlJreFFaa1ZJT0VKSGJIWk9ZMjFQWVhsQ1ZFRRAB,Mo Salh,https://www.google.com/maps/contrib/106138227882715552632/reviews?hl=en,5,5 months ago,,False,True,False,2026-09-25
P02,القرية الشعبية,الدمام,تراثي / ثقافي,https://maps.app.goo.gl/oNadKmXoFmk9e4Di9,Ci9DQUlRQUNvZENodHljRjlvT2t4WlpYaFdPVmd5Ym5KWWNrUk5NRTVsYW1KcmFYYxAB,AbDul RehMan (AbDu),https://www.google.com/maps/contrib/101998411966531512412/reviews?hl=en,5,5 months ago,,False,True,False,2026-09-25
P02,القرية الشعبية,الدمام,تراثي / ثقافي,https://maps.app.goo.gl/oNadKmXoFmk9e4Di9,Ci9DQUlRQUNvZENodHljRjlvT2tGYWRrNWFSSGRFYzBOV1RqSnBMVlY0Y21ZdFdVRRAB,506,https://www.google.com/maps/contrib/109903916838677527574/reviews?hl=en,5,5 months ago,,False,True,False,2026-09-25
P02,القرية الشعبية,الدمام,تراثي / ثقافي,https://maps.app.goo.gl/oNadKmXoFmk9e4Di9,Ci9DQUlRQUNvZENodHljRjlvT2pNM1IxSTBSRTFGY1ZOblRISXpiVk13ZGtJMk9VRRAB,Mohammed Hasan,https://www.google.com/maps/contrib/115804430596559021603/reviews?hl=en,5,5 months ago,,False,True,False,2026-09-25
P02,القرية الشعبية,الدمام,تراثي / ثقافي,https://maps.app.goo.gl/oNadKmXoFmk9e4Di9,Ci9DQUlRQUNvZENodHljRjlvT2twRlduSlBSMUpwTlc1dlIzQXlOeTFhUVRWTlMxRRAB,Gbzhfgjf Ghcj,https://www.google.com/maps/contrib/106271959971795490492/reviews?hl=en,5,5 months ago,,False,True,False,2026-09-25
P02,القرية الشعبية,الدمام,تراثي / ثقافي,https://maps.app.goo.gl/oNadKmXoFmk9e4Di9,Ci9DQUlRQUNvZENodHljRjlvT2s1bE0zRlVSM2wxYzFoNkxYSnVkbEZmTjBOYU5FRRAB,Sadaqat Ullah,https://www.google.com/maps/contrib/101072443953579185669/reviews?hl=en,1,5 months ago,Very so beautiful ❤️,False,True,False,2026-09-25
P02,القرية الشعبية,الدمام,تراثي / ثقافي,https://maps.app.goo.gl/oNadKmXoFmk9e4Di9,Ci9DQUlRQUNvZENodHljRjlvT25kSmVuVjFiemhOVUhFeVJYUjJRV3RIVURBMU1GRRAB,خالد الوعيلي,https://www.google.com/maps/contrib/117299535954161438448/reviews?hl=en,5,5 months ago,,False,True,False,2026-09-25
P02,القرية الشعبية,الدمام,تراثي / ثقافي,https://maps.app.goo.gl/oNadKmXoFmk9e4Di9,Ci9DQUlRQUNvZENodHljRjlvT2pkbWNtVlJhelpKTUVKcFEweDJjMVJ3ZFVWdE5tYxAB,Faris Alshahrani,https://www.google.com/maps/contrib/111978665960643404026/reviews?hl=en,5,5 months ago,I had a wonderful experience at this restaurant. A staff member named Mahboob welcomed my guests warmly and made us feel very comfortable. He provided excellent service and treated us with great professionalism and kindness. Thank you for the beautiful hospitality.,False,True,False,2026-09-25
P02,القرية الشعبية,الدمام,تراثي / ثقافي,https://maps.app.goo.gl/oNadKmXoFmk9e4Di9,Ci9DQUlRQUNvZENodHljRjlvT2pWbVNFeGpXRmRqYVZOMFVsbEtTMlIwYnpZd1NXYxAB,فهد بن محمد,https://www.google.com/maps/contrib/102683309421547086043/reviews?hl=en,5,5 months ago,upscale place,True,False,False,2026-09-25
P02,القرية الشعبية,الدمام,تراثي / ثقافي,https://maps.app.goo.gl/oNadKmXoFmk9e4Di9,Ci9DQUlRQUNvZENodHljRjlvT205SVpWVmlWelpvWTNadmVYSnhMVGt4U2pGWkxWRRAB,Mawada Ahmad,https://www.google.com/maps/contrib/106672603603977194700/reviews?hl=en,5,5 months ago,,False,True,False,2026-09-25
P02,القرية الشعبية,الدمام,تراثي / ثقافي,https://maps.app.goo.gl/oNadKmXoFmk9e4Di9,Ci9DQUlRQUNvZENodHljRjlvT2tWNU5URXhjRVJ4WWtoUGJFTkllSGhRV2xGU2FFRRAB,ناصر ناصر,https://www.google.com/maps/contrib/113997411657387245384/reviews?hl=en,5,5 months ago,,False,True,False,2026-09-25
P02,القرية الشعبية,الدمام,تراثي / ثقافي,https://maps.app.goo.gl/oNadKmXoFmk9e4Di9,Ci9DQUlRQUNvZENodHljRjlvT2tKM1VGaDRkMUJDYW5NM1NpMXBSekV6WlVzdFIwRRAB,Duaa Jwad,https://www.google.com/maps/contrib/106216957123609432172/reviews?hl=en,4,5 months ago,,False,True,False,2026-09-25
P02,القرية الشعبية,الدمام,تراثي / ثقافي,https://maps.app.goo.gl/oNadKmXoFmk9e4Di9,Ci9DQUlRQUNvZENodHljRjlvT2tNME1FazFkbEZRVjJ3M1VGcHVaVmRrUTNOb1dtYxAB,Sheikh Mahfuz,https://www.google.com/maps/contrib/112194163993742169223/reviews?hl=en,5,5 months ago,,False,True,False,2026-09-25
P02,القرية الشعبية,الدمام,تراثي / ثقافي,https://maps.app.goo.gl/oNadKmXoFmk9e4Di9,Ci9DQUlRQUNvZENodHljRjlvT2twWVdESjNObWcxY210VFNHSmlPVVJvV2xCWGIwRRAB,Bandar Aldawood,https://www.google.com/maps/contrib/106275353665753581981/reviews?hl=en,5,5 months ago,"The restaurant is absolutely fantastic in terms of its diverse dishes, excellent service, and reasonable prices. Plus, you can visit the museum and see classic cars, antique devices, coins, and much more. I highly recommend it, even if you're from the area. There are also private rooms for families and guests.",True,False,False,2026-09-25
P02,القرية الشعبية,الدمام,تراثي / ثقافي,https://maps.app.goo.gl/oNadKmXoFmk9e4Di9,Ci9DQUlRQUNvZENodHljRjlvT2pWa1ltMDBUbGwwVXpoNU5ISm1WRWRhTlV4UlUxRRAB,صلو على اطهر خلق الله,https://www.google.com/maps/contrib/108592841161037951054/reviews?hl=en,5,5 months ago,"Honestly, it's luxurious. I visited it yesterday evening; it's very classy.",True,False,False,2026-09-25
P02,القرية الشعبية,الدمام,تراثي / ثقافي,https://maps.app.goo.gl/oNadKmXoFmk9e4Di9,Ci9DQUlRQUNvZENodHljRjlvT21wM2RXczJjRVpLZFRKVGIya3lVMFl0ZWpScWNsRRAB,عزه الزهراني,https://www.google.com/maps/contrib/116028179676645306449/reviews?hl=en,5,5 months ago,,False,True,False,2026-09-25
P02,القرية الشعبية,الدمام,تراثي / ثقافي,https://maps.app.goo.gl/oNadKmXoFmk9e4Di9,ChZDSUhNMG9nS0VJQ0FnSURKejZlWEJREAE,مهيوب الشهابي,https://www.google.com/maps/contrib/102402087558013089225/reviews?hl=en,5,Edited 5 months ago,,False,True,False,2026-09-25
P02,القرية الشعبية,الدمام,تراثي / ثقافي,https://maps.app.goo.gl/oNadKmXoFmk9e4Di9,Ci9DQUlRQUNvZENodHljRjlvT2xsTFMxbGxVMWRJVWpKcFZIWTRjbTFUVFhkTFpGRRAB,عمر آل عجاج النهدي,https://www.google.com/maps/contrib/108868415138074182729/reviews?hl=en,1,5 months ago,مكان جميل جداً,True,True,False,2026-09-25
P02,القرية الشعبية,الدمام,تراثي / ثقافي,https://maps.app.goo.gl/oNadKmXoFmk9e4Di9,Ci9DQUlRQUNvZENodHljRjlvT2xvM05rZHRiMFIxT1VaTlNETldiMGt5ZUV0TlIzYxAB,ابتث جحخ,https://www.google.com/maps/contrib/108564593333198611721/reviews?hl=en,5,5 months ago,,False,True,False,2026-09-25
P02,القرية الشعبية,الدمام,تراثي / ثقافي,https://maps.app.goo.gl/oNadKmXoFmk9e4Di9,Ci9DQUlRQUNvZENodHljRjlvT25WM2FuWnlla2MzV0VGUGFrNXpXRmRCZGpoNlJVRRAB,صلاح ياسين الجحيفي,https://www.google.com/maps/contrib/107172270651101932046/reviews?hl=en,5,5 months ago,,False,True,False,2026-09-25
P02,القرية الشعبية,الدمام,تراثي / ثقافي,https://maps.app.goo.gl/oNadKmXoFmk9e4Di9,Ci9DQUlRQUNvZENodHljRjlvT25sbVJHaFpPRFpXWWpScVdtUkhVMWRrWW5ORGExRRAB,Mahmoud Shola,https://www.google.com/maps/contrib/103595884693081864920/reviews?hl=en,5,5 months ago,,False,True,False,2026-09-25
P02,القرية الشعبية,الدمام,تراثي / ثقافي,https://maps.app.goo.gl/oNadKmXoFmk9e4Di9,Ci9DQUlRQUNvZENodHljRjlvT21oclYydGZPSGRhYmtoMU5HWnZkek5NUm1kUGFtYxAB,وليد النقيب,https://www.google.com/maps/contrib/117525498026687883440/reviews?hl=en,5,Edited 5 months ago,انصح بزيارتها,True,True,False,2026-09-25
P02,القرية الشعبية,الدمام,تراثي / ثقافي,https://maps.app.goo.gl/oNadKmXoFmk9e4Di9,Ci9DQUlRQUNvZENodHljRjlvT2tOUlFrZGFhVjlHTFZaT1ZGZzVWVEJFVEd0ZmJWRRAB,الاصيل,https://www.google.com/maps/contrib/113949901120377415409/reviews?hl=en,5,5 months ago,,False,True,False,2026-09-25
P02,القرية الشعبية,الدمام,تراثي / ثقافي,https://maps.app.goo.gl/oNadKmXoFmk9e4Di9,Ci9DQUlRQUNvZENodHljRjlvT2pKcFRFWTBibFZ1TVRkWmIzaFRNMXAwU1RGc1FXYxAB,عبدالسلام بافياض,https://www.google.com/maps/contrib/112704552509047677132/reviews?hl=en,5,5 months ago,,False,True,False,2026-09-25
P02,القرية الشعبية,الدمام,تراثي / ثقافي,https://maps.app.goo.gl/oNadKmXoFmk9e4Di9,Ci9DQUlRQUNvZENodHljRjlvT2tRelVERk9VVFpXWVRkVlpERXdSME0zV1MxclpXYxAB,Abdullah Ghanem Al-Jaradi,https://www.google.com/maps/contrib/101145792000329830963/reviews?hl=en,5,5 months ago,,False,True,False,2026-09-25
P02,القرية الشعبية,الدمام,تراثي / ثقافي,https://maps.app.goo.gl/oNadKmXoFmk9e4Di9,Ci9DQUlRQUNvZENodHljRjlvT21kcFZFVktURjl2YW5GaU5tTmtjbEJ4VVZsd09IYxAB,sohag razz3,https://www.google.com/maps/contrib/102404292972454864278/reviews?hl=en,5,5 months ago,,False,True,False,2026-09-25
P02,القرية الشعبية,الدمام,تراثي / ثقافي,https://maps.app.goo.gl/oNadKmXoFmk9e4Di9,Ci9DQUlRQUNvZENodHljRjlvT210WU9EWkhPVVJtTkROalZqWnJaWGx2TkZkaFJsRRAB,mohammed abdulrahman,https://www.google.com/maps/contrib/115578784798466990156/reviews?hl=en,5,Edited 5 months ago,,False,True,False,2026-09-25
P02,القرية الشعبية,الدمام,تراثي / ثقافي,https://maps.app.goo.gl/oNadKmXoFmk9e4Di9,Ci9DQUlRQUNvZENodHljRjlvT21od2FuQlROV04wTUc1NVdrUmhZbHBFY21ONFYwRRAB,gada mahmoud,https://www.google.com/maps/contrib/106746980176273899082/reviews?hl=en,5,5 months ago,,False,True,False,2026-09-25
P02,القرية الشعبية,الدمام,تراثي / ثقافي,https://maps.app.goo.gl/oNadKmXoFmk9e4Di9,Ci9DQUlRQUNvZENodHljRjlvT2psaWQxRnlXVFpLUW05SlJGWm5WM3AxWTE5c1JIYxAB,عبداللطيف محمد,https://www.google.com/maps/contrib/112762899787230144084/reviews?hl=en,5,5 months ago,,False,True,False,2026-09-25
P02,القرية الشعبية,الدمام,تراثي / ثقافي,https://maps.app.goo.gl/oNadKmXoFmk9e4Di9,Ci9DQUlRQUNvZENodHljRjlvT25Wd1dXMVdRVkZvUkRSUmMwVlhObEpET1hKMVduYxAB,Holyod abobaker,https://www.google.com/maps/contrib/102523099977232750700/reviews?hl=en,5,5 months ago,,False,True,False,2026-09-25
P02,القرية الشعبية,الدمام,تراثي / ثقافي,https://maps.app.goo.gl/oNadKmXoFmk9e4Di9,Ci9DQUlRQUNvZENodHljRjlvT2s5dExWSTRhaTAwTld4ZmNHSnJVMHBoZVRWMkxYYxAB,مازن فارع,https://www.google.com/maps/contrib/106097297207355492981/reviews?hl=en,4,5 months ago,"A beautiful tourist attraction; when you visit it and move through its corridors, you feel as if you are living through a bygone era, one that still holds memories. Among these memories and landmarks of the old style is the traditional village.",True,False,False,2026-09-25
P02,القرية الشعبية,الدمام,تراثي / ثقافي,https://maps.app.goo.gl/oNadKmXoFmk9e4Di9,ChdDSUhNMG9nS0VJQ0FnSURHeEl2em5nRRAB,ezel1405 ezel1405,https://www.google.com/maps/contrib/106089730196331408444/reviews?hl=en,5,Edited 5 months ago,ممتازه جدا,True,True,False,2026-09-25
P02,القرية الشعبية,الدمام,تراثي / ثقافي,https://maps.app.goo.gl/oNadKmXoFmk9e4Di9,Ci9DQUlRQUNvZENodHljRjlvT25CUFMwOVFORjgwTkdSdVdtSlVibmwxUW1nNGQwRRAB,ناصر الثابت,https://www.google.com/maps/contrib/113234377261185848700/reviews?hl=en,5,5 months ago,تجربة جميلة,True,True,False,2026-09-25
P02,القرية الشعبية,الدمام,تراثي / ثقافي,https://maps.app.goo.gl/oNadKmXoFmk9e4Di9,Ci9DQUlRQUNvZENodHljRjlvT2tKU2FESlNhMWRNZGsxTmMzZ3hSbTE1Y1Radk1GRRAB,Ahmed Altamimi,https://www.google.com/maps/contrib/115764108109831632092/reviews?hl=en,5,5 months ago,,False,True,False,2026-09-25
P02,القرية الشعبية,الدمام,تراثي / ثقافي,https://maps.app.goo.gl/oNadKmXoFmk9e4Di9,Ci9DQUlRQUNvZENodHljRjlvT25aWVkwVlpNbTVyVWtOcU9VOVBkR1YwVW5reVZHYxAB,Abdulla,https://www.google.com/maps/contrib/113452282911806645034/reviews?hl=en,5,5 months ago,,False,True,False,2026-09-25
P02,القرية الشعبية,الدمام,تراثي / ثقافي,https://maps.app.goo.gl/oNadKmXoFmk9e4Di9,Ci9DQUlRQUNvZENodHljRjlvT21vMWRsOW5OVVJKY1RkWWIwcHJYM0ZWZDA5SGVtYxAB,Mo Alhamed,https://www.google.com/maps/contrib/116330181042301220192/reviews?hl=en,5,5 months ago,A beautiful and wonderful place with excellent food and cleanliness.,True,False,False,2026-09-25
P02,القرية الشعبية,الدمام,تراثي / ثقافي,https://maps.app.goo.gl/oNadKmXoFmk9e4Di9,Ci9DQUlRQUNvZENodHljRjlvT2xCeGNFSmFSVTlXVW1GUWRYcENNblZzWkRreFJtYxAB,A M,https://www.google.com/maps/contrib/108324007573430672913/reviews?hl=en,1,5 months ago,زرت المكان انا وزوجتي وكان جميل جدا ولكن حبيت اطلب طلب واجلس في إحدى الجلسات فقالوا ممنوع شخصين لازم اربعه اشخاص وفوق فحقيقه انزعجت علما اني دفعت دخول انا وزوجتي وما قالو أنه ممنوع تدخل الغرف اذا عددكم اثنين والمفروض يعطون التفاصيل هذي من بدري وانتو حاطين جلسات والمفروض يكون نظامكم واحد ليش تدخلوني بتذاكر واذا اجيت ابي اجلس فالغرف تقولون ممنوع وما ادري كيف ذالنظام أنه ممنوع اثنين يدخلون الغرف وياكلون أو يشربون شاهي وقهوه اش السبب المقنع لمنع شخصين يشترطون لازم اربعه اشخاص انا وزوجتي ما عندنا اولاد تحرمونا من الجلسه وتاخذون حق التذاكر حقيقه طلعت وياليتني ما جيت هالمكان الواحد جاي يغير جو ويتمشى والي ابغى افهمه اش السبب في منع الشخصين من دخول الغرف والجلسه فيها وبيطلب اكل وقهوه وشاهي.. فياليت الاداره يحذفون هالشرط أو يبينون السبب.. وزياره كانت غير جيده وان شاء الله ما اكررها لهذا المكان,True,True,False,2026-09-25
P02,القرية الشعبية,الدمام,تراثي / ثقافي,https://maps.app.goo.gl/oNadKmXoFmk9e4Di9,Ci9DQUlRQUNvZENodHljRjlvT2tGRVptVjFiV3hWUmxCdGNWUjFabVJCTkdaTlNYYxAB,Majid,https://www.google.com/maps/contrib/104226671003416156292/reviews?hl=en,4,5 months ago,,False,True,False,2026-09-25
P02,القرية الشعبية,الدمام,تراثي / ثقافي,https://maps.app.goo.gl/oNadKmXoFmk9e4Di9,Ci9DQUlRQUNvZENodHljRjlvT2tzMUxUSjFibEJ2VUUxM1VrcHpaRkoxZDBkTmIwRRAB,Mohammed Al-Qahtani,https://www.google.com/maps/contrib/114605441028139880372/reviews?hl=en,5,5 months ago,,False,True,False,2026-09-25
P02,القرية الشعبية,الدمام,تراثي / ثقافي,https://maps.app.goo.gl/oNadKmXoFmk9e4Di9,Ci9DQUlRQUNvZENodHljRjlvT2tSU1dYWjFjWFJEZVdoQ2IxWlROblZ2WDFGQ1FWRRAB,ايمن المبارزي,https://www.google.com/maps/contrib/101834433843411385582/reviews?hl=en,5,5 months ago,حلو,True,True,False,2026-09-25
P02,القرية الشعبية,الدمام,تراثي / ثقافي,https://maps.app.goo.gl/oNadKmXoFmk9e4Di9,Ci9DQUlRQUNvZENodHljRjlvT2tZMFluQmZTalJUZDBoTVNXMWlURVZMVlZGZldHYxAB,Manea Sayal,https://www.google.com/maps/contrib/107914465322531323890/reviews?hl=en,5,5 months ago,"اجواء رائعة
أطباق لذيذة و متحف غني جدا",True,True,False,2026-09-25
P02,القرية الشعبية,الدمام,تراثي / ثقافي,https://maps.app.goo.gl/oNadKmXoFmk9e4Di9,Ci9DQUlRQUNvZENodHljRjlvT2xSMmVHTlFVbXAyZWtGdVowMXVTVTFDUVRkd2FrRRAB,Haneen Alqhtani,https://www.google.com/maps/contrib/108256191885886434807/reviews?hl=en,3,5 months ago,التجارب الاولى كانت الذ,True,True,False,2026-09-25
P02,القرية الشعبية,الدمام,تراثي / ثقافي,https://maps.app.goo.gl/oNadKmXoFmk9e4Di9,Ci9DQUlRQUNvZENodHljRjlvT2pST056RTJUazVWYVhOek0xQkxZbE4yYWw5aldtYxAB,samialias,https://www.google.com/maps/contrib/110325539456126812315/reviews?hl=en,1,5 months ago,,False,True,False,2026-09-25
P02,القرية الشعبية,الدمام,تراثي / ثقافي,https://maps.app.goo.gl/oNadKmXoFmk9e4Di9,Ci9DQUlRQUNvZENodHljRjlvT2pOMVJrNU9jRWxzYWtkb1h6ZHphM0pqYm1keVVrRRAB,ابو فيصل,https://www.google.com/maps/contrib/115967119474697190688/reviews?hl=en,5,5 months ago,,False,True,False,2026-09-25
P02,القرية الشعبية,الدمام,تراثي / ثقافي,https://maps.app.goo.gl/oNadKmXoFmk9e4Di9,Ci9DQUlRQUNvZENodHljRjlvT2xkM2RsbFNNR1ZIV1hwcFh6VXRNeTF4VUZkWWNuYxAB,Faisal Alghamdi,https://www.google.com/maps/contrib/107862114382496996079/reviews?hl=en,5,5 months ago,,False,True,False,2026-09-25
P02,القرية الشعبية,الدمام,تراثي / ثقافي,https://maps.app.goo.gl/oNadKmXoFmk9e4Di9,Ci9DQUlRQUNvZENodHljRjlvT2tjMWEyMUxOVUpMWW1aT2N6VjBZblEwUmtsVk9IYxAB,MUQBIL hamoud,https://www.google.com/maps/contrib/104291523329707097504/reviews?hl=en,5,5 months ago,,False,True,False,2026-09-25
P02,القرية الشعبية,الدمام,تراثي / ثقافي,https://maps.app.goo.gl/oNadKmXoFmk9e4Di9,Ci9DQUlRQUNvZENodHljRjlvT2psdVRFWkVWMEZvWmpWemRtZHlZa3hWV2tkQ1RsRRAB,حمود العسيري,https://www.google.com/maps/contrib/115961739915835642430/reviews?hl=en,3,5 months ago,,False,True,False,2026-09-25
P02,القرية الشعبية,الدمام,تراثي / ثقافي,https://maps.app.goo.gl/oNadKmXoFmk9e4Di9,Ci9DQUlRQUNvZENodHljRjlvT201dFkycEVYMjgyVGkxYWRVRXRSRXRzY2xBM1pYYxAB,DOA N,https://www.google.com/maps/contrib/118440776856915277456/reviews?hl=en,5,5 months ago,Their food is delicious,True,False,False,2026-09-25
P02,القرية الشعبية,الدمام,تراثي / ثقافي,https://maps.app.goo.gl/oNadKmXoFmk9e4Di9,Ci9DQUlRQUNvZENodHljRjlvT2pKd1YxVnFjVFZTTWs5YVJuTlJUMHBTVTNOZlQwRRAB,تفصيل ستائر وتركيب,https://www.google.com/maps/contrib/107653496599152012326/reviews?hl=en,5,5 months ago,👍 …,True,False,True,2026-09-25
P02,القرية الشعبية,الدمام,تراثي / ثقافي,https://maps.app.goo.gl/oNadKmXoFmk9e4Di9,Ci9DQUlRQUNvZENodHljRjlvT2sxUVVuZDZaWGRpWlhweFlrNDNSRU5WV2paSE1XYxAB,Mr H,https://www.google.com/maps/contrib/116838298217579697874/reviews?hl=en,5,5 months ago,مره جيدة انصح بها,True,True,False,2026-09-25
P02,القرية الشعبية,الدمام,تراثي / ثقافي,https://maps.app.goo.gl/oNadKmXoFmk9e4Di9,Ci9DQUlRQUNvZENodHljRjlvT2xKRWVWUlJZVkIzYTNsb2VuQmlNV0ZzYVVwblRYYxAB,eisa khattak,https://www.google.com/maps/contrib/114215393540554323114/reviews?hl=en,5,5 months ago,"It was really nice. It had such a nice historical background, and everything was very nostalgic and cool. The food was amazing, and the cars were so cool along with the museum. I would definitely come back again.",False,True,False,2026-09-25
P02,القرية الشعبية,الدمام,تراثي / ثقافي,https://maps.app.goo.gl/oNadKmXoFmk9e4Di9,Ci9DQUlRQUNvZENodHljRjlvT2pjMU9YaGZWbGt3VEZWb2JrUnZjVkY1VFRCZlFXYxAB,Raghad M,https://www.google.com/maps/contrib/112637560772350138148/reviews?hl=en,5,5 months ago,,False,True,False,2026-09-25
P02,القرية الشعبية,الدمام,تراثي / ثقافي,https://maps.app.goo.gl/oNadKmXoFmk9e4Di9,Ci9DQUlRQUNvZENodHljRjlvT2kxbmNYRnNOM1ZmYVZoWVpUWjVkelpHZFRaeWVGRRAB,Faisal Aleid,https://www.google.com/maps/contrib/105332997352172429062/reviews?hl=en,5,5 months ago,,False,True,False,2026-09-25
P02,القرية الشعبية,الدمام,تراثي / ثقافي,https://maps.app.goo.gl/oNadKmXoFmk9e4Di9,Ci9DQUlRQUNvZENodHljRjlvT2tKbVZqbHpXR3hQV2t0dGQwcG1YMDFYVjJwR01FRRAB,Ibrahim Al Mohsin,https://www.google.com/maps/contrib/102471348663050179499/reviews?hl=en,4,5 months ago,"The place is a popular restaurant and museum with banquet halls.

The food was good. I tried the Ramadan buffet, which was decent and the dishes …",True,False,True,2026-09-25
P02,القرية الشعبية,الدمام,تراثي / ثقافي,https://maps.app.goo.gl/oNadKmXoFmk9e4Di9,Ci9DQUlRQUNvZENodHljRjlvT205Q1UzSmZSRnBYWVVneU9XcFhjSHBwWkhCQ1RtYxAB,naser alwan,https://www.google.com/maps/contrib/105408562806025472358/reviews?hl=en,5,5 months ago,,False,True,False,2026-09-25
P02,القرية الشعبية,الدمام,تراثي / ثقافي,https://maps.app.goo.gl/oNadKmXoFmk9e4Di9,Ci9DQUlRQUNvZENodHljRjlvT2paeVNHdGZkV1phV2poek5IaG1aalZNTVdOYU1GRRAB,المعمري المعمري,https://www.google.com/maps/contrib/113535476313485048354/reviews?hl=en,5,5 months ago,,False,True,False,2026-09-25
P02,القرية الشعبية,الدمام,تراثي / ثقافي,https://maps.app.goo.gl/oNadKmXoFmk9e4Di9,Ci9DQUlRQUNvZENodHljRjlvT25sT1RrUlBWM1J1VW1ob1dsQXRYMGM0ZEVWeVdXYxAB,Sĥbl,https://www.google.com/maps/contrib/115775204520539685265/reviews?hl=en,4,5 months ago,,False,True,False,2026-09-25
P02,القرية الشعبية,الدمام,تراثي / ثقافي,https://maps.app.goo.gl/oNadKmXoFmk9e4Di9,Ci9DQUlRQUNvZENodHljRjlvT2xCNWFFbGlkMlp3TW10UFNVSmxlbmRsTlVJeVMwRRAB,يوسف,https://www.google.com/maps/contrib/113849163902522540030/reviews?hl=en,5,5 months ago,So cool! 🔥,True,False,False,2026-09-25
P02,القرية الشعبية,الدمام,تراثي / ثقافي,https://maps.app.goo.gl/oNadKmXoFmk9e4Di9,Ci9DQUlRQUNvZENodHljRjlvT2pkb1pHVkJZV2t5V2pCeFQwNUZNMGhPVldsYWNrRRAB,يوسف الناظري,https://www.google.com/maps/contrib/116540034579399107925/reviews?hl=en,5,5 months ago,,False,True,False,2026-09-25
P02,القرية الشعبية,الدمام,تراثي / ثقافي,https://maps.app.goo.gl/oNadKmXoFmk9e4Di9,Ci9DQUlRQUNvZENodHljRjlvT2preExVdHRjSEExWkdzM05ubHFSa05MTTNST2NWRRAB,mhmmed altuap,https://www.google.com/maps/contrib/100685575292291728157/reviews?hl=en,5,Edited 5 months ago,موقع جميل  لاجتماع الاهل والاصدقاء   وايضا في منطقة للعب الاطفال,True,True,False,2026-09-25
P02,القرية الشعبية,الدمام,تراثي / ثقافي,https://maps.app.goo.gl/oNadKmXoFmk9e4Di9,Ci9DQUlRQUNvZENodHljRjlvT214aFNXTk1jbFJLYVd4VWRrazVZM2xZU2xaSWVGRRAB,Dafer jaber,https://www.google.com/maps/contrib/100844526444161933444/reviews?hl=en,5,5 months ago,,False,True,False,2026-09-25
P02,القرية الشعبية,الدمام,تراثي / ثقافي,https://maps.app.goo.gl/oNadKmXoFmk9e4Di9,Ci9DQUlRQUNvZENodHljRjlvT25SUWVFTlliRTFoVVdaVmRFUk9jMng0ZG05blRsRRAB,مروان الجعدي,https://www.google.com/maps/contrib/109070239538426227245/reviews?hl=en,5,5 months ago,جميل جداً,True,True,False,2026-09-25
P02,القرية الشعبية,الدمام,تراثي / ثقافي,https://maps.app.goo.gl/oNadKmXoFmk9e4Di9,Ci9DQUlRQUNvZENodHljRjlvT205VFYycEtkVzFyVDNkbmFsOTFORUZRWlRKT1owRRAB,H,https://www.google.com/maps/contrib/105119387462877099955/reviews?hl=en,5,5 months ago,,False,True,False,2026-09-25
P02,القرية الشعبية,الدمام,تراثي / ثقافي,https://maps.app.goo.gl/oNadKmXoFmk9e4Di9,Ci9DQUlRQUNvZENodHljRjlvT2xKbWIweE1kV0pvUVZJMmNHTmhjMHR4UzBwUGFXYxAB,salooha fallatah,https://www.google.com/maps/contrib/111779704531824744037/reviews?hl=en,5,5 months ago,"Everything you could want, from furniture and jewelry to clothing, at reasonable prices. A wonderful and beautiful market.",True,False,False,2026-09-25
P02,القرية الشعبية,الدمام,تراثي / ثقافي,https://maps.app.goo.gl/oNadKmXoFmk9e4Di9,Ci9DQUlRQUNvZENodHljRjlvT2s5MmIycE9MVTFLTVZCNFUzWnlObkJhUTJkV1VHYxAB,H Albinali,https://www.google.com/maps/contrib/101390767362799416793/reviews?hl=en,5,5 months ago,,False,True,False,2026-09-25
P02,القرية الشعبية,الدمام,تراثي / ثقافي,https://maps.app.goo.gl/oNadKmXoFmk9e4Di9,Ci9DQUlRQUNvZENodHljRjlvT2kxbk1XWXlXa3BEWDBaZlpUWktjRFI2TW5kVVRWRRAB,عبدالله A,https://www.google.com/maps/contrib/109144319383893678114/reviews?hl=en,1,5 months ago,A visit that will not be repeated,True,False,False,2026-09-25
P02,القرية الشعبية,الدمام,تراثي / ثقافي,https://maps.app.goo.gl/oNadKmXoFmk9e4Di9,Ci9DQUlRQUNvZENodHljRjlvT21Fd05XVnRjRUZ0WjJKdFIyeG9WVm90TVZwdFduYxAB,HIND,https://www.google.com/maps/contrib/109476591073588432104/reviews?hl=en,5,5 months ago,,False,True,False,2026-09-25
P02,القرية الشعبية,الدمام,تراثي / ثقافي,https://maps.app.goo.gl/oNadKmXoFmk9e4Di9,Ci9DQUlRQUNvZENodHljRjlvT2xJMmFUWnphWFpTTjJWdU9HZExkRlpoZFZsUmFYYxAB,غلا فيصل,https://www.google.com/maps/contrib/100709035788490228405/reviews?hl=en,5,5 months ago,,False,True,False,2026-09-25
P02,القرية الشعبية,الدمام,تراثي / ثقافي,https://maps.app.goo.gl/oNadKmXoFmk9e4Di9,Ci9DQUlRQUNvZENodHljRjlvT2xaNFRteEJVbmx5U1V0aVpXMUNZVXQyWTBkcWRFRRAB,Mohammed J,https://www.google.com/maps/contrib/102430831591524363610/reviews?hl=en,5,5 months ago,مكان يستحق الزياره واكل لذيذ وتعامل 👍🏻👍🏻,True,True,False,2026-09-25
P02,القرية الشعبية,الدمام,تراثي / ثقافي,https://maps.app.goo.gl/oNadKmXoFmk9e4Di9,Ci9DQUlRQUNvZENodHljRjlvT2pGMFZrazNTblJHYlhFd1kyNWtiVEYxUlhoT1RIYxAB,Adel Aboalghet,https://www.google.com/maps/contrib/100617225569054129574/reviews?hl=en,5,5 months ago,,False,True,False,2026-09-25
P02,القرية الشعبية,الدمام,تراثي / ثقافي,https://maps.app.goo.gl/oNadKmXoFmk9e4Di9,Ci9DQUlRQUNvZENodHljRjlvT21adlZsWlVNM0pLVTB4cFFXaEdOMlZFZUVSMU5GRRAB,Mirza Rizwan Baig,https://www.google.com/maps/contrib/110271139482811990067/reviews?hl=en,5,5 months ago,,False,True,False,2026-09-25
P02,القرية الشعبية,الدمام,تراثي / ثقافي,https://maps.app.goo.gl/oNadKmXoFmk9e4Di9,ChZDSUhNMG9nS0VJQ0FnSUNHMnIycVl3EAE,بشار بن عبدالله الشنبه,https://www.google.com/maps/contrib/112098410822743034804/reviews?hl=en,5,Edited 5 months ago,ممتاز,True,True,False,2026-09-25
P02,القرية الشعبية,الدمام,تراثي / ثقافي,https://maps.app.goo.gl/oNadKmXoFmk9e4Di9,Ci9DQUlRQUNvZENodHljRjlvT25KWmJVc3RYMmcwY1hoeWRXVjNaMnN4VFZRdFNVRRAB,عبدالرحمن العامودي,https://www.google.com/maps/contrib/116772656351139504181/reviews?hl=en,4,5 months ago,"المطعم ممتاز طبخهم وعندهم اكل شعبي مثل هريس وجريش وغيره ةعندهم قسم للافطار بالدور العلوي مع اطلالة على البحر

عندهم غرف خاصة لاقامة المناسبات

كما يحتوي على متحف جميل لمقتنيات قديمة مختلفة من عملات وادوات وسيارات من ضمنها سيارة الملك سلمان بن عبدالعزيز

يوجد ايضا بعض المحلات [خواتم سبح جلابيات ذهب]",True,True,False,2026-09-25
P02,القرية الشعبية,الدمام,تراثي / ثقافي,https://maps.app.goo.gl/oNadKmXoFmk9e4Di9,Ci9DQUlRQUNvZENodHljRjlvT2tWd01HMTRkRXB1YzBaeE1WSTNjRkkyUVZWd1VIYxAB,المصمم المبدع,https://www.google.com/maps/contrib/106198171803260933142/reviews?hl=en,5,5 months ago,The village is distinguished by its beautiful traditional style.,True,False,False,2026-09-25
P02,القرية الشعبية,الدمام,تراثي / ثقافي,https://maps.app.goo.gl/oNadKmXoFmk9e4Di9,Ci9DQUlRQUNvZENodHljRjlvT21ZdFJIQklVMkk0UnpWQ1dGQkJPR3d5WDNoQ01FRRAB,tmnyt Wlikn,https://www.google.com/maps/contrib/116098397142796333239/reviews?hl=en,5,5 months ago,,False,True,False,2026-09-25
P02,القرية الشعبية,الدمام,تراثي / ثقافي,https://maps.app.goo.gl/oNadKmXoFmk9e4Di9,Ci9DQUlRQUNvZENodHljRjlvT2t4WlEyVnFNMTlRYlU5UVlWZFhlVUpZVTBVMVkxRRAB,Wael Galal Ibrahim,https://www.google.com/maps/contrib/115984150700610501621/reviews?hl=en,4,5 months ago,,False,True,False,2026-09-25
P02,القرية الشعبية,الدمام,تراثي / ثقافي,https://maps.app.goo.gl/oNadKmXoFmk9e4Di9,Ci9DQUlRQUNvZENodHljRjlvT2xsMlQwZFVjRkpyZWpjMGNtSlZPRkZ0UkZrd2NIYxAB,عبدالعزيز سعود,https://www.google.com/maps/contrib/103125542171570664286/reviews?hl=en,5,5 months ago,,True,False,False,2026-09-25
P02,القرية الشعبية,الدمام,تراثي / ثقافي,https://maps.app.goo.gl/oNadKmXoFmk9e4Di9,Ci9DQUlRQUNvZENodHljRjlvT21wM1RISkdXbWx0TFVKTWNERlBhR00wY0V4d2FYYxAB,يعقوب الرعوي,https://www.google.com/maps/contrib/105080073836781169354/reviews?hl=en,5,5 months ago,راس تنوره مكان جميل وهادئ  يبعد حوالي 40دقيقه من الدمام  لكنه يستحق الذهاب  وتجربة صيد السمك تجربه حلوه  يوجد امكان للاطفال   وملاعب كره,True,True,False,2026-09-25
P02,القرية الشعبية,الدمام,تراثي / ثقافي,https://maps.app.goo.gl/oNadKmXoFmk9e4Di9,Ci9DQUlRQUNvZENodHljRjlvT2trM01FaDVaemx2UjJsTk5YcHNlbGRwTmxGd05rRRAB,anwar alghamdi,https://www.google.com/maps/contrib/109690685545684558841/reviews?hl=en,5,5 months ago,,False,True,False,2026-09-25
P02,القرية الشعبية,الدمام,تراثي / ثقافي,https://maps.app.goo.gl/oNadKmXoFmk9e4Di9,Ci9DQUlRQUNvZENodHljRjlvT2taelRWcEdOVTlxYzBOclNGRnpXV05WZURGM2FtYxAB,Fifi 055,https://www.google.com/maps/contrib/106100114430667797298/reviews?hl=en,5,5 months ago,,False,True,False,2026-09-25
P02,القرية الشعبية,الدمام,تراثي / ثقافي,https://maps.app.goo.gl/oNadKmXoFmk9e4Di9,Ci9DQUlRQUNvZENodHljRjlvT2tNM01qZ3dVa28zTW0xbVlVWnJORGRRVW5GTGIxRRAB,عبدالله محمد,https://www.google.com/maps/contrib/106577067856356357240/reviews?hl=en,5,5 months ago,,False,True,False,2026-09-25
P02,القرية الشعبية,الدمام,تراثي / ثقافي,https://maps.app.goo.gl/oNadKmXoFmk9e4Di9,Ci9DQUlRQUNvZENodHljRjlvT2pGbWVYWlVWMFpHTTJac1ZGUktURTVKYkVONFluYxAB,Shiim Siif,https://www.google.com/maps/contrib/114691156247676169602/reviews?hl=en,5,5 months ago,اكلهم جميل بس نوع ما مبالغين بنص الاشياء,True,True,False,2026-09-25
P02,القرية الشعبية,الدمام,تراثي / ثقافي,https://maps.app.goo.gl/oNadKmXoFmk9e4Di9,Ci9DQUlRQUNvZENodHljRjlvT21nMU5HcDFXWEpKUzNaQlVXbGxWRWc0TjJvME0xRRAB,مشاري القحطاني,https://www.google.com/maps/contrib/109654771976678259638/reviews?hl=en,5,5 months ago,,False,True,False,2026-09-25
P02,القرية الشعبية,الدمام,تراثي / ثقافي,https://maps.app.goo.gl/oNadKmXoFmk9e4Di9,Ci9DQUlRQUNvZENodHljRjlvT2pVMmMwNHdZMGRRUldaNmFXSjJlV1p6Y2tkTmFYYxAB,Bader Aljasem,https://www.google.com/maps/contrib/101399251310292373393/reviews?hl=en,5,5 months ago,Beautiful,True,False,False,2026-09-25
P02,القرية الشعبية,الدمام,تراثي / ثقافي,https://maps.app.goo.gl/oNadKmXoFmk9e4Di9,Ci9DQUlRQUNvZENodHljRjlvT2xadFZqZEljamRhVWxWcWRWRmZiMVIwTkV3M05VRRAB,MOHAMMED AL-HAMELI,https://www.google.com/maps/contrib/110040417564607367231/reviews?hl=en,4,5 months ago,"The place is spacious and comfortable, making it suitable for long sessions and relaxation. However, one of its main drawbacks is the limited privacy, as some may feel uncomfortable due to the openness to the surroundings. Furthermore, the …",True,False,True,2026-09-25
P02,القرية الشعبية,الدمام,تراثي / ثقافي,https://maps.app.goo.gl/oNadKmXoFmk9e4Di9,Ci9DQUlRQUNvZENodHljRjlvT2tOMlQweEpURVpmYTAxeVFVdE5aRWt6ZDJkcWJFRRAB,Haji Mohamed,https://www.google.com/maps/contrib/113134219268351028307/reviews?hl=en,5,5 months ago,,False,True,False,2026-09-25
P02,القرية الشعبية,الدمام,تراثي / ثقافي,https://maps.app.goo.gl/oNadKmXoFmk9e4Di9,Ci9DQUlRQUNvZENodHljRjlvT2tSWlZXWnlXV3hFUzJFMkxWbFNaSFZrVkZSVFJrRRAB,Mohamed,https://www.google.com/maps/contrib/109719499849853454703/reviews?hl=en,5,5 months ago,,False,True,False,2026-09-25
P02,القرية الشعبية,الدمام,تراثي / ثقافي,https://maps.app.goo.gl/oNadKmXoFmk9e4Di9,Ci9DQUlRQUNvZENodHljRjlvT210RVpFczRVM1Z1WVRsWlV6RkZZV2xFWmt0cU4wRRAB,tayyaba hafeez,https://www.google.com/maps/contrib/118205955171638580129/reviews?hl=en,5,5 months ago,,False,True,False,2026-09-25
P02,القرية الشعبية,الدمام,تراثي / ثقافي,https://maps.app.goo.gl/oNadKmXoFmk9e4Di9,Ci9DQUlRQUNvZENodHljRjlvT2kxaGMwaFZjVTVpUmxCVGNVTjBUWFkzYjJKNFpuYxAB,هدئ هدئ,https://www.google.com/maps/contrib/100149393933911203170/reviews?hl=en,5,5 months ago,,False,True,False,2026-09-25
P02,القرية الشعبية,الدمام,تراثي / ثقافي,https://maps.app.goo.gl/oNadKmXoFmk9e4Di9,Ci9DQUlRQUNvZENodHljRjlvT21kQk5WQm9Ua1I0WmpSbFh6QlFiRGRGV0dKTmVtYxAB,فني المنيوم ابواب شبابيك مطابخ,https://www.google.com/maps/contrib/106506399486159077890/reviews?hl=en,5,5 months ago,,False,True,False,2026-09-25
P02,القرية الشعبية,الدمام,تراثي / ثقافي,https://maps.app.goo.gl/oNadKmXoFmk9e4Di9,Ci9DQUlRQUNvZENodHljRjlvT200dFJXSkhNRVJ6YmpobWRtOXlXbms1Ym1ZMVRXYxAB,fahad M,https://www.google.com/maps/contrib/117611036154941724044/reviews?hl=en,5,5 months ago,,False,True,False,2026-09-25
P02,القرية الشعبية,الدمام,تراثي / ثقافي,https://maps.app.goo.gl/oNadKmXoFmk9e4Di9,Ci9DQUlRQUNvZENodHljRjlvT21wZmQxWlFiRXRHTUZOaFJVSkdTMEYxZEc5SllrRRAB,Jamal Ameen,https://www.google.com/maps/contrib/100780324657236670939/reviews?hl=en,5,5 months ago,,False,True,False,2026-09-25
P02,القرية الشعبية,الدمام,تراثي / ثقافي,https://maps.app.goo.gl/oNadKmXoFmk9e4Di9,Ci9DQUlRQUNvZENodHljRjlvT21WMGNuTkJlVVkyYlMxVVJ6UldWRmxXVGw5dFZuYxAB,عساف الرشيدي,https://www.google.com/maps/contrib/101443265441677440105/reviews?hl=en,1,5 months ago,غاليه حيل,True,True,False,2026-09-25
P02,القرية الشعبية,الدمام,تراثي / ثقافي,https://maps.app.goo.gl/oNadKmXoFmk9e4Di9,Ci9DQUlRQUNvZENodHljRjlvT21od00xZDNjRFJCYm5WRFJXMHlTMDVFTWpoRk9VRRAB,md shuvo,https://www.google.com/maps/contrib/107004302211933137483/reviews?hl=en,5,5 months ago,,False,True,False,2026-09-25
P02,القرية الشعبية,الدمام,تراثي / ثقافي,https://maps.app.goo.gl/oNadKmXoFmk9e4Di9,Ci9DQUlRQUNvZENodHljRjlvT2padVowUmtjR1ZxV2s5dkxUaFFjbE5PTFdKc1EyYxAB,nafees rajput,https://www.google.com/maps/contrib/114690139071470029369/reviews?hl=en,5,5 months ago,,False,True,False,2026-09-25
P02,القرية الشعبية,الدمام,تراثي / ثقافي,https://maps.app.goo.gl/oNadKmXoFmk9e4Di9,Ci9DQUlRQUNvZENodHljRjlvT20xM1lrRmZORmRtVURaVVVqUktlalZPWTBVemFWRRAB,Nimer M.O.Rumman,https://www.google.com/maps/contrib/117904706224509885132/reviews?hl=en,5,5 months ago,,False,True,False,2026-09-25
P02,القرية الشعبية,الدمام,تراثي / ثقافي,https://maps.app.goo.gl/oNadKmXoFmk9e4Di9,Ci9DQUlRQUNvZENodHljRjlvT2pOVU0yZE1NVFEyUzJ0bFZYVkxXRmh0U25aaUxWRRAB,Sayed Ali,https://www.google.com/maps/contrib/109955775863267639917/reviews?hl=en,5,5 months ago,"A brilliant idea. A restaurant in a museum!

The food is also very delicious.",True,False,False,2026-09-25
P02,القرية الشعبية,الدمام,تراثي / ثقافي,https://maps.app.goo.gl/oNadKmXoFmk9e4Di9,Ci9DQUlRQUNvZENodHljRjlvT2pSd2IzSXljM0ZtUVV0VVgwYzFia001T1hkU1pVRRAB,Shamsul Islam,https://www.google.com/maps/contrib/110270162799679197506/reviews?hl=en,5,6 months ago,"Heritage restaurants in Dammam offer a unique blend of culture, tradition, and authentic flavors that reflect the rich history of the region. These dining spots go beyond just food,they provide an immersive experience with traditional architecture, classic décor and warm Arabian hospitality.",False,True,False,2026-09-25
P02,القرية الشعبية,الدمام,تراثي / ثقافي,https://maps.app.goo.gl/oNadKmXoFmk9e4Di9,Ci9DQUlRQUNvZENodHljRjlvT2xsbVFsaEhXWGxOVkVoaFVFSkljRmN4WWtGbFIxRRAB,Sadeq Ahmed Sadeq Al-fakih,https://www.google.com/maps/contrib/100807653248883167889/reviews?hl=en,5,6 months ago,,False,True,False,2026-09-25
P02,القرية الشعبية,الدمام,تراثي / ثقافي,https://maps.app.goo.gl/oNadKmXoFmk9e4Di9,Ci9DQUlRQUNvZENodHljRjlvT2pabGFYSlRTemR6UVdGelRsbGhUVFJITkZoNWJHYxAB,Dr.Abdullah Alghamdi,https://www.google.com/maps/contrib/112550855671185455715/reviews?hl=en,5,6 months ago,Beautiful and offering a wonderful historical experience and delicious traditional dishes. …,True,False,True,2026-09-25
P02,القرية الشعبية,الدمام,تراثي / ثقافي,https://maps.app.goo.gl/oNadKmXoFmk9e4Di9,Ci9DQUlRQUNvZENodHljRjlvT25wNlRtWTVaVXhXUmsxaWJXUlVUMEppT0V3M1UwRRAB,Saleh Alkharji,https://www.google.com/maps/contrib/100835475749806547292/reviews?hl=en,5,6 months ago,,False,True,False,2026-09-25
P02,القرية الشعبية,الدمام,تراثي / ثقافي,https://maps.app.goo.gl/oNadKmXoFmk9e4Di9,Ci9DQUlRQUNvZENodHljRjlvT21aa1oydFBZMkV6YlRBeU4xQnNVMnc0ZUdwcmRIYxAB,شاهين أبو سعد,https://www.google.com/maps/contrib/113943225147223437477/reviews?hl=en,5,6 months ago,,False,True,False,2026-09-25
P02,القرية الشعبية,الدمام,تراثي / ثقافي,https://maps.app.goo.gl/oNadKmXoFmk9e4Di9,Ci9DQUlRQUNvZENodHljRjlvT2pWTVMzWkxZalo1YkZSWFUwaDZWRE50ZVZCVGFYYxAB,Ali Ateya,https://www.google.com/maps/contrib/107259436243588499851/reviews?hl=en,5,6 months ago,What about lovely atmosphere.  I Highly recommend it.,False,True,False,2026-09-25
P02,القرية الشعبية,الدمام,تراثي / ثقافي,https://maps.app.goo.gl/oNadKmXoFmk9e4Di9,Ci9DQUlRQUNvZENodHljRjlvT25wRFpXaEdPWE5oWVRjNGFFcEdMVVkyUkhVdFNuYxAB,عبدالله التميمي,https://www.google.com/maps/contrib/109490686163866782830/reviews?hl=en,1,6 months ago,"This place isn't worth visiting, and the entrance fee is 20 riyals per person. The receptionist was rude and disrespectful. When we went out, they refused to let us through the main entrance and made us go through the emergency exit! Is this really their policy? They didn't even offer complimentary water or tea.",True,False,False,2026-09-25
P02,القرية الشعبية,الدمام,تراثي / ثقافي,https://maps.app.goo.gl/oNadKmXoFmk9e4Di9,Ci9DQUlRQUNvZENodHljRjlvT2xoNWFEaEJSek56UjJsTE5tRk1SRzQ1YlVSckxVRRAB,Abofiras,https://www.google.com/maps/contrib/105970450081717067175/reviews?hl=en,4,6 months ago,"A popular, well-organized place with a professional, respectful, and courteous chef. Prices are moderate, ranging from 100 to 200 riyals for 5 people. Entry is through Gate 3 free of charge. Open from 6 AM. Indoor and outdoor seating available.",True,False,False,2026-09-25
P02,القرية الشعبية,الدمام,تراثي / ثقافي,https://maps.app.goo.gl/oNadKmXoFmk9e4Di9,Ci9DQUlRQUNvZENodHljRjlvT21kbFpHcHVNMmRhYkRsaldEQktjV0pIY0dweGJGRRAB,Sultan Mesfer,https://www.google.com/maps/contrib/107419176331522445439/reviews?hl=en,5,6 months ago,A beautiful place with a touch of the past. The food is delicious and you enjoy eating it.,True,False,False,2026-09-25
P02,القرية الشعبية,الدمام,تراثي / ثقافي,https://maps.app.goo.gl/oNadKmXoFmk9e4Di9,Ci9DQUlRQUNvZENodHljRjlvT2s1NFNrVTNNbFpwUW1RNWJWRXRSSEo2VEU1SFNrRRAB,Naseem _m,https://www.google.com/maps/contrib/108764083287006273500/reviews?hl=en,4,6 months ago,,False,True,False,2026-09-25
P02,القرية الشعبية,الدمام,تراثي / ثقافي,https://maps.app.goo.gl/oNadKmXoFmk9e4Di9,Ci9DQUlRQUNvZENodHljRjlvT2poSVRVOUlNV2xLV2tSRlEwUXhTVEpPU0UwelZIYxAB,Shahad,https://www.google.com/maps/contrib/107445796621976385125/reviews?hl=en,5,6 months ago,,False,True,False,2026-09-25
P02,القرية الشعبية,الدمام,تراثي / ثقافي,https://maps.app.goo.gl/oNadKmXoFmk9e4Di9,Ci9DQUlRQUNvZENodHljRjlvT21ocGIxZHdWbGxzU2swdFpXOXZWVzR6YjAxU1VHYxAB,محمد ابو ثابت,https://www.google.com/maps/contrib/104704664911647491510/reviews?hl=en,5,6 months ago,,False,True,False,2026-09-25
P02,القرية الشعبية,الدمام,تراثي / ثقافي,https://maps.app.goo.gl/oNadKmXoFmk9e4Di9,Ci9DQUlRQUNvZENodHljRjlvT20xeVpuQkRXRFF0YUhaQ01rbHNSa3cxV0hkSmEyYxAB,muhtrf alaman,https://www.google.com/maps/contrib/115520770745679894444/reviews?hl=en,4,6 months ago,جيد,True,True,False,2026-09-25
P02,القرية الشعبية,الدمام,تراثي / ثقافي,https://maps.app.goo.gl/oNadKmXoFmk9e4Di9,Ci9DQUlRQUNvZENodHljRjlvT25RdFdVWmllRmxVWlRaSVdGOVljemc1U0VGalQxRRAB,Niyas Kunju,https://www.google.com/maps/contrib/109467672629767848957/reviews?hl=en,4,6 months ago,,False,True,False,2026-09-25
P02,القرية الشعبية,الدمام,تراثي / ثقافي,https://maps.app.goo.gl/oNadKmXoFmk9e4Di9,Ci9DQUlRQUNvZENodHljRjlvT2pGUFVYRTFTR1JzWDNoSGFFZ3RjR2RxVDBwYVQzYxAB,عبدالله الاشعري,https://www.google.com/maps/contrib/100179830067664046143/reviews?hl=en,1,6 months ago,لايوجد أماكن لجلوس,True,True,False,2026-09-25
P02,القرية الشعبية,الدمام,تراثي / ثقافي,https://maps.app.goo.gl/oNadKmXoFmk9e4Di9,Ci9DQUlRQUNvZENodHljRjlvT2xOeFVIb3dWUzF5ZEVkYVNYRm5Va3gzWkdObFZIYxAB,بحر ر,https://www.google.com/maps/contrib/114415738520058686390/reviews?hl=en,5,6 months ago,"مكان اكثر من رائع مكان جميل وتنظيم يرفع الراس
أشكر القائمين عليه",True,True,False,2026-09-25
P02,القرية الشعبية,الدمام,تراثي / ثقافي,https://maps.app.goo.gl/oNadKmXoFmk9e4Di9,Ci9DQUlRQUNvZENodHljRjlvT25sbVVFRnpWMDFxT1RnNU5FNXZZVzFLVDBaRmJYYxAB,بدر الظافر,https://www.google.com/maps/contrib/101018068395776252140/reviews?hl=en,1,6 months ago,Its prices are extremely high; anyone who goes there will be broke for the rest of the month.,True,False,False,2026-09-25
P02,القرية الشعبية,الدمام,تراثي / ثقافي,https://maps.app.goo.gl/oNadKmXoFmk9e4Di9,Ci9DQUlRQUNvZENodHljRjlvT2paa2NVeDFaMFZZVFdOak1FMVJjM2g1TkVrd1ZHYxAB,Mohannad Hassan,https://www.google.com/maps/contrib/104739432166499737339/reviews?hl=en,4,6 months ago,,False,True,False,2026-09-25
P02,القرية الشعبية,الدمام,تراثي / ثقافي,https://maps.app.goo.gl/oNadKmXoFmk9e4Di9,ChdDSUhNMG9nS0VJQ0FnSURUMjRyLTBBRRAB,Sudan As,https://www.google.com/maps/contrib/105466506161076581005/reviews?hl=en,4,Edited 6 months ago,Good,False,True,False,2026-09-25
P02,القرية الشعبية,الدمام,تراثي / ثقافي,https://maps.app.goo.gl/oNadKmXoFmk9e4Di9,Ci9DQUlRQUNvZENodHljRjlvT2t4Tk1uQm1WRmxIZEVKWmMxazJYMFJJWDFKU2JuYxAB,qaz qaz,https://www.google.com/maps/contrib/100217852014389986420/reviews?hl=en,5,6 months ago,"Supervisor Hossam Khaled
Very classy, ​​cooperative, and generous",True,False,False,2026-09-25
P02,القرية الشعبية,الدمام,تراثي / ثقافي,https://maps.app.goo.gl/oNadKmXoFmk9e4Di9,Ci9DQUlRQUNvZENodHljRjlvT21NemRXcFdWVkpPWkZvMU5IWnVZbWR1U25JNGRGRRAB,Tota Oney,https://www.google.com/maps/contrib/104402151208889484527/reviews?hl=en,5,6 months ago,,False,True,False,2026-09-25
P02,القرية الشعبية,الدمام,تراثي / ثقافي,https://maps.app.goo.gl/oNadKmXoFmk9e4Di9,Ci9DQUlRQUNvZENodHljRjlvT2xWd05sVXpPREpvYjFkdlFXRlNRalpsYld0MlkyYxAB,هلاا وغلاا,https://www.google.com/maps/contrib/104607330382820870597/reviews?hl=en,5,6 months ago,,False,True,False,2026-09-25
P02,القرية الشعبية,الدمام,تراثي / ثقافي,https://maps.app.goo.gl/oNadKmXoFmk9e4Di9,Ci9DQUlRQUNvZENodHljRjlvT25CTFVXVm9WMEoyVjFoRk1rOVJWall0VnpodlFWRRAB,Alfonzo Moro,https://www.google.com/maps/contrib/106982631453366967387/reviews?hl=en,1,6 months ago,"We ordered half a sheep and repeatedly asked for the meat to be tender and thawed. Unfortunately, the order arrived cold and the meat was undercooked. It was a disappointment, especially considering the price – a sheep costing 2700. For that price, they should prioritize quality!",True,False,False,2026-09-25
P02,القرية الشعبية,الدمام,تراثي / ثقافي,https://maps.app.goo.gl/oNadKmXoFmk9e4Di9,Ci9DQUlRQUNvZENodHljRjlvT21Oc05sRjRUamR2ZDBGYVpESXRaVVpFV0RCNk1XYxAB,Aziz Saud,https://www.google.com/maps/contrib/105468209606289112933/reviews?hl=en,4,6 months ago,,False,True,False,2026-09-25
P02,القرية الشعبية,الدمام,تراثي / ثقافي,https://maps.app.goo.gl/oNadKmXoFmk9e4Di9,Ci9DQUlRQUNvZENodHljRjlvT25BeVZEWlJURGhXVlRob1MzRnRTMlJoUTNaTGMzYxAB,Abdulmajeed Alzahrani,https://www.google.com/maps/contrib/106737127161370628970/reviews?hl=en,3,6 months ago,,False,True,False,2026-09-25
P02,القرية الشعبية,الدمام,تراثي / ثقافي,https://maps.app.goo.gl/oNadKmXoFmk9e4Di9,Ci9DQUlRQUNvZENodHljRjlvT2xkc1JtcEhSa0Z6TnpkWGNVWTBiMEpFV0RKalJYYxAB,محمد الحربي,https://www.google.com/maps/contrib/104160547901574708583/reviews?hl=en,5,6 months ago,,False,True,False,2026-09-25
P02,القرية الشعبية,الدمام,تراثي / ثقافي,https://maps.app.goo.gl/oNadKmXoFmk9e4Di9,Ci9DQUlRQUNvZENodHljRjlvT2pCWWFITlZaVFZaVlZaSmVUWnRiMk5QVGtWaGNXYxAB,عادل ال مزهر,https://www.google.com/maps/contrib/107935906484570568353/reviews?hl=en,1,6 months ago,,False,True,False,2026-09-25
P02,القرية الشعبية,الدمام,تراثي / ثقافي,https://maps.app.goo.gl/oNadKmXoFmk9e4Di9,Ci9DQUlRQUNvZENodHljRjlvT21WRGJXdHRUa1UzVmxKMWNIQk9XSEJPVERaaVIxRRAB,MOHAMED,https://www.google.com/maps/contrib/111650167704047245492/reviews?hl=en,4,6 months ago,,False,True,False,2026-09-25
P02,القرية الشعبية,الدمام,تراثي / ثقافي,https://maps.app.goo.gl/oNadKmXoFmk9e4Di9,Ci9DQUlRQUNvZENodHljRjlvT2xRNFkwMHlaR0Z0ZEVkQ1JFdzRObGRtVVhVeldtYxAB,محمد العمري,https://www.google.com/maps/contrib/113684939056485879223/reviews?hl=en,5,6 months ago,,False,True,False,2026-09-25
P02,القرية الشعبية,الدمام,تراثي / ثقافي,https://maps.app.goo.gl/oNadKmXoFmk9e4Di9,Ci9DQUlRQUNvZENodHljRjlvT25CMU5HMVhialJhZFRkU1YyRmFOMFEyZFUxSGQwRRAB,M Hamza Butt,https://www.google.com/maps/contrib/108487575002149522379/reviews?hl=en,5,6 months ago,Loved the vibe of this place,False,True,False,2026-09-25
P02,القرية الشعبية,الدمام,تراثي / ثقافي,https://maps.app.goo.gl/oNadKmXoFmk9e4Di9,Ci9DQUlRQUNvZENodHljRjlvT21GaU9FeHlRVlF5UWpSblJtdExaRXhvWW1Wa1dVRRAB,ابو احمد الجعفري,https://www.google.com/maps/contrib/100110172381645716435/reviews?hl=en,5,6 months ago,A beautiful and historic place,True,False,False,2026-09-25
P02,القرية الشعبية,الدمام,تراثي / ثقافي,https://maps.app.goo.gl/oNadKmXoFmk9e4Di9,Ci9DQUlRQUNvZENodHljRjlvT25kMFdtOXdMV2Q0VjNWdVdHcHJkR05HTW1aUU9GRRAB,Khalid Al-Madkahli,https://www.google.com/maps/contrib/108307450745279372141/reviews?hl=en,4,6 months ago,Do you organize corporate events?,True,False,False,2026-09-25
P02,القرية الشعبية,الدمام,تراثي / ثقافي,https://maps.app.goo.gl/oNadKmXoFmk9e4Di9,Ci9DQUlRQUNvZENodHljRjlvT2pOU2JUZGFNV2hzWW1JelIxRm1hRkJzUmxsbWJFRRAB,khaled akram,https://www.google.com/maps/contrib/102022602517454457285/reviews?hl=en,5,6 months ago,,False,True,False,2026-09-25
P02,القرية الشعبية,الدمام,تراثي / ثقافي,https://maps.app.goo.gl/oNadKmXoFmk9e4Di9,ChdDSUhNMG9nS0VJQ0FnTUNvczRxLTN3RRAB,Mahmoud talaat,https://www.google.com/maps/contrib/112266899855861961914/reviews?hl=en,5,Edited 6 months ago,,False,True,False,2026-09-25
P02,القرية الشعبية,الدمام,تراثي / ثقافي,https://maps.app.goo.gl/oNadKmXoFmk9e4Di9,Ci9DQUlRQUNvZENodHljRjlvT2xKclVWQmlVbGxhV0RReE9YQlFXSFUxU1VsVVpsRRAB,علي الرشيدي,https://www.google.com/maps/contrib/103049320955499536667/reviews?hl=en,5,6 months ago,ماشاءالله تحفه يستحق الزياره مرا اخرى,True,True,False,2026-09-25
P02,القرية الشعبية,الدمام,تراثي / ثقافي,https://maps.app.goo.gl/oNadKmXoFmk9e4Di9,Ci9DQUlRQUNvZENodHljRjlvT2xCbGJrdERTVE5hWkd4c2VIWXdTVTB4Y3pSUmRtYxAB,حافظ الجماعي,https://www.google.com/maps/contrib/113034270194884021765/reviews?hl=en,5,6 months ago,القرية الشعبية هي وجهة تراثية وثقافية تجسد أصالة الماضي ونكهة التراث السعودي، تجمع بين التاريخ والمطاعم والمتحف في مكان واحد. توفر تجربة سياحية فريدة، تضم معروضات تراثية قديمة (قد تصل لآلاف القطع)، بيوتًا شعبية، وأسواقًا تقليدية، مما يجعلها تجسيدًا حيًا لحياة الآباء والأجداد,True,True,False,2026-09-25
P02,القرية الشعبية,الدمام,تراثي / ثقافي,https://maps.app.goo.gl/oNadKmXoFmk9e4Di9,Ci9DQUlRQUNvZENodHljRjlvT2s1a1RGOTRNblpSYmtsM1lUaDBYemhEVVhSRE5HYxAB,فؤاد المسلم,https://www.google.com/maps/contrib/105512453417566692306/reviews?hl=en,4,6 months ago,,False,True,False,2026-09-25
P02,القرية الشعبية,الدمام,تراثي / ثقافي,https://maps.app.goo.gl/oNadKmXoFmk9e4Di9,Ci9DQUlRQUNvZENodHljRjlvT21Ob2NteE9iVWRhTlZKU1VIcGlTMTl3V0dwRlpYYxAB,أبو فياض,https://www.google.com/maps/contrib/108451024753344851123/reviews?hl=en,5,6 months ago,,False,True,False,2026-09-25
P02,القرية الشعبية,الدمام,تراثي / ثقافي,https://maps.app.goo.gl/oNadKmXoFmk9e4Di9,Ci9DQUlRQUNvZENodHljRjlvT2twaE9FSTNaa3A0U21WR1ZtZERVbkZTY0hOV1UyYxAB,عيسى البيحاني,https://www.google.com/maps/contrib/107196539026873091676/reviews?hl=en,5,6 months ago,One of the places that I really liked,True,False,False,2026-09-25
P02,القرية الشعبية,الدمام,تراثي / ثقافي,https://maps.app.goo.gl/oNadKmXoFmk9e4Di9,Ci9DQUlRQUNvZENodHljRjlvT2s4NGEyeHJlRGxHT1VOVldrTnBWRU51ZDFaalluYxAB,اكرم محسن,https://www.google.com/maps/contrib/110547644781139232875/reviews?hl=en,5,6 months ago,,False,True,False,2026-09-25
P02,القرية الشعبية,الدمام,تراثي / ثقافي,https://maps.app.goo.gl/oNadKmXoFmk9e4Di9,Ci9DQUlRQUNvZENodHljRjlvT21GbVJXRnlSVk5YVTNOamRreFdabXcyVGpNMmVIYxAB,tarek ahmed,https://www.google.com/maps/contrib/107931144428784205260/reviews?hl=en,5,6 months ago,,False,True,False,2026-09-25
P02,القرية الشعبية,الدمام,تراثي / ثقافي,https://maps.app.goo.gl/oNadKmXoFmk9e4Di9,Ci9DQUlRQUNvZENodHljRjlvT25KVGIxQlBVM3B4TXpZMWFVRkVVVkIxU2pGeWNrRRAB,صدام سعيد,https://www.google.com/maps/contrib/110637161834390691319/reviews?hl=en,3,6 months ago,,False,True,False,2026-09-25
P02,القرية الشعبية,الدمام,تراثي / ثقافي,https://maps.app.goo.gl/oNadKmXoFmk9e4Di9,Ci9DQUlRQUNvZENodHljRjlvT25KR1VuUjRSVTF3VlVjemNITm9WRlZUVEMxMlRXYxAB,Thea Verwey,https://www.google.com/maps/contrib/104427229107506822430/reviews?hl=en,4,6 months ago,Reception is warm and very professional.  The exhibitions are interesting and well maintained.  The personnel are helpful and kind. Suggestion: add names and information to animal mummies. The experience is worth while.,False,True,False,2026-09-25
P02,القرية الشعبية,الدمام,تراثي / ثقافي,https://maps.app.goo.gl/oNadKmXoFmk9e4Di9,Ci9DQUlRQUNvZENodHljRjlvT21kdlFuUmtRazF6ZFRWaGRXVmFWMHhUZEV0WGQwRRAB,AKRAMUL KOBIR,https://www.google.com/maps/contrib/112113869354177282097/reviews?hl=en,5,6 months ago,Very nice place with family,False,True,False,2026-09-25
P02,القرية الشعبية,الدمام,تراثي / ثقافي,https://maps.app.goo.gl/oNadKmXoFmk9e4Di9,Ci9DQUlRQUNvZENodHljRjlvT25kNmVucHFOa2h4VFRBeWN5MDNhREJ3Wm5BM2FXYxAB,ناجي شاجع,https://www.google.com/maps/contrib/110123893173293631456/reviews?hl=en,5,6 months ago,"Excellent, worth a visit",True,False,False,2026-09-25
P02,القرية الشعبية,الدمام,تراثي / ثقافي,https://maps.app.goo.gl/oNadKmXoFmk9e4Di9,Ci9DQUlRQUNvZENodHljRjlvT2tGVmVXWXlXVkZJV1V0NlZXRnNSbmxETlc1TlFVRRAB,NasHmi Al Yami,https://www.google.com/maps/contrib/100704997873464655933/reviews?hl=en,5,6 months ago,,False,True,False,2026-09-25
P02,القرية الشعبية,الدمام,تراثي / ثقافي,https://maps.app.goo.gl/oNadKmXoFmk9e4Di9,Ci9DQUlRQUNvZENodHljRjlvT25WUlRYazRabTVoTjJkTE0xOHhhVUpVWVhORk5FRRAB,Marwan Morsy,https://www.google.com/maps/contrib/112901097210540881490/reviews?hl=en,5,6 months ago,,False,True,False,2026-09-25
P02,القرية الشعبية,الدمام,تراثي / ثقافي,https://maps.app.goo.gl/oNadKmXoFmk9e4Di9,Ci9DQUlRQUNvZENodHljRjlvT2tZeVFuWTFlRXRCVmxsR1JraEJWMlZuYURKdFoyYxAB,Saud Abu-Harbesh (‫Saud سعود ابوحربش‬‎),https://www.google.com/maps/contrib/106940918403848329377/reviews?hl=en,5,6 months ago,A wonderful museum,True,False,False,2026-09-25
P02,القرية الشعبية,الدمام,تراثي / ثقافي,https://maps.app.goo.gl/oNadKmXoFmk9e4Di9,Ci9DQUlRQUNvZENodHljRjlvT214M2VGOUpjRzlXZFZsMllXMURjWFJyYkZGMVEzYxAB,باسم ياسين,https://www.google.com/maps/contrib/106994827450732997741/reviews?hl=en,5,6 months ago,,False,True,False,2026-09-25
P02,القرية الشعبية,الدمام,تراثي / ثقافي,https://maps.app.goo.gl/oNadKmXoFmk9e4Di9,Ci9DQUlRQUNvZENodHljRjlvT2pobGVXdENTalJXWTFseFpYbFdVVlZUV25WQk9FRRAB,Yousef,https://www.google.com/maps/contrib/105129852436546325155/reviews?hl=en,4,6 months ago,,False,True,False,2026-09-25
P02,القرية الشعبية,الدمام,تراثي / ثقافي,https://maps.app.goo.gl/oNadKmXoFmk9e4Di9,Ci9DQUlRQUNvZENodHljRjlvT2t3emJVNDVWMjlKV1VJeFduUjFUMDlCTjFSamIzYxAB,Saeed E Ghodran,https://www.google.com/maps/contrib/114589981115627439285/reviews?hl=en,4,6 months ago,,False,True,False,2026-09-25
P02,القرية الشعبية,الدمام,تراثي / ثقافي,https://maps.app.goo.gl/oNadKmXoFmk9e4Di9,Ci9DQUlRQUNvZENodHljRjlvT2paWVJtNHpTbXQyVld3eFZtdHlkVWxJVVcxRVFVRRAB,عصام مصطفى الدبعي,https://www.google.com/maps/contrib/109955304897384895656/reviews?hl=en,5,6 months ago,,False,True,False,2026-09-25
P02,القرية الشعبية,الدمام,تراثي / ثقافي,https://maps.app.goo.gl/oNadKmXoFmk9e4Di9,Ci9DQUlRQUNvZENodHljRjlvT2xkSGRUSktTVXRYY2tOVmIycG5UMVY0VWxoR1RHYxAB,ابتسام الاسمري,https://www.google.com/maps/contrib/116062266275152250754/reviews?hl=en,5,6 months ago,,False,True,False,2026-09-25
P02,القرية الشعبية,الدمام,تراثي / ثقافي,https://maps.app.goo.gl/oNadKmXoFmk9e4Di9,Ci9DQUlRQUNvZENodHljRjlvT2tkUlZHNDBNVlo0U3kxSlYxUTBZbDkyYlZwcmQxRRAB,Abdulnafea Barnawi,https://www.google.com/maps/contrib/108416640904014596197/reviews?hl=en,5,6 months ago,,False,True,False,2026-09-25
P02,القرية الشعبية,الدمام,تراثي / ثقافي,https://maps.app.goo.gl/oNadKmXoFmk9e4Di9,Ci9DQUlRQUNvZENodHljRjlvT21GTGRtZGpVMXBwYW1KdWJFdG5XR04zVEcwMVoxRRAB,Danish Danish,https://www.google.com/maps/contrib/100087522332620517100/reviews?hl=en,5,6 months ago,,False,True,False,2026-09-25
P02,القرية الشعبية,الدمام,تراثي / ثقافي,https://maps.app.goo.gl/oNadKmXoFmk9e4Di9,Ci9DQUlRQUNvZENodHljRjlvT2t4emFHRk5aR2xsVkZCcFFXVXdTbmgwVEhoRFMyYxAB,mohammed fahad,https://www.google.com/maps/contrib/107657647698460700504/reviews?hl=en,5,6 months ago,,False,True,False,2026-09-25
P02,القرية الشعبية,الدمام,تراثي / ثقافي,https://maps.app.goo.gl/oNadKmXoFmk9e4Di9,Ci9DQUlRQUNvZENodHljRjlvT25aVWJUSkNUemgzVTBOSE5GZFNRV3RxZFVzd1dXYxAB,Gelerie Feruelo,https://www.google.com/maps/contrib/103192356250816217168/reviews?hl=en,5,6 months ago,,False,True,False,2026-09-25
P02,القرية الشعبية,الدمام,تراثي / ثقافي,https://maps.app.goo.gl/oNadKmXoFmk9e4Di9,Ci9DQUlRQUNvZENodHljRjlvT2pOTlpWaDZjbTFIYzBwTWNXWkROMGhWVXpCTlRsRRAB,DR. Shokhp,https://www.google.com/maps/contrib/114878801380476004018/reviews?hl=en,4,6 months ago,A special place to spend a pleasant time with friends or alone,True,False,False,2026-09-25
P02,القرية الشعبية,الدمام,تراثي / ثقافي,https://maps.app.goo.gl/oNadKmXoFmk9e4Di9,Ci9DQUlRQUNvZENodHljRjlvT25GNFVGRTBhM2hsWmpWemEybzBSMng1Tlc5SlRVRRAB,DR JABER AL-NEMER,https://www.google.com/maps/contrib/112171286704652434251/reviews?hl=en,5,6 months ago,,False,True,False,2026-09-25
P02,القرية الشعبية,الدمام,تراثي / ثقافي,https://maps.app.goo.gl/oNadKmXoFmk9e4Di9,Ci9DQUlRQUNvZENodHljRjlvT25saVEyTjFlbXhzVFVVdGFWOHlRbmN3ZG1WU04wRRAB,Hamada Abo zied,https://www.google.com/maps/contrib/116623280472799305176/reviews?hl=en,5,6 months ago,,False,True,False,2026-09-25
P02,القرية الشعبية,الدمام,تراثي / ثقافي,https://maps.app.goo.gl/oNadKmXoFmk9e4Di9,Ci9DQUlRQUNvZENodHljRjlvT205bGNrUXpMVW8zTm00MU16UkNhbHBuYmxsWVpsRRAB,متذوق و صريح,https://www.google.com/maps/contrib/111097727703853516578/reviews?hl=en,1,6 months ago,The entrance fees are expensive and the food is very average.,True,False,False,2026-09-25
P02,القرية الشعبية,الدمام,تراثي / ثقافي,https://maps.app.goo.gl/oNadKmXoFmk9e4Di9,Ci9DQUlRQUNvZENodHljRjlvT2pOM05sZGxPVXAxVTBKdWRWOVRWMmR2VmpadFozYxAB,Jabir Al Azeez,https://www.google.com/maps/contrib/117707132433886035357/reviews?hl=en,4,6 months ago,"Nice views, must visit. Great ambience and kept as a traditional monument in a modern city.",False,True,False,2026-09-25
P02,القرية الشعبية,الدمام,تراثي / ثقافي,https://maps.app.goo.gl/oNadKmXoFmk9e4Di9,Ci9DQUlRQUNvZENodHljRjlvT2twTGNIVk1hak4yT0hWNFNtMXhiRUZmU1RCVGIyYxAB,Duck Bizniz,https://www.google.com/maps/contrib/114519248188080219314/reviews?hl=en,,6 months ago,I was on an extended Saudi Arabia trip. It was my last day in Dammam and I was flying to Madinah in the late afternoon. I was driving my rental car to Dammam International Airport. I followed the coastline and drove along the Corniche. I …,False,True,True,2026-09-25
P02,القرية الشعبية,الدمام,تراثي / ثقافي,https://maps.app.goo.gl/oNadKmXoFmk9e4Di9,Ci9DQUlRQUNvZENodHljRjlvT2pkVVpGQTFWVUYwVDNoSFR6UjRkMmd6VDA0eGExRRAB,Mujahed Salloum,https://www.google.com/maps/contrib/100157876682976320778/reviews?hl=en,5,6 months ago,,False,True,False,2026-09-25
P02,القرية الشعبية,الدمام,تراثي / ثقافي,https://maps.app.goo.gl/oNadKmXoFmk9e4Di9,Ci9DQUlRQUNvZENodHljRjlvT2twMmRTMHdjRWt4UkRFdFkyeFBMVEZ2ZVhoelYzYxAB,SULTAN BAHKALI,https://www.google.com/maps/contrib/104179826072749125231/reviews?hl=en,5,6 months ago,,False,True,False,2026-09-25
P02,القرية الشعبية,الدمام,تراثي / ثقافي,https://maps.app.goo.gl/oNadKmXoFmk9e4Di9,Ci9DQUlRQUNvZENodHljRjlvT2xaMWNrNVBhbUpTY0RsaFIwNU1NWGcwWTNwV1IzYxAB,Kh Khaled,https://www.google.com/maps/contrib/118083049900720437725/reviews?hl=en,1,6 months ago,مطعم غالي جدا مبالغ بسعره والأكل غير متنوع. ماانصح فيه نهائيا,True,True,False,2026-09-25
P02,القرية الشعبية,الدمام,تراثي / ثقافي,https://maps.app.goo.gl/oNadKmXoFmk9e4Di9,Ci9DQUlRQUNvZENodHljRjlvT2w4M1JrdFdObVJyYkU4elYxSmpkRFJKTlRocE9VRRAB,Muhammad Sabahat Noor,https://www.google.com/maps/contrib/100868745695166287977/reviews?hl=en,4,6 months ago,,False,True,False,2026-09-25
P02,القرية الشعبية,الدمام,تراثي / ثقافي,https://maps.app.goo.gl/oNadKmXoFmk9e4Di9,Ci9DQUlRQUNvZENodHljRjlvT25neFduUklOMUZpWlV0WFdYRjBkakZWV1hWVWFuYxAB,Shameem Abdul Vaheed,https://www.google.com/maps/contrib/116920173208305963293/reviews?hl=en,5,6 months ago,,False,True,False,2026-09-25
P02,القرية الشعبية,الدمام,تراثي / ثقافي,https://maps.app.goo.gl/oNadKmXoFmk9e4Di9,Ci9DQUlRQUNvZENodHljRjlvT21OTmRYZGhNRTB0VEZwRGVuWnVRWFJNZUdOUmFFRRAB,ibrahem elshazly,https://www.google.com/maps/contrib/108797539921637058792/reviews?hl=en,5,6 months ago,Excellent Restaurant and Coffee Shop,True,False,False,2026-09-25
P02,القرية الشعبية,الدمام,تراثي / ثقافي,https://maps.app.goo.gl/oNadKmXoFmk9e4Di9,Ci9DQUlRQUNvZENodHljRjlvT20xMmFuQlJNWFEyU21KUFZVbENhbUpGTjJ4aVMzYxAB,Wassim Aldabbas,https://www.google.com/maps/contrib/100101491680469577619/reviews?hl=en,5,6 months ago,,False,True,False,2026-09-25
P02,القرية الشعبية,الدمام,تراثي / ثقافي,https://maps.app.goo.gl/oNadKmXoFmk9e4Di9,Ci9DQUlRQUNvZENodHljRjlvT21sTk1tWjFNazVTWTBWcE5WcHZZV2c1WW5Gc1JXYxAB,اميرة ساتى,https://www.google.com/maps/contrib/103158119622640134933/reviews?hl=en,4,6 months ago,,False,True,False,2026-09-25
P02,القرية الشعبية,الدمام,تراثي / ثقافي,https://maps.app.goo.gl/oNadKmXoFmk9e4Di9,ChdDSUhNMG9nS0VJQ0FnSURTcV9HcW9nRRAB,Ahmed Mohib,https://www.google.com/maps/contrib/104169664454577174311/reviews?hl=en,4,Edited 6 months ago,👌 …,False,True,True,2026-09-25
P02,القرية الشعبية,الدمام,تراثي / ثقافي,https://maps.app.goo.gl/oNadKmXoFmk9e4Di9,Ci9DQUlRQUNvZENodHljRjlvT2xKaVJEQTFjblJwU1dsbE5uUkdhbkU0ZVZkclRYYxAB,khamis salem,https://www.google.com/maps/contrib/100817677723142907444/reviews?hl=en,5,6 months ago,,False,True,False,2026-09-25
P02,القرية الشعبية,الدمام,تراثي / ثقافي,https://maps.app.goo.gl/oNadKmXoFmk9e4Di9,Ci9DQUlRQUNvZENodHljRjlvT2kxTmQwaEpZbDlZWmpSRU1VTnBXVWhpY0hSeGNWRRAB,ismael shakour,https://www.google.com/maps/contrib/104371833070294394368/reviews?hl=en,4,6 months ago,,False,True,False,2026-09-25
P02,القرية الشعبية,الدمام,تراثي / ثقافي,https://maps.app.goo.gl/oNadKmXoFmk9e4Di9,Ci9DQUlRQUNvZENodHljRjlvT2xkTWQyTnlNa2hNZFVOMlNuZFdla0puVGxkSmIxRRAB,Nivethitha Ramprasad,https://www.google.com/maps/contrib/110500471387967487997/reviews?hl=en,5,6 months ago,"Museum
Cars museum
Village cafe",False,True,False,2026-09-25
P02,القرية الشعبية,الدمام,تراثي / ثقافي,https://maps.app.goo.gl/oNadKmXoFmk9e4Di9,Ci9DQUlRQUNvZENodHljRjlvT21oUFNsWjVPSEpuVFY5eWEzWkJMVmxTZG5KbVRGRRAB,علي صادق,https://www.google.com/maps/contrib/105526863505907537400/reviews?hl=en,5,6 months ago,Who can rate heritage less than 5 stars?,True,False,False,2026-09-25
P02,القرية الشعبية,الدمام,تراثي / ثقافي,https://maps.app.goo.gl/oNadKmXoFmk9e4Di9,Ci9DQUlRQUNvZENodHljRjlvT21GQmVqTnBOVzR0UVRObFprWnNXRkpOZW5jMWFHYxAB,تركي الحارث,https://www.google.com/maps/contrib/113775307704203501985/reviews?hl=en,1,6 months ago,"The food is very bad.
Zero. There is an odor in the food.",True,False,False,2026-09-25
P02,القرية الشعبية,الدمام,تراثي / ثقافي,https://maps.app.goo.gl/oNadKmXoFmk9e4Di9,Ci9DQUlRQUNvZENodHljRjlvT214elZWZDBja3BwUVc5S2RWRm5Ta3d0Y2pKa2FsRRAB,mohammad elmogtpa mahamoud,https://www.google.com/maps/contrib/105850290721653715305/reviews?hl=en,5,6 months ago,"Oh, the beauty of Saudi heritage!",True,False,False,2026-09-25
P02,القرية الشعبية,الدمام,تراثي / ثقافي,https://maps.app.goo.gl/oNadKmXoFmk9e4Di9,Ci9DQUlRQUNvZENodHljRjlvT25GRWMwOXRZVXBUYkRWd1pFeExlbDl3YmxCb2JYYxAB,Saad Adv,https://www.google.com/maps/contrib/107780628288336086963/reviews?hl=en,4,6 months ago,"A beautiful place
Restaurant
Museum
Coffee shop

Worth a visit",True,False,False,2026-09-25
P02,القرية الشعبية,الدمام,تراثي / ثقافي,https://maps.app.goo.gl/oNadKmXoFmk9e4Di9,Ci9DQUlRQUNvZENodHljRjlvT2xBM1VFWkNRVTlQVUVKblNFeENlbmRMVmpsUVFuYxAB,Osamah Mohammed Aljadaly,https://www.google.com/maps/contrib/115442617041942916048/reviews?hl=en,5,6 months ago,,False,True,False,2026-09-25
P02,القرية الشعبية,الدمام,تراثي / ثقافي,https://maps.app.goo.gl/oNadKmXoFmk9e4Di9,Ci9DQUlRQUNvZENodHljRjlvT21WVWEwMVliSGRvVDBaelQybFVSRUZxYkZrMGNIYxAB,Nel Hernandez,https://www.google.com/maps/contrib/115063773514003369746/reviews?hl=en,5,6 months ago,Iftar 2026,False,True,False,2026-09-25
P02,القرية الشعبية,الدمام,تراثي / ثقافي,https://maps.app.goo.gl/oNadKmXoFmk9e4Di9,Ci9DQUlRQUNvZENodHljRjlvT2pWMGJtbFNNMTlNUkVsbmFVUjNkMHhqUlU5SFRFRRAB,عبدالله عون الحاتمي,https://www.google.com/maps/contrib/103354903355690126460/reviews?hl=en,5,6 months ago,,False,True,False,2026-09-25
P02,القرية الشعبية,الدمام,تراثي / ثقافي,https://maps.app.goo.gl/oNadKmXoFmk9e4Di9,Ci9DQUlRQUNvZENodHljRjlvT2xWaFFqTk1jRXh2Y2t4eE1HVnBja054U1VONVRsRRAB,Amani Abedraboh,https://www.google.com/maps/contrib/111557252461704565782/reviews?hl=en,5,6 months ago,المكان جميل وهادئ والخدمة ممتازة والأكل لذيذ وأسعاره جيدة,True,True,False,2026-09-25
P02,القرية الشعبية,الدمام,تراثي / ثقافي,https://maps.app.goo.gl/oNadKmXoFmk9e4Di9,Ci9DQUlRQUNvZENodHljRjlvT25Wa1pHYzBkSGhrYkRkT1JFeDFhWFF0WjNWRWQwRRAB,Hazem Sadam,https://www.google.com/maps/contrib/118356817082876155068/reviews?hl=en,5,6 months ago,,False,True,False,2026-09-25
P02,القرية الشعبية,الدمام,تراثي / ثقافي,https://maps.app.goo.gl/oNadKmXoFmk9e4Di9,Ci9DQUlRQUNvZENodHljRjlvT2tGellscHhNekpvWmxwNWJESkhRMDFhVVdwSFZVRRAB,Khaled Alfaifi,https://www.google.com/maps/contrib/108122085758690757558/reviews?hl=en,5,6 months ago,,False,True,False,2026-09-25
P02,القرية الشعبية,الدمام,تراثي / ثقافي,https://maps.app.goo.gl/oNadKmXoFmk9e4Di9,Ci9DQUlRQUNvZENodHljRjlvT25SWmQwUXhNV1JsT0hKbVJEWldSMWx2UmpWT1IxRRAB,Mohamed Daliel,https://www.google.com/maps/contrib/110308401957523490631/reviews?hl=en,4,6 months ago,,False,True,False,2026-09-25
P02,القرية الشعبية,الدمام,تراثي / ثقافي,https://maps.app.goo.gl/oNadKmXoFmk9e4Di9,Ci9DQUlRQUNvZENodHljRjlvT2xFMU9XWkZURk0yUkhvdE4wSnRjVkYxU1dsQlpVRRAB,Maroof Khan,https://www.google.com/maps/contrib/106803806942589474980/reviews?hl=en,5,6 months ago,,False,True,False,2026-09-25
P02,القرية الشعبية,الدمام,تراثي / ثقافي,https://maps.app.goo.gl/oNadKmXoFmk9e4Di9,Ci9DQUlRQUNvZENodHljRjlvT214aVNXeHVPSEpCV2psT1dYaExOM1JQZG5wbWJtYxAB,Zahra Abdullah,https://www.google.com/maps/contrib/101002255030906434573/reviews?hl=en,5,6 months ago,"It was a company breakfast, and it was well-organized, tidy, and featured a delicious breakfast and a variety of desserts.",True,False,False,2026-09-25
P02,القرية الشعبية,الدمام,تراثي / ثقافي,https://maps.app.goo.gl/oNadKmXoFmk9e4Di9,Ci9DQUlRQUNvZENodHljRjlvT2tNNFZrNDRlVlpqVFdkbWNrSnRaWEl0ZUVKbVIyYxAB,M Alghamdi,https://www.google.com/maps/contrib/117802668333241789495/reviews?hl=en,5,6 months ago,The place is very beautiful; it has a museum and a restaurant. The food is delicious and worth a visit.,True,False,False,2026-09-25
P02,القرية الشعبية,الدمام,تراثي / ثقافي,https://maps.app.goo.gl/oNadKmXoFmk9e4Di9,Ci9DQUlRQUNvZENodHljRjlvT2preGRtaDNjMFp6VkhWRGNHcDJNazFEVEdGMk9VRRAB,Shuvo Ahmed,https://www.google.com/maps/contrib/112091693254371253147/reviews?hl=en,5,6 months ago,,False,True,False,2026-09-25
P02,القرية الشعبية,الدمام,تراثي / ثقافي,https://maps.app.goo.gl/oNadKmXoFmk9e4Di9,Ci9DQUlRQUNvZENodHljRjlvT201bFpFNUlUSE5mWVRsWVJIcHVibWMxVERCUVdsRRAB,Amal,https://www.google.com/maps/contrib/108895264700253540525/reviews?hl=en,5,6 months ago,,False,True,False,2026-09-25
P02,القرية الشعبية,الدمام,تراثي / ثقافي,https://maps.app.goo.gl/oNadKmXoFmk9e4Di9,Ci9DQUlRQUNvZENodHljRjlvT2pSbVdTMDNYM2RxY0UxdlJGaEhVV1F0Ym1KS1ZYYxAB,Mohammad Jahangir,https://www.google.com/maps/contrib/116272687670374839166/reviews?hl=en,5,6 months ago,,False,True,False,2026-09-25
P02,القرية الشعبية,الدمام,تراثي / ثقافي,https://maps.app.goo.gl/oNadKmXoFmk9e4Di9,Ci9DQUlRQUNvZENodHljRjlvT2psMVdWaE9iazV6ZUd0S1ZtTTVkbU5CYkVWZmEyYxAB,محمد زاهر,https://www.google.com/maps/contrib/112738072365415536502/reviews?hl=en,5,6 months ago,جيد,True,True,False,2026-09-25
P02,القرية الشعبية,الدمام,تراثي / ثقافي,https://maps.app.goo.gl/oNadKmXoFmk9e4Di9,Ci9DQUlRQUNvZENodHljRjlvT2pGeFNGTnBiMUJFUWs5aU4xTkRZM2xpZG5aclZFRRAB,نبيل محمد سلاط,https://www.google.com/maps/contrib/101432161379026072740/reviews?hl=en,5,6 months ago,الا بروح مع الوالدين ينتبه ليهم لانه سوف يبكون من زمان الجميل ولازم يذكروا أحد من الماضي,True,True,False,2026-09-25
P02,القرية الشعبية,الدمام,تراثي / ثقافي,https://maps.app.goo.gl/oNadKmXoFmk9e4Di9,Ci9DQUlRQUNvZENodHljRjlvT2toTFZGTldRMTlGVEc4eldrVmpZMnhrVFZONFpXYxAB,عبد العزيز الكحلاني,https://www.google.com/maps/contrib/104561433120152423623/reviews?hl=en,4,6 months ago,,False,True,False,2026-09-25
P02,القرية الشعبية,الدمام,تراثي / ثقافي,https://maps.app.goo.gl/oNadKmXoFmk9e4Di9,Ci9DQUlRQUNvZENodHljRjlvT21wRlRYSjZlamt0Yld4R2RVaHhibFJ1UWxaM1VrRRAB,Sultan T,https://www.google.com/maps/contrib/105288827789056679987/reviews?hl=en,3,6 months ago,,False,True,False,2026-09-25
P02,القرية الشعبية,الدمام,تراثي / ثقافي,https://maps.app.goo.gl/oNadKmXoFmk9e4Di9,Ci9DQUlRQUNvZENodHljRjlvT2pCMGJXWlRhazgzWDJWMVYxQkZRV28wV1RWaldtYxAB,Ramy Naber,https://www.google.com/maps/contrib/110948210854122362590/reviews?hl=en,4,6 months ago,,False,True,False,2026-09-25
P02,القرية الشعبية,الدمام,تراثي / ثقافي,https://maps.app.goo.gl/oNadKmXoFmk9e4Di9,Ci9DQUlRQUNvZENodHljRjlvT2xoMVRFdGhPRGRRWkZWRFVHOUdNV010T0Zsb1dsRRAB,Mona Al,https://www.google.com/maps/contrib/103483535210226107822/reviews?hl=en,5,6 months ago,"One of the most beautiful places, well worth a visit. We spent a wonderful day there, surrounded by heritage sites, a packed museum, and delicious food. Every penny was well spent, not to mention the warm welcome and hospitality.",True,False,False,2026-09-25
P02,القرية الشعبية,الدمام,تراثي / ثقافي,https://maps.app.goo.gl/oNadKmXoFmk9e4Di9,Ci9DQUlRQUNvZENodHljRjlvT2xCZmRXNVJaRVpxUTNSd2FXeFBjWGxyYWtGQlpWRRAB,ابو سلمان,https://www.google.com/maps/contrib/104231340679870357922/reviews?hl=en,5,6 months ago,,False,True,False,2026-09-25
P02,القرية الشعبية,الدمام,تراثي / ثقافي,https://maps.app.goo.gl/oNadKmXoFmk9e4Di9,Ci9DQUlRQUNvZENodHljRjlvT2pWS2RXbDZNRVp5UlMxdlZsZENkVUUyWVRGUFdFRRAB,abdulaziz dossary,https://www.google.com/maps/contrib/106448879669214928263/reviews?hl=en,5,6 months ago,,False,True,False,2026-09-25
P02,القرية الشعبية,الدمام,تراثي / ثقافي,https://maps.app.goo.gl/oNadKmXoFmk9e4Di9,Ci9DQUlRQUNvZENodHljRjlvT21wb1JrNXpZMVZEY0RJd05qRmxjRWszVFVKZmJGRRAB,Salih DURAN,https://www.google.com/maps/contrib/109067046499332314492/reviews?hl=en,5,6 months ago,I honestly didn't think there would be such a diverse and beautiful collection; I really liked it when I saw it.,True,False,False,2026-09-25
P02,القرية الشعبية,الدمام,تراثي / ثقافي,https://maps.app.goo.gl/oNadKmXoFmk9e4Di9,Ci9DQUlRQUNvZENodHljRjlvT21GWlNuVkpjbE51YTNwNk5YazJkRlJWUmw5dVZGRRAB,Mohammed Alshehri,https://www.google.com/maps/contrib/104994146503565672252/reviews?hl=en,5,6 months ago,,False,True,False,2026-09-25
P02,القرية الشعبية,الدمام,تراثي / ثقافي,https://maps.app.goo.gl/oNadKmXoFmk9e4Di9,Ci9DQUlRQUNvZENodHljRjlvT21sMVprOWhhblJRVGtaSVpHOXdibVYwYWpOSFoyYxAB,Mohamed Saied,https://www.google.com/maps/contrib/101372644211908777538/reviews?hl=en,5,6 months ago,Excellent and suitable for families,True,False,False,2026-09-25
P02,القرية الشعبية,الدمام,تراثي / ثقافي,https://maps.app.goo.gl/oNadKmXoFmk9e4Di9,Ci9DQUlRQUNvZENodHljRjlvT2toUU1WaEJSell3Y1ZwTVRVdHBNMFJxVkRScE5WRRAB,ادريس الردفاني,https://www.google.com/maps/contrib/111244312820215234516/reviews?hl=en,5,6 months ago,مكان جميل,True,True,False,2026-09-25
P02,القرية الشعبية,الدمام,تراثي / ثقافي,https://maps.app.goo.gl/oNadKmXoFmk9e4Di9,Ci9DQUlRQUNvZENodHljRjlvT25CdWFIUTBOVFpGWjFKNGFrcFRSMlZxVnpWdGExRRAB,اشرف الجميل,https://www.google.com/maps/contrib/114962431939478207159/reviews?hl=en,5,6 months ago,,False,True,False,2026-09-25
P02,القرية الشعبية,الدمام,تراثي / ثقافي,https://maps.app.goo.gl/oNadKmXoFmk9e4Di9,Ci9DQUlRQUNvZENodHljRjlvT2tGV1IyRTVOR3A0U2xwNU5WSkxhVmhsTlZCR05IYxAB,Abdul Mohsin,https://www.google.com/maps/contrib/118277918525305123277/reviews?hl=en,3,6 months ago,,False,True,False,2026-09-25
P02,القرية الشعبية,الدمام,تراثي / ثقافي,https://maps.app.goo.gl/oNadKmXoFmk9e4Di9,ChdDSUhNMG9nS0VJQ0FnSURoa3VHWHRBRRAB,ناصر سالم الدرعي,https://www.google.com/maps/contrib/100345567130978877608/reviews?hl=en,3,Edited 6 months ago,,False,True,False,2026-09-25
P02,القرية الشعبية,الدمام,تراثي / ثقافي,https://maps.app.goo.gl/oNadKmXoFmk9e4Di9,Ci9DQUlRQUNvZENodHljRjlvT25WYU9Fa3hObTlYUW05MlgxQnpiM0JPVG5wU1dIYxAB,معتز الدوسري,https://www.google.com/maps/contrib/106475280231687044550/reviews?hl=en,5,6 months ago,,False,True,False,2026-09-25
P02,القرية الشعبية,الدمام,تراثي / ثقافي,https://maps.app.goo.gl/oNadKmXoFmk9e4Di9,Ci9DQUlRQUNvZENodHljRjlvT2tkUlEySlRUazl5WTBka1dUbGhPRkZSYlRkVE5uYxAB,ليث أبو رعد,https://www.google.com/maps/contrib/114001877154699222162/reviews?hl=en,4,6 months ago,,False,True,False,2026-09-25
P02,القرية الشعبية,الدمام,تراثي / ثقافي,https://maps.app.goo.gl/oNadKmXoFmk9e4Di9,Ci9DQUlRQUNvZENodHljRjlvT2s1aWFuVTRhSEIzTVRWNk1qaFhXVXRoV21VMVluYxAB,FROMA,https://www.google.com/maps/contrib/101843782038980671826/reviews?hl=en,5,6 months ago,"I'm so excited for it! I'll be there during the holidays, God willing! I saw it on Amira's Snapchats.",True,False,False,2026-09-25
P02,القرية الشعبية,الدمام,تراثي / ثقافي,https://maps.app.goo.gl/oNadKmXoFmk9e4Di9,Ci9DQUlRQUNvZENodHljRjlvT21aUFVGTkdRamRqZFZSTlUwcDVRVGRqTkMxblEyYxAB,زكريا علي,https://www.google.com/maps/contrib/114226274863602452708/reviews?hl=en,5,6 months ago,,False,True,False,2026-09-25
P02,القرية الشعبية,الدمام,تراثي / ثقافي,https://maps.app.goo.gl/oNadKmXoFmk9e4Di9,Ci9DQUlRQUNvZENodHljRjlvT21wTU0yNW1OazFCZGpaNlJVOTBZVnBsV1VsbmFFRRAB,Smooore Eltayeb,https://www.google.com/maps/contrib/102166792619970421784/reviews?hl=en,5,6 months ago,,False,True,False,2026-09-25
P02,القرية الشعبية,الدمام,تراثي / ثقافي,https://maps.app.goo.gl/oNadKmXoFmk9e4Di9,ChZDSUhNMG9nS0VJQ0FnSURDbDhDNUZ3EAE,ابو سعيد,https://www.google.com/maps/contrib/103377084780275350496/reviews?hl=en,5,Edited 6 months ago,A quiet and beautiful place,True,False,False,2026-09-25
P02,القرية الشعبية,الدمام,تراثي / ثقافي,https://maps.app.goo.gl/oNadKmXoFmk9e4Di9,Ci9DQUlRQUNvZENodHljRjlvT2s5T2NGSm9OVzFHVTFOVldVaDZjblpPTVZGRldVRRAB,القهيدان رياض التميمي,https://www.google.com/maps/contrib/110963379095342466726/reviews?hl=en,5,6 months ago,"A beautiful, comprehensive, and complete place with delicious food.",True,False,False,2026-09-25
P02,القرية الشعبية,الدمام,تراثي / ثقافي,https://maps.app.goo.gl/oNadKmXoFmk9e4Di9,Ci9DQUlRQUNvZENodHljRjlvT21aTmFtaEJiekEwUVhKcGFuQklaR0ZJVDFGb1RXYxAB,عابد ابراهيم,https://www.google.com/maps/contrib/108839453950977759302/reviews?hl=en,3,6 months ago,الدخول غالي مو كل الناس تقدر تدفع .. المطعم الاكل الصدق ممتاز .. بالنسبة للطلبات الخارجية تأخير في إنجاز الطلبات والعمال حايسين مو عارفين ينجزون الطلبات بسهوله,True,True,False,2026-09-25
P02,القرية الشعبية,الدمام,تراثي / ثقافي,https://maps.app.goo.gl/oNadKmXoFmk9e4Di9,Ci9DQUlRQUNvZENodHljRjlvT2w5cGEzUTRjMVJFVHpaRlJIcExaWEV5VUU5VFZrRRAB,Reham Alsayahi,https://www.google.com/maps/contrib/100292545569769097688/reviews?hl=en,4,6 months ago,معلم سياحي جميل واجواء تراثية مميزة ، حظينا بحضور سحور كليات الأصالة واعجبنا بالتنظيم ..,True,True,False,2026-09-25
P02,القرية الشعبية,الدمام,تراثي / ثقافي,https://maps.app.goo.gl/oNadKmXoFmk9e4Di9,Ci9DQUlRQUNvZENodHljRjlvT201NE1GZEJWalY0Ym5CVVNWZFFPRkJOVFdkcU1sRRAB,سامي الشمراني,https://www.google.com/maps/contrib/101328996470969150755/reviews?hl=en,5,6 months ago,Zain's dealings,True,False,False,2026-09-25
P02,القرية الشعبية,الدمام,تراثي / ثقافي,https://maps.app.goo.gl/oNadKmXoFmk9e4Di9,Ci9DQUlRQUNvZENodHljRjlvT2pKSloxSlBTVEZVYVdOd2VUY3paMkkzWlRneFNGRRAB,Bandar Almalki,https://www.google.com/maps/contrib/108498992674166677477/reviews?hl=en,4,6 months ago,,False,True,False,2026-09-25
P02,القرية الشعبية,الدمام,تراثي / ثقافي,https://maps.app.goo.gl/oNadKmXoFmk9e4Di9,Ci9DQUlRQUNvZENodHljRjlvT2xGM1lWRmhiVjlLWVd4MmVYZGpWbFJ6VGtsR1MxRRAB,مهند عبدالعزيز,https://www.google.com/maps/contrib/107485723705909908138/reviews?hl=en,5,6 months ago,"👀🔥
Do you know where to find a truly refreshing breakfast? …",True,False,True,2026-09-25
P02,القرية الشعبية,الدمام,تراثي / ثقافي,https://maps.app.goo.gl/oNadKmXoFmk9e4Di9,Ci9DQUlRQUNvZENodHljRjlvT2tnelpraFZSMWR3VlV4S2MzcE5iVXgwVFZkSWQxRRAB,Muneerh,https://www.google.com/maps/contrib/101573234723246892918/reviews?hl=en,5,6 months ago,A traditional village with an atmosphere that takes you back to the past.,True,False,False,2026-09-25
P02,القرية الشعبية,الدمام,تراثي / ثقافي,https://maps.app.goo.gl/oNadKmXoFmk9e4Di9,Ci9DQUlRQUNvZENodHljRjlvT2sxeFMyNXFiVVkwVnkxTk1WUlBjVnA2UkhKSmJHYxAB,Saleh Ot,https://www.google.com/maps/contrib/103925773519707761165/reviews?hl=en,2,6 months ago,جاييين ٢ ونصف وزيادة شوية نبي ناخذ سحور سفري من بوابة ٢ يقول روح لبوابة ٤ اروح القاها مقفلة ارجع له يقول نقفل المطبخ ثلاث الا ربع . طيب انا عندكم قبلها !!!!!,True,True,False,2026-09-25
P02,القرية الشعبية,الدمام,تراثي / ثقافي,https://maps.app.goo.gl/oNadKmXoFmk9e4Di9,Ci9DQUlRQUNvZENodHljRjlvT2kxd1UyUnRNa28wYWtGUGJYSnlTMFpGZUVSVE9YYxAB,T A,https://www.google.com/maps/contrib/108836500536663463762/reviews?hl=en,4,6 months ago,,False,True,False,2026-09-25
P02,القرية الشعبية,الدمام,تراثي / ثقافي,https://maps.app.goo.gl/oNadKmXoFmk9e4Di9,Ci9DQUlRQUNvZENodHljRjlvT2xJNFJVNVlSSFZLVDJsc2JVbHNPR1l0VDBSZlpHYxAB,Mustafa Zaher,https://www.google.com/maps/contrib/115832514295960033407/reviews?hl=en,5,6 months ago,,False,True,False,2026-09-25
P02,القرية الشعبية,الدمام,تراثي / ثقافي,https://maps.app.goo.gl/oNadKmXoFmk9e4Di9,Ci9DQUlRQUNvZENodHljRjlvT21vMFFVWlJOVzlJTTI1cFpEZFljMVZtUkdWT2VYYxAB,ALHABIB TOURS,https://www.google.com/maps/contrib/110009081587717568021/reviews?hl=en,5,Edited 6 months ago,,False,True,False,2026-09-25
P02,القرية الشعبية,الدمام,تراثي / ثقافي,https://maps.app.goo.gl/oNadKmXoFmk9e4Di9,Ci9DQUlRQUNvZENodHljRjlvT214aGJ6VnNUV1IwTlZWU1dIZzBObVprTlZWRVFrRRAB,فهد,https://www.google.com/maps/contrib/117090124282117104828/reviews?hl=en,3,6 months ago,,False,True,False,2026-09-25
P02,القرية الشعبية,الدمام,تراثي / ثقافي,https://maps.app.goo.gl/oNadKmXoFmk9e4Di9,Ci9DQUlRQUNvZENodHljRjlvT2pkQ1dFdExVbTl1TFcxS2MyNWZjMjVCTmpGTFQzYxAB,حسن,https://www.google.com/maps/contrib/113504843517985876141/reviews?hl=en,5,6 months ago,,False,True,False,2026-09-25
P02,القرية الشعبية,الدمام,تراثي / ثقافي,https://maps.app.goo.gl/oNadKmXoFmk9e4Di9,Ci9DQUlRQUNvZENodHljRjlvT2tSaU0ydG5UMFkwZDFGWVkweDFjVjloYkhOTFFtYxAB,Peter Paul Belarmino,https://www.google.com/maps/contrib/110630254726751501893/reviews?hl=en,5,6 months ago,"The museum offered an engaging historical experience with well-curated exhibits, followed by a relaxing dining experience at the restaurant with exquisite food. It was a perfect blend of cultural enrichment and culinary pleasure of Saudi Arabia.",False,True,False,2026-09-25
P02,القرية الشعبية,الدمام,تراثي / ثقافي,https://maps.app.goo.gl/oNadKmXoFmk9e4Di9,Ci9DQUlRQUNvZENodHljRjlvT2xNd1RtZHNOM0p5UWpCc1owdG1Vekp1VUhGQlNuYxAB,‫قاسم خرمي (ابو القاسم)‬‎,https://www.google.com/maps/contrib/109973101437075439825/reviews?hl=en,3,6 months ago,Good 👍 …,True,False,True,2026-09-25
P02,القرية الشعبية,الدمام,تراثي / ثقافي,https://maps.app.goo.gl/oNadKmXoFmk9e4Di9,Ci9DQUlRQUNvZENodHljRjlvT2sxc2RqQTBNVVF6TUVaaGJVVkdUWE5WWVdaSWEzYxAB,افراح البناي,https://www.google.com/maps/contrib/101548500456873893036/reviews?hl=en,5,6 months ago,,False,True,False,2026-09-25
P02,القرية الشعبية,الدمام,تراثي / ثقافي,https://maps.app.goo.gl/oNadKmXoFmk9e4Di9,Ci9DQUlRQUNvZENodHljRjlvT2pGa1NUWm9NWE5NY0RKRlpubFdSa2xhV0dGTExXYxAB,omer balhabak,https://www.google.com/maps/contrib/109753619180867043830/reviews?hl=en,2,7 months ago,It's just a hype people are going for if you wanna change just go and visit the rest is normal and food it's normal,False,True,False,2026-09-25
P02,القرية الشعبية,الدمام,تراثي / ثقافي,https://maps.app.goo.gl/oNadKmXoFmk9e4Di9,Ci9DQUlRQUNvZENodHljRjlvT2tKRllsOU5jbDlYY3pKdWNGSkdkVXMxY1hSQlMwRRAB,ABDULLAH ALOWAYSHIZ,https://www.google.com/maps/contrib/112765808828800604600/reviews?hl=en,5,7 months ago,,False,True,False,2026-09-25
P02,القرية الشعبية,الدمام,تراثي / ثقافي,https://maps.app.goo.gl/oNadKmXoFmk9e4Di9,Ci9DQUlRQUNvZENodHljRjlvT25Oa2IzcHRTWEZMZVZScWRUSlVXRlpzWW1ORWNXYxAB,صالح الزهراني,https://www.google.com/maps/contrib/103295547671961657959/reviews?hl=en,5,7 months ago,,False,True,False,2026-09-25
P02,القرية الشعبية,الدمام,تراثي / ثقافي,https://maps.app.goo.gl/oNadKmXoFmk9e4Di9,Ci9DQUlRQUNvZENodHljRjlvT2kxUFdtdFVkSGR0TjNRdFYyWnZOV05LWkhsSlgyYxAB,Ahmed Alomary,https://www.google.com/maps/contrib/100255971853881692814/reviews?hl=en,5,7 months ago,,False,True,False,2026-09-25
P02,القرية الشعبية,الدمام,تراثي / ثقافي,https://maps.app.goo.gl/oNadKmXoFmk9e4Di9,Ci9DQUlRQUNvZENodHljRjlvT2xKeFN6WmFORmcwV0VkSk1VMU9UazAzTm0xWU1tYxAB,محمد رشاد,https://www.google.com/maps/contrib/110220849272293092052/reviews?hl=en,5,7 months ago,Beautiful and a wonderful idea,True,False,False,2026-09-25
P02,القرية الشعبية,الدمام,تراثي / ثقافي,https://maps.app.goo.gl/oNadKmXoFmk9e4Di9,Ci9DQUlRQUNvZENodHljRjlvT2kxcWRuUkRiMWxmYTNkNFNYcDBNMkZNU0ZwMFZuYxAB,Khaled Nasser,https://www.google.com/maps/contrib/101562073197164483308/reviews?hl=en,5,7 months ago,,False,True,False,2026-09-25
P02,القرية الشعبية,الدمام,تراثي / ثقافي,https://maps.app.goo.gl/oNadKmXoFmk9e4Di9,Ci9DQUlRQUNvZENodHljRjlvT2xKQmVXczFWV1pqYVY5SVV6RmpZVE5RZUdoVmIwRRAB,NF Naijme,https://www.google.com/maps/contrib/107412487017695946318/reviews?hl=en,5,7 months ago,,False,True,False,2026-09-25
P02,القرية الشعبية,الدمام,تراثي / ثقافي,https://maps.app.goo.gl/oNadKmXoFmk9e4Di9,Ci9DQUlRQUNvZENodHljRjlvT2s0MVFUTTFObEJKWjJkblZqWjFNVkl3TjA0eFIwRRAB,Ahmed Sharaf,https://www.google.com/maps/contrib/118355601829227692946/reviews?hl=en,5,7 months ago,Best traditional food in the area,False,True,False,2026-09-25
P02,القرية الشعبية,الدمام,تراثي / ثقافي,https://maps.app.goo.gl/oNadKmXoFmk9e4Di9,Ci9DQUlRQUNvZENodHljRjlvT2paVmFHOWxPVEp5VkVGMlJHbElObDlTWDA5VGVtYxAB,Francesco D'Ercole,https://www.google.com/maps/contrib/106026123752485552192/reviews?hl=en,5,7 months ago,,False,True,False,2026-09-25
P02,القرية الشعبية,الدمام,تراثي / ثقافي,https://maps.app.goo.gl/oNadKmXoFmk9e4Di9,Ci9DQUlRQUNvZENodHljRjlvT2pGcVluZFZUV0pOYzFGVmFVVkZkR2xMTlRCSmEyYxAB,Majed Dawas,https://www.google.com/maps/contrib/102442448121834959139/reviews?hl=en,4,7 months ago,Menu is expensive,False,True,False,2026-09-25
P02,القرية الشعبية,الدمام,تراثي / ثقافي,https://maps.app.goo.gl/oNadKmXoFmk9e4Di9,Ci9DQUlRQUNvZENodHljRjlvT2pCS1dISTFaV3RRV21SRU9GTTVYMFpKT1ZjM05YYxAB,الوكيل الدوليه,https://www.google.com/maps/contrib/103562067683633295130/reviews?hl=en,5,7 months ago,,False,True,False,2026-09-25
P02,القرية الشعبية,الدمام,تراثي / ثقافي,https://maps.app.goo.gl/oNadKmXoFmk9e4Di9,Ci9DQUlRQUNvZENodHljRjlvT21oaGJsRlFXRXB5WW5KblNUVkxUREYyUVRSNmQwRRAB,nadeen events,https://www.google.com/maps/contrib/118367507750032502276/reviews?hl=en,5,7 months ago,beautiful,True,False,False,2026-09-25
P02,القرية الشعبية,الدمام,تراثي / ثقافي,https://maps.app.goo.gl/oNadKmXoFmk9e4Di9,Ci9DQUlRQUNvZENodHljRjlvT21Sa1kzTXpYM2hHZGs1NmMyOVlPV2w0T0RoemMzYxAB,مصعب احمد,https://www.google.com/maps/contrib/115382335427891471057/reviews?hl=en,5,7 months ago,"It was a beautiful day.

The creativity was beyond imagination. …",True,False,True,2026-09-25
P02,القرية الشعبية,الدمام,تراثي / ثقافي,https://maps.app.goo.gl/oNadKmXoFmk9e4Di9,Ci9DQUlRQUNvZENodHljRjlvT2s1SU5WRTBUbGhDY0hjMVJVeGZja2R3ZW5CNlFYYxAB,Catecolamain,https://www.google.com/maps/contrib/106940510706862303159/reviews?hl=en,1,7 months ago,"If there were a rating lower than one star, I would have given it. It was a terrible experience and left a bitter taste in my mouth. A bill for two people for breakfast was 370 riyals just to find leftovers and scraps from other people's meals in an open buffet? I went an hour after Maghrib prayer to avoid the crowds. If the breakfast buffet was finished, why didn't they tell us at the door? Why make us pay 370 riyals to go in and eat other people's leftovers? If you're not capable of running an open buffet properly, why open it? The money you took from me and those who came in at the same time and after us is ill-gotten. You take money from people to come in and find empty trays with only cold leftovers! If you had turned us away at the door and said the breakfast buffet was closed, I would have accepted it. But to make us pay for this level of food! Leftovers! You embarrassed me in front of my companions. A feast of other people's leftovers and scraps! May God blacken your faces. And the money you took from me during this holy month for merchandise that you didn't even let me see and that you deceived me about is forbidden.",True,False,False,2026-09-25
P02,القرية الشعبية,الدمام,تراثي / ثقافي,https://maps.app.goo.gl/oNadKmXoFmk9e4Di9,Ci9DQUlRQUNvZENodHljRjlvT2pGelJsbFZVM05JYXpkaGJEaFdRbEZrYlZKT1NsRRAB,Nafil Abdulla,https://www.google.com/maps/contrib/104356184184006239863/reviews?hl=en,1,7 months ago,"Very poor service and hospitality from the staffs of the restaurant.

Not recommended",False,True,False,2026-09-25
P02,القرية الشعبية,الدمام,تراثي / ثقافي,https://maps.app.goo.gl/oNadKmXoFmk9e4Di9,Ci9DQUlRQUNvZENodHljRjlvT25OTk5rZG5lRTFNTWpFNVZVbEVXa2gwY1hscFpsRRAB,,https://www.google.com/maps/contrib/102898565364420256729/reviews?hl=en,5,7 months ago,,False,True,False,2026-09-25
P02,القرية الشعبية,الدمام,تراثي / ثقافي,https://maps.app.goo.gl/oNadKmXoFmk9e4Di9,Ci9DQUlRQUNvZENodHljRjlvT2xrMVkwVjZabHBrY2xSSU5WSXRibXhoUWpGVVNXYxAB,Belal Eissa,https://www.google.com/maps/contrib/110672650356168256962/reviews?hl=en,5,7 months ago,,False,True,False,2026-09-25
P02,القرية الشعبية,الدمام,تراثي / ثقافي,https://maps.app.goo.gl/oNadKmXoFmk9e4Di9,Ci9DQUlRQUNvZENodHljRjlvT2w5S09XVm1VRmhJZW0xcVFtd3hTRlV4VWtoT00yYxAB,Saif QH,https://www.google.com/maps/contrib/107904063759340652721/reviews?hl=en,5,7 months ago,"In my opinion, this is the best place to serve traditional Saudi dishes, and if you want to cook meat dishes, it's the best place to do so.",True,False,False,2026-09-25
P02,القرية الشعبية,الدمام,تراثي / ثقافي,https://maps.app.goo.gl/oNadKmXoFmk9e4Di9,Ci9DQUlRQUNvZENodHljRjlvT25KaWFWQjVlVGRPY1ZaeFZVWllSblphWWxWcFpGRRAB,aryo wicaksono,https://www.google.com/maps/contrib/108471826189459197988/reviews?hl=en,5,7 months ago,"Nice place with family and friends. Dinner after museum was just perfect. Staffs were very friendly. My father and mother were so happy with the traditional dress photo session. Make sure you do that, located at the corner of the ground floor.",False,True,False,2026-09-25
P02,القرية الشعبية,الدمام,تراثي / ثقافي,https://maps.app.goo.gl/oNadKmXoFmk9e4Di9,Ci9DQUlRQUNvZENodHljRjlvT2tKSldVRnlOVE0zWW14dk4xbFJiVUV5VjFvMU1sRRAB,عامر الشهري,https://www.google.com/maps/contrib/106970312749395586034/reviews?hl=en,5,7 months ago,,False,True,False,2026-09-25
P02,القرية الشعبية,الدمام,تراثي / ثقافي,https://maps.app.goo.gl/oNadKmXoFmk9e4Di9,Ci9DQUlRQUNvZENodHljRjlvT25WT1lXTTRRbVJaWkdoek16SlFPVGxCWkhKcVRuYxAB,Nas Alh,https://www.google.com/maps/contrib/107904512370601969426/reviews?hl=en,5,7 months ago,,False,True,False,2026-09-25
P02,القرية الشعبية,الدمام,تراثي / ثقافي,https://maps.app.goo.gl/oNadKmXoFmk9e4Di9,Ci9DQUlRQUNvZENodHljRjlvT25sNGN6TnJhM2RZZFVob1MyaEhTblJ3UldsaU9WRRAB,سعيد احمد,https://www.google.com/maps/contrib/113148093439980670184/reviews?hl=en,5,7 months ago,,False,True,False,2026-09-25
P02,القرية الشعبية,الدمام,تراثي / ثقافي,https://maps.app.goo.gl/oNadKmXoFmk9e4Di9,Ci9DQUlRQUNvZENodHljRjlvT20wMVJVdHRSV0pyUmpOVWFHbHFlbEp4VDB0MlZYYxAB,Khalid Al jabri,https://www.google.com/maps/contrib/116399697546847160736/reviews?hl=en,5,7 months ago,,False,True,False,2026-09-25
P02,القرية الشعبية,الدمام,تراثي / ثقافي,https://maps.app.goo.gl/oNadKmXoFmk9e4Di9,Ci9DQUlRQUNvZENodHljRjlvT2sxc1kyOVZhME4yVmpSNGJsa3lkblJaU0ZsNVdIYxAB,Medhat Khalil,https://www.google.com/maps/contrib/112835950192470797900/reviews?hl=en,5,7 months ago,,False,True,False,2026-09-25
P02,القرية الشعبية,الدمام,تراثي / ثقافي,https://maps.app.goo.gl/oNadKmXoFmk9e4Di9,Ci9DQUlRQUNvZENodHljRjlvT2xGS1dVd3RlR2hVT1VwRFEwUmljMmxQT0U5NldsRRAB,ABEER AN,https://www.google.com/maps/contrib/105824874905624401862/reviews?hl=en,4,7 months ago,,False,True,False,2026-09-25
P02,القرية الشعبية,الدمام,تراثي / ثقافي,https://maps.app.goo.gl/oNadKmXoFmk9e4Di9,Ci9DQUlRQUNvZENodHljRjlvT2tNd2EzQTNXbkpPY3pOMGJHaHRUVzFtY0ZreU5tYxAB,أسعد الغزواني,https://www.google.com/maps/contrib/115004198473808799486/reviews?hl=en,5,7 months ago,,False,True,False,2026-09-25
P02,القرية الشعبية,الدمام,تراثي / ثقافي,https://maps.app.goo.gl/oNadKmXoFmk9e4Di9,Ci9DQUlRQUNvZENodHljRjlvT2xsamFuaHRVV05hUW5oMlFsQTJSM0JmVVRoR1EyYxAB,Mo Khan,https://www.google.com/maps/contrib/116876822162325677236/reviews?hl=en,5,7 months ago,,False,True,False,2026-09-25
P02,القرية الشعبية,الدمام,تراثي / ثقافي,https://maps.app.goo.gl/oNadKmXoFmk9e4Di9,Ci9DQUlRQUNvZENodHljRjlvT2s5U2RVeElObTB6U0U5bmNrbHlSMFZuVjJkbGQyYxAB,Mogahed Ganem,https://www.google.com/maps/contrib/102731902224779607993/reviews?hl=en,5,7 months ago,,False,True,False,2026-09-25
P02,القرية الشعبية,الدمام,تراثي / ثقافي,https://maps.app.goo.gl/oNadKmXoFmk9e4Di9,Ci9DQUlRQUNvZENodHljRjlvT2tadFRUTk1XVWRpVFMxRFQwMTJaMWxMV21GQllVRRAB,Abdullah Awad,https://www.google.com/maps/contrib/103005365054985682530/reviews?hl=en,5,7 months ago,,False,True,False,2026-09-25
P02,القرية الشعبية,الدمام,تراثي / ثقافي,https://maps.app.goo.gl/oNadKmXoFmk9e4Di9,Ci9DQUlRQUNvZENodHljRjlvT2t4QlVUbFhXVEowY0dWd2RUVkdlVVpvTmpsblprRRAB,محمود خلف Mahmoud Khalaf,https://www.google.com/maps/contrib/103434936490284184299/reviews?hl=en,1,7 months ago,,False,True,False,2026-09-25
P02,القرية الشعبية,الدمام,تراثي / ثقافي,https://maps.app.goo.gl/oNadKmXoFmk9e4Di9,Ci9DQUlRQUNvZENodHljRjlvT2tST1NsSk9SQzB4WlVSS1lubFphMngzVEd0WWMxRRAB,عبدالقادر الحمدي,https://www.google.com/maps/contrib/114751567613661649182/reviews?hl=en,5,7 months ago,,False,True,False,2026-09-25
P02,القرية الشعبية,الدمام,تراثي / ثقافي,https://maps.app.goo.gl/oNadKmXoFmk9e4Di9,ChdDSUhNMG9nS0VJQ0FnSURDLTZfVTJ3RRAB,مستشار,https://www.google.com/maps/contrib/118421257446542658058/reviews?hl=en,3,Edited 7 months ago,,False,True,False,2026-09-25
P02,القرية الشعبية,الدمام,تراثي / ثقافي,https://maps.app.goo.gl/oNadKmXoFmk9e4Di9,Ci9DQUlRQUNvZENodHljRjlvT21KM1FrWTRkR3A2WVVSQ1JqUTBjWEozVmkxdFVHYxAB,sumon biswas,https://www.google.com/maps/contrib/110069271786274345457/reviews?hl=en,5,7 months ago,,False,True,False,2026-09-25
P02,القرية الشعبية,الدمام,تراثي / ثقافي,https://maps.app.goo.gl/oNadKmXoFmk9e4Di9,Ci9DQUlRQUNvZENodHljRjlvT2t4alpIWklhVlJ6T1VwNlgwSnlWRkJvZG1SaWRWRRAB,Mohammed Al-Saeed,,,7 months ago,Walk down the memory lane with Saudi old time Hertige museum...a must see..,False,True,False,2026-09-25
P02,القرية الشعبية,الدمام,تراثي / ثقافي,https://maps.app.goo.gl/oNadKmXoFmk9e4Di9,Ci9DQUlRQUNvZENodHljRjlvT2xVMlNFNUlUMGhqUlU1V09XNTBVVzV3UkVJeGFVRRAB,Mohammed Alshami,https://www.google.com/maps/contrib/104216931255443667309/reviews?hl=en,5,7 months ago,,False,True,False,2026-09-25
P02,القرية الشعبية,الدمام,تراثي / ثقافي,https://maps.app.goo.gl/oNadKmXoFmk9e4Di9,Ci9DQUlRQUNvZENodHljRjlvT21OVE1HSXphamhRWjJkclVuSnlRVXgzTlc4eFJrRRAB,Abdulrahman Buhaish (‫عبدالرحمن بهيش‬‎),https://www.google.com/maps/contrib/101109364883799362422/reviews?hl=en,3,7 months ago,,False,True,False,2026-09-25
