place_id,place_name,city,category,place_url,review_id,reviewer,reviewer_profile_url,rating,date_relative,review_text,was_translated,original_confirmed,text_truncated,scraped_at
P03,الواجهة البحرية,الدمام,كورنيش,https://maps.app.goo.gl/E5ZBjcN8sv3pc3Jh8,Ci9DQUlRQUNvZENodHljRjlvT2tkMVoyZE1jVUZZTkVnd1lWUjBSRzVOZDJSdVpWRRAB,حمد الدخيل,https://www.google.com/maps/contrib/102862616420617785462/reviews?hl=en,5,7 hours ago,,False,True,False,2026-09-25
P03,الواجهة البحرية,الدمام,كورنيش,https://maps.app.goo.gl/E5ZBjcN8sv3pc3Jh8,Ci9DQUlRQUNvZENodHljRjlvT2tOUVFYQlFSekZNV1ZaSVlVMDBibkYzTVZkUFRXYxAB,وليد,https://www.google.com/maps/contrib/113600857041981271158/reviews?hl=en,5,7 hours ago,,False,True,False,2026-09-25
P03,الواجهة البحرية,الدمام,كورنيش,https://maps.app.goo.gl/E5ZBjcN8sv3pc3Jh8,Ci9DQUlRQUNvZENodHljRjlvT2twcWVWUTVlbVZPVkdkd1RHY3hTalJXT1Rrd1FVRRAB,محمد الجعمي,https://www.google.com/maps/contrib/106541768331965305183/reviews?hl=en,5,a day ago,مكان جميل وممتع قريب من جميع الخدمات ومواقف لا بأس بها رغم شحتها في وقت الزحام رائع ومع مرور الوقت يتم تطويره أكثر وأكثر,True,True,False,2026-09-25
P03,الواجهة البحرية,الدمام,كورنيش,https://maps.app.goo.gl/E5ZBjcN8sv3pc3Jh8,Ci9DQUlRQUNvZENodHljRjlvT21GYVdrOU5iSEpvTkcxblowNVhOR3g0TkVKU05WRRAB,سالم محمد اليافعي,https://www.google.com/maps/contrib/108867650132397905347/reviews?hl=en,5,6 days ago,,False,True,False,2026-09-25
P03,الواجهة البحرية,الدمام,كورنيش,https://maps.app.goo.gl/E5ZBjcN8sv3pc3Jh8,Ci9DQUlRQUNvZENodHljRjlvT2xsR01sRTRWVGRxVWxkVE9GcHdUblF5WldGSlJsRRAB,Mohamed barakat1,https://www.google.com/maps/contrib/107217621668284862743/reviews?hl=en,3,6 days ago,جيد,True,True,False,2026-09-25
P03,الواجهة البحرية,الدمام,كورنيش,https://maps.app.goo.gl/E5ZBjcN8sv3pc3Jh8,Ci9DQUlRQUNvZENodHljRjlvT2xodloybzJURk0xV2xZeFNYVnpOVUp0Y1hSWlUzYxAB,حنان الغامدي,https://www.google.com/maps/contrib/106136036200000220879/reviews?hl=en,5,a week ago,,False,True,False,2026-09-25
P03,الواجهة البحرية,الدمام,كورنيش,https://maps.app.goo.gl/E5ZBjcN8sv3pc3Jh8,Ci9DQUlRQUNvZENodHljRjlvT21Oa2IzZGthRVIwVURORGRYaG9MVFp5Um5SMGNFRRAB,ابو درر القحطاني,https://www.google.com/maps/contrib/102537648023979535736/reviews?hl=en,4,2 weeks ago,,False,True,False,2026-09-25
P03,الواجهة البحرية,الدمام,كورنيش,https://maps.app.goo.gl/E5ZBjcN8sv3pc3Jh8,Ci9DQUlRQUNvZENodHljRjlvT25BNWNUUjBlVzk1Um1FMVJVUmxSbXBpZG1KUGRHYxAB,Adam Shafiey644,https://www.google.com/maps/contrib/118296126421940761886/reviews?hl=en,5,3 weeks ago,,False,True,False,2026-09-25
P03,الواجهة البحرية,الدمام,كورنيش,https://maps.app.goo.gl/E5ZBjcN8sv3pc3Jh8,Ci9DQUlRQUNvZENodHljRjlvT2xOMmJHNU9WM1EwU2toUWEwdGZSbUY2U1hkTFYxRRAB,فالح الشمري,https://www.google.com/maps/contrib/113753655544087923796/reviews?hl=en,5,3 weeks ago,,False,True,False,2026-09-25
P03,الواجهة البحرية,الدمام,كورنيش,https://maps.app.goo.gl/E5ZBjcN8sv3pc3Jh8,Ci9DQUlRQUNvZENodHljRjlvT2t0RVdUTllYekJsUVdwNFJUVmxWRzVFU1c5cFpsRRAB,راشــد _,https://www.google.com/maps/contrib/100463608136210558074/reviews?hl=en,3,4 weeks ago,,False,True,False,2026-09-25
P03,الواجهة البحرية,الدمام,كورنيش,https://maps.app.goo.gl/E5ZBjcN8sv3pc3Jh8,Ci9DQUlRQUNvZENodHljRjlvT2xwQ1RXbGtVVTVwUlcxRFUwSjJObmx2U2paMlJHYxAB,Eng. Ahmed AmrAllah,https://www.google.com/maps/contrib/111171136112302550068/reviews?hl=en,5,a month ago,,False,True,False,2026-09-25
P03,الواجهة البحرية,الدمام,كورنيش,https://maps.app.goo.gl/E5ZBjcN8sv3pc3Jh8,Ci9DQUlRQUNvZENodHljRjlvT2xsRU4zUklibFZvWmt0elNGbFdPRVZwZG1GeFZVRRAB,Kawther Habib,https://www.google.com/maps/contrib/116306850001983598090/reviews?hl=en,5,a month ago,رحت فترة هدوء مكان مريح,True,True,False,2026-09-25
P03,الواجهة البحرية,الدمام,كورنيش,https://maps.app.goo.gl/E5ZBjcN8sv3pc3Jh8,Ci9DQUlRQUNvZENodHljRjlvT2paclYzQmFlRUpsTVc0NWJtWm9XbWxwU25wT1pHYxAB,JUNED AHMED KHAN,https://www.google.com/maps/contrib/116019476028763830904/reviews?hl=en,5,a month ago,,False,True,False,2026-09-25
P03,الواجهة البحرية,الدمام,كورنيش,https://maps.app.goo.gl/E5ZBjcN8sv3pc3Jh8,Ci9DQUlRQUNvZENodHljRjlvT2paMFgyTnVYMDE1TmpCbVdVWkZlVlIwWDBkbVlYYxAB,Talib Ta,https://www.google.com/maps/contrib/108511926464508271243/reviews?hl=en,5,a month ago,,False,True,False,2026-09-25
P03,الواجهة البحرية,الدمام,كورنيش,https://maps.app.goo.gl/E5ZBjcN8sv3pc3Jh8,Ci9DQUlRQUNvZENodHljRjlvT2xaVlNYRmZSMjlGUkVaMlgzUjBiVU50TkhGUVpuYxAB,عزوز,https://www.google.com/maps/contrib/111085399113398485933/reviews?hl=en,5,a month ago,,False,True,False,2026-09-25
P03,الواجهة البحرية,الدمام,كورنيش,https://maps.app.goo.gl/E5ZBjcN8sv3pc3Jh8,Ci9DQUlRQUNvZENodHljRjlvT2tWNVQwSndZelp6T1UxbE1rTkhZV00wUldGa2RFRRAB,aeed ahmed,https://www.google.com/maps/contrib/116655184189536938177/reviews?hl=en,5,a month ago,,False,True,False,2026-09-25
P03,الواجهة البحرية,الدمام,كورنيش,https://maps.app.goo.gl/E5ZBjcN8sv3pc3Jh8,Ci9DQUlRQUNvZENodHljRjlvT2pacFgwSldWR0pmWmxvMFRuRlRNMmd5WWtkclFWRRAB,ابو محمد,https://www.google.com/maps/contrib/109154059832684509275/reviews?hl=en,5,a month ago,مكان جميل,True,True,False,2026-09-25
P03,الواجهة البحرية,الدمام,كورنيش,https://maps.app.goo.gl/E5ZBjcN8sv3pc3Jh8,Ci9DQUlRQUNvZENodHljRjlvT25saGRXeFVhRWRFU1VOclNEaE1NSGRDUTB4R09YYxAB,Aleem Saleem,https://www.google.com/maps/contrib/114346739527708987350/reviews?hl=en,5,2 months ago,One of the peacefull corniche in Dammam. Lovely place,False,True,False,2026-09-25
P03,الواجهة البحرية,الدمام,كورنيش,https://maps.app.goo.gl/E5ZBjcN8sv3pc3Jh8,Ci9DQUlRQUNvZENodHljRjlvT21Ob1l6RlRka1pzWTBsM2N6TlVRVXRDTWpSRU5uYxAB,Ali Alameer,https://www.google.com/maps/contrib/105917358953328954155/reviews?hl=en,5,2 months ago,مناسبه جدا,True,True,False,2026-09-25
P03,الواجهة البحرية,الدمام,كورنيش,https://maps.app.goo.gl/E5ZBjcN8sv3pc3Jh8,Ci9DQUlRQUNvZENodHljRjlvT21aWlJHcEVabmRhT1hKdk5ubFlOek5IYjA5dWJGRRAB,Mrzok Aljmaan,https://www.google.com/maps/contrib/112976707653505389281/reviews?hl=en,5,2 months ago,المكان جميل وهادئ,True,True,False,2026-09-25
P03,الواجهة البحرية,الدمام,كورنيش,https://maps.app.goo.gl/E5ZBjcN8sv3pc3Jh8,Ci9DQUlRQUNvZENodHljRjlvT2tndGVDMVpTM2hLTlVaeWNVMUtjbGhsU0dwWFNHYxAB,أبو خليل,https://www.google.com/maps/contrib/102408572212952419666/reviews?hl=en,5,2 months ago,,False,True,False,2026-09-25
P03,الواجهة البحرية,الدمام,كورنيش,https://maps.app.goo.gl/E5ZBjcN8sv3pc3Jh8,Ci9DQUlRQUNvZENodHljRjlvT2xoQ1RuVlBZMWs0UTJ4MVUwTkZaVzVGWlhSUlprRRAB,Dalal Alanizi,https://www.google.com/maps/contrib/115796742334724947002/reviews?hl=en,4,2 months ago,حلو ة جمله ورايقة وهدوء,True,True,False,2026-09-25
P03,الواجهة البحرية,الدمام,كورنيش,https://maps.app.goo.gl/E5ZBjcN8sv3pc3Jh8,Ci9DQUlRQUNvZENodHljRjlvT2tGUlNuVjRZMHBTTW5GclpXUTRjM2xHVW5vMFRIYxAB,Olla Abdallah,https://www.google.com/maps/contrib/101110087889401166775/reviews?hl=en,5,2 months ago,,False,True,False,2026-09-25
P03,الواجهة البحرية,الدمام,كورنيش,https://maps.app.goo.gl/E5ZBjcN8sv3pc3Jh8,Ci9DQUlRQUNvZENodHljRjlvT21SU1MxTjNZMjkxV1VReE9VUjFXbWx4WldzeVVsRRAB,Moktar,https://www.google.com/maps/contrib/115534034302252322226/reviews?hl=en,5,2 months ago,ما شاء الله يالمكان روعه,True,True,False,2026-09-25
P03,الواجهة البحرية,الدمام,كورنيش,https://maps.app.goo.gl/E5ZBjcN8sv3pc3Jh8,Ci9DQUlRQUNvZENodHljRjlvT2t4a1JXWldORGR1ZHpaNlJsbFFXRlp2YlhOUmFrRRAB,محمد صالح,https://www.google.com/maps/contrib/106571677038588748907/reviews?hl=en,5,2 months ago,جميلة,True,True,False,2026-09-25
P03,الواجهة البحرية,الدمام,كورنيش,https://maps.app.goo.gl/E5ZBjcN8sv3pc3Jh8,Ci9DQUlRQUNvZENodHljRjlvT205d1lreEROR2hNZFZWVVRYVTNlVlpWVmsxTVdXYxAB,محمد المزيني,https://www.google.com/maps/contrib/110243149210522344905/reviews?hl=en,5,2 months ago,,False,True,False,2026-09-25
P03,الواجهة البحرية,الدمام,كورنيش,https://maps.app.goo.gl/E5ZBjcN8sv3pc3Jh8,Ci9DQUlRQUNvZENodHljRjlvT21WamNITkViV3RpVVdaV2RqRnRRVWxZUlUwM01YYxAB,edrees,https://www.google.com/maps/contrib/116996771015557924781/reviews?hl=en,5,2 months ago,مكان جميل انصح فيه,True,True,False,2026-09-25
P03,الواجهة البحرية,الدمام,كورنيش,https://maps.app.goo.gl/E5ZBjcN8sv3pc3Jh8,Ci9DQUlRQUNvZENodHljRjlvT21sak4wbERiREUzY3pCUGVFVkZUMGxSVVdVM05IYxAB,حسن الحمدي,https://www.google.com/maps/contrib/114697484021901620017/reviews?hl=en,1,2 months ago,,False,True,False,2026-09-25
P03,الواجهة البحرية,الدمام,كورنيش,https://maps.app.goo.gl/E5ZBjcN8sv3pc3Jh8,ChZDSUhNMG9nS0VJQ0FnSUN4NFl2Ukl3EAE,عبدالله العصيمي,https://www.google.com/maps/contrib/117367286729810865541/reviews?hl=en,5,Edited 3 months ago,,False,True,False,2026-09-25
P03,الواجهة البحرية,الدمام,كورنيش,https://maps.app.goo.gl/E5ZBjcN8sv3pc3Jh8,Ci9DQUlRQUNvZENodHljRjlvT2xFelIyRmtRWFJHTFd0M1gwbzFYemx3TTA1UGEyYxAB,Ameen Rashdeh,https://www.google.com/maps/contrib/103252168163646670195/reviews?hl=en,1,3 months ago,سيئ جدا لا خدمات لا انارة لا حمامات,True,True,False,2026-09-25
P03,الواجهة البحرية,الدمام,كورنيش,https://maps.app.goo.gl/E5ZBjcN8sv3pc3Jh8,Ci9DQUlRQUNvZENodHljRjlvT2xWb09GVlRhbEJYUkRWaGRrdEtOWEppYTNGVlpHYxAB,بلال حرفوش,https://www.google.com/maps/contrib/117299784691559729865/reviews?hl=en,5,3 months ago,متنفس جميل للعوائل,True,True,False,2026-09-25
P03,الواجهة البحرية,الدمام,كورنيش,https://maps.app.goo.gl/E5ZBjcN8sv3pc3Jh8,Ci9DQUlRQUNvZENodHljRjlvT2xGNWJGcEZUa2xKVUdveFYyaFBPRjlyZFdOMU1sRRAB,Emad Lashen,https://www.google.com/maps/contrib/103042038943857904421/reviews?hl=en,5,3 months ago,رائعة جداً موقع مميز يسهل الوصول الية نظيف ومرتب,True,True,False,2026-09-25
P03,الواجهة البحرية,الدمام,كورنيش,https://maps.app.goo.gl/E5ZBjcN8sv3pc3Jh8,Ci9DQUlRQUNvZENodHljRjlvT2pNd1ltbHpaR0pJUjFGaFoxSjZla2xDTmtaQ2IzYxAB,MOHAMMED OMRAN,https://www.google.com/maps/contrib/102860274203890913027/reviews?hl=en,4,3 months ago,,False,True,False,2026-09-25
P03,الواجهة البحرية,الدمام,كورنيش,https://maps.app.goo.gl/E5ZBjcN8sv3pc3Jh8,Ci9DQUlRQUNvZENodHljRjlvT25jMmNWZGxZMmRzZWpOMFdXVldWM0k0YkhodGFsRRAB,سليمان الحداد -FM- SULAIMAN,https://www.google.com/maps/contrib/111744128614634082771/reviews?hl=en,5,3 months ago,,False,True,False,2026-09-25
P03,الواجهة البحرية,الدمام,كورنيش,https://maps.app.goo.gl/E5ZBjcN8sv3pc3Jh8,Ci9DQUlRQUNvZENodHljRjlvT2pOME5VNVphVzB3VVhwMU4waG5TbWh0V2xsSFJIYxAB,فضيات الزهراء,https://www.google.com/maps/contrib/108908366984409701854/reviews?hl=en,4,3 months ago,,False,True,False,2026-09-25
P03,الواجهة البحرية,الدمام,كورنيش,https://maps.app.goo.gl/E5ZBjcN8sv3pc3Jh8,Ci9DQUlRQUNvZENodHljRjlvT2twa1dYUkNjRlZUY1cxUFdHSmhSMEpJT0doNE5HYxAB,محمد يتيمي,https://www.google.com/maps/contrib/108088685619400717177/reviews?hl=en,1,3 months ago,,False,True,False,2026-09-25
P03,الواجهة البحرية,الدمام,كورنيش,https://maps.app.goo.gl/E5ZBjcN8sv3pc3Jh8,Ci9DQUlRQUNvZENodHljRjlvT21sSFNrTXlUM0JKVTIxdFNtUm5la3huTWtoNVQxRRAB,Rashad Almasri,https://www.google.com/maps/contrib/105040848607672887348/reviews?hl=en,5,3 months ago,,False,True,False,2026-09-25
P03,الواجهة البحرية,الدمام,كورنيش,https://maps.app.goo.gl/E5ZBjcN8sv3pc3Jh8,Ci9DQUlRQUNvZENodHljRjlvT2pReVRXRnhXVVJrZEVKZlQySnZabUpmYkhkdU5FRRAB,Abo Hamed,https://www.google.com/maps/contrib/103690369052057543312/reviews?hl=en,5,3 months ago,,False,True,False,2026-09-25
P03,الواجهة البحرية,الدمام,كورنيش,https://maps.app.goo.gl/E5ZBjcN8sv3pc3Jh8,Ci9DQUlRQUNvZENodHljRjlvT2xGemNVZ3lZVGx0VVhGUU5tUlVaVlpmVGsxd1dGRRAB,محمد المحمد,https://www.google.com/maps/contrib/111112990594213144764/reviews?hl=en,2,3 months ago,,False,True,False,2026-09-25
P03,الواجهة البحرية,الدمام,كورنيش,https://maps.app.goo.gl/E5ZBjcN8sv3pc3Jh8,Ci9DQUlRQUNvZENodHljRjlvT2tsdlJYSTJkVmRsZVdWeFFtSkZWR2g0Y2xsQ2JVRRAB,AMIR ALHUTABI,https://www.google.com/maps/contrib/100173223185659354396/reviews?hl=en,3,3 months ago,,False,True,False,2026-09-25
P03,الواجهة البحرية,الدمام,كورنيش,https://maps.app.goo.gl/E5ZBjcN8sv3pc3Jh8,Ci9DQUlRQUNvZENodHljRjlvT2tONWEzQk9TR1JGTTBjNE5qYzNSSEZXUzBvNFNtYxAB,محمد هرهره,https://www.google.com/maps/contrib/107786800158265264825/reviews?hl=en,5,4 months ago,,False,True,False,2026-09-25
P03,الواجهة البحرية,الدمام,كورنيش,https://maps.app.goo.gl/E5ZBjcN8sv3pc3Jh8,Ci9DQUlRQUNvZENodHljRjlvT2t4dU1WVkZNemhYUlhwSVVHbHdWaTFOZG5GbFJYYxAB,Salem Sultan,https://www.google.com/maps/contrib/101820633374392206154/reviews?hl=en,3,4 months ago,المكان هادئ وغير مزحوم وجزء منه تحت الصيانة لكن موقعه المقابل لجزيرة المرجان يضفي عليه جمال خاص.,True,True,False,2026-09-25
P03,الواجهة البحرية,الدمام,كورنيش,https://maps.app.goo.gl/E5ZBjcN8sv3pc3Jh8,Ci9DQUlRQUNvZENodHljRjlvT2twdWJuaGZVMFp5Y2kxWWMyRTRlR0V3YTB4cGNGRRAB,محمد البقمي,https://www.google.com/maps/contrib/112030748521719290944/reviews?hl=en,5,4 months ago,,False,True,False,2026-09-25
P03,الواجهة البحرية,الدمام,كورنيش,https://maps.app.goo.gl/E5ZBjcN8sv3pc3Jh8,Ci9DQUlRQUNvZENodHljRjlvT2pBdFF6aHlOVTA1ZGxkM1EweDRkbDgyUVVVdFMxRRAB,معتصم يفوز,https://www.google.com/maps/contrib/107429025808091846958/reviews?hl=en,5,4 months ago,مكان هادى وجميل مره حلو,True,True,False,2026-09-25
P03,الواجهة البحرية,الدمام,كورنيش,https://maps.app.goo.gl/E5ZBjcN8sv3pc3Jh8,Ci9DQUlRQUNvZENodHljRjlvT25SWFNETnNOMFJDVlc4MlFVZG9NblIyYldaSFZIYxAB,غرم سعد ال حاقان,https://www.google.com/maps/contrib/102768145412388350999/reviews?hl=en,5,4 months ago,,False,True,False,2026-09-25
P03,الواجهة البحرية,الدمام,كورنيش,https://maps.app.goo.gl/E5ZBjcN8sv3pc3Jh8,Ci9DQUlRQUNvZENodHljRjlvT2psTE9XMVJWR1pKU0dkM2RtTk1NR3RyVEhKZmIwRRAB,hey guys the first time,https://www.google.com/maps/contrib/105252354452672749528/reviews?hl=en,2,4 months ago,يحتاج تطوير,True,True,False,2026-09-25
P03,الواجهة البحرية,الدمام,كورنيش,https://maps.app.goo.gl/E5ZBjcN8sv3pc3Jh8,Ci9DQUlRQUNvZENodHljRjlvT25aUGJqSTNPSGRvYWtOeU0yNTVkM2hGUTBkZk9YYxAB,Tahir Alhazoom,https://www.google.com/maps/contrib/115431281275895256936/reviews?hl=en,5,4 months ago,,False,True,False,2026-09-25
P03,الواجهة البحرية,الدمام,كورنيش,https://maps.app.goo.gl/E5ZBjcN8sv3pc3Jh8,Ci9DQUlRQUNvZENodHljRjlvT210RmMwdFRWRzVFUW0xTlpGaFhiVmxVZW5kRFoyYxAB,MOHAMED ِALMISRIY,https://www.google.com/maps/contrib/113769776846382805132/reviews?hl=en,5,4 months ago,,False,True,False,2026-09-25
P03,الواجهة البحرية,الدمام,كورنيش,https://maps.app.goo.gl/E5ZBjcN8sv3pc3Jh8,Ci9DQUlRQUNvZENodHljRjlvT2pBdFpIUXlTR1pWT0RGblQyTmtWa2R1TkVGNk1FRRAB,قناة عبدالهادي عرفة التعليمية,https://www.google.com/maps/contrib/112913735153812166243/reviews?hl=en,5,4 months ago,,False,True,False,2026-09-25
P03,الواجهة البحرية,الدمام,كورنيش,https://maps.app.goo.gl/E5ZBjcN8sv3pc3Jh8,Ci9DQUlRQUNvZENodHljRjlvT2pScGVFeFFiVlV6Y3pCcE1UUnpOR2R0TkRKTE1tYxAB,sas asa,https://www.google.com/maps/contrib/103377933295304389684/reviews?hl=en,5,4 months ago,,False,True,False,2026-09-25
P03,الواجهة البحرية,الدمام,كورنيش,https://maps.app.goo.gl/E5ZBjcN8sv3pc3Jh8,Ci9DQUlRQUNvZENodHljRjlvT21FMmMxVkhiaTA0TjJGQ2JYVk1MVlZEYVZCaVpIYxAB,عباس القيسي,https://www.google.com/maps/contrib/118322396680750735248/reviews?hl=en,5,4 months ago,,False,True,False,2026-09-25
P03,الواجهة البحرية,الدمام,كورنيش,https://maps.app.goo.gl/E5ZBjcN8sv3pc3Jh8,Ci9DQUlRQUNvZENodHljRjlvT2tOWU4yNXhkV2cwYVRKVGNrNWZVR0pyY0U1NVFtYxAB,كروم هزازي,https://www.google.com/maps/contrib/110478225656190929812/reviews?hl=en,5,4 months ago,روعه,True,True,False,2026-09-25
P03,الواجهة البحرية,الدمام,كورنيش,https://maps.app.goo.gl/E5ZBjcN8sv3pc3Jh8,Ci9DQUlRQUNvZENodHljRjlvT2xKbFRsWjNlR1puV2xKdlJGazBNa2RQVFZZNWNHYxAB,Tamer Moussa,https://www.google.com/maps/contrib/113617873892932206408/reviews?hl=en,5,4 months ago,,False,True,False,2026-09-25
P03,الواجهة البحرية,الدمام,كورنيش,https://maps.app.goo.gl/E5ZBjcN8sv3pc3Jh8,Ci9DQUlRQUNvZENodHljRjlvT21weE1WSnVZbEJ0VGkxa2FtUnJTMmxmTVRWU1IwRRAB,FAHAD ALSULAIH,https://www.google.com/maps/contrib/110199369092799233149/reviews?hl=en,5,4 months ago,,False,True,False,2026-09-25
P03,الواجهة البحرية,الدمام,كورنيش,https://maps.app.goo.gl/E5ZBjcN8sv3pc3Jh8,Ci9DQUlRQUNvZENodHljRjlvT2pKclRETmxhM0ZOYTJKV2JXeFJhbEJsU1RBNE9XYxAB,ابراهيم المحسن,https://www.google.com/maps/contrib/106803428201510864539/reviews?hl=en,5,5 months ago,رائع جدا,True,True,False,2026-09-25
P03,الواجهة البحرية,الدمام,كورنيش,https://maps.app.goo.gl/E5ZBjcN8sv3pc3Jh8,Ci9DQUlRQUNvZENodHljRjlvT2xJeE1XeDNiSFpXVDFOQll6ZzNSbTVWYmpKWmJuYxAB,عبدالسلام شمسان الدبعي,https://www.google.com/maps/contrib/105951023462200004986/reviews?hl=en,5,5 months ago,,False,True,False,2026-09-25
P03,الواجهة البحرية,الدمام,كورنيش,https://maps.app.goo.gl/E5ZBjcN8sv3pc3Jh8,Ci9DQUlRQUNvZENodHljRjlvT2pseUxXMDJTM2x0WlRKbVMyTkNTM0oxTmxkeU1HYxAB,bandar mst,https://www.google.com/maps/contrib/101849614287304429650/reviews?hl=en,5,5 months ago,,False,True,False,2026-09-25
P03,الواجهة البحرية,الدمام,كورنيش,https://maps.app.goo.gl/E5ZBjcN8sv3pc3Jh8,ChZDSUhNMG9nS0VJQ0FnSUMybVpTaUpREAE,ali al ahmari,https://www.google.com/maps/contrib/106703618369182606587/reviews?hl=en,5,Edited 5 months ago,كورنيش جميل للجسات العائلية ولعب الاطفال كان فطور رائع تقبل الله طاعتكم,True,True,False,2026-09-25
P03,الواجهة البحرية,الدمام,كورنيش,https://maps.app.goo.gl/E5ZBjcN8sv3pc3Jh8,Ci9DQUlRQUNvZENodHljRjlvT20xMFZuTjZOMDlUT0dSSVl6TjBUbHBYY1RKR1ZWRRAB,Meshal Aldosarry,https://www.google.com/maps/contrib/113662664443448454712/reviews?hl=en,5,5 months ago,مناسب للعائلات,True,True,False,2026-09-25
P03,الواجهة البحرية,الدمام,كورنيش,https://maps.app.goo.gl/E5ZBjcN8sv3pc3Jh8,Ci9DQUlRQUNvZENodHljRjlvT2tReFltZHhYM0ZOUjNSbFdtbGZaRnBYTWtkVmRVRRAB,Arman khan,https://www.google.com/maps/contrib/108543098429187246257/reviews?hl=en,5,5 months ago,,False,True,False,2026-09-25
P03,الواجهة البحرية,الدمام,كورنيش,https://maps.app.goo.gl/E5ZBjcN8sv3pc3Jh8,Ci9DQUlRQUNvZENodHljRjlvT20xdWFsaFVXRXN4VVVkMVFWUkxVamhUTVV4dGVYYxAB,Abo Ahmed,https://www.google.com/maps/contrib/107503512814499331489/reviews?hl=en,5,5 months ago,,False,True,False,2026-09-25
P03,الواجهة البحرية,الدمام,كورنيش,https://maps.app.goo.gl/E5ZBjcN8sv3pc3Jh8,Ci9DQUlRQUNvZENodHljRjlvT2tScmNWQTJUblZuYXpCbk4yMDBhSEYxV1hselRtYxAB,ابو الهيثم الجعمي,https://www.google.com/maps/contrib/111053918228892778270/reviews?hl=en,5,5 months ago,مكان اكثر من رائع,True,True,False,2026-09-25
P03,الواجهة البحرية,الدمام,كورنيش,https://maps.app.goo.gl/E5ZBjcN8sv3pc3Jh8,Ci9DQUlRQUNvZENodHljRjlvT2tGeE5VTlBNbWRPUmpkdmFUTmthRlI2U0hwc1ZuYxAB,أسواق نخبة المكان,https://www.google.com/maps/contrib/118037749785803941123/reviews?hl=en,5,5 months ago,,False,True,False,2026-09-25
P03,الواجهة البحرية,الدمام,كورنيش,https://maps.app.goo.gl/E5ZBjcN8sv3pc3Jh8,Ci9DQUlRQUNvZENodHljRjlvT2pCNFQycDRkVEJoWjBWaVVGVklUakI0TVdwTVkxRRAB,Amin Abdelkawi,https://www.google.com/maps/contrib/100833710275968222495/reviews?hl=en,5,5 months ago,مكان رائع للعائلات يمتزج فيه جمال الطبيعة والخضرة والاهتمام بكل التفاصيل,True,True,False,2026-09-25
P03,الواجهة البحرية,الدمام,كورنيش,https://maps.app.goo.gl/E5ZBjcN8sv3pc3Jh8,Ci9DQUlRQUNvZENodHljRjlvT21seVFtTkJPVGx2ZHpBeGJsVllja3RDY2xoS0xVRRAB,abo-battal,https://www.google.com/maps/contrib/115276498857302268049/reviews?hl=en,1,5 months ago,مكان جميل,True,True,False,2026-09-25
P03,الواجهة البحرية,الدمام,كورنيش,https://maps.app.goo.gl/E5ZBjcN8sv3pc3Jh8,Ci9DQUlRQUNvZENodHljRjlvT2xST01uUTBiWE5TT1dOV1JtRm1NMEpwYmpWbldGRRAB,Ahmed Abdulrahman,https://www.google.com/maps/contrib/106839117398377450429/reviews?hl=en,5,5 months ago,,False,True,False,2026-09-25
P03,الواجهة البحرية,الدمام,كورنيش,https://maps.app.goo.gl/E5ZBjcN8sv3pc3Jh8,Ci9DQUlRQUNvZENodHljRjlvT25OSVQycGljMjR5VVdoM1RGcHNkbnBUYkhkSWNuYxAB,عبدربه الجروي,https://www.google.com/maps/contrib/111949644781506077084/reviews?hl=en,5,5 months ago,,False,True,False,2026-09-25
P03,الواجهة البحرية,الدمام,كورنيش,https://maps.app.goo.gl/E5ZBjcN8sv3pc3Jh8,Ci9DQUlRQUNvZENodHljRjlvT2xaVGVISktiRk5xV0hka2RWZFZkRlpPYUdsVFlVRRAB,hussain ali,https://www.google.com/maps/contrib/107079506921342301413/reviews?hl=en,3,5 months ago,,False,True,False,2026-09-25
P03,الواجهة البحرية,الدمام,كورنيش,https://maps.app.goo.gl/E5ZBjcN8sv3pc3Jh8,Ci9DQUlRQUNvZENodHljRjlvT21KRVREVnZlRzVvTjBGSU5rczRhbTVhZGtSMlYwRRAB,Abdulmajeed Alzahrani,https://www.google.com/maps/contrib/106737127161370628970/reviews?hl=en,3,5 months ago,,False,True,False,2026-09-25
P03,الواجهة البحرية,الدمام,كورنيش,https://maps.app.goo.gl/E5ZBjcN8sv3pc3Jh8,Ci9DQUlRQUNvZENodHljRjlvT2t0NWJFTmpaRk4zUjFkQlZIWkZYMDl4Y2xrMU9XYxAB,Mohd Hasnain,https://www.google.com/maps/contrib/107704821955621297175/reviews?hl=en,5,6 months ago,Good,False,True,False,2026-09-25
P03,الواجهة البحرية,الدمام,كورنيش,https://maps.app.goo.gl/E5ZBjcN8sv3pc3Jh8,Ci9DQUlRQUNvZENodHljRjlvT25GeFpVMXBjMFV5UkZGUlowRndiRVpIUTNrNVUzYxAB,Ahmed Hegazy,https://www.google.com/maps/contrib/104176059711757754716/reviews?hl=en,5,6 months ago,,False,True,False,2026-09-25
P03,الواجهة البحرية,الدمام,كورنيش,https://maps.app.goo.gl/E5ZBjcN8sv3pc3Jh8,Ci9DQUlRQUNvZENodHljRjlvT25OWU5WcHdNVjl6Tlhod1JuRnJkMVJUZDNWdE0yYxAB,رحال 2021,https://www.google.com/maps/contrib/110837260975147675805/reviews?hl=en,3,6 months ago,دورات مياة بعيده,True,True,False,2026-09-25
P03,الواجهة البحرية,الدمام,كورنيش,https://maps.app.goo.gl/E5ZBjcN8sv3pc3Jh8,Ci9DQUlRQUNvZENodHljRjlvT21obFJGVkNXbmRtUW1zelJFeExaVlpJWkdOTlNYYxAB,Moo Lee,https://www.google.com/maps/contrib/113290853329186538426/reviews?hl=en,5,6 months ago,,False,True,False,2026-09-25
P03,الواجهة البحرية,الدمام,كورنيش,https://maps.app.goo.gl/E5ZBjcN8sv3pc3Jh8,Ci9DQUlRQUNvZENodHljRjlvT25wTlNrMHpNbEpYYmtZMU56ZzVVMU42YVdjNVdrRRAB,Apple Key,https://www.google.com/maps/contrib/107930759891850466598/reviews?hl=en,5,6 months ago,Nice place,False,True,False,2026-09-25
P03,الواجهة البحرية,الدمام,كورنيش,https://maps.app.goo.gl/E5ZBjcN8sv3pc3Jh8,Ci9DQUlRQUNvZENodHljRjlvT2toWWFEQk1VVXhGVG14MFRYaDZOV05VUm5SUFIxRRAB,Amal Almusbahi,https://www.google.com/maps/contrib/106906620130884099232/reviews?hl=en,5,6 months ago,,False,True,False,2026-09-25
P03,الواجهة البحرية,الدمام,كورنيش,https://maps.app.goo.gl/E5ZBjcN8sv3pc3Jh8,Ci9DQUlRQUNvZENodHljRjlvT2psS2RrVk1NSGhrY1ZkS2RWWkhSMlJKZVV4elQwRRAB,wael well,https://www.google.com/maps/contrib/115870438435749702399/reviews?hl=en,5,6 months ago,,False,True,False,2026-09-25
P03,الواجهة البحرية,الدمام,كورنيش,https://maps.app.goo.gl/E5ZBjcN8sv3pc3Jh8,Ci9DQUlRQUNvZENodHljRjlvT2pONVEwNVlUM2xLYldWQ1puVkdZbk5sTTJsSGNsRRAB,Bandar Almalki,https://www.google.com/maps/contrib/108498992674166677477/reviews?hl=en,3,6 months ago,,False,True,False,2026-09-25
P03,الواجهة البحرية,الدمام,كورنيش,https://maps.app.goo.gl/E5ZBjcN8sv3pc3Jh8,Ci9DQUlRQUNvZENodHljRjlvT2pOdFV6RkxSalJsY0ZWTlNVZFhYMkZDTVVGaVIzYxAB,زينه الشهري,https://www.google.com/maps/contrib/112681106565339472964/reviews?hl=en,5,6 months ago,,False,True,False,2026-09-25
P03,الواجهة البحرية,الدمام,كورنيش,https://maps.app.goo.gl/E5ZBjcN8sv3pc3Jh8,Ci9DQUlRQUNvZENodHljRjlvT21KdFVESk5aRTFhTUZSM016ZFhhakpEVVZoUVdtYxAB,Fahd Alfahd,https://www.google.com/maps/contrib/101307409641310935126/reviews?hl=en,4,7 months ago,جميلة جدا,True,True,False,2026-09-25
P03,الواجهة البحرية,الدمام,كورنيش,https://maps.app.goo.gl/E5ZBjcN8sv3pc3Jh8,Ci9DQUlRQUNvZENodHljRjlvT2toeE9HSk1Oamh5TkRabU16QmxjRUZMWkZNNVgyYxAB,محمد العمودي,https://www.google.com/maps/contrib/102503244038974642445/reviews?hl=en,5,7 months ago,زحمة,True,True,False,2026-09-25
P03,الواجهة البحرية,الدمام,كورنيش,https://maps.app.goo.gl/E5ZBjcN8sv3pc3Jh8,Ci9DQUlRQUNvZENodHljRjlvT2t4YWMwSjVUR3hQYVhKUWMyUkVORFZ5VWpadFlVRRAB,Mohamed Sharif,https://www.google.com/maps/contrib/111188400967510049314/reviews?hl=en,4,7 months ago,,False,True,False,2026-09-25
P03,الواجهة البحرية,الدمام,كورنيش,https://maps.app.goo.gl/E5ZBjcN8sv3pc3Jh8,Ci9DQUlRQUNvZENodHljRjlvT2psa2J6WmtkVUZLWkdwSk9USkpTVFJyY3poVlpHYxAB,Sami,https://www.google.com/maps/contrib/100426796462657348795/reviews?hl=en,4,7 months ago,,False,True,False,2026-09-25
P03,الواجهة البحرية,الدمام,كورنيش,https://maps.app.goo.gl/E5ZBjcN8sv3pc3Jh8,Ci9DQUlRQUNvZENodHljRjlvT2paUGFrMVBVRTVtTFU5VE1sSkhSa3BLVEVzeE4yYxAB,ابو كنان,https://www.google.com/maps/contrib/107191052965912456734/reviews?hl=en,5,7 months ago,رايق ينقصه دورة المياه,True,True,False,2026-09-25
P03,الواجهة البحرية,الدمام,كورنيش,https://maps.app.goo.gl/E5ZBjcN8sv3pc3Jh8,Ci9DQUlRQUNvZENodHljRjlvT2xGWVFrcFROamN6U2pRMFFXUm5ZamxxZUU0NGQzYxAB,Nasser Al Qahtani (Tntao98),https://www.google.com/maps/contrib/107799796646981908401/reviews?hl=en,5,7 months ago,,False,True,False,2026-09-25
P03,الواجهة البحرية,الدمام,كورنيش,https://maps.app.goo.gl/E5ZBjcN8sv3pc3Jh8,Ci9DQUlRQUNvZENodHljRjlvT25wSFNqVnhNRTlPTkRaSlQxUlVhMGxSTTBkbVpuYxAB,Mohammad Osman,https://www.google.com/maps/contrib/103956159933113631320/reviews?hl=en,5,7 months ago,مناسبة للخروجات العائلية,True,True,False,2026-09-25
P03,الواجهة البحرية,الدمام,كورنيش,https://maps.app.goo.gl/E5ZBjcN8sv3pc3Jh8,Ci9DQUlRQUNvZENodHljRjlvT25WS1FUQXdWR0pPZVdkNGRrRTVNMFoyUnpodFIzYxAB,البدور البدور,https://www.google.com/maps/contrib/112877879779409205346/reviews?hl=en,5,7 months ago,رائعه,True,True,False,2026-09-25
P03,الواجهة البحرية,الدمام,كورنيش,https://maps.app.goo.gl/E5ZBjcN8sv3pc3Jh8,Ci9DQUlRQUNvZENodHljRjlvT2s0M1dVcG5RbGxGTW5GVGNXOVZWRmxQYmtoMGJVRRAB,ف,https://www.google.com/maps/contrib/100829113976917839532/reviews?hl=en,4,7 months ago,جيته باليل المكان رااااييق وجميل ونظيييف واضاءته هااادديية نقصت النجمة لان فيه اكثر من مية بسة بالمكان وانا اخاف منهن 🧎🏽‍♂️ …,True,True,True,2026-09-25
P03,الواجهة البحرية,الدمام,كورنيش,https://maps.app.goo.gl/E5ZBjcN8sv3pc3Jh8,Ci9DQUlRQUNvZENodHljRjlvT2sxclUyWk1ZMUZJUkY5eVFURm5OVVZ0UWtWSFVGRRAB,Resan jamil 3.0,https://www.google.com/maps/contrib/113648551903190185035/reviews?hl=en,5,7 months ago,,False,True,False,2026-09-25
P03,الواجهة البحرية,الدمام,كورنيش,https://maps.app.goo.gl/E5ZBjcN8sv3pc3Jh8,Ci9DQUlRQUNvZENodHljRjlvT2tWYWVIWjBWMGcwYzJRemNXVktlWHBWTjFCZlprRRAB,bandar saeed,https://www.google.com/maps/contrib/112294311333008296328/reviews?hl=en,4,7 months ago,ممتاز جدا ولكن اجزاء كبيرة تحت التطوير اعتقد بعد التطوير ستكون اجمل,True,True,False,2026-09-25
P03,الواجهة البحرية,الدمام,كورنيش,https://maps.app.goo.gl/E5ZBjcN8sv3pc3Jh8,Ci9DQUlRQUNvZENodHljRjlvT21GUVlVMTJRMnRVTjBWaVowSldWVzB5Tms1RldWRRAB,hosam mohamed,https://www.google.com/maps/contrib/107820459608557821606/reviews?hl=en,5,7 months ago,,False,True,False,2026-09-25
P03,الواجهة البحرية,الدمام,كورنيش,https://maps.app.goo.gl/E5ZBjcN8sv3pc3Jh8,Ci9DQUlRQUNvZENodHljRjlvT21ORWMzbGpSV295YTJWVVVWcDNZV1J3TldSRE0xRRAB,Talal Alghamdi,https://www.google.com/maps/contrib/106884860689167258089/reviews?hl=en,4,7 months ago,,False,True,False,2026-09-25
P03,الواجهة البحرية,الدمام,كورنيش,https://maps.app.goo.gl/E5ZBjcN8sv3pc3Jh8,Ci9DQUlRQUNvZENodHljRjlvT25Vd1QweDBTMFZxVGs1bFMwVmZRWHBLZEVwbVZrRRAB,Ahmed Sherif,https://www.google.com/maps/contrib/110595765198852491599/reviews?hl=en,5,8 months ago,,False,True,False,2026-09-25
P03,الواجهة البحرية,الدمام,كورنيش,https://maps.app.goo.gl/E5ZBjcN8sv3pc3Jh8,Ci9DQUlRQUNvZENodHljRjlvT2xOa2VIcFpOM2hsVTFaRFdFVXRTRXh0U3pGS05rRRAB,قليبي بن حمادين,https://www.google.com/maps/contrib/109394843456631671840/reviews?hl=en,5,8 months ago,,False,True,False,2026-09-25
P03,الواجهة البحرية,الدمام,كورنيش,https://maps.app.goo.gl/E5ZBjcN8sv3pc3Jh8,Ci9DQUlRQUNvZENodHljRjlvT2poc1RIbGpkRGxxVUVGclEzZFZOSFZyT1hCZmQwRRAB,RAY,https://www.google.com/maps/contrib/111501071513332897568/reviews?hl=en,5,8 months ago,,False,True,False,2026-09-25
P03,الواجهة البحرية,الدمام,كورنيش,https://maps.app.goo.gl/E5ZBjcN8sv3pc3Jh8,Ci9DQUlRQUNvZENodHljRjlvT2tKSWRHSlBhMXByTld3eVNsbEJXRGgzV0ZNNWNVRRAB,safsaf Shouk,https://www.google.com/maps/contrib/101479163682283010880/reviews?hl=en,5,8 months ago,,False,True,False,2026-09-25
P03,الواجهة البحرية,الدمام,كورنيش,https://maps.app.goo.gl/E5ZBjcN8sv3pc3Jh8,Ci9DQUlRQUNvZENodHljRjlvT2tKa1h6WkJUVTVzZUU1eVdIQkhiUzF0WldoNFRrRRAB,ابو كيان,https://www.google.com/maps/contrib/114680807814079503159/reviews?hl=en,5,8 months ago,مكان جميل وهادي,True,True,False,2026-09-25
P03,الواجهة البحرية,الدمام,كورنيش,https://maps.app.goo.gl/E5ZBjcN8sv3pc3Jh8,Ci9DQUlRQUNvZENodHljRjlvT2s4M1RHZHBVREJrZVZCVlQwMDBXbEJ0WkVseU1HYxAB,عبدالكريم الشراحيلي,https://www.google.com/maps/contrib/113443100661597079799/reviews?hl=en,5,8 months ago,المكان جميل ونظيف ينفع للعوائل,True,True,False,2026-09-25
P03,الواجهة البحرية,الدمام,كورنيش,https://maps.app.goo.gl/E5ZBjcN8sv3pc3Jh8,Ci9DQUlRQUNvZENodHljRjlvT2s1eGNqUXlTVkJKU0hsV1ExQkhOMTlLY3poVGFWRRAB,محمد التليدي,https://www.google.com/maps/contrib/116759648868057144064/reviews?hl=en,2,8 months ago,اغلبها مقفل,True,True,False,2026-09-25
P03,الواجهة البحرية,الدمام,كورنيش,https://maps.app.goo.gl/E5ZBjcN8sv3pc3Jh8,Ci9DQUlRQUNvZENodHljRjlvT25weldYWk9lWGs0UTFGNlZrWnJhbUZLVVVsbWRWRRAB,‫محمد ”‪MOHAMMED‬‏“ المنهالي‬‎,https://www.google.com/maps/contrib/102963759350375368833/reviews?hl=en,4,8 months ago,,False,True,False,2026-09-25
P03,الواجهة البحرية,الدمام,كورنيش,https://maps.app.goo.gl/E5ZBjcN8sv3pc3Jh8,Ci9DQUlRQUNvZENodHljRjlvT2twdU1IRlZXV1k1YURsNWJHeFNjemhaUTBvMmNXYxAB,S.A H.N,https://www.google.com/maps/contrib/114075166771612169178/reviews?hl=en,5,8 months ago,من أفضل امكان التنزه بمدينه الدمام انصح الجميع بزيارته,True,True,False,2026-09-25
P03,الواجهة البحرية,الدمام,كورنيش,https://maps.app.goo.gl/E5ZBjcN8sv3pc3Jh8,Ci9DQUlRQUNvZENodHljRjlvT2trNGVUVkRUMUV6UkV4Zk1WWkVVbkZSU0dOMGRuYxAB,Amani Alsawi,https://www.google.com/maps/contrib/113236423857327101641/reviews?hl=en,5,8 months ago,,False,True,False,2026-09-25
P03,الواجهة البحرية,الدمام,كورنيش,https://maps.app.goo.gl/E5ZBjcN8sv3pc3Jh8,Ci9DQUlRQUNvZENodHljRjlvT204d01VcERObVpOZVhOSFVGRXRkalJDVlRGNE1XYxAB,saad al-dossri,https://www.google.com/maps/contrib/110440216556645405573/reviews?hl=en,5,9 months ago,,False,True,False,2026-09-25
P03,الواجهة البحرية,الدمام,كورنيش,https://maps.app.goo.gl/E5ZBjcN8sv3pc3Jh8,Ci9DQUlRQUNvZENodHljRjlvT210ZlNYVXpORzEyWjB0T2RsSmxXWEIxYW5OdmIzYxAB,خليل السواري,https://www.google.com/maps/contrib/116638699986449273771/reviews?hl=en,5,9 months ago,,False,True,False,2026-09-25
P03,الواجهة البحرية,الدمام,كورنيش,https://maps.app.goo.gl/E5ZBjcN8sv3pc3Jh8,Ci9DQUlRQUNvZENodHljRjlvT2w5emJ6VkNRM0ZJUmtSeVMweFNaVUUyWlRGM1MzYxAB,شريف مصطفي الكاملي,https://www.google.com/maps/contrib/113190767272405657575/reviews?hl=en,5,9 months ago,شاطئ ومنتزه جميل وهادى ومكان مميز للعوايل,True,True,False,2026-09-25
P03,الواجهة البحرية,الدمام,كورنيش,https://maps.app.goo.gl/E5ZBjcN8sv3pc3Jh8,Ci9DQUlRQUNvZENodHljRjlvT2kxNFVFNXJObGR1TW5OdmFVTjBMVUZxTTFVM00xRRAB,A Altamimi,https://www.google.com/maps/contrib/118373559251530191804/reviews?hl=en,5,9 months ago,,False,True,False,2026-09-25
P03,الواجهة البحرية,الدمام,كورنيش,https://maps.app.goo.gl/E5ZBjcN8sv3pc3Jh8,Ci9DQUlRQUNvZENodHljRjlvT2pKdlpFVjNaMlZCTUZKV1dYcE5lbTVZWlhKWVIyYxAB,Waleed Suqi,https://www.google.com/maps/contrib/107549580705908259561/reviews?hl=en,5,9 months ago,,False,True,False,2026-09-25
P03,الواجهة البحرية,الدمام,كورنيش,https://maps.app.goo.gl/E5ZBjcN8sv3pc3Jh8,Ci9DQUlRQUNvZENodHljRjlvT25wUlZ6YzFiMEZJVnpNeU5UTmhOMWhaWm5aeE9YYxAB,nasser alshahrani,https://www.google.com/maps/contrib/114227004560263243747/reviews?hl=en,5,9 months ago,مكان هادي وممتاز,True,True,False,2026-09-25
P03,الواجهة البحرية,الدمام,كورنيش,https://maps.app.goo.gl/E5ZBjcN8sv3pc3Jh8,Ci9DQUlRQUNvZENodHljRjlvT21Zd04yaFpZMFpEU0ZnM2JXOVNibFU0VmpVMmFVRRAB,Maged Jasser,https://www.google.com/maps/contrib/100849284182791525322/reviews?hl=en,5,9 months ago,,False,True,False,2026-09-25
P03,الواجهة البحرية,الدمام,كورنيش,https://maps.app.goo.gl/E5ZBjcN8sv3pc3Jh8,Ci9DQUlRQUNvZENodHljRjlvT2pGelMxUlJkRkZaVDIxaFpsSm5Tbk5tYzE4NFltYxAB,Abo Fahad,https://www.google.com/maps/contrib/116846093806692012586/reviews?hl=en,1,9 months ago,لايوجد عمال نظافة كفاية والأوساخ بكل مكان خاصة البلاستيك مايؤثر على الحياة البيئية,True,True,False,2026-09-25
P03,الواجهة البحرية,الدمام,كورنيش,https://maps.app.goo.gl/E5ZBjcN8sv3pc3Jh8,Ci9DQUlRQUNvZENodHljRjlvT2toamMyTlNlRmhtWVdKUmMwUkhkMVZEWkU0NVNFRRAB,Danish Khan,https://www.google.com/maps/contrib/118387264053680512827/reviews?hl=en,5,9 months ago,,False,True,False,2026-09-25
P03,الواجهة البحرية,الدمام,كورنيش,https://maps.app.goo.gl/E5ZBjcN8sv3pc3Jh8,Ci9DQUlRQUNvZENodHljRjlvT2paMmRHOVBlazVmVEhjNFgwZDRSMTlPUmxCemNGRRAB,F TT,https://www.google.com/maps/contrib/107143231345184992890/reviews?hl=en,3,9 months ago,,False,True,False,2026-09-25
P03,الواجهة البحرية,الدمام,كورنيش,https://maps.app.goo.gl/E5ZBjcN8sv3pc3Jh8,Ci9DQUlRQUNvZENodHljRjlvT2s1RU0wSnlXbUpRYjFCdVpUZFlRVU5HWlVaVU1IYxAB,um khalil,https://www.google.com/maps/contrib/111483772152057487360/reviews?hl=en,5,9 months ago,,False,True,False,2026-09-25
P03,الواجهة البحرية,الدمام,كورنيش,https://maps.app.goo.gl/E5ZBjcN8sv3pc3Jh8,Ci9DQUlRQUNvZENodHljRjlvT2tGWWNUUm1PSGxFUlZKelVXZGtOREpIU1ROVlpYYxAB,sawsan AL-fehaid,https://www.google.com/maps/contrib/117258140926773707571/reviews?hl=en,5,9 months ago,,False,True,False,2026-09-25
P03,الواجهة البحرية,الدمام,كورنيش,https://maps.app.goo.gl/E5ZBjcN8sv3pc3Jh8,Ci9DQUlRQUNvZENodHljRjlvT200eFprRjVXbUZxVkdOaVkxZGlkRW94UVdKMlNrRRAB,Al King,https://www.google.com/maps/contrib/105456832039023679651/reviews?hl=en,5,9 months ago,اجواء💯💯 …,True,True,True,2026-09-25
P03,الواجهة البحرية,الدمام,كورنيش,https://maps.app.goo.gl/E5ZBjcN8sv3pc3Jh8,Ci9DQUlRQUNvZENodHljRjlvT2xCelQxZFFlWFowTW01UVUyeGxWazFzWWxCNGQyYxAB,محمد مفيد,https://www.google.com/maps/contrib/108474828955216921569/reviews?hl=en,5,9 months ago,جيد,True,True,False,2026-09-25
P03,الواجهة البحرية,الدمام,كورنيش,https://maps.app.goo.gl/E5ZBjcN8sv3pc3Jh8,Ci9DQUlRQUNvZENodHljRjlvT21KblVuWmxiV3RKV2xWc1VEaFhhRXhrTlhNNE0xRRAB,Naser Za,https://www.google.com/maps/contrib/100138826699641056353/reviews?hl=en,4,9 months ago,,False,True,False,2026-09-25
P03,الواجهة البحرية,الدمام,كورنيش,https://maps.app.goo.gl/E5ZBjcN8sv3pc3Jh8,Ci9DQUlRQUNvZENodHljRjlvT2xSc0xVZGpXVFZPV0VGVVJtOUNNMmhVYVV0b0xXYxAB,محمد قاسم,https://www.google.com/maps/contrib/116547650373683803405/reviews?hl=en,5,9 months ago,,False,True,False,2026-09-25
P03,الواجهة البحرية,الدمام,كورنيش,https://maps.app.goo.gl/E5ZBjcN8sv3pc3Jh8,Ci9DQUlRQUNvZENodHljRjlvT210Q1ZVYzBRMFF6TWtwMmFIWjZRVWd3ZVdVMk1HYxAB,رجا الشهراني,https://www.google.com/maps/contrib/110525567352660879144/reviews?hl=en,5,9 months ago,,False,True,False,2026-09-25
P03,الواجهة البحرية,الدمام,كورنيش,https://maps.app.goo.gl/E5ZBjcN8sv3pc3Jh8,Ci9DQUlRQUNvZENodHljRjlvT25KUGJFeGFNRFJtUTNJMVQyZElWVmd0YWxkVlkxRRAB,naandriver naandriver,https://www.google.com/maps/contrib/105401961626603537036/reviews?hl=en,5,10 months ago,,False,True,False,2026-09-25
P03,الواجهة البحرية,الدمام,كورنيش,https://maps.app.goo.gl/E5ZBjcN8sv3pc3Jh8,Ci9DQUlRQUNvZENodHljRjlvT2pKRU1IZG5iR0ZmVlZGdGFISmFhR0o0YUdkYVEzYxAB,محمد الجابري,https://www.google.com/maps/contrib/114899584237822529259/reviews?hl=en,5,10 months ago,,False,True,False,2026-09-25
P03,الواجهة البحرية,الدمام,كورنيش,https://maps.app.goo.gl/E5ZBjcN8sv3pc3Jh8,Ci9DQUlRQUNvZENodHljRjlvT2xkNFpHWkJVbWRXYVhKbmQxcDBTM1JvWTFWc1MxRRAB,Ahmed walid GH,https://www.google.com/maps/contrib/108893642279266969838/reviews?hl=en,4,10 months ago,,False,True,False,2026-09-25
P03,الواجهة البحرية,الدمام,كورنيش,https://maps.app.goo.gl/E5ZBjcN8sv3pc3Jh8,Ci9DQUlRQUNvZENodHljRjlvT2t0Qk9VcE5ZelZUZVhWUk4yTnhjelJRYVhGNU1GRRAB,حسابي يوم حسابي,https://www.google.com/maps/contrib/110917255062614911283/reviews?hl=en,1,10 months ago,"مكان اكثر من رائع لكن مليان غربان

واصوات نعب الغربان بشعه خصوصا في الصباح",True,True,False,2026-09-25
P03,الواجهة البحرية,الدمام,كورنيش,https://maps.app.goo.gl/E5ZBjcN8sv3pc3Jh8,Ci9DQUlRQUNvZENodHljRjlvT2t0TmJGRjBRWGxYYURGWlNucE5jV0pQUlY5QldsRRAB,ZIZ M,https://www.google.com/maps/contrib/116842562483542763079/reviews?hl=en,3,10 months ago,,False,True,False,2026-09-25
P03,الواجهة البحرية,الدمام,كورنيش,https://maps.app.goo.gl/E5ZBjcN8sv3pc3Jh8,Ci9DQUlRQUNvZENodHljRjlvT2t4WFdGWkJSVlF0YjBSTldtNXVTWEpyWVRCeFpsRRAB,Walode Kahled,https://www.google.com/maps/contrib/109623824604851572727/reviews?hl=en,5,10 months ago,,False,True,False,2026-09-25
P03,الواجهة البحرية,الدمام,كورنيش,https://maps.app.goo.gl/E5ZBjcN8sv3pc3Jh8,Ci9DQUlRQUNvZENodHljRjlvT2prMUxXOTRXSEowVVhkS1pHODNRbXN3WWxGcGFIYxAB,Ibrahim Altam,https://www.google.com/maps/contrib/100404156576980148670/reviews?hl=en,5,10 months ago,,False,True,False,2026-09-25
P03,الواجهة البحرية,الدمام,كورنيش,https://maps.app.goo.gl/E5ZBjcN8sv3pc3Jh8,Ci9DQUlRQUNvZENodHljRjlvT2xsUE5XZFpYM0pFZVhFeFFXWlpURjlWWVRjMmRHYxAB,مرشد سياحي,https://www.google.com/maps/contrib/116136605104863796584/reviews?hl=en,5,10 months ago,,False,True,False,2026-09-25
P03,الواجهة البحرية,الدمام,كورنيش,https://maps.app.goo.gl/E5ZBjcN8sv3pc3Jh8,Ci9DQUlRQUNvZENodHljRjlvT21wQmFtbEZkVWR0TFVkbGJrZzBlbXgzTkMxRFZVRRAB,Rafat Kukhon,https://www.google.com/maps/contrib/104853569368258746439/reviews?hl=en,5,10 months ago,,False,True,False,2026-09-25
P03,الواجهة البحرية,الدمام,كورنيش,https://maps.app.goo.gl/E5ZBjcN8sv3pc3Jh8,Ci9DQUlRQUNvZENodHljRjlvT21wbFZYQm1URkYwZEd0SldFeGZjV05rYW1wcVRtYxAB,احمد المجيدي,https://www.google.com/maps/contrib/107815874379011187725/reviews?hl=en,5,10 months ago,كرنيش الخبر افضل بكثير,True,True,False,2026-09-25
P03,الواجهة البحرية,الدمام,كورنيش,https://maps.app.goo.gl/E5ZBjcN8sv3pc3Jh8,Ci9DQUlRQUNvZENodHljRjlvT25wYWVuRnNkRmR6Y2pOa1VVeGZWMFJ0U1RobmNFRRAB,Khalid Jassim,https://www.google.com/maps/contrib/103440378060170532434/reviews?hl=en,4,10 months ago,,False,True,False,2026-09-25
P03,الواجهة البحرية,الدمام,كورنيش,https://maps.app.goo.gl/E5ZBjcN8sv3pc3Jh8,Ci9DQUlRQUNvZENodHljRjlvT2taV2RWSnFUM0ZqVGxSSVFsUmtUR0U1VmpWc01HYxAB,بندر الخيبري,https://www.google.com/maps/contrib/107076084250937330010/reviews?hl=en,5,10 months ago,,False,True,False,2026-09-25
P03,الواجهة البحرية,الدمام,كورنيش,https://maps.app.goo.gl/E5ZBjcN8sv3pc3Jh8,Ci9DQUlRQUNvZENodHljRjlvT2poZmVGcExRWEp6UkVOWlZFZzFlbEp2WVVWeFkyYxAB,Mustaq Ahmad,https://www.google.com/maps/contrib/102282523176990933079/reviews?hl=en,5,10 months ago,,False,True,False,2026-09-25
P03,الواجهة البحرية,الدمام,كورنيش,https://maps.app.goo.gl/E5ZBjcN8sv3pc3Jh8,Ci9DQUlRQUNvZENodHljRjlvT2pSc1ptaFZVRkZMYkMxV1pHcFNZVEpyWW04eWJXYxAB,A A,https://www.google.com/maps/contrib/110101537406372985863/reviews?hl=en,3,10 months ago,,False,True,False,2026-09-25
P03,الواجهة البحرية,الدمام,كورنيش,https://maps.app.goo.gl/E5ZBjcN8sv3pc3Jh8,Ci9DQUlRQUNvZENodHljRjlvT2pCUU4wMTVReTF4YlRscFVGZEhUM0pXUlVsNlVHYxAB,سعد,https://www.google.com/maps/contrib/107996139559887886167/reviews?hl=en,5,11 months ago,المكان اخر الليل رااااييييقققققق,True,True,False,2026-09-25
P03,الواجهة البحرية,الدمام,كورنيش,https://maps.app.goo.gl/E5ZBjcN8sv3pc3Jh8,Ci9DQUlRQUNvZENodHljRjlvT2xGWlYyaElkRTVGVUVJM05HUndXbFZhZFRFeFZHYxAB,Mahmo7d,https://www.google.com/maps/contrib/116090015399804160883/reviews?hl=en,5,11 months ago,أجمل كورنيش في الدمام بلا منازع 😍❤️ …,True,True,True,2026-09-25
P03,الواجهة البحرية,الدمام,كورنيش,https://maps.app.goo.gl/E5ZBjcN8sv3pc3Jh8,Ci9DQUlRQUNvZENodHljRjlvT2pkSFRtY3pPRlV6VG1Fek1uaGhiR3haV0V3NGIxRRAB,سامح بارحمة,https://www.google.com/maps/contrib/115089866481687487762/reviews?hl=en,5,11 months ago,,False,True,False,2026-09-25
P03,الواجهة البحرية,الدمام,كورنيش,https://maps.app.goo.gl/E5ZBjcN8sv3pc3Jh8,Ci9DQUlRQUNvZENodHljRjlvT2pKMk9GSTVRV05WT0dOaGJtTkpZbEl3U0RNNFVYYxAB,أحمد العطار Dimond,https://www.google.com/maps/contrib/112345359461913020496/reviews?hl=en,5,11 months ago,,False,True,False,2026-09-25
P03,الواجهة البحرية,الدمام,كورنيش,https://maps.app.goo.gl/E5ZBjcN8sv3pc3Jh8,Ci9DQUlRQUNvZENodHljRjlvT2t0WGRGbFNhMVZmVGxZM1VscGtWM3B2WjA1bFRsRRAB,Abdullah Al-Shahri,https://www.google.com/maps/contrib/102530459680365561648/reviews?hl=en,4,11 months ago,,False,True,False,2026-09-25
P03,الواجهة البحرية,الدمام,كورنيش,https://maps.app.goo.gl/E5ZBjcN8sv3pc3Jh8,Ci9DQUlRQUNvZENodHljRjlvT2xGd1QwOWFkQzF5Ym1GUFFYRkRhekZLUkVGaE1sRRAB,Faisalbilal1000 Faisalbilal1000,https://www.google.com/maps/contrib/112266955573162848758/reviews?hl=en,5,11 months ago,,False,True,False,2026-09-25
P03,الواجهة البحرية,الدمام,كورنيش,https://maps.app.goo.gl/E5ZBjcN8sv3pc3Jh8,Ci9DQUlRQUNvZENodHljRjlvT2s0dFFqSkxkRFp3V1VWaFdWTjVTekJ0TVVKVlMwRRAB,Ali Hazazi,https://www.google.com/maps/contrib/106768688208104649691/reviews?hl=en,5,11 months ago,,False,True,False,2026-09-25
P03,الواجهة البحرية,الدمام,كورنيش,https://maps.app.goo.gl/E5ZBjcN8sv3pc3Jh8,Ci9DQUlRQUNvZENodHljRjlvT2tWb1MwNUpOazE1TUVGSFRtMW9NelUzVjFKYWVsRRAB,جابر العبيدالله الفضلي,https://www.google.com/maps/contrib/110925310882456911047/reviews?hl=en,5,11 months ago,مكان جميل جداً,True,True,False,2026-09-25
P03,الواجهة البحرية,الدمام,كورنيش,https://maps.app.goo.gl/E5ZBjcN8sv3pc3Jh8,Ci9DQUlRQUNvZENodHljRjlvT2tvNE1XUkVaM0ExU1RCa2J6WlpNblJoYW5OS2NYYxAB,Yousef AlMarzooqi,https://www.google.com/maps/contrib/101363382303583438561/reviews?hl=en,4,11 months ago,,False,True,False,2026-09-25
P03,الواجهة البحرية,الدمام,كورنيش,https://maps.app.goo.gl/E5ZBjcN8sv3pc3Jh8,Ci9DQUlRQUNvZENodHljRjlvT2taMFJEVTJiR2RmTkhKS2JFWjZNMEYyUXpKMU1tYxAB,Hassan Sadreldin,https://www.google.com/maps/contrib/102538158430106115171/reviews?hl=en,5,11 months ago,Not enough cats,False,True,False,2026-09-25
P03,الواجهة البحرية,الدمام,كورنيش,https://maps.app.goo.gl/E5ZBjcN8sv3pc3Jh8,Ci9DQUlRQUNvZENodHljRjlvT21sR1ZDMUpZVGhHZEhOMWJuWjFhRkJhUm5kdlJFRRAB,حمدان ابو محمد,https://www.google.com/maps/contrib/115966875822516526964/reviews?hl=en,5,11 months ago,,False,True,False,2026-09-25
P03,الواجهة البحرية,الدمام,كورنيش,https://maps.app.goo.gl/E5ZBjcN8sv3pc3Jh8,Ci9DQUlRQUNvZENodHljRjlvT2tSa1l6bFZObXhtYVhKS2VWbFVXVTlxZGtnNE1GRRAB,Ksa Wanderbites,https://www.google.com/maps/contrib/107312185626859870883/reviews?hl=en,5,11 months ago,This place is great for hangout usually crowded.,False,True,False,2026-09-25
P03,الواجهة البحرية,الدمام,كورنيش,https://maps.app.goo.gl/E5ZBjcN8sv3pc3Jh8,Ci9DQUlRQUNvZENodHljRjlvT2xacFdVbHFieTA1YjFabVpreEZlak01T1VkS2VVRRAB,غريب الدار,https://www.google.com/maps/contrib/115810334744175613485/reviews?hl=en,4,11 months ago,مكان جميل,True,True,False,2026-09-25
P03,الواجهة البحرية,الدمام,كورنيش,https://maps.app.goo.gl/E5ZBjcN8sv3pc3Jh8,Ci9DQUlRQUNvZENodHljRjlvT2pWNlIyVnBSVEJPUTFSck5XVXpTVzVEZWtaWVVrRRAB,yehaiy M,https://www.google.com/maps/contrib/114386117500207708952/reviews?hl=en,5,Edited 11 months ago,اجمل مكان جميل جدا,True,True,False,2026-09-25
P03,الواجهة البحرية,الدمام,كورنيش,https://maps.app.goo.gl/E5ZBjcN8sv3pc3Jh8,Ci9DQUlRQUNvZENodHljRjlvT2todVpUaDNUSGxHVUU5emFIZG9iM0JJWVhVeE9GRRAB,Sszzcc Sszzcc,https://www.google.com/maps/contrib/109087828898958406476/reviews?hl=en,3,11 months ago,"👍

قيد الترتيب …",True,True,True,2026-09-25
P03,الواجهة البحرية,الدمام,كورنيش,https://maps.app.goo.gl/E5ZBjcN8sv3pc3Jh8,Ci9DQUlRQUNvZENodHljRjlvT2tFMVprSndTRXhJT0RKZmVVbHlWVGh0WWtoTGJGRRAB,A Google User,https://www.google.com/maps/contrib/110131952484069980832/reviews?hl=en,5,11 months ago,,False,True,False,2026-09-25
P03,الواجهة البحرية,الدمام,كورنيش,https://maps.app.goo.gl/E5ZBjcN8sv3pc3Jh8,Ci9DQUlRQUNvZENodHljRjlvT2poUlgyTkNWMFZaWlZrNFZVWnRRM0psV0c5eE0yYxAB,Mazen Rabea,https://www.google.com/maps/contrib/115200128258304030075/reviews?hl=en,5,11 months ago,,False,True,False,2026-09-25
P03,الواجهة البحرية,الدمام,كورنيش,https://maps.app.goo.gl/E5ZBjcN8sv3pc3Jh8,Ci9DQUlRQUNvZENodHljRjlvT2pjelQyOXhVVTFtUzNwUGNUZGllVGhFUjNSclZVRRAB,ALI ALQAHTANI,https://www.google.com/maps/contrib/104175601458402629483/reviews?hl=en,5,11 months ago,,False,True,False,2026-09-25
P03,الواجهة البحرية,الدمام,كورنيش,https://maps.app.goo.gl/E5ZBjcN8sv3pc3Jh8,Ci9DQUlRQUNvZENodHljRjlvT2xjd1FqSlhURzEyZVZNemNFUlZlWFpHYlRSdGVHYxAB,زوز الغامدي,https://www.google.com/maps/contrib/104561690149261334426/reviews?hl=en,5,11 months ago,مكان حلو  يناسب الصغار والكبار,True,True,False,2026-09-25
P03,الواجهة البحرية,الدمام,كورنيش,https://maps.app.goo.gl/E5ZBjcN8sv3pc3Jh8,Ci9DQUlRQUNvZENodHljRjlvT2xjM0xXWTVNWGQ1Vm5sQk0weHVUVzVJYXpkWVkzYxAB,أحمد موسى,https://www.google.com/maps/contrib/104607649103737152374/reviews?hl=en,5,11 months ago,,False,True,False,2026-09-25
P03,الواجهة البحرية,الدمام,كورنيش,https://maps.app.goo.gl/E5ZBjcN8sv3pc3Jh8,Ci9DQUlRQUNvZENodHljRjlvT2tGTmFETlhSRUppUkZCQ2FqQkpRbEp4VEU1UFQwRRAB,Abdulaziz Alwan,https://www.google.com/maps/contrib/107363107425745835463/reviews?hl=en,1,a year ago,,False,True,False,2026-09-25
P03,الواجهة البحرية,الدمام,كورنيش,https://maps.app.goo.gl/E5ZBjcN8sv3pc3Jh8,Ci9DQUlRQUNvZENodHljRjlvT21ad1preDRkbVYwU3psblRrdzBjakZZYVhoTWIyYxAB,‫أبو (إبراهيم)‬‎,https://www.google.com/maps/contrib/116898346958163478221/reviews?hl=en,5,a year ago,,False,True,False,2026-09-25
P03,الواجهة البحرية,الدمام,كورنيش,https://maps.app.goo.gl/E5ZBjcN8sv3pc3Jh8,Ci9DQUlRQUNvZENodHljRjlvT2poQk4yOXRabFpvV1hSaFRsTmZZMnRFTnpSNFJWRRAB,احمد الصالح,https://www.google.com/maps/contrib/101739953919974154803/reviews?hl=en,5,a year ago,,False,True,False,2026-09-25
P03,الواجهة البحرية,الدمام,كورنيش,https://maps.app.goo.gl/E5ZBjcN8sv3pc3Jh8,Ci9DQUlRQUNvZENodHljRjlvT25RelMzaEpWSFpmY0RRemVHVktaekpYUVUxUldGRRAB,محمد العطيه,https://www.google.com/maps/contrib/103099516244778409151/reviews?hl=en,5,a year ago,,False,True,False,2026-09-25
P03,الواجهة البحرية,الدمام,كورنيش,https://maps.app.goo.gl/E5ZBjcN8sv3pc3Jh8,Ci9DQUlRQUNvZENodHljRjlvT2xaNmMxcGtWVXB2VDJnNFJGRkZPSGxvWm5GRGFGRRAB,نغم,https://www.google.com/maps/contrib/107558830764558531492/reviews?hl=en,5,a year ago,جميله جدااااا,True,True,False,2026-09-25
P03,الواجهة البحرية,الدمام,كورنيش,https://maps.app.goo.gl/E5ZBjcN8sv3pc3Jh8,Ci9DQUlRQUNvZENodHljRjlvT2toQ05rNUxkbDkxZGw5MmEwOVhibWRFT1VSS2RXYxAB,Hesham Emran,https://www.google.com/maps/contrib/110793676704677853366/reviews?hl=en,5,a year ago,,False,True,False,2026-09-25
P03,الواجهة البحرية,الدمام,كورنيش,https://maps.app.goo.gl/E5ZBjcN8sv3pc3Jh8,Ci9DQUlRQUNvZENodHljRjlvT25KMWEwRTRZMUp5WWs1c2JXRmxhMWRUVUhOelVrRRAB,sami mohammed,https://www.google.com/maps/contrib/106527018861434382607/reviews?hl=en,5,a year ago,ممتاز,True,True,False,2026-09-25
P03,الواجهة البحرية,الدمام,كورنيش,https://maps.app.goo.gl/E5ZBjcN8sv3pc3Jh8,Ci9DQUlRQUNvZENodHljRjlvT25BeU9YVXdkVFJVUVZGSlFYTlVSR00yVTNWVVZuYxAB,BASHAYER,https://www.google.com/maps/contrib/102074124949654094306/reviews?hl=en,5,a year ago,,False,True,False,2026-09-25
P03,الواجهة البحرية,الدمام,كورنيش,https://maps.app.goo.gl/E5ZBjcN8sv3pc3Jh8,Ci9DQUlRQUNvZENodHljRjlvT2tsVGEzSkxiMkoxWjBaM1RGOVlhMlZNVjI5NU0wRRAB,Care Spray,https://www.google.com/maps/contrib/113859719754203899470/reviews?hl=en,5,a year ago,,False,True,False,2026-09-25
P03,الواجهة البحرية,الدمام,كورنيش,https://maps.app.goo.gl/E5ZBjcN8sv3pc3Jh8,Ci9DQUlRQUNvZENodHljRjlvT2tjNGRHcEpNREJXVG1SbVgwMHdWR3hsU0hOSlFYYxAB,SAJID ALI,https://www.google.com/maps/contrib/117166180624427670923/reviews?hl=en,5,a year ago,Very very nice,False,True,False,2026-09-25
P03,الواجهة البحرية,الدمام,كورنيش,https://maps.app.goo.gl/E5ZBjcN8sv3pc3Jh8,Ci9DQUlRQUNvZENodHljRjlvT2paTlkyZGllRXBuYTJScFlsWkZjMnd6TUVzNFNWRRAB,يحيي المحيسن,https://www.google.com/maps/contrib/112943429845243124913/reviews?hl=en,5,a year ago,,False,True,False,2026-09-25
P03,الواجهة البحرية,الدمام,كورنيش,https://maps.app.goo.gl/E5ZBjcN8sv3pc3Jh8,Ci9DQUlRQUNvZENodHljRjlvT2pGVlpHazVVUzFDYjFweldHcERRVEJrV25aRlNFRRAB,Mohammad Abd Elsalam,https://www.google.com/maps/contrib/116186273792628757464/reviews?hl=en,4,a year ago,,False,True,False,2026-09-25
P03,الواجهة البحرية,الدمام,كورنيش,https://maps.app.goo.gl/E5ZBjcN8sv3pc3Jh8,Ci9DQUlRQUNvZENodHljRjlvT2pkNFdsRkVXVU10YWxJNE9VUXlhR3RtZDB4RE9WRRAB,Ahmed Mohammed,https://www.google.com/maps/contrib/111302552002994761117/reviews?hl=en,3,a year ago,,False,True,False,2026-09-25
P03,الواجهة البحرية,الدمام,كورنيش,https://maps.app.goo.gl/E5ZBjcN8sv3pc3Jh8,Ci9DQUlRQUNvZENodHljRjlvT2s1cVFsVk1abEZFY0VJMllrNXlYMjFUVkZCSmVIYxAB,عبدالله الشمراني,https://www.google.com/maps/contrib/109265528309581250669/reviews?hl=en,4,a year ago,,False,True,False,2026-09-25
P03,الواجهة البحرية,الدمام,كورنيش,https://maps.app.goo.gl/E5ZBjcN8sv3pc3Jh8,Ci9DQUlRQUNvZENodHljRjlvT25oS2JURjVTSFpyVGs5T1VHaEVkVlJ2Ylhsc1puYxAB,Abubaker Hasan,https://www.google.com/maps/contrib/106525692534193834316/reviews?hl=en,5,a year ago,,False,True,False,2026-09-25
P03,الواجهة البحرية,الدمام,كورنيش,https://maps.app.goo.gl/E5ZBjcN8sv3pc3Jh8,Ci9DQUlRQUNvZENodHljRjlvT2tvMGIwMUpiekY0UW5KRFlXODFORXh4WkdKaGQyYxAB,Vip “Omar” Star,https://www.google.com/maps/contrib/104475392885257115330/reviews?hl=en,4,a year ago,,False,True,False,2026-09-25
P03,الواجهة البحرية,الدمام,كورنيش,https://maps.app.goo.gl/E5ZBjcN8sv3pc3Jh8,Ci9DQUlRQUNvZENodHljRjlvT2xGYWRHbGlhR2xtYzB4M2NreElOV2xxT1hrd1dYYxAB,Sultan Zayed,https://www.google.com/maps/contrib/100197204317126466248/reviews?hl=en,5,a year ago,مكان جميل وهادئ ينفع للعوائل ولاكن علية تطوير حاليآ,True,True,False,2026-09-25
P03,الواجهة البحرية,الدمام,كورنيش,https://maps.app.goo.gl/E5ZBjcN8sv3pc3Jh8,Ci9DQUlRQUNvZENodHljRjlvT2toMFl6UkpSbHBPT0ZJeFpIRmFRMlJQU3kxVWIyYxAB,تاج السر فتحى,https://www.google.com/maps/contrib/106171199670460198899/reviews?hl=en,4,a year ago,"حالياً فيه اصلاحات كثيره
ولذلك ينقصه النظافة والاهتمام",True,True,False,2026-09-25
P03,الواجهة البحرية,الدمام,كورنيش,https://maps.app.goo.gl/E5ZBjcN8sv3pc3Jh8,Ci9DQUlRQUNvZENodHljRjlvT21GUVNYSmpObU14YTFkSmVYTk5NMnQxWkZoQ2NsRRAB,الأثر الجميل عبدالرحمن,https://www.google.com/maps/contrib/101854793619822707326/reviews?hl=en,5,a year ago,,False,True,False,2026-09-25
P03,الواجهة البحرية,الدمام,كورنيش,https://maps.app.goo.gl/E5ZBjcN8sv3pc3Jh8,Ci9DQUlRQUNvZENodHljRjlvT2w5YVluQkNWbGhKUW1Wb1JuUllNVTA1WlhCTVNHYxAB,aliabdalrheem Omer,https://www.google.com/maps/contrib/100436437588889116774/reviews?hl=en,5,a year ago,مكان جميل ومرتب يصلح للترفيه,True,True,False,2026-09-25
P03,الواجهة البحرية,الدمام,كورنيش,https://maps.app.goo.gl/E5ZBjcN8sv3pc3Jh8,Ci9DQUlRQUNvZENodHljRjlvT21oS01rUk5aR1ZhU2xaWFpIVXhZMjVuUmpSTmNrRRAB,‫مهند (ابو احمد)‬‎,https://www.google.com/maps/contrib/104531038071874140305/reviews?hl=en,5,a year ago,,False,True,False,2026-09-25
P03,الواجهة البحرية,الدمام,كورنيش,https://maps.app.goo.gl/E5ZBjcN8sv3pc3Jh8,Ci9DQUlRQUNvZENodHljRjlvT2t3M1YybEpUMUYwTkVKNExWcG5aVzlaYmxkWE5VRRAB,ABDULAZUZ,https://www.google.com/maps/contrib/105376711004583825828/reviews?hl=en,5,a year ago,المكان روعه,True,True,False,2026-09-25
P03,الواجهة البحرية,الدمام,كورنيش,https://maps.app.goo.gl/E5ZBjcN8sv3pc3Jh8,Ci9DQUlRQUNvZENodHljRjlvT2xWclpYbHpSbVZYVGpKUVNGOHliazE0V2xsTFdIYxAB,محمد الدوسري,https://www.google.com/maps/contrib/117281719890216633258/reviews?hl=en,5,a year ago,,False,True,False,2026-09-25
P03,الواجهة البحرية,الدمام,كورنيش,https://maps.app.goo.gl/E5ZBjcN8sv3pc3Jh8,Ci9DQUlRQUNvZENodHljRjlvT2tKRVNYRlROV2hrYkdoV1kwMVNTREpJYlhsMVFVRRAB,king Fahd,https://www.google.com/maps/contrib/110677001224466922519/reviews?hl=en,5,a year ago,,False,True,False,2026-09-25
P03,الواجهة البحرية,الدمام,كورنيش,https://maps.app.goo.gl/E5ZBjcN8sv3pc3Jh8,Ci9DQUlRQUNvZENodHljRjlvT2pJeU5XVTJXVGxKZWtWSmFsZGlORjlOZERGVk0yYxAB,سمير الجهني,https://www.google.com/maps/contrib/105859153554725765191/reviews?hl=en,5,a year ago,نظيفة ومناسبه للعوائل والشباب وجميلة جداً والعابهم ممتازه وكمان دورات المياه عزكم الله,True,True,False,2026-09-25
P03,الواجهة البحرية,الدمام,كورنيش,https://maps.app.goo.gl/E5ZBjcN8sv3pc3Jh8,Ci9DQUlRQUNvZENodHljRjlvT2tVNVJGUk9hVEZKTURKd2R6TnllR2x1VFhSNVYyYxAB,Lafi Muhammad,https://www.google.com/maps/contrib/108444992956474332251/reviews?hl=en,5,Edited a year ago,"**الواجهة البحرية بالدمام: جوهرة الساحل الشرقي**

تعد الواجهة البحرية في الدمام واحدة من أبرز المعالم السياحية والترفيهية في المنطقة الشرقية، حيث تجمع بين جمال الطبيعة الساحرة وروعة التصاميم العصرية. تمتد هذه الواجهة على طول ساحل الخليج العربي، مما يوفر إطلالة خلابة على المياه الزرقاء والمناظر الطبيعية الهادئة، مما يجعلها مقصداً للعائلات والشباب والسياح على حد سواء.

تتميز الواجهة البحرية بمسارات للمشي والركوب الدراجات، مزودة بإضاءة جميلة تزيد من جمالها ليلاً، بالإضافة إلى مناطق خضراء واسعة ومقاعد مريحة للاسترخاء. كما تحتوي على العديد من المطاعم والمقاهي التي تقدم أشهى المأكولات والمشروبات مع إطلالة مباشرة على البحر، مما يجعلها مكاناً مثالياً للتنزه وقضاء الأوقات الممتعة.

ولا تخلو الواجهة من الأنشطة الترفيهية، مثل الألعاب المائية والجولات البحرية، فضلاً عن المهرجانات والفعاليات التي تقام فيها على مدار العام، مما يضفي حيوية وبهجة على المكان. بفضل هذه المميزات، أصبحت الواجهة البحرية بالدمام وجهة لا غنى عنها لكل من يبحث عن الاستجمام والترفيه في أجواء ساحلية فريدة.

باختصار، تمثل الواجهة البحرية بالدمام لوحة فنية تجسد جمال الطبيعة وعبقرية التخطيط الحضري، مما يجعلها فخراً للمنطقة ومصدراً للفخر لأهلها وزوارها.",True,True,False,2026-09-25
P03,الواجهة البحرية,الدمام,كورنيش,https://maps.app.goo.gl/E5ZBjcN8sv3pc3Jh8,Ci9DQUlRQUNvZENodHljRjlvT2xZeWJFMVpaVmd5TFdzMFRtRnpUR3R3UTBsaGFVRRAB,بو محمد ال خليفة,https://www.google.com/maps/contrib/111199084337311324211/reviews?hl=en,5,a year ago,كل رغبات العوائل والافراد فيه,True,True,False,2026-09-25
P03,الواجهة البحرية,الدمام,كورنيش,https://maps.app.goo.gl/E5ZBjcN8sv3pc3Jh8,Ci9DQUlRQUNvZENodHljRjlvT2pOd01ubHBSbUkwVVVweVVuWkNiR3BqV25KT1ZIYxAB,Abu Ali Qawzay,https://www.google.com/maps/contrib/110563753281283688002/reviews?hl=en,5,a year ago,,False,True,False,2026-09-25
P03,الواجهة البحرية,الدمام,كورنيش,https://maps.app.goo.gl/E5ZBjcN8sv3pc3Jh8,Ci9DQUlRQUNvZENodHljRjlvT2twS1NtVlpVMmxGWVhCcVEydFJNWFJpTURkYWMzYxAB,Musab Hossein,https://www.google.com/maps/contrib/103154884248288345406/reviews?hl=en,5,a year ago,,False,True,False,2026-09-25
P03,الواجهة البحرية,الدمام,كورنيش,https://maps.app.goo.gl/E5ZBjcN8sv3pc3Jh8,Ci9DQUlRQUNvZENodHljRjlvT2s1a2F6azNjM2RYWmxWb1RsSlFiVGhMYkROcU4xRRAB,Mahamed Saeed,https://www.google.com/maps/contrib/103018606263830901223/reviews?hl=en,5,a year ago,,False,True,False,2026-09-25
P03,الواجهة البحرية,الدمام,كورنيش,https://maps.app.goo.gl/E5ZBjcN8sv3pc3Jh8,Ci9DQUlRQUNvZENodHljRjlvT2pkMWNGUkhTMmxWV20xNlkyaE9OMnRmTUcxYVQwRRAB,sadam jori,https://www.google.com/maps/contrib/105529747106679159565/reviews?hl=en,5,a year ago,منطقة كويسه تطل على البحر,True,True,False,2026-09-25
P03,الواجهة البحرية,الدمام,كورنيش,https://maps.app.goo.gl/E5ZBjcN8sv3pc3Jh8,Ci9DQUlRQUNvZENodHljRjlvT25sUGFtWjFUbmRLYTNGSFlUQlZOV3R6TFhWb2VHYxAB,KHALED MATAR,https://www.google.com/maps/contrib/108643040078488942307/reviews?hl=en,4,a year ago,مكان جميل وممتع,True,True,False,2026-09-25
P03,الواجهة البحرية,الدمام,كورنيش,https://maps.app.goo.gl/E5ZBjcN8sv3pc3Jh8,Ci9DQUlRQUNvZENodHljRjlvT21kM00xaE5kbEZYZUZocFJFaElaVVJpTlVsdllVRRAB,marwa ibrahim,https://www.google.com/maps/contrib/115682764326104281850/reviews?hl=en,5,a year ago,,False,True,False,2026-09-25
P03,الواجهة البحرية,الدمام,كورنيش,https://maps.app.goo.gl/E5ZBjcN8sv3pc3Jh8,ChZDSUhNMG9nS0VOUzV2N0tINS16U0pBEAE,Mohammed Al Gomaie,https://www.google.com/maps/contrib/108595107670156907343/reviews?hl=en,5,a year ago,,False,True,False,2026-09-25
P03,الواجهة البحرية,الدمام,كورنيش,https://maps.app.goo.gl/E5ZBjcN8sv3pc3Jh8,Ci9DQUlRQUNvZENodHljRjlvT2t0ZlR6bDVVa2RrYm5KVmFqZzJMVlpOTmtsQ2NWRRAB,Haleem Ullah,https://www.google.com/maps/contrib/103132322907679575620/reviews?hl=en,5,a year ago,,False,True,False,2026-09-25
P03,الواجهة البحرية,الدمام,كورنيش,https://maps.app.goo.gl/E5ZBjcN8sv3pc3Jh8,ChRDSUhNMG9nS0VMU1ZrYTY5M2VjRRAB,مرتضئ مرتضئ,https://www.google.com/maps/contrib/106803631885686252569/reviews?hl=en,5,a year ago,يستحق العناء,True,True,False,2026-09-25
P03,الواجهة البحرية,الدمام,كورنيش,https://maps.app.goo.gl/E5ZBjcN8sv3pc3Jh8,ChdDSUhNMG9nS0VOYU9pczMxODlqdHVnRRAB,مرتضى احمد,https://www.google.com/maps/contrib/104132898085007428805/reviews?hl=en,5,a year ago,,False,True,False,2026-09-25
P03,الواجهة البحرية,الدمام,كورنيش,https://maps.app.goo.gl/E5ZBjcN8sv3pc3Jh8,ChdDSUhNMG9nS0VJdUFsOWJJMGIzbmtRRRAB,عبدالعزيز الفويس,https://www.google.com/maps/contrib/109667951957064525508/reviews?hl=en,4,Edited a year ago,مكان جيد,True,True,False,2026-09-25
P03,الواجهة البحرية,الدمام,كورنيش,https://maps.app.goo.gl/E5ZBjcN8sv3pc3Jh8,ChdDSUhNMG9nS0VQX2g0TXZZd3JiOHNBRRAB,سفر وتنقل ابو صالح 1,https://www.google.com/maps/contrib/116370776847368690550/reviews?hl=en,5,a year ago,جميلة جدآ,True,True,False,2026-09-25
P03,الواجهة البحرية,الدمام,كورنيش,https://maps.app.goo.gl/E5ZBjcN8sv3pc3Jh8,ChdDSUhNMG9nS0VKLXl1c24wX2RqQmpnRRAB,Salah ٩٠٩٠,https://www.google.com/maps/contrib/103114307649509041497/reviews?hl=en,5,a year ago,,False,True,False,2026-09-25
P03,الواجهة البحرية,الدمام,كورنيش,https://maps.app.goo.gl/E5ZBjcN8sv3pc3Jh8,ChZDSUhNMG9nS0VJQ0FnSUMzay1pRWRBEAE,Abdullah Abo alsel,https://www.google.com/maps/contrib/117014551685818693091/reviews?hl=en,5,Edited a year ago,"كورنيش جميل و نظيف ولكن المشكلة في العربات الكرهبائية المؤجرة يحطون اغاني بصوت عالي و مزعج و رايحين جايين و عدا عن خطورتها ممكن يدهسون اطفال
ارجوا من البلدية مشكورين منع تاجير العربات الكهربائية أو وضع ضوابط لها",True,True,False,2026-09-25
P03,الواجهة البحرية,الدمام,كورنيش,https://maps.app.goo.gl/E5ZBjcN8sv3pc3Jh8,ChdDSUhNMG9nS0VKMmhrYzN1a0xyRXV3RRAB,Mahmoud Mobark,https://www.google.com/maps/contrib/103100856670452850862/reviews?hl=en,4,a year ago,تحفه فنيه,True,True,False,2026-09-25
P03,الواجهة البحرية,الدمام,كورنيش,https://maps.app.goo.gl/E5ZBjcN8sv3pc3Jh8,ChZDSUhNMG9nS0VKM2RuZXFNeFBXMVV3EAE,- عبدالرحمن,https://www.google.com/maps/contrib/105485850065213262099/reviews?hl=en,4,a year ago,,False,True,False,2026-09-25
P03,الواجهة البحرية,الدمام,كورنيش,https://maps.app.goo.gl/E5ZBjcN8sv3pc3Jh8,ChZDSUhNMG9nS0VJakZqZGJ4X3JiUUV3EAE,Basim Abdulaziz,https://www.google.com/maps/contrib/107312877970774836899/reviews?hl=en,2,a year ago,تحتاج الكثير من الصيانة والتجديد.,True,True,False,2026-09-25
P03,الواجهة البحرية,الدمام,كورنيش,https://maps.app.goo.gl/E5ZBjcN8sv3pc3Jh8,ChdDSUhNMG9nS0VNTDVpTTZvMDkyUS1nRRAB,محمد العيسوى,https://www.google.com/maps/contrib/114040055272444767689/reviews?hl=en,4,a year ago,,False,True,False,2026-09-25
P03,الواجهة البحرية,الدمام,كورنيش,https://maps.app.goo.gl/E5ZBjcN8sv3pc3Jh8,ChdDSUhNMG9nS0VMSFVzYkhmcU55dXVBRRAB,Amen Grada,https://www.google.com/maps/contrib/118253485595637268306/reviews?hl=en,5,a year ago,,False,True,False,2026-09-25
P03,الواجهة البحرية,الدمام,كورنيش,https://maps.app.goo.gl/E5ZBjcN8sv3pc3Jh8,ChZDSUhNMG9nS0VJQ0FnTUNZM1BQYktnEAE,ÄØ,https://www.google.com/maps/contrib/101041471156100075429/reviews?hl=en,5,a year ago,,False,True,False,2026-09-25
P03,الواجهة البحرية,الدمام,كورنيش,https://maps.app.goo.gl/E5ZBjcN8sv3pc3Jh8,ChZDSUhNMG9nS0VJQ0FnTUNZdElHdUxBEAE,Shadi Nihad,https://www.google.com/maps/contrib/116239070303423819932/reviews?hl=en,5,a year ago,,False,True,False,2026-09-25
P03,الواجهة البحرية,الدمام,كورنيش,https://maps.app.goo.gl/E5ZBjcN8sv3pc3Jh8,ChZDSUhNMG9nS0VJQ0FnTUNZdE15TUd3EAE,ربيع عيسوى,https://www.google.com/maps/contrib/113465282482053043039/reviews?hl=en,4,a year ago,رائع,True,True,False,2026-09-25
P03,الواجهة البحرية,الدمام,كورنيش,https://maps.app.goo.gl/E5ZBjcN8sv3pc3Jh8,ChdDSUhNMG9nS0VJQ0FnTURvcFpmWXlnRRAB,maeadh aleumri,https://www.google.com/maps/contrib/101399814455208322885/reviews?hl=en,4,a year ago,ممتازة لجلسه فيها,True,True,False,2026-09-25
P03,الواجهة البحرية,الدمام,كورنيش,https://maps.app.goo.gl/E5ZBjcN8sv3pc3Jh8,ChdDSUhNMG9nS0VJQ0FnTURvcGIyczRnRRAB,Seka Nono,https://www.google.com/maps/contrib/116694967224795776483/reviews?hl=en,5,a year ago,,False,True,False,2026-09-25
P03,الواجهة البحرية,الدمام,كورنيش,https://maps.app.goo.gl/E5ZBjcN8sv3pc3Jh8,ChdDSUhNMG9nS0VJQ0FnTURvMlBuRi1nRRAB,تحسين ظهور الأنشطةعلى google,https://www.google.com/maps/contrib/102445988531372060818/reviews?hl=en,4,a year ago,ما في كلام يتقال غير رووووعه,True,True,False,2026-09-25
P03,الواجهة البحرية,الدمام,كورنيش,https://maps.app.goo.gl/E5ZBjcN8sv3pc3Jh8,ChdDSUhNMG9nS0VJQ0FnTUNvczhxOHpBRRAB,Mahmoud talaat,https://www.google.com/maps/contrib/112266899855861961914/reviews?hl=en,5,a year ago,,False,True,False,2026-09-25
P03,الواجهة البحرية,الدمام,كورنيش,https://maps.app.goo.gl/E5ZBjcN8sv3pc3Jh8,ChZDSUhNMG9nS0VJQ0FnTUNvOWQyUklBEAE,ابراهيم القزالي,https://www.google.com/maps/contrib/106083955489607262255/reviews?hl=en,5,a year ago,,False,True,False,2026-09-25
P03,الواجهة البحرية,الدمام,كورنيش,https://maps.app.goo.gl/E5ZBjcN8sv3pc3Jh8,ChdDSUhNMG9nS0VJQ0FnTUNveXQyNzZ3RRAB,احمد الحبيشي,https://www.google.com/maps/contrib/107462183350297220618/reviews?hl=en,5,a year ago,اجواء جميله,True,True,False,2026-09-25
P03,الواجهة البحرية,الدمام,كورنيش,https://maps.app.goo.gl/E5ZBjcN8sv3pc3Jh8,ChdDSUhNMG9nS0VJQ0FnTUNvLUtfYjl3RRAB,ss ss,https://www.google.com/maps/contrib/116622417574908559205/reviews?hl=en,1,a year ago,,False,True,False,2026-09-25
P03,الواجهة البحرية,الدمام,كورنيش,https://maps.app.goo.gl/E5ZBjcN8sv3pc3Jh8,ChdDSUhNMG9nS0VJQ0FnTUNvOExLRXVRRRAB,احمد السيقلي,https://www.google.com/maps/contrib/100155347854031338838/reviews?hl=en,5,a year ago,,False,True,False,2026-09-25
P03,الواجهة البحرية,الدمام,كورنيش,https://maps.app.goo.gl/E5ZBjcN8sv3pc3Jh8,ChdDSUhNMG9nS0VJQ0FnTUNvZ09uMjVnRRAB,Sayed Hassan,https://www.google.com/maps/contrib/111409533283773781123/reviews?hl=en,4,a year ago,,False,True,False,2026-09-25
P03,الواجهة البحرية,الدمام,كورنيش,https://maps.app.goo.gl/E5ZBjcN8sv3pc3Jh8,ChZDSUhNMG9nS0VJQ0FnTURJOTVDWU13EAE,Abdulhadi Mohammed,https://www.google.com/maps/contrib/114507315642261266727/reviews?hl=en,4,a year ago,,False,True,False,2026-09-25
P03,الواجهة البحرية,الدمام,كورنيش,https://maps.app.goo.gl/E5ZBjcN8sv3pc3Jh8,ChdDSUhNMG9nS0VJQ0FnTURJay1YbHFRRRAB,ميثم العبداللطيف,https://www.google.com/maps/contrib/103620574565230336218/reviews?hl=en,3,a year ago,"المكان هادئ
الحمامات جيده من حيث النظافة
قلة الزحمة فيه اعقد بسبب الاماكن المغلقة لبناء المتحف و مشاريع أخرى",True,True,False,2026-09-25
P03,الواجهة البحرية,الدمام,كورنيش,https://maps.app.goo.gl/E5ZBjcN8sv3pc3Jh8,ChdDSUhNMG9nS0VJQ0FnTURJM1k2bHN3RRAB,ALI ALQAHTANI,https://www.google.com/maps/contrib/112573674065072413665/reviews?hl=en,5,a year ago,,False,True,False,2026-09-25
P03,الواجهة البحرية,الدمام,كورنيش,https://maps.app.goo.gl/E5ZBjcN8sv3pc3Jh8,ChZDSUhNMG9nS0VJQ0FnTURJOXA3dWZBEAE,ALI M ALHAIDARI,https://www.google.com/maps/contrib/117220109976219747996/reviews?hl=en,5,a year ago,ممتاز,True,True,False,2026-09-25
P03,الواجهة البحرية,الدمام,كورنيش,https://maps.app.goo.gl/E5ZBjcN8sv3pc3Jh8,ChdDSUhNMG9nS0VJQ0FnTURJMnNYZy1nRRAB,اللورد السوري,https://www.google.com/maps/contrib/102137696536486925580/reviews?hl=en,4,a year ago,,False,True,False,2026-09-25
P03,الواجهة البحرية,الدمام,كورنيش,https://maps.app.goo.gl/E5ZBjcN8sv3pc3Jh8,ChdDSUhNMG9nS0VJQ0FnTURJeXUtYzNBRRAB,Adel Youssef,https://www.google.com/maps/contrib/109402239984843878279/reviews?hl=en,5,a year ago,واجهة بحرية جميلة و بها العاب للأطفال و ممشي و مكان للدراجات و الالعاب ❤️,True,True,False,2026-09-25
P03,الواجهة البحرية,الدمام,كورنيش,https://maps.app.goo.gl/E5ZBjcN8sv3pc3Jh8,ChZDSUhNMG9nS0VJQ0FnTURJbVBPTmJ3EAE,alnahr alali,https://www.google.com/maps/contrib/110897104666221871333/reviews?hl=en,5,a year ago,مكان روعه ويوجد العاب اطفال,True,True,False,2026-09-25
P03,الواجهة البحرية,الدمام,كورنيش,https://maps.app.goo.gl/E5ZBjcN8sv3pc3Jh8,ChZDSUhNMG9nS0VJQ0FnTUNJbTdLOFRBEAE,Sabri Elhassan,https://www.google.com/maps/contrib/117967605053432467560/reviews?hl=en,5,a year ago,,False,True,False,2026-09-25
P03,الواجهة البحرية,الدمام,كورنيش,https://maps.app.goo.gl/E5ZBjcN8sv3pc3Jh8,ChdDSUhNMG9nS0VJQ0FnTUNJeTVQVmdRRRAB,خلف الشمراني,https://www.google.com/maps/contrib/106028088601597594311/reviews?hl=en,3,a year ago,,False,True,False,2026-09-25
P03,الواجهة البحرية,الدمام,كورنيش,https://maps.app.goo.gl/E5ZBjcN8sv3pc3Jh8,ChZDSUhNMG9nS0VJQ0FnTUNJMmVmakpREAE,Sarah Almgahwi,https://www.google.com/maps/contrib/112695852847547704854/reviews?hl=en,5,a year ago,,False,True,False,2026-09-25
P03,الواجهة البحرية,الدمام,كورنيش,https://maps.app.goo.gl/E5ZBjcN8sv3pc3Jh8,ChZDSUhNMG9nS0VJQ0FnTUNJMGNDUll3EAE,Mustafa Al Wil,https://www.google.com/maps/contrib/108588391003459585064/reviews?hl=en,5,a year ago,,False,True,False,2026-09-25
P03,الواجهة البحرية,الدمام,كورنيش,https://maps.app.goo.gl/E5ZBjcN8sv3pc3Jh8,ChZDSUhNMG9nS0VJQ0FnTUNJcnFlNFdBEAE,مجموعة الدكتور ياسر الباشا,https://www.google.com/maps/contrib/111199241494376636397/reviews?hl=en,5,a year ago,,False,True,False,2026-09-25
P03,الواجهة البحرية,الدمام,كورنيش,https://maps.app.goo.gl/E5ZBjcN8sv3pc3Jh8,ChZDSUhNMG9nS0VJQ0FnTUNJOUlhX053EAE,αвσ ѕυlтαη,https://www.google.com/maps/contrib/114080593186109008254/reviews?hl=en,3,a year ago,"المكان هادي وحلو
بس يبيله اهتمام وتطوير",True,True,False,2026-09-25
P03,الواجهة البحرية,الدمام,كورنيش,https://maps.app.goo.gl/E5ZBjcN8sv3pc3Jh8,ChdDSUhNMG9nS0VJQ0FnTUR3OTZLSHdnRRAB,Medo O22,https://www.google.com/maps/contrib/114413846386922395154/reviews?hl=en,4,a year ago,,False,True,False,2026-09-25
P03,الواجهة البحرية,الدمام,كورنيش,https://maps.app.goo.gl/E5ZBjcN8sv3pc3Jh8,ChdDSUhNMG9nS0VJQ0FnTUR3d2RubjBBRRAB,فيصل الحارثي,https://www.google.com/maps/contrib/113319755584908842207/reviews?hl=en,5,a year ago,,False,True,False,2026-09-25
P03,الواجهة البحرية,الدمام,كورنيش,https://maps.app.goo.gl/E5ZBjcN8sv3pc3Jh8,ChdDSUhNMG9nS0VJQ0FnTUR3OU42X3ZBRRAB,Dhafer Alshehri,https://www.google.com/maps/contrib/107734817369524985272/reviews?hl=en,4,a year ago,,False,True,False,2026-09-25
P03,الواجهة البحرية,الدمام,كورنيش,https://maps.app.goo.gl/E5ZBjcN8sv3pc3Jh8,ChdDSUhNMG9nS0VJQ0FnSURTd296dDhBRRAB,خالد ابو سليمان,https://www.google.com/maps/contrib/117076966208735078190/reviews?hl=en,4,Edited a year ago,,False,True,False,2026-09-25
P03,الواجهة البحرية,الدمام,كورنيش,https://maps.app.goo.gl/E5ZBjcN8sv3pc3Jh8,ChdDSUhNMG9nS0VJQ0FnTUN3eXBPWjd3RRAB,حلم العنزي,https://www.google.com/maps/contrib/111782471731501881745/reviews?hl=en,5,a year ago,,False,True,False,2026-09-25
P03,الواجهة البحرية,الدمام,كورنيش,https://maps.app.goo.gl/E5ZBjcN8sv3pc3Jh8,ChZDSUhNMG9nS0VJQ0FnTURRNUxmMlNREAE,Assayel Mohammed,https://www.google.com/maps/contrib/107720207216292567173/reviews?hl=en,2,a year ago,والله المكان حلو ومرتب ونظيف بس أنا اخاف من القطاوه وهو كله مليان بشكل فضيع منهم فَ عشان كذا ما احب اروح له اللي تخاف من القطاوه تجيب معها رشاش مويه وتقعد ترش عليهم عشان يروحون منها ولا لا تروح 🤦🏼‍♀️ …,True,True,True,2026-09-25
P03,الواجهة البحرية,الدمام,كورنيش,https://maps.app.goo.gl/E5ZBjcN8sv3pc3Jh8,ChZDSUhNMG9nS0VJQ0FnTURReE16OVZBEAE,Mostafa abd,https://www.google.com/maps/contrib/104700103676001403899/reviews?hl=en,5,a year ago,,False,True,False,2026-09-25
P03,الواجهة البحرية,الدمام,كورنيش,https://maps.app.goo.gl/E5ZBjcN8sv3pc3Jh8,ChZDSUhNMG9nS0VJQ0FnTUNRcGN2SFp3EAE,ابتسام لباد,https://www.google.com/maps/contrib/100887915139607242929/reviews?hl=en,5,a year ago,,False,True,False,2026-09-25
P03,الواجهة البحرية,الدمام,كورنيش,https://maps.app.goo.gl/E5ZBjcN8sv3pc3Jh8,ChdDSUhNMG9nS0VJQ0FnTUNRbk16bmxnRRAB,A/elah Elsayed,https://www.google.com/maps/contrib/116533652647961709258/reviews?hl=en,5,a year ago,,False,True,False,2026-09-25
P03,الواجهة البحرية,الدمام,كورنيش,https://maps.app.goo.gl/E5ZBjcN8sv3pc3Jh8,ChdDSUhNMG9nS0VJQ0FnTUNRcktMcHR3RRAB,alaa kh,https://www.google.com/maps/contrib/105070312996549826633/reviews?hl=en,5,a year ago,منظر غروب جميل,True,True,False,2026-09-25
P03,الواجهة البحرية,الدمام,كورنيش,https://maps.app.goo.gl/E5ZBjcN8sv3pc3Jh8,ChZDSUhNMG9nS0VJQ0FnTURnMzRlNFJ3EAE,el,https://www.google.com/maps/contrib/102037078951135887478/reviews?hl=en,5,a year ago,,False,True,False,2026-09-25
P03,الواجهة البحرية,الدمام,كورنيش,https://maps.app.goo.gl/E5ZBjcN8sv3pc3Jh8,ChdDSUhNMG9nS0VJQ0FnTURnNTYyYXhnRRAB,MAHER ALESSA,https://www.google.com/maps/contrib/100427115547712407338/reviews?hl=en,3,a year ago,,False,True,False,2026-09-25
P03,الواجهة البحرية,الدمام,كورنيش,https://maps.app.goo.gl/E5ZBjcN8sv3pc3Jh8,ChdDSUhNMG9nS0VJQ0FnTURnMmNibHNnRRAB,OMR AL-ABBASI,https://www.google.com/maps/contrib/115616360021119621300/reviews?hl=en,5,a year ago,,False,True,False,2026-09-25
P03,الواجهة البحرية,الدمام,كورنيش,https://maps.app.goo.gl/E5ZBjcN8sv3pc3Jh8,ChdDSUhNMG9nS0VJQ0FnTURnbXNDRm1nRRAB,AHMED AL GHARBI,https://www.google.com/maps/contrib/102413321918172221282/reviews?hl=en,4,a year ago,,False,True,False,2026-09-25
P03,الواجهة البحرية,الدمام,كورنيش,https://maps.app.goo.gl/E5ZBjcN8sv3pc3Jh8,ChZDSUhNMG9nS0VJQ0FnTURBd2RlU1NnEAE,YAHYA KHUBRANI,https://www.google.com/maps/contrib/102445510393686832557/reviews?hl=en,4,a year ago,جميل وهاديء ونظيف ، يحسب ليلدية الدمام هذا الاهتمام,True,True,False,2026-09-25
P03,الواجهة البحرية,الدمام,كورنيش,https://maps.app.goo.gl/E5ZBjcN8sv3pc3Jh8,ChdDSUhNMG9nS0VJQ0FnTURBdXFxMG5BRRAB,MESHAEL M,https://www.google.com/maps/contrib/113458777720129135071/reviews?hl=en,5,a year ago,,False,True,False,2026-09-25
P03,الواجهة البحرية,الدمام,كورنيش,https://maps.app.goo.gl/E5ZBjcN8sv3pc3Jh8,ChZDSUhNMG9nS0VJQ0FnTUNBcTlPMlpBEAE,Ahmed Almalki,https://www.google.com/maps/contrib/102495082322084806116/reviews?hl=en,5,a year ago,,False,True,False,2026-09-25
P03,الواجهة البحرية,الدمام,كورنيش,https://maps.app.goo.gl/E5ZBjcN8sv3pc3Jh8,ChdDSUhNMG9nS0VJQ0FnTUNBMWUtWW53RRAB,Ra Al,https://www.google.com/maps/contrib/116258151901794417351/reviews?hl=en,4,a year ago,,False,True,False,2026-09-25
P03,الواجهة البحرية,الدمام,كورنيش,https://maps.app.goo.gl/E5ZBjcN8sv3pc3Jh8,ChZDSUhNMG9nS0VJQ0FnTUNBM3RhZEZnEAE,amoon nasser,https://www.google.com/maps/contrib/101425997406560147373/reviews?hl=en,5,a year ago,ي الله على المكان و جمال المكان و النظاااااافة ما شاء الله لا قوة إلا بالله 😢😢💕💕💕 …,True,True,True,2026-09-25
P03,الواجهة البحرية,الدمام,كورنيش,https://maps.app.goo.gl/E5ZBjcN8sv3pc3Jh8,ChZDSUhNMG9nS0VJQ0FnTUNBMHJPRU9BEAE,عثمان,https://www.google.com/maps/contrib/115383460684150134922/reviews?hl=en,4,a year ago,مكان جميل و هاديء ساحة للجلوس و مسارات للمشي مناسب للعائلات و الشباب,True,True,False,2026-09-25
P03,الواجهة البحرية,الدمام,كورنيش,https://maps.app.goo.gl/E5ZBjcN8sv3pc3Jh8,ChdDSUhNMG9nS0VJQ0FnTUNBMk5UeGtBRRAB,انا,https://www.google.com/maps/contrib/104728347231998203970/reviews?hl=en,3,a year ago,,False,True,False,2026-09-25
P03,الواجهة البحرية,الدمام,كورنيش,https://maps.app.goo.gl/E5ZBjcN8sv3pc3Jh8,ChZDSUhNMG9nS0VJQ0FnSURfN2UzT0R3EAE,* Ofi * Alofi *,https://www.google.com/maps/contrib/101989531613202707480/reviews?hl=en,4,a year ago,جميل وممشى اجمل لكن دورات المياه سيئة جدا جدا,True,True,False,2026-09-25
P03,الواجهة البحرية,الدمام,كورنيش,https://maps.app.goo.gl/E5ZBjcN8sv3pc3Jh8,ChZDSUhNMG9nS0VJQ0FnSUNtMU9qbENBEAE,Aymnfm,https://www.google.com/maps/contrib/106045237437856592558/reviews?hl=en,5,Edited a year ago,مكان مناسب لقضاء وقت ممتع يناسب كافة أفراد العائلة,True,True,False,2026-09-25
P03,الواجهة البحرية,الدمام,كورنيش,https://maps.app.goo.gl/E5ZBjcN8sv3pc3Jh8,ChdDSUhNMG9nS0VJQ0FnSUNfb3RIMHBnRRAB,Abw Khalid,https://www.google.com/maps/contrib/117614784148227108442/reviews?hl=en,5,a year ago,افضل منتجع سياحي بالنسبة لي,True,True,False,2026-09-25
P03,الواجهة البحرية,الدمام,كورنيش,https://maps.app.goo.gl/E5ZBjcN8sv3pc3Jh8,ChdDSUhNMG9nS0VJQ0FnSUNfeUx2T3p3RRAB,Memories,https://www.google.com/maps/contrib/111944039690433185981/reviews?hl=en,5,a year ago,المكان واسع والتمشيه فيه ممتعه,True,True,False,2026-09-25
P03,الواجهة البحرية,الدمام,كورنيش,https://maps.app.goo.gl/E5ZBjcN8sv3pc3Jh8,ChdDSUhNMG9nS0VJQ0FnSUNfaU5uVzhRRRAB,امجد الرويلي,https://www.google.com/maps/contrib/112967726533652565138/reviews?hl=en,5,a year ago,مكان سياحي درجة اولى,True,True,False,2026-09-25
P03,الواجهة البحرية,الدمام,كورنيش,https://maps.app.goo.gl/E5ZBjcN8sv3pc3Jh8,ChdDSUhNMG9nS0VJQ0FnSURmeTVyUWh3RRAB,Mohammed Moursy,https://www.google.com/maps/contrib/118054477218104320284/reviews?hl=en,5,a year ago,,False,True,False,2026-09-25
P03,الواجهة البحرية,الدمام,كورنيش,https://maps.app.goo.gl/E5ZBjcN8sv3pc3Jh8,ChZDSUhNMG9nS0VJQ0FnSUNma19lZUZREAE,alnoras,https://www.google.com/maps/contrib/105375563629808504803/reviews?hl=en,5,a year ago,,False,True,False,2026-09-25
P03,الواجهة البحرية,الدمام,كورنيش,https://maps.app.goo.gl/E5ZBjcN8sv3pc3Jh8,ChdDSUhNMG9nS0VJQ0FnSUNmckpyZm9BRRAB,Moustafa Othman,https://www.google.com/maps/contrib/101593137720058996913/reviews?hl=en,3,a year ago,,False,True,False,2026-09-25
P03,الواجهة البحرية,الدمام,كورنيش,https://maps.app.goo.gl/E5ZBjcN8sv3pc3Jh8,ChdDSUhNMG9nS0VJQ0FnSUNmeklydDBnRRAB,Medoo Adv,https://www.google.com/maps/contrib/106844473339832580225/reviews?hl=en,4,a year ago,,False,True,False,2026-09-25
P03,الواجهة البحرية,الدمام,كورنيش,https://maps.app.goo.gl/E5ZBjcN8sv3pc3Jh8,ChZDSUhNMG9nS0VJQ0FnSUR2cS1EMEN3EAE,حسن عبدالله,https://www.google.com/maps/contrib/115507414851389963901/reviews?hl=en,5,a year ago,جميله,True,True,False,2026-09-25
P03,الواجهة البحرية,الدمام,كورنيش,https://maps.app.goo.gl/E5ZBjcN8sv3pc3Jh8,ChdDSUhNMG9nS0VJQ0FnSUN2OXY2RmhRRRAB,ابونواف السبيعي,https://www.google.com/maps/contrib/107249140437811511125/reviews?hl=en,5,a year ago,,False,True,False,2026-09-25
P03,الواجهة البحرية,الدمام,كورنيش,https://maps.app.goo.gl/E5ZBjcN8sv3pc3Jh8,ChZDSUhNMG9nS0VJQ0FnSUN2MXNQOWJnEAE,Mohamed Saleh,https://www.google.com/maps/contrib/103484703619886668872/reviews?hl=en,5,a year ago,اجواء رائعة,True,True,False,2026-09-25
P03,الواجهة البحرية,الدمام,كورنيش,https://maps.app.goo.gl/E5ZBjcN8sv3pc3Jh8,ChdDSUhNMG9nS0VJQ0FnSUN2bUszS2pnRRAB,عبدالكريم الصيرفي,https://www.google.com/maps/contrib/110569823820690179631/reviews?hl=en,4,a year ago,,False,True,False,2026-09-25
P03,الواجهة البحرية,الدمام,كورنيش,https://maps.app.goo.gl/E5ZBjcN8sv3pc3Jh8,ChZDSUhNMG9nS0VJQ0FnSURQLWVpMkNnEAE,Eng.Abdelrahman Hamdan,https://www.google.com/maps/contrib/108343519124499992327/reviews?hl=en,5,a year ago,جميل جدا,True,True,False,2026-09-25
P03,الواجهة البحرية,الدمام,كورنيش,https://maps.app.goo.gl/E5ZBjcN8sv3pc3Jh8,ChdDSUhNMG9nS0VJQ0FnSURQbHJlS3hnRRAB,Mohamed Abdu,https://www.google.com/maps/contrib/100310793967896966763/reviews?hl=en,5,a year ago,,False,True,False,2026-09-25
P03,الواجهة البحرية,الدمام,كورنيش,https://maps.app.goo.gl/E5ZBjcN8sv3pc3Jh8,ChdDSUhNMG9nS0VJQ0FnSURQNnQ2N3pRRRAB,sultan nasser,https://www.google.com/maps/contrib/106011431264113889754/reviews?hl=en,5,a year ago,,False,True,False,2026-09-25
P03,الواجهة البحرية,الدمام,كورنيش,https://maps.app.goo.gl/E5ZBjcN8sv3pc3Jh8,ChZDSUhNMG9nS0VJQ0FnSURQdEk3VFNBEAE,عبدالله الناصر,https://www.google.com/maps/contrib/110154457211365613453/reviews?hl=en,5,a year ago,,False,True,False,2026-09-25
P03,الواجهة البحرية,الدمام,كورنيش,https://maps.app.goo.gl/E5ZBjcN8sv3pc3Jh8,ChZDSUhNMG9nS0VJQ0FnSURQc042Q1dREAE,Ibrahim Mubarak,https://www.google.com/maps/contrib/108434950797475202375/reviews?hl=en,5,a year ago,,False,True,False,2026-09-25
P03,الواجهة البحرية,الدمام,كورنيش,https://maps.app.goo.gl/E5ZBjcN8sv3pc3Jh8,ChZDSUhNMG9nS0VJQ0FnSUNQaWJla0hREAE,rasha youssef,https://www.google.com/maps/contrib/100488551909716940083/reviews?hl=en,4,a year ago,,False,True,False,2026-09-25
P03,الواجهة البحرية,الدمام,كورنيش,https://maps.app.goo.gl/E5ZBjcN8sv3pc3Jh8,ChdDSUhNMG9nS0VJQ0FnSUQzbi12VHpnRRAB,ماهر المصري,https://www.google.com/maps/contrib/104243847492492626715/reviews?hl=en,5,a year ago,,False,True,False,2026-09-25
P03,الواجهة البحرية,الدمام,كورنيش,https://maps.app.goo.gl/E5ZBjcN8sv3pc3Jh8,ChZDSUhNMG9nS0VJQ0FnSUQzbDZDTVJBEAE,Glitter of myasine,https://www.google.com/maps/contrib/117158198360784008819/reviews?hl=en,5,a year ago,راقيه ونظيفه وحلوه,True,True,False,2026-09-25
P03,الواجهة البحرية,الدمام,كورنيش,https://maps.app.goo.gl/E5ZBjcN8sv3pc3Jh8,ChdDSUhNMG9nS0VJQ0FnSUQzd19Ya3dnRRAB,منيرة الصقيه,https://www.google.com/maps/contrib/102296806516169079290/reviews?hl=en,3,a year ago,الواجهة حلوه لكن للأسف الثيل غير معتنى فيه ، ياليت يكون فيه عناية وزراعة ورد أكثر ..,True,True,False,2026-09-25
P03,الواجهة البحرية,الدمام,كورنيش,https://maps.app.goo.gl/E5ZBjcN8sv3pc3Jh8,ChdDSUhNMG9nS0VJQ0FnSUQzeHJLWXlnRRAB,shasani10 wahesh,https://www.google.com/maps/contrib/105904963594894625683/reviews?hl=en,3,a year ago,,False,True,False,2026-09-25
P03,الواجهة البحرية,الدمام,كورنيش,https://maps.app.goo.gl/E5ZBjcN8sv3pc3Jh8,ChZDSUhNMG9nS0VJQ0FnSUQzb3ZtcmV3EAE,مَهّدِيْ ٱٱـشَيِخَ حَسِيْنَ,https://www.google.com/maps/contrib/116347311336688883223/reviews?hl=en,5,a year ago,مكان متسع ومخصص للنزهة العائلة ويوجع ألعاب متنوعة لدى الأطفال وأطلالة خلابه بواجهية البحر ومواقف سيارات متسع ومكان مرتب وخدمة ممتازه بالنضافة المكان ....وفق الله الجميع لما يحبه ويرضاه....,True,True,False,2026-09-25
P03,الواجهة البحرية,الدمام,كورنيش,https://maps.app.goo.gl/E5ZBjcN8sv3pc3Jh8,ChZDSUhNMG9nS0VJQ0FnSUQzd3R6ZmNnEAE,Saad Alzahrani,https://www.google.com/maps/contrib/112671201848114550402/reviews?hl=en,5,a year ago,,False,True,False,2026-09-25
P03,الواجهة البحرية,الدمام,كورنيش,https://maps.app.goo.gl/E5ZBjcN8sv3pc3Jh8,ChdDSUhNMG9nS0VJQ0FnSUQzc0kyM3F3RRAB,ليلي يوسف,https://www.google.com/maps/contrib/108364861025787972204/reviews?hl=en,5,a year ago,,False,True,False,2026-09-25
P03,الواجهة البحرية,الدمام,كورنيش,https://maps.app.goo.gl/E5ZBjcN8sv3pc3Jh8,ChZDSUhNMG9nS0VJQ0FnSUQzNFBDZktnEAE,Ameen Alshafai,https://www.google.com/maps/contrib/104083902734042593272/reviews?hl=en,5,a year ago,الواجهه البحريه بالدمام,True,True,False,2026-09-25
P03,الواجهة البحرية,الدمام,كورنيش,https://maps.app.goo.gl/E5ZBjcN8sv3pc3Jh8,ChZDSUhNMG9nS0VJQ0FnSUMzalo2WVlBEAE,Mumdoh Elamin,https://www.google.com/maps/contrib/118297946395500868033/reviews?hl=en,5,a year ago,,False,True,False,2026-09-25
P03,الواجهة البحرية,الدمام,كورنيش,https://maps.app.goo.gl/E5ZBjcN8sv3pc3Jh8,ChdDSUhNMG9nS0VJQ0FnSUMzN3NQZGlnRRAB,S14,https://www.google.com/maps/contrib/114695528045604264046/reviews?hl=en,5,a year ago,افضل كورنيش بالكرة الأرضية مناظر مريحة للعين ونظافة وبيئه كويسه وكل شيء فيه حلو والاحظ في تطور ملحوظ وكثره الفعليات الموجوده فيه,True,True,False,2026-09-25
P03,الواجهة البحرية,الدمام,كورنيش,https://maps.app.goo.gl/E5ZBjcN8sv3pc3Jh8,ChdDSUhNMG9nS0VJQ0FnSURYcDlTQzRnRRAB,محمد بن سالم البخيت,https://www.google.com/maps/contrib/117150167559401905887/reviews?hl=en,5,a year ago,,False,True,False,2026-09-25
P03,الواجهة البحرية,الدمام,كورنيش,https://maps.app.goo.gl/E5ZBjcN8sv3pc3Jh8,ChdDSUhNMG9nS0VJQ0FnSURYcm9MQ19nRRAB,جهاد حلمي,https://www.google.com/maps/contrib/113316634728113360675/reviews?hl=en,5,a year ago,,False,True,False,2026-09-25
P03,الواجهة البحرية,الدمام,كورنيش,https://maps.app.goo.gl/E5ZBjcN8sv3pc3Jh8,ChdDSUhNMG9nS0VJQ0FnSUNHel9QOXF3RRAB,saud R,https://www.google.com/maps/contrib/118051936263826096750/reviews?hl=en,4,Edited a year ago,Good 👍 …,False,True,True,2026-09-25
P03,الواجهة البحرية,الدمام,كورنيش,https://maps.app.goo.gl/E5ZBjcN8sv3pc3Jh8,ChdDSUhNMG9nS0VJQ0FnSUNYeGVhcTV3RRAB,khaled ahmed,https://www.google.com/maps/contrib/109965083304535896570/reviews?hl=en,5,a year ago,مكان جميل ورائق خصوصا اذ مافي رطوبة عالية 👍 …,True,True,True,2026-09-25
P03,الواجهة البحرية,الدمام,كورنيش,https://maps.app.goo.gl/E5ZBjcN8sv3pc3Jh8,ChdDSUhNMG9nS0VJQ0FnSUNYek95OHBRRRAB,علي الضامن,https://www.google.com/maps/contrib/100452244912301993549/reviews?hl=en,2,a year ago,كانت بحال افضل سابقا,True,True,False,2026-09-25
P03,الواجهة البحرية,الدمام,كورنيش,https://maps.app.goo.gl/E5ZBjcN8sv3pc3Jh8,ChdDSUhNMG9nS0VJQ0FnSURuOTZpSmhBRRAB,ابو احمد,https://www.google.com/maps/contrib/116472705782761921457/reviews?hl=en,1,a year ago,,False,True,False,2026-09-25
P03,الواجهة البحرية,الدمام,كورنيش,https://maps.app.goo.gl/E5ZBjcN8sv3pc3Jh8,ChdDSUhNMG9nS0VJQ0FnSURuNF9hSW1BRRAB,صلاح القادري,https://www.google.com/maps/contrib/102216269881740186175/reviews?hl=en,5,a year ago,,False,True,False,2026-09-25
P03,الواجهة البحرية,الدمام,كورنيش,https://maps.app.goo.gl/E5ZBjcN8sv3pc3Jh8,ChZDSUhNMG9nS0VJQ0FnSURuX3Fxb0hBEAE,جاكلين سعد,https://www.google.com/maps/contrib/113897832312490134381/reviews?hl=en,5,a year ago,,False,True,False,2026-09-25
P03,الواجهة البحرية,الدمام,كورنيش,https://maps.app.goo.gl/E5ZBjcN8sv3pc3Jh8,ChdDSUhNMG9nS0VJQ0FnSURuam9pMTZnRRAB,ابو عبدالعزيز,https://www.google.com/maps/contrib/105533188484407658593/reviews?hl=en,5,a year ago,,False,True,False,2026-09-25
P03,الواجهة البحرية,الدمام,كورنيش,https://maps.app.goo.gl/E5ZBjcN8sv3pc3Jh8,ChZDSUhNMG9nS0VJQ0FnSURuME82TUZ3EAE,mohamed maysara,https://www.google.com/maps/contrib/108963797670535740519/reviews?hl=en,2,a year ago,,False,True,False,2026-09-25
P03,الواجهة البحرية,الدمام,كورنيش,https://maps.app.goo.gl/E5ZBjcN8sv3pc3Jh8,ChdDSUhNMG9nS0VJQ0FnSUNud2JHYzZnRRAB,معتز العنبة,https://www.google.com/maps/contrib/100617352642734824394/reviews?hl=en,5,a year ago,,False,True,False,2026-09-25
P03,الواجهة البحرية,الدمام,كورنيش,https://maps.app.goo.gl/E5ZBjcN8sv3pc3Jh8,ChdDSUhNMG9nS0VJQ0FnSUNuM0p2U3BRRRAB,محمد العنزي,https://www.google.com/maps/contrib/114927188337888254119/reviews?hl=en,5,2 years ago,ممتعه,True,True,False,2026-09-25
P03,الواجهة البحرية,الدمام,كورنيش,https://maps.app.goo.gl/E5ZBjcN8sv3pc3Jh8,ChdDSUhNMG9nS0VJQ0FnSUNuM01IOXp3RRAB,Mohammed88,https://www.google.com/maps/contrib/104928663741163349783/reviews?hl=en,2,2 years ago,,False,True,False,2026-09-25
P03,الواجهة البحرية,الدمام,كورنيش,https://maps.app.goo.gl/E5ZBjcN8sv3pc3Jh8,ChdDSUhNMG9nS0VJQ0FnSUNuN05fZ3lRRRAB,Ibrahim ALaTeeQ,https://www.google.com/maps/contrib/117335619998294552549/reviews?hl=en,1,2 years ago,‏يحتاج إلى صيانة واهتمام زي ما يعملون في الخبر,True,True,False,2026-09-25
P03,الواجهة البحرية,الدمام,كورنيش,https://maps.app.goo.gl/E5ZBjcN8sv3pc3Jh8,ChdDSUhNMG9nS0VJQ0FnSUNueUtiMnhnRRAB,amal alamri,https://www.google.com/maps/contrib/108337852461452720768/reviews?hl=en,5,2 years ago,,False,True,False,2026-09-25
P03,الواجهة البحرية,الدمام,كورنيش,https://maps.app.goo.gl/E5ZBjcN8sv3pc3Jh8,ChdDSUhNMG9nS0VJQ0FnSUNIamE2VGdRRRAB,Eiman A,https://www.google.com/maps/contrib/100170078817231333740/reviews?hl=en,5,2 years ago,,False,True,False,2026-09-25
P03,الواجهة البحرية,الدمام,كورنيش,https://maps.app.goo.gl/E5ZBjcN8sv3pc3Jh8,ChdDSUhNMG9nS0VJQ0FnSUM3MVlURnhRRRAB,Mohktar hazaa,https://www.google.com/maps/contrib/109531090080652180862/reviews?hl=en,5,2 years ago,,False,True,False,2026-09-25
P03,الواجهة البحرية,الدمام,كورنيش,https://maps.app.goo.gl/E5ZBjcN8sv3pc3Jh8,ChZDSUhNMG9nS0VJQ0FnSURiOS16bVRBEAE,عبدالله الرشيد,https://www.google.com/maps/contrib/101400529409348570165/reviews?hl=en,5,2 years ago,,False,True,False,2026-09-25
P03,الواجهة البحرية,الدمام,كورنيش,https://maps.app.goo.gl/E5ZBjcN8sv3pc3Jh8,ChdDSUhNMG9nS0VJQ0FnSURiX2NQbS13RRAB,mohammed aldebaijel,https://www.google.com/maps/contrib/100217244642374463283/reviews?hl=en,1,2 years ago,,False,True,False,2026-09-25
P03,الواجهة البحرية,الدمام,كورنيش,https://maps.app.goo.gl/E5ZBjcN8sv3pc3Jh8,ChZDSUhNMG9nS0VJQ0FnSURibHR5MVdBEAE,Zaheed Mohmmad,https://www.google.com/maps/contrib/106811684783554307988/reviews?hl=en,4,2 years ago,جيد,True,True,False,2026-09-25
P03,الواجهة البحرية,الدمام,كورنيش,https://maps.app.goo.gl/E5ZBjcN8sv3pc3Jh8,ChZDSUhNMG9nS0VJQ0FnSURickt5M0ZBEAE,Abderrahmane Khelil,https://www.google.com/maps/contrib/103758337387969313317/reviews?hl=en,5,2 years ago,,False,True,False,2026-09-25
P03,الواجهة البحرية,الدمام,كورنيش,https://maps.app.goo.gl/E5ZBjcN8sv3pc3Jh8,ChdDSUhNMG9nS0VJQ0FnSUNiZ3ZhdnB3RRAB,ابو مناف,https://www.google.com/maps/contrib/102952687385025675551/reviews?hl=en,5,2 years ago,غايه في الجمال,True,True,False,2026-09-25
P03,الواجهة البحرية,الدمام,كورنيش,https://maps.app.goo.gl/E5ZBjcN8sv3pc3Jh8,ChZDSUhNMG9nS0VJQ0FnSURPNExxZ0FREAE,Bader Bnalsh,https://www.google.com/maps/contrib/101390784179518872648/reviews?hl=en,1,Edited 2 years ago,"كثرة الأوساخ و القوارض و القطط
شي مخجل
دورات المياه جدا سيئة",True,True,False,2026-09-25
P03,الواجهة البحرية,الدمام,كورنيش,https://maps.app.goo.gl/E5ZBjcN8sv3pc3Jh8,ChdDSUhNMG9nS0VJQ0FnSURMdV9tUTV3RRAB,سلمان الصوفي,https://www.google.com/maps/contrib/112713240857761149372/reviews?hl=en,1,2 years ago,,False,True,False,2026-09-25
P03,الواجهة البحرية,الدمام,كورنيش,https://maps.app.goo.gl/E5ZBjcN8sv3pc3Jh8,ChdDSUhNMG9nS0VJQ0FnSURMNDRXOXV3RRAB,Ali Hossan,https://www.google.com/maps/contrib/117353856513422581435/reviews?hl=en,5,2 years ago,,False,True,False,2026-09-25
P03,الواجهة البحرية,الدمام,كورنيش,https://maps.app.goo.gl/E5ZBjcN8sv3pc3Jh8,ChdDSUhNMG9nS0VJQ0FnSURMLU16ZzFnRRAB,شاجع العقيل,https://www.google.com/maps/contrib/103988942459039144316/reviews?hl=en,4,2 years ago,,False,True,False,2026-09-25
P03,الواجهة البحرية,الدمام,كورنيش,https://maps.app.goo.gl/E5ZBjcN8sv3pc3Jh8,ChdDSUhNMG9nS0VJQ0FnSUNMclpHMDZnRRAB,شحص مجهول,https://www.google.com/maps/contrib/110564412311102459931/reviews?hl=en,4,2 years ago,,False,True,False,2026-09-25
P03,الواجهة البحرية,الدمام,كورنيش,https://maps.app.goo.gl/E5ZBjcN8sv3pc3Jh8,ChdDSUhNMG9nS0VJQ0FnSUNMaWFYT2t3RRAB,Anosi Al-Otaibi,https://www.google.com/maps/contrib/101630038954521433679/reviews?hl=en,4,2 years ago,مره حلووه,True,True,False,2026-09-25
P03,الواجهة البحرية,الدمام,كورنيش,https://maps.app.goo.gl/E5ZBjcN8sv3pc3Jh8,ChdDSUhNMG9nS0VJQ0FnSUNMcHBlbWhRRRAB,ahmed shehabeldin,https://www.google.com/maps/contrib/103183931258668618521/reviews?hl=en,5,2 years ago,,False,True,False,2026-09-25
P03,الواجهة البحرية,الدمام,كورنيش,https://maps.app.goo.gl/E5ZBjcN8sv3pc3Jh8,ChdDSUhNMG9nS0VJQ0FnSUNMLW9UYV9RRRAB,Haitham Jayyousi,https://www.google.com/maps/contrib/108904860972843960581/reviews?hl=en,4,2 years ago,,False,True,False,2026-09-25
P03,الواجهة البحرية,الدمام,كورنيش,https://maps.app.goo.gl/E5ZBjcN8sv3pc3Jh8,ChdDSUhNMG9nS0VJQ0FnSUNMM09yOHNnRRAB,بنت السعوديه دام عزك يبلادي,https://www.google.com/maps/contrib/114033774306398302274/reviews?hl=en,5,2 years ago,,False,True,False,2026-09-25
P03,الواجهة البحرية,الدمام,كورنيش,https://maps.app.goo.gl/E5ZBjcN8sv3pc3Jh8,ChZDSUhNMG9nS0VJQ0FnSUNMbEtHSmRnEAE,Sara,https://www.google.com/maps/contrib/103226395368459746789/reviews?hl=en,4,2 years ago,كورنيش الطفولة 🥺 نظيف لكن يحتاج الي تطوير و الاهتمام بالنبات و الارضية,True,True,False,2026-09-25
P03,الواجهة البحرية,الدمام,كورنيش,https://maps.app.goo.gl/E5ZBjcN8sv3pc3Jh8,ChZDSUhNMG9nS0VJQ0FnSUR6di1lY0ZREAE,حسن مجهلي,https://www.google.com/maps/contrib/115180352700001249776/reviews?hl=en,5,2 years ago,,False,True,False,2026-09-25
P03,الواجهة البحرية,الدمام,كورنيش,https://maps.app.goo.gl/E5ZBjcN8sv3pc3Jh8,ChZDSUhNMG9nS0VJQ0FnSUR6N2RHSGRREAE,م محمد,https://www.google.com/maps/contrib/116290685701154069881/reviews?hl=en,2,2 years ago,,False,True,False,2026-09-25
P03,الواجهة البحرية,الدمام,كورنيش,https://maps.app.goo.gl/E5ZBjcN8sv3pc3Jh8,ChdDSUhNMG9nS0VJQ0FnSUR6dGJLdDhnRRAB,Muharib Hazzaa,https://www.google.com/maps/contrib/108826521361517435125/reviews?hl=en,5,2 years ago,,False,True,False,2026-09-25
P03,الواجهة البحرية,الدمام,كورنيش,https://maps.app.goo.gl/E5ZBjcN8sv3pc3Jh8,ChZDSUhNMG9nS0VJQ0FnSUR6cXNmQmRnEAE,Mahmoud Alnagar,https://www.google.com/maps/contrib/113897095719982361336/reviews?hl=en,5,2 years ago,أجمل مكان,True,True,False,2026-09-25
P03,الواجهة البحرية,الدمام,كورنيش,https://maps.app.goo.gl/E5ZBjcN8sv3pc3Jh8,ChdDSUhNMG9nS0VJQ0FnSUR6Z29Ic2tnRRAB,‫سامي ”أبو رائد“‬‎,https://www.google.com/maps/contrib/101129370531181764183/reviews?hl=en,5,2 years ago,👍 …,False,True,True,2026-09-25
P03,الواجهة البحرية,الدمام,كورنيش,https://maps.app.goo.gl/E5ZBjcN8sv3pc3Jh8,ChdDSUhNMG9nS0VJQ0FnSUR6bkpYQmt3RRAB,Jawaheer ٣٣,https://www.google.com/maps/contrib/108510114158847308153/reviews?hl=en,1,2 years ago,ماحبيت كله 🪳 صراصير …,True,True,True,2026-09-25
P03,الواجهة البحرية,الدمام,كورنيش,https://maps.app.goo.gl/E5ZBjcN8sv3pc3Jh8,ChZDSUhNMG9nS0VJQ0FnSUN6MDlLZVpREAE,منصور عريشي,https://www.google.com/maps/contrib/108497517865989061954/reviews?hl=en,5,2 years ago,,False,True,False,2026-09-25
P03,الواجهة البحرية,الدمام,كورنيش,https://maps.app.goo.gl/E5ZBjcN8sv3pc3Jh8,ChdDSUhNMG9nS0VJQ0FnSUN6eGUzYWtBRRAB,Esa Ahmed,https://www.google.com/maps/contrib/106205572520509862427/reviews?hl=en,5,2 years ago,حلوة جدا جميلة جدا ممتازة جداجدا,True,True,False,2026-09-25
P03,الواجهة البحرية,الدمام,كورنيش,https://maps.app.goo.gl/E5ZBjcN8sv3pc3Jh8,ChdDSUhNMG9nS0VJQ0FnSURUclkyc3R3RRAB,Ahmed SABBOUR,https://www.google.com/maps/contrib/113606984614822422345/reviews?hl=en,5,2 years ago,,False,True,False,2026-09-25
P03,الواجهة البحرية,الدمام,كورنيش,https://maps.app.goo.gl/E5ZBjcN8sv3pc3Jh8,ChdDSUhNMG9nS0VJQ0FnSURUdUpTTWx3RRAB,علي اليزيدي,https://www.google.com/maps/contrib/117382755849812927353/reviews?hl=en,5,2 years ago,,False,True,False,2026-09-25
P03,الواجهة البحرية,الدمام,كورنيش,https://maps.app.goo.gl/E5ZBjcN8sv3pc3Jh8,ChZDSUhNMG9nS0VJQ0FnSURUNEtMTktBEAE,عبدالله الكريمي,https://www.google.com/maps/contrib/108695645758075731920/reviews?hl=en,5,2 years ago,,False,True,False,2026-09-25
P03,الواجهة البحرية,الدمام,كورنيش,https://maps.app.goo.gl/E5ZBjcN8sv3pc3Jh8,ChZDSUhNMG9nS0VJQ0FnSURUd05DMkdREAE,Mamoon Qashqeesh مأمون القشقيش,https://www.google.com/maps/contrib/115790536351663793194/reviews?hl=en,5,2 years ago,,False,True,False,2026-09-25
P03,الواجهة البحرية,الدمام,كورنيش,https://maps.app.goo.gl/E5ZBjcN8sv3pc3Jh8,ChdDSUhNMG9nS0VJQ0FnSUNUaC1PMWtBRRAB,Ahmed Morsy,https://www.google.com/maps/contrib/112346980976591313612/reviews?hl=en,5,2 years ago,,False,True,False,2026-09-25
P03,الواجهة البحرية,الدمام,كورنيش,https://maps.app.goo.gl/E5ZBjcN8sv3pc3Jh8,ChZDSUhNMG9nS0VJQ0FnSUNUbzYya0pREAE,Ramesh allala,https://www.google.com/maps/contrib/105390265679144481480/reviews?hl=en,5,2 years ago,,False,True,False,2026-09-25
P03,الواجهة البحرية,الدمام,كورنيش,https://maps.app.goo.gl/E5ZBjcN8sv3pc3Jh8,ChZDSUhNMG9nS0VJQ0FnSUNUcGZ5NUJnEAE,moad dalgamoni,https://www.google.com/maps/contrib/104116247234894300464/reviews?hl=en,5,2 years ago,,False,True,False,2026-09-25
P03,الواجهة البحرية,الدمام,كورنيش,https://maps.app.goo.gl/E5ZBjcN8sv3pc3Jh8,ChZDSUhNMG9nS0VJQ0FnSURqN2EySEV3EAE,عبد العزيز,https://www.google.com/maps/contrib/105594472883958018079/reviews?hl=en,5,2 years ago,زينت سيارات,True,True,False,2026-09-25
P03,الواجهة البحرية,الدمام,كورنيش,https://maps.app.goo.gl/E5ZBjcN8sv3pc3Jh8,ChdDSUhNMG9nS0VJQ0FnSURqbWZXSTNBRRAB,A&F,https://www.google.com/maps/contrib/107794623149347554131/reviews?hl=en,3,2 years ago,مناسب,True,True,False,2026-09-25
P03,الواجهة البحرية,الدمام,كورنيش,https://maps.app.goo.gl/E5ZBjcN8sv3pc3Jh8,ChdDSUhNMG9nS0VJQ0FnSURqMGFDNHF3RRAB,عبدالمجيد,https://www.google.com/maps/contrib/108865247301999524984/reviews?hl=en,5,2 years ago,,False,True,False,2026-09-25
P03,الواجهة البحرية,الدمام,كورنيش,https://maps.app.goo.gl/E5ZBjcN8sv3pc3Jh8,ChdDSUhNMG9nS0VJQ0FnSURqeHRMaDdnRRAB,عبد العزيز ا,https://www.google.com/maps/contrib/108644816286038475581/reviews?hl=en,5,2 years ago,,False,True,False,2026-09-25
P03,الواجهة البحرية,الدمام,كورنيش,https://maps.app.goo.gl/E5ZBjcN8sv3pc3Jh8,ChZDSUhNMG9nS0VJQ0FnSURqaU02a0h3EAE,ابوخالد ال,https://www.google.com/maps/contrib/105380738237736904813/reviews?hl=en,5,2 years ago,,False,True,False,2026-09-25
P03,الواجهة البحرية,الدمام,كورنيش,https://maps.app.goo.gl/E5ZBjcN8sv3pc3Jh8,ChdDSUhNMG9nS0VJQ0FnSUNqcmF6dG1RRRAB,blueoottycat,https://www.google.com/maps/contrib/111025530177812792561/reviews?hl=en,4,2 years ago,Love this place ❤️,False,True,False,2026-09-25
P03,الواجهة البحرية,الدمام,كورنيش,https://maps.app.goo.gl/E5ZBjcN8sv3pc3Jh8,ChdDSUhNMG9nS0VJQ0FnSUREdzZUQTBRRRAB,عبدالكريم العثمان,https://www.google.com/maps/contrib/108056470920176375993/reviews?hl=en,4,Edited 2 years ago,,False,True,False,2026-09-25
P03,الواجهة البحرية,الدمام,كورنيش,https://maps.app.goo.gl/E5ZBjcN8sv3pc3Jh8,ChdDSUhNMG9nS0VJQ0FnSUNqamFqSTlRRRAB,gamar moon,https://www.google.com/maps/contrib/102311571895468754538/reviews?hl=en,5,2 years ago,,False,True,False,2026-09-25
P03,الواجهة البحرية,الدمام,كورنيش,https://maps.app.goo.gl/E5ZBjcN8sv3pc3Jh8,ChdDSUhNMG9nS0VJQ0FnSUNqaWZPcnRBRRAB,رامي الثقفي,https://www.google.com/maps/contrib/111513455627873283289/reviews?hl=en,5,2 years ago,,False,True,False,2026-09-25
P03,الواجهة البحرية,الدمام,كورنيش,https://maps.app.goo.gl/E5ZBjcN8sv3pc3Jh8,ChdDSUhNMG9nS0VJQ0FnSUNqN3NqWXd3RRAB,ميثاق الحيدري,https://www.google.com/maps/contrib/108565998010300737306/reviews?hl=en,5,2 years ago,واجهه كبيره وجميله وهادئه,True,True,False,2026-09-25
P03,الواجهة البحرية,الدمام,كورنيش,https://maps.app.goo.gl/E5ZBjcN8sv3pc3Jh8,ChdDSUhNMG9nS0VJQ0FnSUNqbHZ2OHB3RRAB,دبي لشاشات السيارات,https://www.google.com/maps/contrib/116238713077177440617/reviews?hl=en,5,2 years ago,,False,True,False,2026-09-25
P03,الواجهة البحرية,الدمام,كورنيش,https://maps.app.goo.gl/E5ZBjcN8sv3pc3Jh8,ChZDSUhNMG9nS0VJQ0FnSUNqa3FqQ0xnEAE,Ahmed Abdulkareem,https://www.google.com/maps/contrib/106991472451517477784/reviews?hl=en,5,2 years ago,❤️,False,True,False,2026-09-25
P03,الواجهة البحرية,الدمام,كورنيش,https://maps.app.goo.gl/E5ZBjcN8sv3pc3Jh8,ChZDSUhNMG9nS0VJQ0FnSUNqZ3BfcldREAE,Ibrahim Omer,https://www.google.com/maps/contrib/105751188041469121784/reviews?hl=en,5,2 years ago,رائعة,True,True,False,2026-09-25
P03,الواجهة البحرية,الدمام,كورنيش,https://maps.app.goo.gl/E5ZBjcN8sv3pc3Jh8,ChZDSUhNMG9nS0VJQ0FnSUNqZ3AyR0R3EAE,ابوحمدد,https://www.google.com/maps/contrib/114406224734103389056/reviews?hl=en,3,2 years ago,تختاج مظلات,True,True,False,2026-09-25
P03,الواجهة البحرية,الدمام,كورنيش,https://maps.app.goo.gl/E5ZBjcN8sv3pc3Jh8,ChZDSUhNMG9nS0VJQ0FnSUNqZ3NXY1NREAE,Mourid Safi,https://www.google.com/maps/contrib/100162292656184135348/reviews?hl=en,5,2 years ago,,False,True,False,2026-09-25
P03,الواجهة البحرية,الدمام,كورنيش,https://maps.app.goo.gl/E5ZBjcN8sv3pc3Jh8,ChdDSUhNMG9nS0VJQ0FnSUNqak8zSXhRRRAB,فؤاد غبان,https://www.google.com/maps/contrib/116621207348852575973/reviews?hl=en,5,2 years ago,,False,True,False,2026-09-25
P03,الواجهة البحرية,الدمام,كورنيش,https://maps.app.goo.gl/E5ZBjcN8sv3pc3Jh8,ChZDSUhNMG9nS0VJQ0FnSURENzdhekZ3EAE,Majed H aljabri,https://www.google.com/maps/contrib/104541096628096983758/reviews?hl=en,5,2 years ago,,False,True,False,2026-09-25
P03,الواجهة البحرية,الدمام,كورنيش,https://maps.app.goo.gl/E5ZBjcN8sv3pc3Jh8,ChZDSUhNMG9nS0VJQ0FnSURENl8tbWFBEAE,Motasim Ziad,https://www.google.com/maps/contrib/111017713189786239139/reviews?hl=en,5,2 years ago,Ok,False,True,False,2026-09-25
P03,الواجهة البحرية,الدمام,كورنيش,https://maps.app.goo.gl/E5ZBjcN8sv3pc3Jh8,ChZDSUhNMG9nS0VJQ0FnSUREeThTdWR3EAE,الناشط ابوسعود,https://www.google.com/maps/contrib/104061440653419237671/reviews?hl=en,5,2 years ago,اطلالة جميلة,True,True,False,2026-09-25
P03,الواجهة البحرية,الدمام,كورنيش,https://maps.app.goo.gl/E5ZBjcN8sv3pc3Jh8,ChZDSUhNMG9nS0VJQ0FnSURENWRDclp3EAE,ABDUL HAMID MOHAMAD AMIN,https://www.google.com/maps/contrib/112601664908622646122/reviews?hl=en,5,2 years ago,,False,True,False,2026-09-25
P03,الواجهة البحرية,الدمام,كورنيش,https://maps.app.goo.gl/E5ZBjcN8sv3pc3Jh8,ChdDSUhNMG9nS0VJQ0FnSUREbWJHTm93RRAB,Ayman ALbadany,https://www.google.com/maps/contrib/100856650830348794764/reviews?hl=en,5,2 years ago,,False,True,False,2026-09-25
P03,الواجهة البحرية,الدمام,كورنيش,https://maps.app.goo.gl/E5ZBjcN8sv3pc3Jh8,ChdDSUhNMG9nS0VJQ0FnSUREaWZEWWlBRRAB,Cbt CBT,https://www.google.com/maps/contrib/103169831251856380852/reviews?hl=en,5,2 years ago,ممتاز وهاديء مافيه زحمه للي يحب الهدوء,True,True,False,2026-09-25
P03,الواجهة البحرية,الدمام,كورنيش,https://maps.app.goo.gl/E5ZBjcN8sv3pc3Jh8,ChdDSUhNMG9nS0VJQ0FnSUREc2R5ZXpBRRAB,Mohamed Ragab,https://www.google.com/maps/contrib/114797019597714301277/reviews?hl=en,5,2 years ago,,False,True,False,2026-09-25
P03,الواجهة البحرية,الدمام,كورنيش,https://maps.app.goo.gl/E5ZBjcN8sv3pc3Jh8,ChZDSUhNMG9nS0VJQ0FnSUREcnBPLUxnEAE,Kareem Haggag,https://www.google.com/maps/contrib/103224905318586271315/reviews?hl=en,5,2 years ago,,False,True,False,2026-09-25
P03,الواجهة البحرية,الدمام,كورنيش,https://maps.app.goo.gl/E5ZBjcN8sv3pc3Jh8,ChZDSUhNMG9nS0VJQ0FnSUREakk3MUJREAE,Ahmed Shoulkami,https://www.google.com/maps/contrib/105679065734101028053/reviews?hl=en,5,2 years ago,Relax 🧘 place and sea 🌊 view …,False,True,True,2026-09-25
P03,الواجهة البحرية,الدمام,كورنيش,https://maps.app.goo.gl/E5ZBjcN8sv3pc3Jh8,ChdDSUhNMG9nS0VJQ0FnSUNEbTV6NHhRRRAB,hassan ahmed,https://www.google.com/maps/contrib/104689941447978583158/reviews?hl=en,5,2 years ago,,False,True,False,2026-09-25
P03,الواجهة البحرية,الدمام,كورنيش,https://maps.app.goo.gl/E5ZBjcN8sv3pc3Jh8,ChZDSUhNMG9nS0VJQ0FnSUNENUpXcWN3EAE,Sultan Almutairi,https://www.google.com/maps/contrib/103077453701467873723/reviews?hl=en,5,2 years ago,مكان جميل للاسترخاء ويوجد فيه مقاهي قهوه ومطاعم,True,True,False,2026-09-25
P03,الواجهة البحرية,الدمام,كورنيش,https://maps.app.goo.gl/E5ZBjcN8sv3pc3Jh8,ChZDSUhNMG9nS0VJQ0FnSUNEeUpfeU93EAE,سحر الشهري,https://www.google.com/maps/contrib/104999544811007370962/reviews?hl=en,5,2 years ago,,False,True,False,2026-09-25
P03,الواجهة البحرية,الدمام,كورنيش,https://maps.app.goo.gl/E5ZBjcN8sv3pc3Jh8,ChZDSUhNMG9nS0VJQ0FnSUQ5bUtQWlRBEAE,FAISAL,https://www.google.com/maps/contrib/117376648618916136033/reviews?hl=en,5,2 years ago,,False,True,False,2026-09-25
P03,الواجهة البحرية,الدمام,كورنيش,https://maps.app.goo.gl/E5ZBjcN8sv3pc3Jh8,ChdDSUhNMG9nS0VJQ0FnSUM5ajZxRTN3RRAB,Zainab1409,https://www.google.com/maps/contrib/117410401297398465685/reviews?hl=en,5,2 years ago,هادي ورايق وعائلي جدآ,True,True,False,2026-09-25
P03,الواجهة البحرية,الدمام,كورنيش,https://maps.app.goo.gl/E5ZBjcN8sv3pc3Jh8,ChdDSUhNMG9nS0VJQ0FnSUM5eV9hY3RBRRAB,جمال العنزي,https://www.google.com/maps/contrib/109179055886917449744/reviews?hl=en,3,2 years ago,,False,True,False,2026-09-25
P03,الواجهة البحرية,الدمام,كورنيش,https://maps.app.goo.gl/E5ZBjcN8sv3pc3Jh8,ChdDSUhNMG9nS0VJQ0FnSUM5dmJLV25RRRAB,Tv Home,https://www.google.com/maps/contrib/114564744420773139084/reviews?hl=en,5,2 years ago,اسطوريهههععع,True,True,False,2026-09-25
P03,الواجهة البحرية,الدمام,كورنيش,https://maps.app.goo.gl/E5ZBjcN8sv3pc3Jh8,ChZDSUhNMG9nS0VJQ0FnSUM5amFxeU1nEAE,Humadi Qahtani,https://www.google.com/maps/contrib/116527187743108621868/reviews?hl=en,5,2 years ago,,False,True,False,2026-09-25
P03,الواجهة البحرية,الدمام,كورنيش,https://maps.app.goo.gl/E5ZBjcN8sv3pc3Jh8,ChdDSUhNMG9nS0VJQ0FnSUM5M0tqVGp3RRAB,مجاهد النور,https://www.google.com/maps/contrib/117212233112962801676/reviews?hl=en,4,2 years ago,مكان للتنزه جيد جدا هواء طلق واجواء رائعه,True,True,False,2026-09-25
P03,الواجهة البحرية,الدمام,كورنيش,https://maps.app.goo.gl/E5ZBjcN8sv3pc3Jh8,ChdDSUhNMG9nS0VJQ0FnSUM5ckxDMm5RRRAB,zaid البيشي,https://www.google.com/maps/contrib/116737079126631172429/reviews?hl=en,5,2 years ago,,False,True,False,2026-09-25
P03,الواجهة البحرية,الدمام,كورنيش,https://maps.app.goo.gl/E5ZBjcN8sv3pc3Jh8,ChZDSUhNMG9nS0VJQ0FnSURkbjktVWRREAE,shosho Alasere,https://www.google.com/maps/contrib/110912414699821290110/reviews?hl=en,5,2 years ago,من اجمل الاماكن لقضاء وقت مع الاهل وجميله ايضا في ترتيب المهرجانات,True,True,False,2026-09-25
P03,الواجهة البحرية,الدمام,كورنيش,https://maps.app.goo.gl/E5ZBjcN8sv3pc3Jh8,ChZDSUhNMG9nS0VJQ0FnSURkci1lVkNnEAE,Tamer,https://www.google.com/maps/contrib/105524254876888379254/reviews?hl=en,4,2 years ago,,False,True,False,2026-09-25
P03,الواجهة البحرية,الدمام,كورنيش,https://maps.app.goo.gl/E5ZBjcN8sv3pc3Jh8,ChdDSUhNMG9nS0VJQ0FnSURkaDdtVTl3RRAB,تركي الفيصل,https://www.google.com/maps/contrib/106986866573265323623/reviews?hl=en,5,2 years ago,رائع وهادئ وجميل,True,True,False,2026-09-25
P03,الواجهة البحرية,الدمام,كورنيش,https://maps.app.goo.gl/E5ZBjcN8sv3pc3Jh8,ChdDSUhNMG9nS0VJQ0FnSURkaTV5ZzJRRRAB,Alim Uddin Chowdhury,https://www.google.com/maps/contrib/107529204415132465355/reviews?hl=en,5,2 years ago,Safe and beautiful place,False,True,False,2026-09-25
P03,الواجهة البحرية,الدمام,كورنيش,https://maps.app.goo.gl/E5ZBjcN8sv3pc3Jh8,ChZDSUhNMG9nS0VJQ0FnSURkeVl2VmR3EAE,Sahar G,https://www.google.com/maps/contrib/105130658708139968152/reviews?hl=en,4,2 years ago,,False,True,False,2026-09-25
P03,الواجهة البحرية,الدمام,كورنيش,https://maps.app.goo.gl/E5ZBjcN8sv3pc3Jh8,ChdDSUhNMG9nS0VJQ0FnSURkOGFxSWxnRRAB,‫عبدالله الأسمري (‪Alasmeri‬‏)‬‎,https://www.google.com/maps/contrib/116294132751311705572/reviews?hl=en,4,2 years ago,مكان جميل ومنظم,True,True,False,2026-09-25
P03,الواجهة البحرية,الدمام,كورنيش,https://maps.app.goo.gl/E5ZBjcN8sv3pc3Jh8,ChdDSUhNMG9nS0VJQ0FnSURkNGFtZG9BRRAB,Eslam Gamal,https://www.google.com/maps/contrib/102288497699367654852/reviews?hl=en,5,2 years ago,المنطقة الشرقية والواجهه البحرية جميلة جدا ومكان كويس للاطفال والعائلات,True,True,False,2026-09-25
P03,الواجهة البحرية,الدمام,كورنيش,https://maps.app.goo.gl/E5ZBjcN8sv3pc3Jh8,ChZDSUhNMG9nS0VJQ0FnSUNkN2FPVEpnEAE,حسين لحنف,https://www.google.com/maps/contrib/105147099943893146376/reviews?hl=en,5,2 years ago,مكان حلو ويصلح للنزهات,True,True,False,2026-09-25
P03,الواجهة البحرية,الدمام,كورنيش,https://maps.app.goo.gl/E5ZBjcN8sv3pc3Jh8,ChZDSUhNMG9nS0VJQ0FnSUNkM0tmU09BEAE,ماجد,https://www.google.com/maps/contrib/112885911183974156299/reviews?hl=en,5,2 years ago,"مكان هادئ جدا وجميل خصوصا في أوقات الخريف والشتاء
اماكن جلوس مباشرة على البحر واماكن خضراء كثيرة للجلسات العائلية",True,True,False,2026-09-25
P03,الواجهة البحرية,الدمام,كورنيش,https://maps.app.goo.gl/E5ZBjcN8sv3pc3Jh8,ChZDSUhNMG9nS0VJQ0FnSUNkckxhaFhnEAE,ابوحمود المليكي,https://www.google.com/maps/contrib/116100884682806169133/reviews?hl=en,3,2 years ago,,False,True,False,2026-09-25
P03,الواجهة البحرية,الدمام,كورنيش,https://maps.app.goo.gl/E5ZBjcN8sv3pc3Jh8,ChdDSUhNMG9nS0VJQ0FnSUR0MzRQX3NnRRAB,noor alqatif,https://www.google.com/maps/contrib/112029452426847185602/reviews?hl=en,5,2 years ago,,False,True,False,2026-09-25
P03,الواجهة البحرية,الدمام,كورنيش,https://maps.app.goo.gl/E5ZBjcN8sv3pc3Jh8,ChdDSUhNMG9nS0VJQ0FnSUR0dDdpQXJnRRAB,Q8 Q8,https://www.google.com/maps/contrib/104000901317438644486/reviews?hl=en,5,2 years ago,مرتبه,True,True,False,2026-09-25
P03,الواجهة البحرية,الدمام,كورنيش,https://maps.app.goo.gl/E5ZBjcN8sv3pc3Jh8,ChdDSUhNMG9nS0VJQ0FnSUN0ajZtMHJRRRAB,Wassem Alfhel,https://www.google.com/maps/contrib/111865912005725371448/reviews?hl=en,5,2 years ago,,False,True,False,2026-09-25
P03,الواجهة البحرية,الدمام,كورنيش,https://maps.app.goo.gl/E5ZBjcN8sv3pc3Jh8,ChdDSUhNMG9nS0VJQ0FnSUN0akl6NDhnRRAB,abdul bari,https://www.google.com/maps/contrib/105814684615378912230/reviews?hl=en,5,2 years ago,,False,True,False,2026-09-25
P03,الواجهة البحرية,الدمام,كورنيش,https://maps.app.goo.gl/E5ZBjcN8sv3pc3Jh8,ChZDSUhNMG9nS0VJQ0FnSUN0aElEZVN3EAE,سامي البريك,https://www.google.com/maps/contrib/103732693448960071257/reviews?hl=en,4,2 years ago,بحاجه الى ترتيب وزيادة الاناره,True,True,False,2026-09-25
P03,الواجهة البحرية,الدمام,كورنيش,https://maps.app.goo.gl/E5ZBjcN8sv3pc3Jh8,ChdDSUhNMG9nS0VJQ0FnSUN0aUotWi1RRRAB,ابو باسل,https://www.google.com/maps/contrib/117213705559832544098/reviews?hl=en,1,2 years ago,للأسف كانت من أفضل الشواطي الان سيئه جداً,True,True,False,2026-09-25
P03,الواجهة البحرية,الدمام,كورنيش,https://maps.app.goo.gl/E5ZBjcN8sv3pc3Jh8,ChZDSUhNMG9nS0VJQ0FnSURONzgtNlZnEAE,Azoz Azoz,https://www.google.com/maps/contrib/113175234103942927141/reviews?hl=en,5,2 years ago,واجهه الرهيبه💙💙 …,True,True,True,2026-09-25
P03,الواجهة البحرية,الدمام,كورنيش,https://maps.app.goo.gl/E5ZBjcN8sv3pc3Jh8,ChZDSUhNMG9nS0VJQ0FnSUROczlpLUJ3EAE,Othman Almajdour,https://www.google.com/maps/contrib/105698788963189070619/reviews?hl=en,5,2 years ago,,False,True,False,2026-09-25
P03,الواجهة البحرية,الدمام,كورنيش,https://maps.app.goo.gl/E5ZBjcN8sv3pc3Jh8,ChdDSUhNMG9nS0VJQ0FnSUROMGF5czh3RRAB,Awidh .M al-dossery,https://www.google.com/maps/contrib/101118835985334278074/reviews?hl=en,4,2 years ago,,False,True,False,2026-09-25
P03,الواجهة البحرية,الدمام,كورنيش,https://maps.app.goo.gl/E5ZBjcN8sv3pc3Jh8,ChdDSUhNMG9nS0VJQ0FnSUROdVBTcW53RRAB,nuna eldery,https://www.google.com/maps/contrib/101057459503838102045/reviews?hl=en,5,2 years ago,,False,True,False,2026-09-25
P03,الواجهة البحرية,الدمام,كورنيش,https://maps.app.goo.gl/E5ZBjcN8sv3pc3Jh8,ChZDSUhNMG9nS0VJQ0FnSUNObmJ6YVR3EAE,هاشم مقبل,https://www.google.com/maps/contrib/115351171652737430072/reviews?hl=en,5,2 years ago,,False,True,False,2026-09-25
P03,الواجهة البحرية,الدمام,كورنيش,https://maps.app.goo.gl/E5ZBjcN8sv3pc3Jh8,ChZDSUhNMG9nS0VJQ0FnSUNOcGNIc2V3EAE,Naif Alanzie,https://www.google.com/maps/contrib/105106455771638625546/reviews?hl=en,5,2 years ago,رائعه,True,True,False,2026-09-25
P03,الواجهة البحرية,الدمام,كورنيش,https://maps.app.goo.gl/E5ZBjcN8sv3pc3Jh8,ChZDSUhNMG9nS0VJQ0FnSUNObnEycVV3EAE,Ali Alfaisal,https://www.google.com/maps/contrib/114913973868918773700/reviews?hl=en,5,2 years ago,,False,True,False,2026-09-25
P03,الواجهة البحرية,الدمام,كورنيش,https://maps.app.goo.gl/E5ZBjcN8sv3pc3Jh8,ChdDSUhNMG9nS0VJQ0FnSUQxX2MtUGpBRRAB,meysan _,https://www.google.com/maps/contrib/109632711988410839363/reviews?hl=en,5,Edited 2 years ago,أحلى مكان نظيف ويصلح للمشي,True,True,False,2026-09-25
P03,الواجهة البحرية,الدمام,كورنيش,https://maps.app.goo.gl/E5ZBjcN8sv3pc3Jh8,ChZDSUhNMG9nS0VJQ0FnSUQxM2VMSVdREAE,بنين الناصر,https://www.google.com/maps/contrib/115675638309382701828/reviews?hl=en,5,2 years ago,ممتاز,True,True,False,2026-09-25
P03,الواجهة البحرية,الدمام,كورنيش,https://maps.app.goo.gl/E5ZBjcN8sv3pc3Jh8,ChZDSUhNMG9nS0VJQ0FnSUQxZ2JQQUtBEAE,Dr. Abeer H. Ali (Bero),https://www.google.com/maps/contrib/116312122684949532554/reviews?hl=en,3,2 years ago,,False,True,False,2026-09-25
P03,الواجهة البحرية,الدمام,كورنيش,https://maps.app.goo.gl/E5ZBjcN8sv3pc3Jh8,ChdDSUhNMG9nS0VJQ0FnSUQxOVA2c2pnRRAB,Abdulatef Sadiq,https://www.google.com/maps/contrib/116400337186784893843/reviews?hl=en,3,2 years ago,,False,True,False,2026-09-25
P03,الواجهة البحرية,الدمام,كورنيش,https://maps.app.goo.gl/E5ZBjcN8sv3pc3Jh8,ChZDSUhNMG9nS0VJQ0FnSUQxMUlYSkdnEAE,May A,https://www.google.com/maps/contrib/103454221949498259336/reviews?hl=en,3,2 years ago,"المكان رائع ،، لكن عدم وجود نقاط لتدخين بعيده عند المواقف مثلاً تؤذي العائله و الأطفال الرائحه مزعجة ومضره للجميع ،،،

اضافه إلى تشغيل الموسيقى بصوت عالي جدا",True,True,False,2026-09-25
P03,الواجهة البحرية,الدمام,كورنيش,https://maps.app.goo.gl/E5ZBjcN8sv3pc3Jh8,ChdDSUhNMG9nS0VJQ0FnSUQxZ09MaDd3RRAB,Omer Albashir,https://www.google.com/maps/contrib/114447287210006638395/reviews?hl=en,5,2 years ago,"Nice place to relax and enjoy and convenient for familys and children, couple's",False,True,False,2026-09-25
P03,الواجهة البحرية,الدمام,كورنيش,https://maps.app.goo.gl/E5ZBjcN8sv3pc3Jh8,ChZDSUhNMG9nS0VJQ0FnSUMxaWJ5MWRREAE,yousef alkowitem,https://www.google.com/maps/contrib/114248819098564703085/reviews?hl=en,5,2 years ago,,False,True,False,2026-09-25
P03,الواجهة البحرية,الدمام,كورنيش,https://maps.app.goo.gl/E5ZBjcN8sv3pc3Jh8,ChZDSUhNMG9nS0VJQ0FnSUMxdnRubWZnEAE,I-Faisal S,https://www.google.com/maps/contrib/116215596914598098569/reviews?hl=en,5,2 years ago,,False,True,False,2026-09-25
P03,الواجهة البحرية,الدمام,كورنيش,https://maps.app.goo.gl/E5ZBjcN8sv3pc3Jh8,ChdDSUhNMG9nS0VJQ0FnSUMxaHUyUjd3RRAB,Mohammed Al-Mufaddel,https://www.google.com/maps/contrib/115132911024451314896/reviews?hl=en,5,2 years ago,,False,True,False,2026-09-25
P03,الواجهة البحرية,الدمام,كورنيش,https://maps.app.goo.gl/E5ZBjcN8sv3pc3Jh8,ChZDSUhNMG9nS0VJQ0FnSUMxX09qR0FREAE,saif yahya,https://www.google.com/maps/contrib/113795301177796089412/reviews?hl=en,5,2 years ago,,False,True,False,2026-09-25
P03,الواجهة البحرية,الدمام,كورنيش,https://maps.app.goo.gl/E5ZBjcN8sv3pc3Jh8,ChZDSUhNMG9nS0VJQ0FnSUMxaExpdU13EAE,Yassen Hamed,https://www.google.com/maps/contrib/104898944782312319714/reviews?hl=en,5,2 years ago,,False,True,False,2026-09-25
P03,الواجهة البحرية,الدمام,كورنيش,https://maps.app.goo.gl/E5ZBjcN8sv3pc3Jh8,ChZDSUhNMG9nS0VJQ0FnSUMxLVBMX0VnEAE,هيثم ابو قاسم العيسائي haitham alesaei,https://www.google.com/maps/contrib/101317853443619431073/reviews?hl=en,5,2 years ago,,False,True,False,2026-09-25
P03,الواجهة البحرية,الدمام,كورنيش,https://maps.app.goo.gl/E5ZBjcN8sv3pc3Jh8,ChZDSUhNMG9nS0VJQ0FnSURWcF9TcmRnEAE,Shayma Jaffer,https://www.google.com/maps/contrib/113401468171683404039/reviews?hl=en,5,2 years ago,,False,True,False,2026-09-25
P03,الواجهة البحرية,الدمام,كورنيش,https://maps.app.goo.gl/E5ZBjcN8sv3pc3Jh8,ChZDSUhNMG9nS0VJQ0FnSURWdTVLQ0p3EAE,ahmed ezz,https://www.google.com/maps/contrib/113877276459367437179/reviews?hl=en,5,2 years ago,مكان جميل,True,True,False,2026-09-25
P03,الواجهة البحرية,الدمام,كورنيش,https://maps.app.goo.gl/E5ZBjcN8sv3pc3Jh8,ChZDSUhNMG9nS0VJQ0FnSURWbmIyOUJnEAE,Loai Bastawi,https://www.google.com/maps/contrib/116020132715393410096/reviews?hl=en,4,2 years ago,,False,True,False,2026-09-25
P03,الواجهة البحرية,الدمام,كورنيش,https://maps.app.goo.gl/E5ZBjcN8sv3pc3Jh8,ChdDSUhNMG9nS0VJQ0FnSURWd3YtNWd3RRAB,abdullah almamoon,https://www.google.com/maps/contrib/100074324845640191679/reviews?hl=en,4,2 years ago,,False,True,False,2026-09-25
P03,الواجهة البحرية,الدمام,كورنيش,https://maps.app.goo.gl/E5ZBjcN8sv3pc3Jh8,ChZDSUhNMG9nS0VJQ0FnSUNWc2F1TVNREAE,Ali Saad,https://www.google.com/maps/contrib/110483859515006598181/reviews?hl=en,5,2 years ago,,False,True,False,2026-09-25
P03,الواجهة البحرية,الدمام,كورنيش,https://maps.app.goo.gl/E5ZBjcN8sv3pc3Jh8,ChZDSUhNMG9nS0VJQ0FnSUNWc2U2aUF3EAE,Alaa El DeeB,https://www.google.com/maps/contrib/110346110821283956921/reviews?hl=en,4,2 years ago,,False,True,False,2026-09-25
P03,الواجهة البحرية,الدمام,كورنيش,https://maps.app.goo.gl/E5ZBjcN8sv3pc3Jh8,ChdDSUhNMG9nS0VJQ0FnSUNWeUx5QTlRRRAB,Imad Faraj,https://www.google.com/maps/contrib/103807557702561994536/reviews?hl=en,5,2 years ago,,False,True,False,2026-09-25
P03,الواجهة البحرية,الدمام,كورنيش,https://maps.app.goo.gl/E5ZBjcN8sv3pc3Jh8,ChdDSUhNMG9nS0VJQ0FnSURsazRqSG93RRAB,Om Mahrah,https://www.google.com/maps/contrib/112408736369324004713/reviews?hl=en,5,2 years ago,,False,True,False,2026-09-25
P03,الواجهة البحرية,الدمام,كورنيش,https://maps.app.goo.gl/E5ZBjcN8sv3pc3Jh8,ChZDSUhNMG9nS0VJQ0FnSURsbWR1bkRBEAE,الراقي الشرعي أبو عمر الشهراني,https://www.google.com/maps/contrib/109122444757381207383/reviews?hl=en,4,2 years ago,"يحتاج عناية اكبر
ما اجمل الغروب على شاطيء البحر",True,True,False,2026-09-25
P03,الواجهة البحرية,الدمام,كورنيش,https://maps.app.goo.gl/E5ZBjcN8sv3pc3Jh8,ChdDSUhNMG9nS0VJQ0FnSUNsejdHdG93RRAB,رباح المرهون,https://www.google.com/maps/contrib/110688921024533089926/reviews?hl=en,4,2 years ago,,False,True,False,2026-09-25
P03,الواجهة البحرية,الدمام,كورنيش,https://maps.app.goo.gl/E5ZBjcN8sv3pc3Jh8,ChdDSUhNMG9nS0VJQ0FnSUNsNTVMWHdBRRAB,Hasan Alnasser,https://www.google.com/maps/contrib/101710852829355640527/reviews?hl=en,4,2 years ago,,False,True,False,2026-09-25
P03,الواجهة البحرية,الدمام,كورنيش,https://maps.app.goo.gl/E5ZBjcN8sv3pc3Jh8,ChZDSUhNMG9nS0VJQ0FnSUNseV9EOU9REAE,يسرا,https://www.google.com/maps/contrib/102117424083637126069/reviews?hl=en,5,2 years ago,,False,True,False,2026-09-25
P03,الواجهة البحرية,الدمام,كورنيش,https://maps.app.goo.gl/E5ZBjcN8sv3pc3Jh8,ChdDSUhNMG9nS0VJQ0FnSUNsOC1TVTZnRRAB,ssm ssm,https://www.google.com/maps/contrib/113268201326948525666/reviews?hl=en,5,2 years ago,موقع ممتاز على البحر نظافة وهدوء وراحة نفسية مكان مرتب على ساحل البحر تتجمع العائلات  مع اطفالها وروقان ولازم تحمل بساط تجلس عليه ودلات قهوة وشاي ومكسرات وفطاير وغداء وماي ومخدات,True,True,False,2026-09-25
P03,الواجهة البحرية,الدمام,كورنيش,https://maps.app.goo.gl/E5ZBjcN8sv3pc3Jh8,ChdDSUhNMG9nS0VJQ0FnSUNscmRXMmxnRRAB,Abu salman,https://www.google.com/maps/contrib/109914219481899883655/reviews?hl=en,4,2 years ago,,False,True,False,2026-09-25
P03,الواجهة البحرية,الدمام,كورنيش,https://maps.app.goo.gl/E5ZBjcN8sv3pc3Jh8,ChdDSUhNMG9nS0VJQ0FnSUNsdGViRHVRRRAB,Baty Hebshi,https://www.google.com/maps/contrib/110868196209375243937/reviews?hl=en,4,2 years ago,جميلة جدا . مساحتها كبيرة . أغلب المهرجانات تقام في هذه المنطة .يوجد بها ألعاب للأطفال . ومسار للقطار . كما يوجد دراجات بالايجار . وتوجد مطاعم ومقاهي تطل على  البحر .,True,True,False,2026-09-25
P03,الواجهة البحرية,الدمام,كورنيش,https://maps.app.goo.gl/E5ZBjcN8sv3pc3Jh8,ChZDSUhNMG9nS0VJQ0FnSUNscFp5NkdBEAE,Hosam Arabasy,https://www.google.com/maps/contrib/103337496687446720929/reviews?hl=en,4,2 years ago,,False,True,False,2026-09-25
P03,الواجهة البحرية,الدمام,كورنيش,https://maps.app.goo.gl/E5ZBjcN8sv3pc3Jh8,ChdDSUhNMG9nS0VJQ0FnSUNsOGJLemd3RRAB,1 “‪THR9‬” 0,https://www.google.com/maps/contrib/101488066612272053216/reviews?hl=en,5,2 years ago,,False,True,False,2026-09-25
P03,الواجهة البحرية,الدمام,كورنيش,https://maps.app.goo.gl/E5ZBjcN8sv3pc3Jh8,ChZDSUhNMG9nS0VJQ0FnSUNsdnFXZkVBEAE,محمد قاسم لقمان,https://www.google.com/maps/contrib/103054483050114110910/reviews?hl=en,5,2 years ago,,False,True,False,2026-09-25
P03,الواجهة البحرية,الدمام,كورنيش,https://maps.app.goo.gl/E5ZBjcN8sv3pc3Jh8,ChZDSUhNMG9nS0VJQ0FnSUNsM29pLUNREAE,ام احمد الزهراني,https://www.google.com/maps/contrib/100792829727798493099/reviews?hl=en,3,2 years ago,,False,True,False,2026-09-25
P03,الواجهة البحرية,الدمام,كورنيش,https://maps.app.goo.gl/E5ZBjcN8sv3pc3Jh8,ChZDSUhNMG9nS0VJQ0FnSUNsanEtOEJ3EAE,غيداء,https://www.google.com/maps/contrib/110096740340986445801/reviews?hl=en,4,2 years ago,المكان جممممممميل خاصه عند الغروب والممشى وسيع وهادي واضاءته مناسبه والتشجير والمسطحات الخضراء روعه 😍 …,True,True,True,2026-09-25
P03,الواجهة البحرية,الدمام,كورنيش,https://maps.app.goo.gl/E5ZBjcN8sv3pc3Jh8,ChdDSUhNMG9nS0VJQ0FnSUNsanJXWTBnRRAB,DJ JOSH,https://www.google.com/maps/contrib/100570240730024302872/reviews?hl=en,5,2 years ago,Nice place to relax,False,True,False,2026-09-25
P03,الواجهة البحرية,الدمام,كورنيش,https://maps.app.goo.gl/E5ZBjcN8sv3pc3Jh8,ChZDSUhNMG9nS0VJQ0FnSUNsam96QkhREAE,Hamad Aldubayan,https://www.google.com/maps/contrib/113992734910775226587/reviews?hl=en,5,2 years ago,,False,True,False,2026-09-25
P03,الواجهة البحرية,الدمام,كورنيش,https://maps.app.goo.gl/E5ZBjcN8sv3pc3Jh8,ChdDSUhNMG9nS0VJQ0FnSUNsMXJPSXd3RRAB,Ahmad Almesranda,https://www.google.com/maps/contrib/105532546901580328381/reviews?hl=en,5,2 years ago,,False,True,False,2026-09-25
P03,الواجهة البحرية,الدمام,كورنيش,https://maps.app.goo.gl/E5ZBjcN8sv3pc3Jh8,ChZDSUhNMG9nS0VJQ0FnSUNsbG9hN1lnEAE,Marwan Abdullah,https://www.google.com/maps/contrib/111881425050043423737/reviews?hl=en,5,2 years ago,,False,True,False,2026-09-25
P03,الواجهة البحرية,الدمام,كورنيش,https://maps.app.goo.gl/E5ZBjcN8sv3pc3Jh8,ChdDSUhNMG9nS0VJQ0FnSUNsOHVtcHBBRRAB,Abdul Hamid,https://www.google.com/maps/contrib/107018927114611500676/reviews?hl=en,5,2 years ago,من اجمل الاماكن في منطقة الدمام افضل كورنيش بالنسبة لي وانصحكم جدا تجربو وتروحو للكورنيش كثير حلو ومساحة الكورنيش جدا كبيرة واجواء رائعة ومن ناحية الاكل او الشرب لا تخافو كثير عربات موجودة من اكل وشرب وحلويات ❤,True,True,False,2026-09-25
P03,الواجهة البحرية,الدمام,كورنيش,https://maps.app.goo.gl/E5ZBjcN8sv3pc3Jh8,ChdDSUhNMG9nS0VJQ0FnSURGaDZ5ZzJ3RRAB,عبدالملك خالد,https://www.google.com/maps/contrib/102085240087111304297/reviews?hl=en,5,2 years ago,,False,True,False,2026-09-25
P03,الواجهة البحرية,الدمام,كورنيش,https://maps.app.goo.gl/E5ZBjcN8sv3pc3Jh8,ChdDSUhNMG9nS0VJQ0FnSURGNWFEeXl3RRAB,M Alblaihid,https://www.google.com/maps/contrib/108670409304670397789/reviews?hl=en,2,2 years ago,تحتاج الى تطوير,True,True,False,2026-09-25
P03,الواجهة البحرية,الدمام,كورنيش,https://maps.app.goo.gl/E5ZBjcN8sv3pc3Jh8,ChZDSUhNMG9nS0VJQ0FnSURGenNYUmVREAE,Designers alkhalij,https://www.google.com/maps/contrib/110714650393017136816/reviews?hl=en,5,2 years ago,هدوء,True,True,False,2026-09-25
P03,الواجهة البحرية,الدمام,كورنيش,https://maps.app.goo.gl/E5ZBjcN8sv3pc3Jh8,ChdDSUhNMG9nS0VJQ0FnSUNGbTVmLTNBRRAB,رمش العين,https://www.google.com/maps/contrib/116437639671908721896/reviews?hl=en,1,2 years ago,جداً عاديه وفاضية,True,True,False,2026-09-25
P03,الواجهة البحرية,الدمام,كورنيش,https://maps.app.goo.gl/E5ZBjcN8sv3pc3Jh8,ChZDSUhNMG9nS0VJQ0FnSUNGdE1lRFR3EAE,ابراهيم اليافعي,https://www.google.com/maps/contrib/100539236320652529913/reviews?hl=en,4,2 years ago,حلو,True,True,False,2026-09-25
P03,الواجهة البحرية,الدمام,كورنيش,https://maps.app.goo.gl/E5ZBjcN8sv3pc3Jh8,ChdDSUhNMG9nS0VJQ0FnSUQ1MFl5RnlRRRAB,بشار بن عبدالله الشنبه,https://www.google.com/maps/contrib/112098410822743034804/reviews?hl=en,5,2 years ago,ممتعة,True,True,False,2026-09-25
P03,الواجهة البحرية,الدمام,كورنيش,https://maps.app.goo.gl/E5ZBjcN8sv3pc3Jh8,ChZDSUhNMG9nS0VJQ0FnSUQ1aXIyR1JREAE,تامر رضا,https://www.google.com/maps/contrib/102847954891694297025/reviews?hl=en,4,2 years ago,مكان ممكن الخروج والفسحه فيه وكمان ممكن تمارس نشاط صيد السمك,True,True,False,2026-09-25
P03,الواجهة البحرية,الدمام,كورنيش,https://maps.app.goo.gl/E5ZBjcN8sv3pc3Jh8,ChdDSUhNMG9nS0VJQ0FnSUQ1N1BmdnZBRRAB,rashd aldossry,https://www.google.com/maps/contrib/104544334205856205586/reviews?hl=en,5,2 years ago,الواجهه البحريه روحي كلها احبك يالدمام بكل مافيك😍♥️ …,True,True,True,2026-09-25
P03,الواجهة البحرية,الدمام,كورنيش,https://maps.app.goo.gl/E5ZBjcN8sv3pc3Jh8,ChdDSUhNMG9nS0VJQ0FnSUQ1N0xMb29RRRAB,Taiseer Taha,https://www.google.com/maps/contrib/113326304002538240275/reviews?hl=en,2,2 years ago,رائعة,True,True,False,2026-09-25
P03,الواجهة البحرية,الدمام,كورنيش,https://maps.app.goo.gl/E5ZBjcN8sv3pc3Jh8,ChZDSUhNMG9nS0VJQ0FnSUQ1dUllWVRBEAE,سعيد الغامدي,https://www.google.com/maps/contrib/113447485102058055804/reviews?hl=en,4,2 years ago,مكان جميل وهادي,True,True,False,2026-09-25
P03,الواجهة البحرية,الدمام,كورنيش,https://maps.app.goo.gl/E5ZBjcN8sv3pc3Jh8,ChdDSUhNMG9nS0VJQ0FnSUM1c1lxdmxnRRAB,シoo,https://www.google.com/maps/contrib/116985485540177229155/reviews?hl=en,5,2 years ago,الكونيش، روعه و القعده فيه ترد الروح,True,True,False,2026-09-25
P03,الواجهة البحرية,الدمام,كورنيش,https://maps.app.goo.gl/E5ZBjcN8sv3pc3Jh8,ChdDSUhNMG9nS0VJQ0FnSUM1eXFqOWtRRRAB,ahmed alhobayshe أحمد الحبيشي,https://www.google.com/maps/contrib/100812860478599871015/reviews?hl=en,4,2 years ago,جميلة,True,True,False,2026-09-25
P03,الواجهة البحرية,الدمام,كورنيش,https://maps.app.goo.gl/E5ZBjcN8sv3pc3Jh8,ChZDSUhNMG9nS0VJQ0FnSUM1cFAyeFRBEAE,الزعيم الافضل,https://www.google.com/maps/contrib/111280668312235644841/reviews?hl=en,5,2 years ago,,False,True,False,2026-09-25
P03,الواجهة البحرية,الدمام,كورنيش,https://maps.app.goo.gl/E5ZBjcN8sv3pc3Jh8,ChZDSUhNMG9nS0VJQ0FnSURaMC1xOUJBEAE,Syed Adil Mashkoor,https://www.google.com/maps/contrib/104508845829156306276/reviews?hl=en,4,2 years ago,,False,True,False,2026-09-25
P03,الواجهة البحرية,الدمام,كورنيش,https://maps.app.goo.gl/E5ZBjcN8sv3pc3Jh8,ChZDSUhNMG9nS0VJQ0FnSURaX1pYM1JBEAE,Usama Fattouh,https://www.google.com/maps/contrib/113720371936683405242/reviews?hl=en,5,2 years ago,,False,True,False,2026-09-25
P03,الواجهة البحرية,الدمام,كورنيش,https://maps.app.goo.gl/E5ZBjcN8sv3pc3Jh8,ChZDSUhNMG9nS0VJQ0FnSURacmVHaFpBEAE,محمد عنبتاوي,https://www.google.com/maps/contrib/109062113880448725398/reviews?hl=en,5,2 years ago,,False,True,False,2026-09-25
P03,الواجهة البحرية,الدمام,كورنيش,https://maps.app.goo.gl/E5ZBjcN8sv3pc3Jh8,ChdDSUhNMG9nS0VJQ0FnSURaOWNXeXZ3RRAB,suhaib alkhadra,https://www.google.com/maps/contrib/101457416384519835224/reviews?hl=en,5,2 years ago,,False,True,False,2026-09-25
P03,الواجهة البحرية,الدمام,كورنيش,https://maps.app.goo.gl/E5ZBjcN8sv3pc3Jh8,ChdDSUhNMG9nS0VJQ0FnSURaam9yemlBRRAB,Ahmed Alsabhan,https://www.google.com/maps/contrib/100562137583922523642/reviews?hl=en,4,2 years ago,تحتاج اكثر اهتمام واماكن ترفيه ومطاعم واناره جيده,True,True,False,2026-09-25
P03,الواجهة البحرية,الدمام,كورنيش,https://maps.app.goo.gl/E5ZBjcN8sv3pc3Jh8,ChZDSUhNMG9nS0VJQ0FnSURaOXZDVGVnEAE,IBRAHEM ALGHAMDI,https://www.google.com/maps/contrib/118033209859846807270/reviews?hl=en,5,2 years ago,"الاجواء جميله النظافه جميله ولكن تحتاج بعض الاهتمام بدورات المياه ، فما المانع من جعل دورات المياه برسوم ريال واحد وتكون عائد للنظافه والاهتمام ، كذلك مكافحة الحشرات باستمرار والقطاوه ، توفير اماكن خاصه بالشواء
اتمنى من ادارة الخدمات اقتباس بعض الافكار من الخارج وتطبيقها لدينا",True,True,False,2026-09-25
P03,الواجهة البحرية,الدمام,كورنيش,https://maps.app.goo.gl/E5ZBjcN8sv3pc3Jh8,ChdDSUhNMG9nS0VJQ0FnSURaNXRDcnJnRRAB,محمد العيوطي,https://www.google.com/maps/contrib/106649561319428205636/reviews?hl=en,3,2 years ago,,False,True,False,2026-09-25
P03,الواجهة البحرية,الدمام,كورنيش,https://maps.app.goo.gl/E5ZBjcN8sv3pc3Jh8,ChZDSUhNMG9nS0VJQ0FnSURaeEp1dVVBEAE,وائل الصرمي,https://www.google.com/maps/contrib/115029059453887167236/reviews?hl=en,5,3 years ago,مكان حلو,True,True,False,2026-09-25
P03,الواجهة البحرية,الدمام,كورنيش,https://maps.app.goo.gl/E5ZBjcN8sv3pc3Jh8,ChZDSUhNMG9nS0VJQ0FnSURaMk5yU2NREAE,سهم عتيبه,https://www.google.com/maps/contrib/114986518544740770636/reviews?hl=en,5,3 years ago,جميله ونظيفه,True,True,False,2026-09-25
P03,الواجهة البحرية,الدمام,كورنيش,https://maps.app.goo.gl/E5ZBjcN8sv3pc3Jh8,ChZDSUhNMG9nS0VJQ0FnSUNacTV5ZEVnEAE,عمر عمر الخالدي,https://www.google.com/maps/contrib/117376051353883995158/reviews?hl=en,5,3 years ago,‏مكان في ذكريات كثيره🥺 …,True,True,True,2026-09-25
P03,الواجهة البحرية,الدمام,كورنيش,https://maps.app.goo.gl/E5ZBjcN8sv3pc3Jh8,ChZDSUhNMG9nS0VJQ0FnSUNadmZLQkNBEAE,نبيل الحسني,https://www.google.com/maps/contrib/115922445868454790972/reviews?hl=en,4,3 years ago,,False,True,False,2026-09-25
P03,الواجهة البحرية,الدمام,كورنيش,https://maps.app.goo.gl/E5ZBjcN8sv3pc3Jh8,ChZDSUhNMG9nS0VJQ0FnSUNaemJyZ0xnEAE,عبدالله الجبور,https://www.google.com/maps/contrib/111748686090080635029/reviews?hl=en,5,3 years ago,اطلاله رائعه جداً,True,True,False,2026-09-25
P03,الواجهة البحرية,الدمام,كورنيش,https://maps.app.goo.gl/E5ZBjcN8sv3pc3Jh8,ChZDSUhNMG9nS0VJQ0FnSUNaeGJUNVV3EAE,nora,https://www.google.com/maps/contrib/104265894341106573905/reviews?hl=en,3,3 years ago,,False,True,False,2026-09-25
P03,الواجهة البحرية,الدمام,كورنيش,https://maps.app.goo.gl/E5ZBjcN8sv3pc3Jh8,ChZDSUhNMG9nS0VJQ0FnSURwMGFTYlhnEAE,HUDA FAHAD,https://www.google.com/maps/contrib/103189618155310535521/reviews?hl=en,5,Edited 3 years ago,,False,True,False,2026-09-25
P03,الواجهة البحرية,الدمام,كورنيش,https://maps.app.goo.gl/E5ZBjcN8sv3pc3Jh8,ChdDSUhNMG9nS0VJQ0FnSUNacWFxWnh3RRAB,أكرم البكاري,https://www.google.com/maps/contrib/114222223282108557914/reviews?hl=en,4,3 years ago,مكان جميل ورائع,True,True,False,2026-09-25
P03,الواجهة البحرية,الدمام,كورنيش,https://maps.app.goo.gl/E5ZBjcN8sv3pc3Jh8,ChZDSUhNMG9nS0VJQ0FnSUNab3A3OERnEAE,Basim Ghadban,https://www.google.com/maps/contrib/102656139427831744768/reviews?hl=en,5,3 years ago,,False,True,False,2026-09-25
P03,الواجهة البحرية,الدمام,كورنيش,https://maps.app.goo.gl/E5ZBjcN8sv3pc3Jh8,ChRDSUhNMG9nS0VJQ0FnSURweGFkVRAB,borhan moussa,https://www.google.com/maps/contrib/113738498158277838504/reviews?hl=en,5,3 years ago,,False,True,False,2026-09-25
P03,الواجهة البحرية,الدمام,كورنيش,https://maps.app.goo.gl/E5ZBjcN8sv3pc3Jh8,ChZDSUhNMG9nS0VJQ0FnSURwaXJEbkt3EAE,أبوكيان أحمد المالكي AbuKayan Ahmed Almalki,https://www.google.com/maps/contrib/114633119091643552463/reviews?hl=en,4,3 years ago,,False,True,False,2026-09-25
P03,الواجهة البحرية,الدمام,كورنيش,https://maps.app.goo.gl/E5ZBjcN8sv3pc3Jh8,ChZDSUhNMG9nS0VJQ0FnSUNwc2V1ZEVREAE,George Cristiano,https://www.google.com/maps/contrib/103020349306831042325/reviews?hl=en,4,3 years ago,,False,True,False,2026-09-25
P03,الواجهة البحرية,الدمام,كورنيش,https://maps.app.goo.gl/E5ZBjcN8sv3pc3Jh8,ChdDSUhNMG9nS0VJQ0FnSUNwbnJ2TjlBRRAB,TURKI,https://www.google.com/maps/contrib/108880338637921079100/reviews?hl=en,5,3 years ago,المكان جميل جدا,True,True,False,2026-09-25
P03,الواجهة البحرية,الدمام,كورنيش,https://maps.app.goo.gl/E5ZBjcN8sv3pc3Jh8,ChdDSUhNMG9nS0VJQ0FnSUNwcXY2MG1nRRAB,Abu yousef,https://www.google.com/maps/contrib/101025126742999800197/reviews?hl=en,5,3 years ago,,False,True,False,2026-09-25
P03,الواجهة البحرية,الدمام,كورنيش,https://maps.app.goo.gl/E5ZBjcN8sv3pc3Jh8,ChdDSUhNMG9nS0VJQ0FnSURKeC16dGdnRRAB,أبو ريان الكبدي,https://www.google.com/maps/contrib/109322903318384716529/reviews?hl=en,5,3 years ago,,False,True,False,2026-09-25
P03,الواجهة البحرية,الدمام,كورنيش,https://maps.app.goo.gl/E5ZBjcN8sv3pc3Jh8,ChZDSUhNMG9nS0VJQ0FnSURKdWNyU2VREAE,ahmed sayed,https://www.google.com/maps/contrib/114255846554892419849/reviews?hl=en,4,3 years ago,زباله كثيييرة,True,True,False,2026-09-25
P03,الواجهة البحرية,الدمام,كورنيش,https://maps.app.goo.gl/E5ZBjcN8sv3pc3Jh8,ChZDSUhNMG9nS0VJQ0FnSURKOFp6ZU5BEAE,نـٌور آلقِّمـر,https://www.google.com/maps/contrib/109908816419269113494/reviews?hl=en,3,3 years ago,اللي بقلبه كلام وخاطره يتامل يروح له,True,True,False,2026-09-25
P03,الواجهة البحرية,الدمام,كورنيش,https://maps.app.goo.gl/E5ZBjcN8sv3pc3Jh8,ChZDSUhNMG9nS0VJQ0FnSURKd1pydGZ3EAE,KING_BIS,https://www.google.com/maps/contrib/103087270971233644754/reviews?hl=en,3,3 years ago,,False,True,False,2026-09-25
P03,الواجهة البحرية,الدمام,كورنيش,https://maps.app.goo.gl/E5ZBjcN8sv3pc3Jh8,ChZDSUhNMG9nS0VJQ0FnSURKNnBtQ0ZREAE,عبدالله العامري,https://www.google.com/maps/contrib/108402167781451415013/reviews?hl=en,2,3 years ago,,False,True,False,2026-09-25
P03,الواجهة البحرية,الدمام,كورنيش,https://maps.app.goo.gl/E5ZBjcN8sv3pc3Jh8,ChZDSUhNMG9nS0VJQ0FnSURKX0s3NmFREAE,مختار النقيب,https://www.google.com/maps/contrib/101824641834600539398/reviews?hl=en,5,3 years ago,,False,True,False,2026-09-25
P03,الواجهة البحرية,الدمام,كورنيش,https://maps.app.goo.gl/E5ZBjcN8sv3pc3Jh8,ChZDSUhNMG9nS0VJQ0FnSURKN08tRk53EAE,سليمان الربعي,https://www.google.com/maps/contrib/103691302310689306916/reviews?hl=en,4,3 years ago,,False,True,False,2026-09-25
P03,الواجهة البحرية,الدمام,كورنيش,https://maps.app.goo.gl/E5ZBjcN8sv3pc3Jh8,ChdDSUhNMG9nS0VJQ0FnSURKOVBEcXJRRRAB,Khaild KSA (Khaled),https://www.google.com/maps/contrib/112489612397797974806/reviews?hl=en,4,3 years ago,,False,True,False,2026-09-25
P03,الواجهة البحرية,الدمام,كورنيش,https://maps.app.goo.gl/E5ZBjcN8sv3pc3Jh8,ChZDSUhNMG9nS0VJQ0FnSUNKdl9UaU9BEAE,Shahbaaz DK,https://www.google.com/maps/contrib/102049549970957114268/reviews?hl=en,4,3 years ago,,False,True,False,2026-09-25
P03,الواجهة البحرية,الدمام,كورنيش,https://maps.app.goo.gl/E5ZBjcN8sv3pc3Jh8,ChZDSUhNMG9nS0VJQ0FnSUNKdDlLT1FBEAE,Roqc -,https://www.google.com/maps/contrib/104266873872104332727/reviews?hl=en,5,3 years ago,,False,True,False,2026-09-25
P03,الواجهة البحرية,الدمام,كورنيش,https://maps.app.goo.gl/E5ZBjcN8sv3pc3Jh8,ChZDSUhNMG9nS0VJQ0FnSUNKN2RHdUx3EAE,محمد السبيعي,https://www.google.com/maps/contrib/106653707502688844370/reviews?hl=en,5,3 years ago,,False,True,False,2026-09-25
P03,الواجهة البحرية,الدمام,كورنيش,https://maps.app.goo.gl/E5ZBjcN8sv3pc3Jh8,ChdDSUhNMG9nS0VJQ0FnSUNKd2RYVHNRRRAB,Ahmed hassan,https://www.google.com/maps/contrib/113847166260106743582/reviews?hl=en,5,3 years ago,,False,True,False,2026-09-25
P03,الواجهة البحرية,الدمام,كورنيش,https://maps.app.goo.gl/E5ZBjcN8sv3pc3Jh8,ChdDSUhNMG9nS0VJQ0FnSUNKM3RmLXBBRRAB,MUHAMMAD ANAS,https://www.google.com/maps/contrib/109879885901962344153/reviews?hl=en,5,3 years ago,"Beautiful, nature, Cornish, trees, sea, Kids play Zone, Sitting Zone. 🤩😘😘🥰 …",False,True,True,2026-09-25
P03,الواجهة البحرية,الدمام,كورنيش,https://maps.app.goo.gl/E5ZBjcN8sv3pc3Jh8,ChdDSUhNMG9nS0VJQ0FnSUNKd3Q3ZnZBRRAB,Hisham Sayed,https://www.google.com/maps/contrib/104472036411483441894/reviews?hl=en,5,3 years ago,,False,True,False,2026-09-25
P03,الواجهة البحرية,الدمام,كورنيش,https://maps.app.goo.gl/E5ZBjcN8sv3pc3Jh8,ChZDSUhNMG9nS0VJQ0FnSUNKdE5LbWZ3EAE,mohammed alahmadi,https://www.google.com/maps/contrib/103791004890735129130/reviews?hl=en,5,3 years ago,أجواء جميلة,True,True,False,2026-09-25
P03,الواجهة البحرية,الدمام,كورنيش,https://maps.app.goo.gl/E5ZBjcN8sv3pc3Jh8,ChZDSUhNMG9nS0VJQ0FnSUNKNFBtVkZBEAE,ابراهيم الدوسري,https://www.google.com/maps/contrib/101135681393767539167/reviews?hl=en,5,3 years ago,ممتاز,True,True,False,2026-09-25
P03,الواجهة البحرية,الدمام,كورنيش,https://maps.app.goo.gl/E5ZBjcN8sv3pc3Jh8,ChdDSUhNMG9nS0VJQ0FnSUR4MTdia3lBRRAB,Ibrahim Z,https://www.google.com/maps/contrib/101164503452512086090/reviews?hl=en,4,3 years ago,,False,True,False,2026-09-25
P03,الواجهة البحرية,الدمام,كورنيش,https://maps.app.goo.gl/E5ZBjcN8sv3pc3Jh8,ChZDSUhNMG9nS0VJQ0FnSUR4LTduekdBEAE,Hossin Saed,https://www.google.com/maps/contrib/114554710306590390301/reviews?hl=en,4,3 years ago,نتمنى يكون هناك مزيد من التطوير,True,True,False,2026-09-25
P03,الواجهة البحرية,الدمام,كورنيش,https://maps.app.goo.gl/E5ZBjcN8sv3pc3Jh8,ChdDSUhNMG9nS0VJQ0FnSUR4cThiWHRBRRAB,طاهر كدش,https://www.google.com/maps/contrib/109965002046905508174/reviews?hl=en,5,3 years ago,,False,True,False,2026-09-25
P03,الواجهة البحرية,الدمام,كورنيش,https://maps.app.goo.gl/E5ZBjcN8sv3pc3Jh8,ChZDSUhNMG9nS0VJQ0FnSUR4LWR2R1JBEAE,ماجد الطويلعي,https://www.google.com/maps/contrib/110561148706064799697/reviews?hl=en,5,3 years ago,,False,True,False,2026-09-25
P03,الواجهة البحرية,الدمام,كورنيش,https://maps.app.goo.gl/E5ZBjcN8sv3pc3Jh8,ChdDSUhNMG9nS0VJQ0FnSUR4bVpUTG5RRRAB,سامي المرزوقي,https://www.google.com/maps/contrib/101395590004789780734/reviews?hl=en,3,3 years ago,الجو حار جدا في النهار وفي الليل ايضا واماكن الترفيه ازيلت وليست كنا كانت قبل كورونا والاجار أصبح في الارتفاع وزوارة قلائل،ارجوا تصليحه.,True,True,False,2026-09-25
P03,الواجهة البحرية,الدمام,كورنيش,https://maps.app.goo.gl/E5ZBjcN8sv3pc3Jh8,ChdDSUhNMG9nS0VJQ0FnSUR4aWJ1M2lBRRAB,محمد الصاوي,https://www.google.com/maps/contrib/106774327946234368930/reviews?hl=en,5,3 years ago,,False,True,False,2026-09-25
P03,الواجهة البحرية,الدمام,كورنيش,https://maps.app.goo.gl/E5ZBjcN8sv3pc3Jh8,ChdDSUhNMG9nS0VJQ0FnSUR4NGNiRHR3RRAB,Majid Alabad,https://www.google.com/maps/contrib/117050757017840833332/reviews?hl=en,5,3 years ago,👍 …,False,True,True,2026-09-25
P03,الواجهة البحرية,الدمام,كورنيش,https://maps.app.goo.gl/E5ZBjcN8sv3pc3Jh8,ChdDSUhNMG9nS0VJQ0FnSUR4OXF5ZWhnRRAB,مشعل الجلعود,https://www.google.com/maps/contrib/102332733706126341380/reviews?hl=en,5,3 years ago,الواجهة رائعه جدا 🙏🏻 …,True,True,True,2026-09-25
P03,الواجهة البحرية,الدمام,كورنيش,https://maps.app.goo.gl/E5ZBjcN8sv3pc3Jh8,ChZDSUhNMG9nS0VJQ0FnSUR4MEktVWJnEAE,ABRAIR AL FARHAN,https://www.google.com/maps/contrib/109027145793115403286/reviews?hl=en,3,3 years ago,واجه بحريه جميله في الدمام منفس لجميع الناس سحات كبيره اللعاب اطفال محلات كافيهات جميع الخدمات,True,True,False,2026-09-25
P03,الواجهة البحرية,الدمام,كورنيش,https://maps.app.goo.gl/E5ZBjcN8sv3pc3Jh8,ChdDSUhNMG9nS0VJQ0FnSUN4XzhhdDdBRRAB,F.A Al.Marhoon,https://www.google.com/maps/contrib/113636869346111603666/reviews?hl=en,4,3 years ago,,False,True,False,2026-09-25
P03,الواجهة البحرية,الدمام,كورنيش,https://maps.app.goo.gl/E5ZBjcN8sv3pc3Jh8,ChZDSUhNMG9nS0VJQ0FnSUN4bjZuNllBEAE,علي النماء,https://www.google.com/maps/contrib/116267277185960099932/reviews?hl=en,4,3 years ago,مكان جميل جدا للعوايل والعزاب وكل الخدمات متوفرة.,True,True,False,2026-09-25
P03,الواجهة البحرية,الدمام,كورنيش,https://maps.app.goo.gl/E5ZBjcN8sv3pc3Jh8,ChZDSUhNMG9nS0VJQ0FnSUN4cjh5Q0xBEAE,Rehab,https://www.google.com/maps/contrib/116535504615287442402/reviews?hl=en,5,3 years ago,الواجه البحريه حلوه ومريحه عيبه كثرة القطط,True,True,False,2026-09-25
P03,الواجهة البحرية,الدمام,كورنيش,https://maps.app.goo.gl/E5ZBjcN8sv3pc3Jh8,ChZDSUhNMG9nS0VJQ0FnSUN4cTdQa0tREAE,مقبل الشمري,https://www.google.com/maps/contrib/105492640471700646820/reviews?hl=en,5,3 years ago,,False,True,False,2026-09-25
P03,الواجهة البحرية,الدمام,كورنيش,https://maps.app.goo.gl/E5ZBjcN8sv3pc3Jh8,ChZDSUhNMG9nS0VJQ0FnSUN4ZzVxbGZREAE,Majed Alghmdi,https://www.google.com/maps/contrib/111497868533904145627/reviews?hl=en,5,3 years ago,,False,True,False,2026-09-25
P03,الواجهة البحرية,الدمام,كورنيش,https://maps.app.goo.gl/E5ZBjcN8sv3pc3Jh8,ChZDSUhNMG9nS0VJQ0FnSUN4M1l5WFBBEAE,وليد القطوي,https://www.google.com/maps/contrib/101689146689966533121/reviews?hl=en,5,3 years ago,,False,True,False,2026-09-25
P03,الواجهة البحرية,الدمام,كورنيش,https://maps.app.goo.gl/E5ZBjcN8sv3pc3Jh8,ChZDSUhNMG9nS0VJQ0FnSUN4MGFmd0xBEAE,زعيم محمد,https://www.google.com/maps/contrib/109720513101988159766/reviews?hl=en,4,3 years ago,,False,True,False,2026-09-25
P03,الواجهة البحرية,الدمام,كورنيش,https://maps.app.goo.gl/E5ZBjcN8sv3pc3Jh8,ChZDSUhNMG9nS0VJQ0FnSUN4a2MtbFpREAE,Maher Alsayed,https://www.google.com/maps/contrib/101027638284019118068/reviews?hl=en,2,3 years ago,,False,True,False,2026-09-25
P03,الواجهة البحرية,الدمام,كورنيش,https://maps.app.goo.gl/E5ZBjcN8sv3pc3Jh8,ChdDSUhNMG9nS0VJQ0FnSUN4dnR5bHB3RRAB,ساره فهد,https://www.google.com/maps/contrib/108753347787642476264/reviews?hl=en,4,3 years ago,"الصمت في حرم الجمال جمال 😍
الواجهة البحرية في الدمام جميلة
وتتمتع بتنسيق النباتات
فيها وبوجدفيها عربات وقطار
وباص لندن
ينقصها وجودكم ♥️
استمتع فيها مع الاحواء الحلوة👌🏼
ينقصها  الزوار اللي يحييون المكان
عموما ممتازه بالاجواء البارده والمعتدله
وممتعه وقت الفجرية 👌🏼🕊",True,True,False,2026-09-25
P03,الواجهة البحرية,الدمام,كورنيش,https://maps.app.goo.gl/E5ZBjcN8sv3pc3Jh8,ChZDSUhNMG9nS0VJQ0FnSUN4M3Q2ZVZREAE,ابو محمد,https://www.google.com/maps/contrib/107067745584509807644/reviews?hl=en,5,3 years ago,مكان جميل لتنزه,True,True,False,2026-09-25
P03,الواجهة البحرية,الدمام,كورنيش,https://maps.app.goo.gl/E5ZBjcN8sv3pc3Jh8,ChdDSUhNMG9nS0VJQ0FnSUN4em92ejNnRRAB,احمد بركات,https://www.google.com/maps/contrib/113765042238914576353/reviews?hl=en,5,3 years ago,,False,True,False,2026-09-25
P03,الواجهة البحرية,الدمام,كورنيش,https://maps.app.goo.gl/E5ZBjcN8sv3pc3Jh8,ChZDSUhNMG9nS0VJQ0FnSUN4NXVDT2F3EAE,saeed aldossri,https://www.google.com/maps/contrib/114244302015028147323/reviews?hl=en,5,3 years ago,بارك الله في جهود اصحاب الفكرة والمشرفين وحتى العاملين فعلا واجهة بحرية كأطول واجهة بالمملكة بطول ١٨ كم واكثر شكرا لكم فكل شي موجود ومتوفر وحتى الجهات الأمنية ومكافحة المخدرات  فالمكان جدا آمن للعوائل حتى لو تأخرت بالإنصراف منه وجميل كذلك بالفعاليات,True,True,False,2026-09-25
P03,الواجهة البحرية,الدمام,كورنيش,https://maps.app.goo.gl/E5ZBjcN8sv3pc3Jh8,ChdDSUhNMG9nS0VJQ0FnSUN4eG9HZDJnRRAB,لؤي الخلف,https://www.google.com/maps/contrib/103505834139144597170/reviews?hl=en,2,3 years ago,,False,True,False,2026-09-25
P03,الواجهة البحرية,الدمام,كورنيش,https://maps.app.goo.gl/E5ZBjcN8sv3pc3Jh8,ChdDSUhNMG9nS0VJQ0FnSUN4Z3N1LXN3RRAB,hhh201047@gmail.com HADI,https://www.google.com/maps/contrib/100587522701566190867/reviews?hl=en,5,3 years ago,,False,True,False,2026-09-25
P03,الواجهة البحرية,الدمام,كورنيش,https://maps.app.goo.gl/E5ZBjcN8sv3pc3Jh8,ChdDSUhNMG9nS0VJQ0FnSUN4Z09YeC1RRRAB,حذيفه عبده علي عباس النجار,https://www.google.com/maps/contrib/114790393841599409517/reviews?hl=en,5,3 years ago,,False,True,False,2026-09-25
P03,الواجهة البحرية,الدمام,كورنيش,https://maps.app.goo.gl/E5ZBjcN8sv3pc3Jh8,ChZDSUhNMG9nS0VJQ0FnSURScjd1OVVBEAE,ROZ,https://www.google.com/maps/contrib/105428871641497635044/reviews?hl=en,5,3 years ago,,False,True,False,2026-09-25
P03,الواجهة البحرية,الدمام,كورنيش,https://maps.app.goo.gl/E5ZBjcN8sv3pc3Jh8,ChdDSUhNMG9nS0VJQ0FnSURSei1pZmdBRRAB,عبد الرزاق,https://www.google.com/maps/contrib/104394237939405464860/reviews?hl=en,5,3 years ago,,False,True,False,2026-09-25
P03,الواجهة البحرية,الدمام,كورنيش,https://maps.app.goo.gl/E5ZBjcN8sv3pc3Jh8,ChZDSUhNMG9nS0VJQ0FnSURSLTZmU0J3EAE,Mohammed A,https://www.google.com/maps/contrib/101111405916997956233/reviews?hl=en,3,3 years ago,,False,True,False,2026-09-25
P03,الواجهة البحرية,الدمام,كورنيش,https://maps.app.goo.gl/E5ZBjcN8sv3pc3Jh8,ChdDSUhNMG9nS0VJQ0FnSURSNjZlcjR3RRAB,Imran hossain,https://www.google.com/maps/contrib/112362335951840931014/reviews?hl=en,5,3 years ago,,False,True,False,2026-09-25
P03,الواجهة البحرية,الدمام,كورنيش,https://maps.app.goo.gl/E5ZBjcN8sv3pc3Jh8,ChZDSUhNMG9nS0VJQ0FnSURSeV9uMEx3EAE,som qod,https://www.google.com/maps/contrib/117498604684277344636/reviews?hl=en,5,3 years ago,"مكان جميل وممشى واسع
يحتوي على جلسات مظللة
وقريب من العاب اطفال ومطاعم",True,True,False,2026-09-25
P03,الواجهة البحرية,الدمام,كورنيش,https://maps.app.goo.gl/E5ZBjcN8sv3pc3Jh8,ChdDSUhNMG9nS0VJQ0FnSURSODlua3RnRRAB,فهد,https://www.google.com/maps/contrib/114651900224869930111/reviews?hl=en,4,3 years ago,,False,True,False,2026-09-25
P03,الواجهة البحرية,الدمام,كورنيش,https://maps.app.goo.gl/E5ZBjcN8sv3pc3Jh8,ChdDSUhNMG9nS0VJQ0FnSURSX2JDYTdnRRAB,Rania Hesham,https://www.google.com/maps/contrib/117329902768087175442/reviews?hl=en,5,3 years ago,,False,True,False,2026-09-25
P03,الواجهة البحرية,الدمام,كورنيش,https://maps.app.goo.gl/E5ZBjcN8sv3pc3Jh8,ChZDSUhNMG9nS0VJQ0FnSURSM2E2VlJnEAE,Mubarak N,https://www.google.com/maps/contrib/111566247044215125410/reviews?hl=en,5,3 years ago,,False,True,False,2026-09-25
P03,الواجهة البحرية,الدمام,كورنيش,https://maps.app.goo.gl/E5ZBjcN8sv3pc3Jh8,ChZDSUhNMG9nS0VJQ0FnSURSaGN1WlN3EAE,محمد القبيسي,https://www.google.com/maps/contrib/117728968623492094343/reviews?hl=en,5,3 years ago,ممتعه جدا .ولكن نأمل من البلدية تعقيم العاب الأطفال بين فرة واخرى وعمل صيانة دورية عليها .ومنع اللعب بالكرة.,True,True,False,2026-09-25
P03,الواجهة البحرية,الدمام,كورنيش,https://maps.app.goo.gl/E5ZBjcN8sv3pc3Jh8,ChdDSUhNMG9nS0VJQ0FnSURSdVltVDVRRRAB,عوض الخراز,https://www.google.com/maps/contrib/114824797737067100625/reviews?hl=en,5,3 years ago,,False,True,False,2026-09-25
P03,الواجهة البحرية,الدمام,كورنيش,https://maps.app.goo.gl/E5ZBjcN8sv3pc3Jh8,ChZDSUhNMG9nS0VJQ0FnSURSOGVHZGN3EAE,H,https://www.google.com/maps/contrib/109275583037540848294/reviews?hl=en,5,3 years ago,,False,True,False,2026-09-25
P03,الواجهة البحرية,الدمام,كورنيش,https://maps.app.goo.gl/E5ZBjcN8sv3pc3Jh8,ChdDSUhNMG9nS0VJQ0FnSURSOGNTZDhRRRAB,ريناد ِ,https://www.google.com/maps/contrib/112921062497973752001/reviews?hl=en,1,3 years ago,,False,True,False,2026-09-25
P03,الواجهة البحرية,الدمام,كورنيش,https://maps.app.goo.gl/E5ZBjcN8sv3pc3Jh8,ChdDSUhNMG9nS0VJQ0FnSURSdnRXN3pnRRAB,sosooa jkiokl,https://www.google.com/maps/contrib/101647448674838381571/reviews?hl=en,5,3 years ago,,False,True,False,2026-09-25
P03,الواجهة البحرية,الدمام,كورنيش,https://maps.app.goo.gl/E5ZBjcN8sv3pc3Jh8,ChZDSUhNMG9nS0VJQ0FnSURScnBEUEVBEAE,Junais Junu,https://www.google.com/maps/contrib/112761223642811607229/reviews?hl=en,4,3 years ago,,False,True,False,2026-09-25
P03,الواجهة البحرية,الدمام,كورنيش,https://maps.app.goo.gl/E5ZBjcN8sv3pc3Jh8,ChdDSUhNMG9nS0VJQ0FnSURScHJDNDV3RRAB,St Alharbi,https://www.google.com/maps/contrib/114958184089003937137/reviews?hl=en,5,3 years ago,روووعه,True,True,False,2026-09-25
P03,الواجهة البحرية,الدمام,كورنيش,https://maps.app.goo.gl/E5ZBjcN8sv3pc3Jh8,ChZDSUhNMG9nS0VJQ0FnSURSaHRYSlhREAE,A -G,https://www.google.com/maps/contrib/106902809192224762991/reviews?hl=en,3,3 years ago,,False,True,False,2026-09-25
P03,الواجهة البحرية,الدمام,كورنيش,https://maps.app.goo.gl/E5ZBjcN8sv3pc3Jh8,ChZDSUhNMG9nS0VJQ0FnSURSdXMzeFFBEAE,Eng.Mohamed,https://www.google.com/maps/contrib/102297931654728367191/reviews?hl=en,4,3 years ago,,False,True,False,2026-09-25
P03,الواجهة البحرية,الدمام,كورنيش,https://maps.app.goo.gl/E5ZBjcN8sv3pc3Jh8,ChdDSUhNMG9nS0VJQ0FnSURSbXZ2UXVnRRAB,shadi alsalem,https://www.google.com/maps/contrib/118231132500068564540/reviews?hl=en,3,3 years ago,الشوايات والجلسات تحتاج نظافة مستمرة عشان تبقى جديدة,True,True,False,2026-09-25
P03,الواجهة البحرية,الدمام,كورنيش,https://maps.app.goo.gl/E5ZBjcN8sv3pc3Jh8,ChZDSUhNMG9nS0VJQ0FnSURSNnViSkhBEAE,Rubeena Shaikh,https://www.google.com/maps/contrib/106814623963954078691/reviews?hl=en,4,3 years ago,Very clean and neatly maintained. 😍,False,True,False,2026-09-25
P03,الواجهة البحرية,الدمام,كورنيش,https://maps.app.goo.gl/E5ZBjcN8sv3pc3Jh8,ChdDSUhNMG9nS0VJQ0FnSURSa0tLdm9BRRAB,Mohamed Elsaman,https://www.google.com/maps/contrib/115813448304472802691/reviews?hl=en,5,3 years ago,,False,True,False,2026-09-25
P03,الواجهة البحرية,الدمام,كورنيش,https://maps.app.goo.gl/E5ZBjcN8sv3pc3Jh8,ChZDSUhNMG9nS0VJQ0FnSUNSdjkzdktBEAE,Mohamed El-Hassan,https://www.google.com/maps/contrib/106498053233800262690/reviews?hl=en,5,3 years ago,,False,True,False,2026-09-25
P03,الواجهة البحرية,الدمام,كورنيش,https://maps.app.goo.gl/E5ZBjcN8sv3pc3Jh8,ChZDSUhNMG9nS0VJQ0FnSUNSdDhxQVVBEAE,Khalid Alzhrani,https://www.google.com/maps/contrib/103125717941177258020/reviews?hl=en,5,3 years ago,روقان,True,True,False,2026-09-25
P03,الواجهة البحرية,الدمام,كورنيش,https://maps.app.goo.gl/E5ZBjcN8sv3pc3Jh8,ChZDSUhNMG9nS0VJQ0FnSUNSbDQybWZ3EAE,ماجد الدخيل,https://www.google.com/maps/contrib/111912658406333311914/reviews?hl=en,5,3 years ago,,False,True,False,2026-09-25
P03,الواجهة البحرية,الدمام,كورنيش,https://maps.app.goo.gl/E5ZBjcN8sv3pc3Jh8,ChdDSUhNMG9nS0VJQ0FnSUNScTktX3ZBRRAB,Abdullah Alqahtani,https://www.google.com/maps/contrib/108965318253815661098/reviews?hl=en,5,3 years ago,,False,True,False,2026-09-25
P03,الواجهة البحرية,الدمام,كورنيش,https://maps.app.goo.gl/E5ZBjcN8sv3pc3Jh8,ChZDSUhNMG9nS0VJQ0FnSUNSX2NIREpnEAE,mohd almusa,https://www.google.com/maps/contrib/113874853949164554850/reviews?hl=en,4,3 years ago,,False,True,False,2026-09-25
P03,الواجهة البحرية,الدمام,كورنيش,https://maps.app.goo.gl/E5ZBjcN8sv3pc3Jh8,ChZDSUhNMG9nS0VJQ0FnSUNSemVMNWNnEAE,‫الملكة (‪BE‬‏)‬‎,https://www.google.com/maps/contrib/118071151903596365619/reviews?hl=en,5,3 years ago,جمييييل المكان ورايق يحتاج يخلصووو العماير الفاضيه ويفتحو نشاطات اكثررر منتظرين الافتتاحات 😍❤️‍🔥. …,True,True,True,2026-09-25
P03,الواجهة البحرية,الدمام,كورنيش,https://maps.app.goo.gl/E5ZBjcN8sv3pc3Jh8,ChdDSUhNMG9nS0VJQ0FnSUNSamF1LTdnRRAB,عشاق صيد الاسماك Rabei fishing,https://www.google.com/maps/contrib/108857774408104563549/reviews?hl=en,5,3 years ago,,False,True,False,2026-09-25
P03,الواجهة البحرية,الدمام,كورنيش,https://maps.app.goo.gl/E5ZBjcN8sv3pc3Jh8,ChdDSUhNMG9nS0VJQ0FnSUNSOVlqcXpnRRAB,mohamed hamdy,https://www.google.com/maps/contrib/112755033018531364562/reviews?hl=en,5,3 years ago,جميلة,True,True,False,2026-09-25
P03,الواجهة البحرية,الدمام,كورنيش,https://maps.app.goo.gl/E5ZBjcN8sv3pc3Jh8,ChZDSUhNMG9nS0VJQ0FnSUNSdGZ6SlNBEAE,Saeed Al-Ali,https://www.google.com/maps/contrib/100006531230952361780/reviews?hl=en,4,3 years ago,,False,True,False,2026-09-25
P03,الواجهة البحرية,الدمام,كورنيش,https://maps.app.goo.gl/E5ZBjcN8sv3pc3Jh8,ChdDSUhNMG9nS0VJQ0FnSUNSM3FIQnpBRRAB,husain ali,https://www.google.com/maps/contrib/117449108170247885141/reviews?hl=en,4,3 years ago,,False,True,False,2026-09-25
P03,الواجهة البحرية,الدمام,كورنيش,https://maps.app.goo.gl/E5ZBjcN8sv3pc3Jh8,ChdDSUhNMG9nS0VJQ0FnSUNSMHZEaXpRRRAB,شهد الناصري,https://www.google.com/maps/contrib/100475099186971267271/reviews?hl=en,3,3 years ago,,False,True,False,2026-09-25
P03,الواجهة البحرية,الدمام,كورنيش,https://maps.app.goo.gl/E5ZBjcN8sv3pc3Jh8,ChdDSUhNMG9nS0VJQ0FnSUNSNU56WDhRRRAB,Mohamed Nasr,https://www.google.com/maps/contrib/106063233739282606762/reviews?hl=en,5,3 years ago,Nice place,False,True,False,2026-09-25
P03,الواجهة البحرية,الدمام,كورنيش,https://maps.app.goo.gl/E5ZBjcN8sv3pc3Jh8,ChdDSUhNMG9nS0VJQ0FnSUNSeE42Q25RRRAB,المرشد السياحي,https://www.google.com/maps/contrib/108020634868697196638/reviews?hl=en,3,3 years ago,مكان جميل يحتاج اهتمام بوضع جلسات ووجود خدمات,True,True,False,2026-09-25
P03,الواجهة البحرية,الدمام,كورنيش,https://maps.app.goo.gl/E5ZBjcN8sv3pc3Jh8,ChZDSUhNMG9nS0VJQ0FnSURoazRfVlN3EAE,عبدالرحمن الغامدي,https://www.google.com/maps/contrib/114969527871592327665/reviews?hl=en,4,3 years ago,ماشاء الله مكان جميل من سنوات طويله وهوه ماتغير,True,True,False,2026-09-25
P03,الواجهة البحرية,الدمام,كورنيش,https://maps.app.goo.gl/E5ZBjcN8sv3pc3Jh8,ChZDSUhNMG9nS0VJQ0FnSURoX2NyN0ZnEAE,Mosa Asire,https://www.google.com/maps/contrib/105183599816061910413/reviews?hl=en,5,3 years ago,غنيه عن التعريف وحلوه للعوائل,True,True,False,2026-09-25
P03,الواجهة البحرية,الدمام,كورنيش,https://maps.app.goo.gl/E5ZBjcN8sv3pc3Jh8,ChZDSUhNMG9nS0VJQ0FnSURobmJUUUx3EAE,Meem Almeqrin (Anaconda),https://www.google.com/maps/contrib/113690565583210579868/reviews?hl=en,5,3 years ago,,False,True,False,2026-09-25
P03,الواجهة البحرية,الدمام,كورنيش,https://maps.app.goo.gl/E5ZBjcN8sv3pc3Jh8,ChdDSUhNMG9nS0VJQ0FnSURobGNEby1RRRAB,Ayman Glallin,https://www.google.com/maps/contrib/115751041966106732953/reviews?hl=en,5,3 years ago,,False,True,False,2026-09-25
P03,الواجهة البحرية,الدمام,كورنيش,https://maps.app.goo.gl/E5ZBjcN8sv3pc3Jh8,ChZDSUhNMG9nS0VJQ0FnSURoaGFfdGNREAE,Abu Roose,https://www.google.com/maps/contrib/105890360119523223044/reviews?hl=en,5,3 years ago,نطمع بالمزيد من التطور والخدمات الترفيهية,True,True,False,2026-09-25
P03,الواجهة البحرية,الدمام,كورنيش,https://maps.app.goo.gl/E5ZBjcN8sv3pc3Jh8,ChdDSUhNMG9nS0VJQ0FnSURoMGF5RmlnRRAB,مؤسسة نظم الصوت التجارية,https://www.google.com/maps/contrib/106284400956296800016/reviews?hl=en,5,3 years ago,,False,True,False,2026-09-25
P03,الواجهة البحرية,الدمام,كورنيش,https://maps.app.goo.gl/E5ZBjcN8sv3pc3Jh8,ChdDSUhNMG9nS0VJQ0FnSURoa1lhb3hBRRAB,Hager Abd El-Hameed,https://www.google.com/maps/contrib/108304870475986897238/reviews?hl=en,5,3 years ago,,False,True,False,2026-09-25
P03,الواجهة البحرية,الدمام,كورنيش,https://maps.app.goo.gl/E5ZBjcN8sv3pc3Jh8,ChZDSUhNMG9nS0VJQ0FnSURoM3BEdE1REAE,ABO AHMAD,https://www.google.com/maps/contrib/114048461792154272460/reviews?hl=en,5,3 years ago,ممتاز يوجد فيه جميع متطلبات الوناسة من الى من افضل كورنيشات العالم لولا الحر والرطوبة,True,True,False,2026-09-25
P03,الواجهة البحرية,الدمام,كورنيش,https://maps.app.goo.gl/E5ZBjcN8sv3pc3Jh8,ChZDSUhNMG9nS0VJQ0FnSURoN3NMQU1nEAE,Ahmed Moafa,https://www.google.com/maps/contrib/112810946898781599553/reviews?hl=en,3,3 years ago,,False,True,False,2026-09-25
P03,الواجهة البحرية,الدمام,كورنيش,https://maps.app.goo.gl/E5ZBjcN8sv3pc3Jh8,ChZDSUhNMG9nS0VJQ0FnSURoOXVqTk93EAE,علي مشرف,https://www.google.com/maps/contrib/114909292048407616678/reviews?hl=en,5,3 years ago,,False,True,False,2026-09-25
P03,الواجهة البحرية,الدمام,كورنيش,https://maps.app.goo.gl/E5ZBjcN8sv3pc3Jh8,ChdDSUhNMG9nS0VJQ0FnSURoaHE3QXh3RRAB,Ahmed Magdy,https://www.google.com/maps/contrib/111842010396720153283/reviews?hl=en,5,3 years ago,❤️❤️,False,True,False,2026-09-25
P03,الواجهة البحرية,الدمام,كورنيش,https://maps.app.goo.gl/E5ZBjcN8sv3pc3Jh8,ChZDSUhNMG9nS0VJQ0FnSURodkktM1ZnEAE,Dr.Ali AlAli,https://www.google.com/maps/contrib/112324931301185631296/reviews?hl=en,4,3 years ago,,False,True,False,2026-09-25
P03,الواجهة البحرية,الدمام,كورنيش,https://maps.app.goo.gl/E5ZBjcN8sv3pc3Jh8,ChZDSUhNMG9nS0VJQ0FnSURoaEtTU1ZREAE,Bilobilo World,https://www.google.com/maps/contrib/116540105051548534885/reviews?hl=en,4,3 years ago,,False,True,False,2026-09-25
P03,الواجهة البحرية,الدمام,كورنيش,https://maps.app.goo.gl/E5ZBjcN8sv3pc3Jh8,ChdDSUhNMG9nS0VJQ0FnSURoOE1TQXFRRRAB,Zeyad K,https://www.google.com/maps/contrib/110168805735205113421/reviews?hl=en,5,3 years ago,رائعه,True,True,False,2026-09-25
P03,الواجهة البحرية,الدمام,كورنيش,https://maps.app.goo.gl/E5ZBjcN8sv3pc3Jh8,ChZDSUhNMG9nS0VJQ0FnSURob0txNVRREAE,محمود خالد,https://www.google.com/maps/contrib/110889192328140800991/reviews?hl=en,5,3 years ago,اكثر من رائع,True,True,False,2026-09-25
P03,الواجهة البحرية,الدمام,كورنيش,https://maps.app.goo.gl/E5ZBjcN8sv3pc3Jh8,ChdDSUhNMG9nS0VJQ0FnSUNoXzQtcXZ3RRAB,Ali ابو عمر,https://www.google.com/maps/contrib/101503033698773735539/reviews?hl=en,3,3 years ago,جيدة ومرتبه,True,True,False,2026-09-25
P03,الواجهة البحرية,الدمام,كورنيش,https://maps.app.goo.gl/E5ZBjcN8sv3pc3Jh8,ChZDSUhNMG9nS0VJQ0FnSUNoOTVYWlZBEAE,abrar_alsharqiyah,https://www.google.com/maps/contrib/107915906225595510468/reviews?hl=en,5,3 years ago,العاب ناريه يوم التأسيس السعوديه 2023🇸🇦 …,True,True,True,2026-09-25
P03,الواجهة البحرية,الدمام,كورنيش,https://maps.app.goo.gl/E5ZBjcN8sv3pc3Jh8,ChZDSUhNMG9nS0VJQ0FnSUNoOV96TFVBEAE,Hus Hus,https://www.google.com/maps/contrib/108077478287858705422/reviews?hl=en,5,3 years ago,مميزه وجميله وكل فتره فيه تطوير افضل واجمل,True,True,False,2026-09-25
P03,الواجهة البحرية,الدمام,كورنيش,https://maps.app.goo.gl/E5ZBjcN8sv3pc3Jh8,ChZDSUhNMG9nS0VJQ0FnSUNodDhmUmJBEAE,W Als,https://www.google.com/maps/contrib/104045868696564035992/reviews?hl=en,5,3 years ago,,False,True,False,2026-09-25
P03,الواجهة البحرية,الدمام,كورنيش,https://maps.app.goo.gl/E5ZBjcN8sv3pc3Jh8,ChdDSUhNMG9nS0VJQ0FnSUNoMV8tRmhnRRAB,Mahmoud Khaled,https://www.google.com/maps/contrib/116230082121640798319/reviews?hl=en,5,3 years ago,موقع ممتاز ونضيف مناسب للعوائل,True,True,False,2026-09-25
P03,الواجهة البحرية,الدمام,كورنيش,https://maps.app.goo.gl/E5ZBjcN8sv3pc3Jh8,ChZDSUhNMG9nS0VJQ0FnSUNocDluZkdBEAE,Ahmed Zmzem (Zmzem),https://www.google.com/maps/contrib/116589444142190922639/reviews?hl=en,3,3 years ago,,False,True,False,2026-09-25
P03,الواجهة البحرية,الدمام,كورنيش,https://maps.app.goo.gl/E5ZBjcN8sv3pc3Jh8,ChdDSUhNMG9nS0VJQ0FnSUNoOWRhVTlRRRAB,Mohamed Abass,https://www.google.com/maps/contrib/115560809129297155907/reviews?hl=en,5,3 years ago,,False,True,False,2026-09-25
P03,الواجهة البحرية,الدمام,كورنيش,https://maps.app.goo.gl/E5ZBjcN8sv3pc3Jh8,ChdDSUhNMG9nS0VJQ0FnSUNoaGVhczRRRRAB,محمد العوامي,https://www.google.com/maps/contrib/107229611392690520877/reviews?hl=en,5,3 years ago,جيد,True,True,False,2026-09-25
P03,الواجهة البحرية,الدمام,كورنيش,https://maps.app.goo.gl/E5ZBjcN8sv3pc3Jh8,ChZDSUhNMG9nS0VJQ0FnSUNocWZ5bEFREAE,المتميزة للذهب والمجوهرات,https://www.google.com/maps/contrib/117441678872131820880/reviews?hl=en,5,3 years ago,,False,True,False,2026-09-25
P03,الواجهة البحرية,الدمام,كورنيش,https://maps.app.goo.gl/E5ZBjcN8sv3pc3Jh8,ChZDSUhNMG9nS0VJQ0FnSURCdjlPbWRREAE,Fatimah Ahmed,https://www.google.com/maps/contrib/105566322218204053856/reviews?hl=en,2,3 years ago,صحراء وليس بحر مافيه حياه لابشر تتمشى وتفتر ولا اطفال الا فقط داخل الالعاب الترفيهيه .. تحس بالوحده والكآبه .. جايبه معاي اولادي مااستانسوا ابد,True,True,False,2026-09-25
P03,الواجهة البحرية,الدمام,كورنيش,https://maps.app.goo.gl/E5ZBjcN8sv3pc3Jh8,ChZDSUhNMG9nS0VJQ0FnSURCdjVXSlRnEAE,mohdaas solmon,https://www.google.com/maps/contrib/107388826011844656927/reviews?hl=en,5,3 years ago,"أمن وأمان وجمال الطبيعة يسحر الألباب مع الاجواء الممطرة والغيوم
دام عزك ياوطني،",True,True,False,2026-09-25
P03,الواجهة البحرية,الدمام,كورنيش,https://maps.app.goo.gl/E5ZBjcN8sv3pc3Jh8,ChZDSUhNMG9nS0VJQ0FnSURCcDhfOWNREAE,zina 1009,https://www.google.com/maps/contrib/102049093425187567230/reviews?hl=en,5,3 years ago,,False,True,False,2026-09-25
P03,الواجهة البحرية,الدمام,كورنيش,https://maps.app.goo.gl/E5ZBjcN8sv3pc3Jh8,ChdDSUhNMG9nS0VJQ0FnSURCNDlYemdBRRAB,Mansour Alshammari,https://www.google.com/maps/contrib/116742338059014670294/reviews?hl=en,4,3 years ago,,False,True,False,2026-09-25
P03,الواجهة البحرية,الدمام,كورنيش,https://maps.app.goo.gl/E5ZBjcN8sv3pc3Jh8,ChZDSUhNMG9nS0VJQ0FnSURCdmVUUmR3EAE,خالد من الخبر سفير السياحة,https://www.google.com/maps/contrib/108691833469659422084/reviews?hl=en,5,3 years ago,كورنيش الدمام متنوع جميع الخدمات موجودة,True,True,False,2026-09-25
P03,الواجهة البحرية,الدمام,كورنيش,https://maps.app.goo.gl/E5ZBjcN8sv3pc3Jh8,ChdDSUhNMG9nS0VJQ0FnSURCcFp5TThBRRAB,سامي خاتم الزهراني,https://www.google.com/maps/contrib/103837831721368475488/reviews?hl=en,5,3 years ago,جميل,True,True,False,2026-09-25
P03,الواجهة البحرية,الدمام,كورنيش,https://maps.app.goo.gl/E5ZBjcN8sv3pc3Jh8,ChZDSUhNMG9nS0VJQ0FnSURCX0lXS1BnEAE,شهد,https://www.google.com/maps/contrib/103657820177032456509/reviews?hl=en,5,3 years ago,"الواجهه البحريه حلوه ونظيفه بس ماهي بذاك المستوى يعني القريه الشعبيه اللي فوق مهجوره لو يكون فيها بوثات مع ان المكان جدا جميل لكن يحتاج اهتمام اكثر وعمال النظافه يمرو وينظفو كل شويه الله يجزاهم خير والالعاب قديمه مو زي العاب الخبر

كانت تُقام مهرجانات حلوه ولكن الحين صارت الواجهه خاويه وخصوصا بهذه الأجواء الجميله واتمنى يرجع مهرجان الزهور",True,True,False,2026-09-25
P03,الواجهة البحرية,الدمام,كورنيش,https://maps.app.goo.gl/E5ZBjcN8sv3pc3Jh8,ChZDSUhNMG9nS0VJQ0FnSURCa0xlMlFBEAE,Aref Ali,https://www.google.com/maps/contrib/106133971199386351850/reviews?hl=en,5,3 years ago,,False,True,False,2026-09-25
P03,الواجهة البحرية,الدمام,كورنيش,https://maps.app.goo.gl/E5ZBjcN8sv3pc3Jh8,ChdDSUhNMG9nS0VJQ0FnSURCa0tPMWt3RRAB,eiadah alshemary,https://www.google.com/maps/contrib/114079973057018029785/reviews?hl=en,5,3 years ago,👍 …,False,True,True,2026-09-25
P03,الواجهة البحرية,الدمام,كورنيش,https://maps.app.goo.gl/E5ZBjcN8sv3pc3Jh8,ChZDSUhNMG9nS0VJQ0FnSUNCejlyMEhBEAE,Faisal M Alraddadi,https://www.google.com/maps/contrib/108466404762627436913/reviews?hl=en,5,3 years ago,,False,True,False,2026-09-25
P03,الواجهة البحرية,الدمام,كورنيش,https://maps.app.goo.gl/E5ZBjcN8sv3pc3Jh8,ChZDSUhNMG9nS0VJQ0FnSUNCcThuX09nEAE,NARX,https://www.google.com/maps/contrib/101477924687390542031/reviews?hl=en,5,3 years ago,,False,True,False,2026-09-25
P03,الواجهة البحرية,الدمام,كورنيش,https://maps.app.goo.gl/E5ZBjcN8sv3pc3Jh8,ChdDSUhNMG9nS0VJQ0FnSUNCdmE2SmdBRRAB,Ahmed mohammed,https://www.google.com/maps/contrib/103817905093353396494/reviews?hl=en,4,3 years ago,مكتن لطيف و حلو,True,True,False,2026-09-25
P03,الواجهة البحرية,الدمام,كورنيش,https://maps.app.goo.gl/E5ZBjcN8sv3pc3Jh8,ChZDSUhNMG9nS0VJQ0FnSUNCN3F2d1R3EAE,Sami Salah,https://www.google.com/maps/contrib/104432428587379126540/reviews?hl=en,5,3 years ago,شيء جميل ومرتب ونظيف دايماً,True,True,False,2026-09-25
P03,الواجهة البحرية,الدمام,كورنيش,https://maps.app.goo.gl/E5ZBjcN8sv3pc3Jh8,ChZDSUhNMG9nS0VJQ0FnSUNCNnBHbUFnEAE,عبدالله الجعمي,https://www.google.com/maps/contrib/104907530804853289698/reviews?hl=en,5,3 years ago,جميل,True,True,False,2026-09-25
P03,الواجهة البحرية,الدمام,كورنيش,https://maps.app.goo.gl/E5ZBjcN8sv3pc3Jh8,ChdDSUhNMG9nS0VJQ0FnSUNCOHQ3OV9BRRAB,Mohmed alzhrani,https://www.google.com/maps/contrib/106488517157227296070/reviews?hl=en,5,3 years ago,نظيفه ومافي زحمه,True,True,False,2026-09-25
P03,الواجهة البحرية,الدمام,كورنيش,https://maps.app.goo.gl/E5ZBjcN8sv3pc3Jh8,ChZDSUhNMG9nS0VJQ0FnSUNCd29IelJREAE,Salloum405,https://www.google.com/maps/contrib/100061670873458176595/reviews?hl=en,3,3 years ago,👍 …,False,True,True,2026-09-25
P03,الواجهة البحرية,الدمام,كورنيش,https://maps.app.goo.gl/E5ZBjcN8sv3pc3Jh8,ChZDSUhNMG9nS0VJQ0FnSUNCN1BHUExBEAE,Nasser R,https://www.google.com/maps/contrib/113505096138498618933/reviews?hl=en,5,3 years ago,,False,True,False,2026-09-25
P03,الواجهة البحرية,الدمام,كورنيش,https://maps.app.goo.gl/E5ZBjcN8sv3pc3Jh8,ChZDSUhNMG9nS0VJQ0FnSUNCdE1YS1ZREAE,mohammed samier,https://www.google.com/maps/contrib/116592064745920962238/reviews?hl=en,5,3 years ago,Nice for awake for cheling in front of the sea,False,True,False,2026-09-25
P03,الواجهة البحرية,الدمام,كورنيش,https://maps.app.goo.gl/E5ZBjcN8sv3pc3Jh8,ChZDSUhNMG9nS0VJQ0FnSUNCMU9yaElBEAE,A,https://www.google.com/maps/contrib/118267720021111326259/reviews?hl=en,5,3 years ago,,False,True,False,2026-09-25
P03,الواجهة البحرية,الدمام,كورنيش,https://maps.app.goo.gl/E5ZBjcN8sv3pc3Jh8,ChdDSUhNMG9nS0VJQ0FnSUNCNUpHLXNRRRAB,Tofe Ibrahim,https://www.google.com/maps/contrib/106822738369707340727/reviews?hl=en,5,3 years ago,الواجهة نظيفة و جميلة جداً و مرافقها مُمتعة ، ينقصها يكون فيها كافيهات أكثر ،,True,True,False,2026-09-25
P03,الواجهة البحرية,الدمام,كورنيش,https://maps.app.goo.gl/E5ZBjcN8sv3pc3Jh8,ChZDSUhNMG9nS0VJQ0FnSUNCNUlHb093EAE,Medo Antar,https://www.google.com/maps/contrib/102927628499265373501/reviews?hl=en,5,3 years ago,حلو,True,True,False,2026-09-25
P03,الواجهة البحرية,الدمام,كورنيش,https://maps.app.goo.gl/E5ZBjcN8sv3pc3Jh8,ChZDSUhNMG9nS0VJQ0FnSUNCcE1tMWN3EAE,Ali Alimohsen,https://www.google.com/maps/contrib/113577316194910946066/reviews?hl=en,4,3 years ago,"الواجهة جميلة، وكانت الاكثر تميّز في الدمام،لكن بالوقت الحالي وتماشيا مع توجهات الدولة للارتقاء بالسياحة والمرافق العامة، وكون هذه الواجهة هي الرئيسية بالدمام، اظن انها بحاجة لمشروع تطوير لتكون واجهة سياحية بامتياز ..
ستكون اروع في حال تمت اضافة نوافير وزيادة الاشجار الظليّة والاشجار المزهرة الشتوية والصيفية، مع اضافة معالم ومجسمات دائمة تعبر عن حضارة المنطقة الشرقية ( الحياة البحرية، التراث العمراني، المهن والحرف، الفنون) وهناك الكثير من المختصين بإمكانهم المساهم في اثراء كافة الجوانب..",True,True,False,2026-09-25
P03,الواجهة البحرية,الدمام,كورنيش,https://maps.app.goo.gl/E5ZBjcN8sv3pc3Jh8,ChdDSUhNMG9nS0VJQ0FnSUNCeEpUeDZnRRAB,علي الكناني,https://www.google.com/maps/contrib/107315885677395683537/reviews?hl=en,5,3 years ago,رائع ونطمح للمزيد,True,True,False,2026-09-25
P03,الواجهة البحرية,الدمام,كورنيش,https://maps.app.goo.gl/E5ZBjcN8sv3pc3Jh8,ChdDSUhNMG9nS0VJQ0FnSUNCbUxyMmhRRRAB,محمد الحمد,https://www.google.com/maps/contrib/103672042464975115891/reviews?hl=en,4,3 years ago,,False,True,False,2026-09-25
P03,الواجهة البحرية,الدمام,كورنيش,https://maps.app.goo.gl/E5ZBjcN8sv3pc3Jh8,ChZDSUhNMG9nS0VJQ0FnSUNCbU9LWmVnEAE,محمد نور,https://www.google.com/maps/contrib/114628423381074143349/reviews?hl=en,5,3 years ago,,False,True,False,2026-09-25
P03,الواجهة البحرية,الدمام,كورنيش,https://maps.app.goo.gl/E5ZBjcN8sv3pc3Jh8,ChZDSUhNMG9nS0VJQ0FnSUNCNk5fQVh3EAE,a87xx1,https://www.google.com/maps/contrib/101073772085861836207/reviews?hl=en,5,3 years ago,واجهة سياحية جميلة وحلوة ولسْا القادم أحلى ومزيداً من التطور,True,True,False,2026-09-25
P03,الواجهة البحرية,الدمام,كورنيش,https://maps.app.goo.gl/E5ZBjcN8sv3pc3Jh8,ChdDSUhNMG9nS0VJQ0FnSUNCeUpmTnd3RRAB,Abdullah Ahmed Abbas,https://www.google.com/maps/contrib/103467754305747666072/reviews?hl=en,5,3 years ago,,False,True,False,2026-09-25
P03,الواجهة البحرية,الدمام,كورنيش,https://maps.app.goo.gl/E5ZBjcN8sv3pc3Jh8,ChdDSUhNMG9nS0VJQ0FnSUNCc05EUnJBRRAB,سامية عمر CR607,https://www.google.com/maps/contrib/117571413845423680041/reviews?hl=en,5,3 years ago,,False,True,False,2026-09-25
P03,الواجهة البحرية,الدمام,كورنيش,https://maps.app.goo.gl/E5ZBjcN8sv3pc3Jh8,ChdDSUhNMG9nS0VJQ0FnSUQtNTU2Q3FRRRAB,خالد سنعوسي,https://www.google.com/maps/contrib/104872025451896665291/reviews?hl=en,4,3 years ago,مكان جميل,True,True,False,2026-09-25
P03,الواجهة البحرية,الدمام,كورنيش,https://maps.app.goo.gl/E5ZBjcN8sv3pc3Jh8,ChdDSUhNMG9nS0VJQ0FnSUQtLTctUDVBRRAB,ABDULLAH,https://www.google.com/maps/contrib/106964641662794652890/reviews?hl=en,4,3 years ago,,False,True,False,2026-09-25
P03,الواجهة البحرية,الدمام,كورنيش,https://maps.app.goo.gl/E5ZBjcN8sv3pc3Jh8,ChZDSUhNMG9nS0VJQ0FnSUQtdzZpUEpnEAE,Aladdin Aly,https://www.google.com/maps/contrib/106087547292116388742/reviews?hl=en,5,3 years ago,,False,True,False,2026-09-25
P03,الواجهة البحرية,الدمام,كورنيش,https://maps.app.goo.gl/E5ZBjcN8sv3pc3Jh8,ChZDSUhNMG9nS0VJQ0FnSUQtemFtSUl3EAE,مملكة عمرى,https://www.google.com/maps/contrib/104280721352117282665/reviews?hl=en,4,3 years ago,,False,True,False,2026-09-25
P03,الواجهة البحرية,الدمام,كورنيش,https://maps.app.goo.gl/E5ZBjcN8sv3pc3Jh8,ChdDSUhNMG9nS0VJQ0FnSUQtamIydTFnRRAB,hessah bn,https://www.google.com/maps/contrib/115210007464063555622/reviews?hl=en,3,3 years ago,المكان يحتاج جلسات ونظافه,True,True,False,2026-09-25
P03,الواجهة البحرية,الدمام,كورنيش,https://maps.app.goo.gl/E5ZBjcN8sv3pc3Jh8,ChdDSUhNMG9nS0VJQ0FnSUQtNmM3LXpRRRAB,Soso الزبيدي,https://www.google.com/maps/contrib/106381712076997900046/reviews?hl=en,4,3 years ago,,False,True,False,2026-09-25
P03,الواجهة البحرية,الدمام,كورنيش,https://maps.app.goo.gl/E5ZBjcN8sv3pc3Jh8,ChZDSUhNMG9nS0VJQ0FnSUQtcWJlV013EAE,ابو علي علي,https://www.google.com/maps/contrib/113260670870369466396/reviews?hl=en,5,3 years ago,,False,True,False,2026-09-25
P03,الواجهة البحرية,الدمام,كورنيش,https://maps.app.goo.gl/E5ZBjcN8sv3pc3Jh8,ChdDSUhNMG9nS0VJQ0FnSUQtcVltX29BRRAB,Mona Gazi,https://www.google.com/maps/contrib/106635132466982228262/reviews?hl=en,4,3 years ago,تحتاج اهتمام وصيانه اكثر ،،، كذالك الزوار اتمنى مراعاة ماتقوم به حكومتنا من جهد للتطوير والتحسين الزمو شعار ( اترك المكان احسن مماكان ) اعتبروه بيتكم مااعتقد احد يرضى بتخريبه 👍🏻 …,True,True,True,2026-09-25
P03,الواجهة البحرية,الدمام,كورنيش,https://maps.app.goo.gl/E5ZBjcN8sv3pc3Jh8,ChdDSUhNMG9nS0VJQ0FnSUQtd2RmcW5BRRAB,جوله حول الرياض,https://www.google.com/maps/contrib/106354580165052013872/reviews?hl=en,3,3 years ago,محتاج تطوير أكثر,True,True,False,2026-09-25
P03,الواجهة البحرية,الدمام,كورنيش,https://maps.app.goo.gl/E5ZBjcN8sv3pc3Jh8,ChZDSUhNMG9nS0VJQ0FnSUQtNnZDY0V3EAE,W M,https://www.google.com/maps/contrib/116696188018127733610/reviews?hl=en,5,3 years ago,,False,True,False,2026-09-25
P03,الواجهة البحرية,الدمام,كورنيش,https://maps.app.goo.gl/E5ZBjcN8sv3pc3Jh8,ChZDSUhNMG9nS0VJQ0FnSUQtaXFiN0RBEAE,Norah Alissa,https://www.google.com/maps/contrib/100641134097201863738/reviews?hl=en,3,3 years ago,المكان جميل بس يحتاج نظافة اكثر,True,True,False,2026-09-25
P03,الواجهة البحرية,الدمام,كورنيش,https://maps.app.goo.gl/E5ZBjcN8sv3pc3Jh8,ChZDSUhNMG9nS0VJQ0FnSUQtc3FEbFpREAE,أم محمد الخليف,https://www.google.com/maps/contrib/107648903230823283018/reviews?hl=en,5,3 years ago,مكان جميل لتغيير الجو ومتنفس لجميع افراد العائلة,True,True,False,2026-09-25
P03,الواجهة البحرية,الدمام,كورنيش,https://maps.app.goo.gl/E5ZBjcN8sv3pc3Jh8,ChdDSUhNMG9nS0VJQ0FnSUQtMHZMT2xnRRAB,عبدالرحمن ابوفهد,https://www.google.com/maps/contrib/114981452811757230746/reviews?hl=en,5,3 years ago,جمييييله لكن واضح بدى العشب الأخضر ييبس,True,True,False,2026-09-25
P03,الواجهة البحرية,الدمام,كورنيش,https://maps.app.goo.gl/E5ZBjcN8sv3pc3Jh8,ChZDSUhNMG9nS0VJQ0FnSUQta3N2SlBREAE,لطيفة محمد,https://www.google.com/maps/contrib/103736050639161969971/reviews?hl=en,5,3 years ago,,False,True,False,2026-09-25
P03,الواجهة البحرية,الدمام,كورنيش,https://maps.app.goo.gl/E5ZBjcN8sv3pc3Jh8,ChdDSUhNMG9nS0VJQ0FnSUQteE4zWnd3RRAB,amr nabil,https://www.google.com/maps/contrib/100489976588972373767/reviews?hl=en,5,3 years ago,,False,True,False,2026-09-25
P03,الواجهة البحرية,الدمام,كورنيش,https://maps.app.goo.gl/E5ZBjcN8sv3pc3Jh8,ChZDSUhNMG9nS0VJQ0FnSUQtc0tLN1NREAE,Ahmed G AzZam,https://www.google.com/maps/contrib/104652530411374427868/reviews?hl=en,5,3 years ago,,False,True,False,2026-09-25
P03,الواجهة البحرية,الدمام,كورنيش,https://maps.app.goo.gl/E5ZBjcN8sv3pc3Jh8,ChZDSUhNMG9nS0VJQ0FnSUQtd0wtWUpnEAE,asal_safy /أبو مظاهر,https://www.google.com/maps/contrib/107788161473084238916/reviews?hl=en,5,3 years ago,واجهة الدمام البحرية من اجمل شواطئ المنطقة الشرقية,True,True,False,2026-09-25
P03,الواجهة البحرية,الدمام,كورنيش,https://maps.app.goo.gl/E5ZBjcN8sv3pc3Jh8,ChZDSUhNMG9nS0VJQ0FnSUMtMTVHNUZBEAE,Mo,https://www.google.com/maps/contrib/106596279112357782121/reviews?hl=en,5,3 years ago,,False,True,False,2026-09-25
P03,الواجهة البحرية,الدمام,كورنيش,https://maps.app.goo.gl/E5ZBjcN8sv3pc3Jh8,ChdDSUhNMG9nS0VJQ0FnSUMtbS1iZHBnRRAB,خالد ناصر,https://www.google.com/maps/contrib/114827320412500769221/reviews?hl=en,5,3 years ago,,False,True,False,2026-09-25
P03,الواجهة البحرية,الدمام,كورنيش,https://maps.app.goo.gl/E5ZBjcN8sv3pc3Jh8,ChdDSUhNMG9nS0VJQ0FnSUMtMDhLQXFBRRAB,Sulaiman Al-Jarashi,https://www.google.com/maps/contrib/103422016154252778709/reviews?hl=en,5,3 years ago,,False,True,False,2026-09-25
P03,الواجهة البحرية,الدمام,كورنيش,https://maps.app.goo.gl/E5ZBjcN8sv3pc3Jh8,ChdDSUhNMG9nS0VJQ0FnSUMtX2Z2RzlnRRAB,mohamed saleh,https://www.google.com/maps/contrib/109711856084801059052/reviews?hl=en,5,3 years ago,,False,True,False,2026-09-25
P03,الواجهة البحرية,الدمام,كورنيش,https://maps.app.goo.gl/E5ZBjcN8sv3pc3Jh8,ChZDSUhNMG9nS0VJQ0FnSUMtbVpQcVNBEAE,بو علوي,https://www.google.com/maps/contrib/107266121297356461431/reviews?hl=en,4,3 years ago,جميله و تحتاج تحديث و أحياء للمنطقه.,True,True,False,2026-09-25
P03,الواجهة البحرية,الدمام,كورنيش,https://maps.app.goo.gl/E5ZBjcN8sv3pc3Jh8,ChdDSUhNMG9nS0VJQ0FnSUMtbWJ6TDBRRRAB,Mohamed Ellihty,https://www.google.com/maps/contrib/113047012618464820535/reviews?hl=en,4,3 years ago,,False,True,False,2026-09-25
P03,الواجهة البحرية,الدمام,كورنيش,https://maps.app.goo.gl/E5ZBjcN8sv3pc3Jh8,ChZDSUhNMG9nS0VJQ0FnSUMtdnRpMEZREAE,Abdullah Ali,https://www.google.com/maps/contrib/109841594373548672889/reviews?hl=en,5,3 years ago,,False,True,False,2026-09-25
P03,الواجهة البحرية,الدمام,كورنيش,https://maps.app.goo.gl/E5ZBjcN8sv3pc3Jh8,ChdDSUhNMG9nS0VJQ0FnSUMtN3Z1bWhRRRAB,Mohammed,https://www.google.com/maps/contrib/113184759288506988269/reviews?hl=en,5,3 years ago,,False,True,False,2026-09-25
P03,الواجهة البحرية,الدمام,كورنيش,https://maps.app.goo.gl/E5ZBjcN8sv3pc3Jh8,ChZDSUhNMG9nS0VJQ0FnSUMtbktmdVl3EAE,Asad “Alshareef” Mohamed,https://www.google.com/maps/contrib/108810978360535723135/reviews?hl=en,5,3 years ago,ممتازه,True,True,False,2026-09-25
P03,الواجهة البحرية,الدمام,كورنيش,https://maps.app.goo.gl/E5ZBjcN8sv3pc3Jh8,ChdDSUhNMG9nS0VJQ0FnSURlX19MUHl3RRAB,soha angel12,https://www.google.com/maps/contrib/117001791876348734055/reviews?hl=en,5,3 years ago,Nice sea view. And good place to sit.,False,True,False,2026-09-25
P03,الواجهة البحرية,الدمام,كورنيش,https://maps.app.goo.gl/E5ZBjcN8sv3pc3Jh8,ChZDSUhNMG9nS0VJQ0FnSURldDlHY0xnEAE,some one else Sure me,https://www.google.com/maps/contrib/113579062502279076354/reviews?hl=en,5,3 years ago,"The best place at Dammam Cornch where you can spend a enjoyable day with your kids and family

Sport zone
Games zone
Sea view
Walk way
Bicycle  way
Special place
VIP one",False,True,False,2026-09-25
P03,الواجهة البحرية,الدمام,كورنيش,https://maps.app.goo.gl/E5ZBjcN8sv3pc3Jh8,ChZDSUhNMG9nS0VJQ0FnSURlNDR6WldREAE,My My,https://www.google.com/maps/contrib/106948079584654199741/reviews?hl=en,5,3 years ago,رائعه جدا,True,True,False,2026-09-25
P03,الواجهة البحرية,الدمام,كورنيش,https://maps.app.goo.gl/E5ZBjcN8sv3pc3Jh8,ChZDSUhNMG9nS0VJQ0FnSURlcmNTUVdBEAE,عبدالله الزهيري,https://www.google.com/maps/contrib/115077379394737312226/reviews?hl=en,5,3 years ago,,False,True,False,2026-09-25
P03,الواجهة البحرية,الدمام,كورنيش,https://maps.app.goo.gl/E5ZBjcN8sv3pc3Jh8,ChZDSUhNMG9nS0VJQ0FnSURldFluQk5nEAE,FARES AL FARES,https://www.google.com/maps/contrib/111688335600138805627/reviews?hl=en,5,3 years ago,"الواجهة البحرية من أفضل الأماكن نظافة واهتمام ومن أفضل الأماكن التي أمارس بها رياضة المشي؛؛؛
حفظ الله بلدي المملكة العربية السعودية ملكاً وحكومة وشعباً وسائر بلاد المسلمين اللهم آمين يارب العالمين.",True,True,False,2026-09-25
P03,الواجهة البحرية,الدمام,كورنيش,https://maps.app.goo.gl/E5ZBjcN8sv3pc3Jh8,ChZDSUhNMG9nS0VJQ0FnSURldWN6blF3EAE,ليالي الزايد,https://www.google.com/maps/contrib/113077385806310114787/reviews?hl=en,5,3 years ago,جدا جميله ومثالية في التمشيه والخيار الافضل للهدوء والاستمتاع,True,True,False,2026-09-25
P03,الواجهة البحرية,الدمام,كورنيش,https://maps.app.goo.gl/E5ZBjcN8sv3pc3Jh8,ChZDSUhNMG9nS0VJQ0FnSURlaVlEUGVnEAE,mohammed alsayed,https://www.google.com/maps/contrib/102024664355808122815/reviews?hl=en,3,3 years ago,"مكان جميل لكن للأسف اهمال كبير في دورات المياة !
لا مانع في خصخصة دورات المياة وجعل الدخول برسوم إذا كان هذا سيوفر لنا حمامات تليق للاستعمال الآدمي !!!!",True,True,False,2026-09-25
P03,الواجهة البحرية,الدمام,كورنيش,https://maps.app.goo.gl/E5ZBjcN8sv3pc3Jh8,ChdDSUhNMG9nS0VJQ0FnSURlN3FUOGl3RRAB,abdulrhman k,https://www.google.com/maps/contrib/102442514658175604691/reviews?hl=en,5,3 years ago,بحر وهدوء ومواقف,True,True,False,2026-09-25
P03,الواجهة البحرية,الدمام,كورنيش,https://maps.app.goo.gl/E5ZBjcN8sv3pc3Jh8,ChdDSUhNMG9nS0VJQ0FnSURlem9YdWlBRRAB,محمد صادق عقيل,https://www.google.com/maps/contrib/107738024938049170342/reviews?hl=en,5,3 years ago,,False,True,False,2026-09-25
P03,الواجهة البحرية,الدمام,كورنيش,https://maps.app.goo.gl/E5ZBjcN8sv3pc3Jh8,ChdDSUhNMG9nS0VJQ0FnSURlaG9mdnpnRRAB,Shah Alam,https://www.google.com/maps/contrib/118133828173272359727/reviews?hl=en,5,3 years ago,,False,True,False,2026-09-25
P03,الواجهة البحرية,الدمام,كورنيش,https://maps.app.goo.gl/E5ZBjcN8sv3pc3Jh8,ChdDSUhNMG9nS0VJQ0FnSURleE1hWjBRRRAB,For You,https://www.google.com/maps/contrib/112984794746507161644/reviews?hl=en,1,3 years ago,,False,True,False,2026-09-25
P03,الواجهة البحرية,الدمام,كورنيش,https://maps.app.goo.gl/E5ZBjcN8sv3pc3Jh8,ChZDSUhNMG9nS0VJQ0FnSURlbUlTTk9REAE,Yousef Ahmed,https://www.google.com/maps/contrib/115321714253886362532/reviews?hl=en,5,3 years ago,,False,True,False,2026-09-25
P03,الواجهة البحرية,الدمام,كورنيش,https://maps.app.goo.gl/E5ZBjcN8sv3pc3Jh8,ChZDSUhNMG9nS0VJQ0FnSURlcUx2VExBEAE,Tamader Mk,https://www.google.com/maps/contrib/118121825537870946619/reviews?hl=en,4,3 years ago,💓 …,False,True,True,2026-09-25
P03,الواجهة البحرية,الدمام,كورنيش,https://maps.app.goo.gl/E5ZBjcN8sv3pc3Jh8,ChdDSUhNMG9nS0VJQ0FnSUNlMy1handBRRAB,Thamer,https://www.google.com/maps/contrib/102227328096801329473/reviews?hl=en,4,3 years ago,رائع جداً,True,True,False,2026-09-25
P03,الواجهة البحرية,الدمام,كورنيش,https://maps.app.goo.gl/E5ZBjcN8sv3pc3Jh8,ChdDSUhNMG9nS0VJQ0FnSUNlei1qeXlBRRAB,FAIHAAN BALBALE,https://www.google.com/maps/contrib/110340559198607516713/reviews?hl=en,4,3 years ago,Soothing environment,False,True,False,2026-09-25
P03,الواجهة البحرية,الدمام,كورنيش,https://maps.app.goo.gl/E5ZBjcN8sv3pc3Jh8,ChdDSUhNMG9nS0VJQ0FnSUNlNTgtTi13RRAB,MOHAMMAD M,https://www.google.com/maps/contrib/117173604229556124153/reviews?hl=en,5,3 years ago,,False,True,False,2026-09-25
P03,الواجهة البحرية,الدمام,كورنيش,https://maps.app.goo.gl/E5ZBjcN8sv3pc3Jh8,ChdDSUhNMG9nS0VJQ0FnSUNlcTg3NjdnRRAB,Mshal Almalki,https://www.google.com/maps/contrib/105308559908332793708/reviews?hl=en,5,4 years ago,,False,True,False,2026-09-25
P03,الواجهة البحرية,الدمام,كورنيش,https://maps.app.goo.gl/E5ZBjcN8sv3pc3Jh8,ChZDSUhNMG9nS0VJQ0FnSUNlaS1lUVNBEAE,Ar0503757743 Ar0503757743,https://www.google.com/maps/contrib/100770645601825728763/reviews?hl=en,5,4 years ago,,False,True,False,2026-09-25
P03,الواجهة البحرية,الدمام,كورنيش,https://maps.app.goo.gl/E5ZBjcN8sv3pc3Jh8,ChZDSUhNMG9nS0VJQ0FnSUNldGV2SURnEAE,mohamed sayed,https://www.google.com/maps/contrib/115343887452265838872/reviews?hl=en,5,4 years ago,,False,True,False,2026-09-25
P03,الواجهة البحرية,الدمام,كورنيش,https://maps.app.goo.gl/E5ZBjcN8sv3pc3Jh8,ChZDSUhNMG9nS0VJQ0FnSUNla2R1d0ZREAE,Abdulrahman makeen,https://www.google.com/maps/contrib/107921929697805206790/reviews?hl=en,3,4 years ago,,False,True,False,2026-09-25
P03,الواجهة البحرية,الدمام,كورنيش,https://maps.app.goo.gl/E5ZBjcN8sv3pc3Jh8,ChdDSUhNMG9nS0VJQ0FnSUNlNm9qQWpRRRAB,Helmi Abdo Ghaleb,https://www.google.com/maps/contrib/103957766126727587743/reviews?hl=en,5,4 years ago,,False,True,False,2026-09-25
P03,الواجهة البحرية,الدمام,كورنيش,https://maps.app.goo.gl/E5ZBjcN8sv3pc3Jh8,ChZDSUhNMG9nS0VJQ0FnSUNlb1BfY0t3EAE,ض م,https://www.google.com/maps/contrib/106086275609254691406/reviews?hl=en,5,4 years ago,,False,True,False,2026-09-25
P03,الواجهة البحرية,الدمام,كورنيش,https://maps.app.goo.gl/E5ZBjcN8sv3pc3Jh8,ChdDSUhNMG9nS0VJQ0FnSUR1Ny1MczF3RRAB,ابراهيم العوضى,https://www.google.com/maps/contrib/117886432951364174595/reviews?hl=en,5,4 years ago,رائع جدا,True,True,False,2026-09-25
P03,الواجهة البحرية,الدمام,كورنيش,https://maps.app.goo.gl/E5ZBjcN8sv3pc3Jh8,ChdDSUhNMG9nS0VJQ0FnSUR1cC1qTzVnRRAB,روان باطرفي,https://www.google.com/maps/contrib/105421375441617428144/reviews?hl=en,5,4 years ago,مشاء الله مستشفى نظيف جدا,True,True,False,2026-09-25
P03,الواجهة البحرية,الدمام,كورنيش,https://maps.app.goo.gl/E5ZBjcN8sv3pc3Jh8,ChdDSUhNMG9nS0VJQ0FnSUR1eTZyTndBRRAB,عبدالله الخنين,https://www.google.com/maps/contrib/116224835501333053838/reviews?hl=en,3,4 years ago,,False,True,False,2026-09-25
P03,الواجهة البحرية,الدمام,كورنيش,https://maps.app.goo.gl/E5ZBjcN8sv3pc3Jh8,ChdDSUhNMG9nS0VJQ0FnSUR1X2R2N293RRAB,Y?!.,https://www.google.com/maps/contrib/108207472761054865729/reviews?hl=en,1,4 years ago,مكان سئ منطقة عزاب,True,True,False,2026-09-25
P03,الواجهة البحرية,الدمام,كورنيش,https://maps.app.goo.gl/E5ZBjcN8sv3pc3Jh8,ChdDSUhNMG9nS0VJQ0FnSUR1NWNTeHV3RRAB,Thaiev Alyaf3i,https://www.google.com/maps/contrib/102510365490797372562/reviews?hl=en,5,4 years ago,جميل وهادئ,True,True,False,2026-09-25
P03,الواجهة البحرية,الدمام,كورنيش,https://maps.app.goo.gl/E5ZBjcN8sv3pc3Jh8,ChZDSUhNMG9nS0VJQ0FnSUR1aVlpWmVBEAE,nadeen events,https://www.google.com/maps/contrib/118367507750032502276/reviews?hl=en,5,4 years ago,جميله,True,True,False,2026-09-25
P03,الواجهة البحرية,الدمام,كورنيش,https://maps.app.goo.gl/E5ZBjcN8sv3pc3Jh8,ChZDSUhNMG9nS0VJQ0FnSUR1aHA2UU1nEAE,Mohammed AlQarni,https://www.google.com/maps/contrib/117799937335654357665/reviews?hl=en,5,4 years ago,ممتاز ويحتاج الى تغيير الممشى وتحسين المنظر العام,True,True,False,2026-09-25
P03,الواجهة البحرية,الدمام,كورنيش,https://maps.app.goo.gl/E5ZBjcN8sv3pc3Jh8,ChZDSUhNMG9nS0VJQ0FnSUR1NnFtSUR3EAE,Mahmoud Nseir,https://www.google.com/maps/contrib/116436027123695805378/reviews?hl=en,4,4 years ago,"المنظر رائع والجو معتدل بس الرطوبة
هناك راحة نفسية",True,True,False,2026-09-25
P03,الواجهة البحرية,الدمام,كورنيش,https://maps.app.goo.gl/E5ZBjcN8sv3pc3Jh8,ChdDSUhNMG9nS0VJQ0FnSUR1NHV5NGlBRRAB,T.M,https://www.google.com/maps/contrib/108234984823734428434/reviews?hl=en,4,4 years ago,,False,True,False,2026-09-25
P03,الواجهة البحرية,الدمام,كورنيش,https://maps.app.goo.gl/E5ZBjcN8sv3pc3Jh8,ChdDSUhNMG9nS0VJQ0FnSUR1dkxUNC1BRRAB,فاطمة علي,https://www.google.com/maps/contrib/116257954961577149410/reviews?hl=en,5,4 years ago,,False,True,False,2026-09-25
P03,الواجهة البحرية,الدمام,كورنيش,https://maps.app.goo.gl/E5ZBjcN8sv3pc3Jh8,ChdDSUhNMG9nS0VJQ0FnSUR1M0p5MXR3RRAB,ف. س.,https://www.google.com/maps/contrib/113797253450758553146/reviews?hl=en,5,4 years ago,,False,True,False,2026-09-25
P03,الواجهة البحرية,الدمام,كورنيش,https://maps.app.goo.gl/E5ZBjcN8sv3pc3Jh8,ChZDSUhNMG9nS0VJQ0FnSUN1ajh1V0xREAE,عبدالله علي,https://www.google.com/maps/contrib/100368790610937299440/reviews?hl=en,5,4 years ago,يوجد صيانيه وحاجة الي تطوير,True,True,False,2026-09-25
P03,الواجهة البحرية,الدمام,كورنيش,https://maps.app.goo.gl/E5ZBjcN8sv3pc3Jh8,ChZDSUhNMG9nS0VJQ0FnSUN1ODdQZEdBEAE,Abdarbhman Alqarni حلالي,https://www.google.com/maps/contrib/108789631561494706758/reviews?hl=en,1,4 years ago,خلسبلز,True,True,False,2026-09-25
P03,الواجهة البحرية,الدمام,كورنيش,https://maps.app.goo.gl/E5ZBjcN8sv3pc3Jh8,ChZDSUhNMG9nS0VJQ0FnSUN1M2RxX0RBEAE,عبدالرحمن القفيلي,https://www.google.com/maps/contrib/100356774935848454601/reviews?hl=en,4,4 years ago,"الوجهة البحرية الأولى في المنطقة الشرقية
هو كورنيش الواجهة البحرية في مدينة الدمام
تعتبر الواجهة البحرية منطقة حيوية وهي المركز الرئيسي لإقامة الفعاليات الوطنية والمهرجانات والأنشطة الترفيهية المؤقتة والصيفية .
أُضيف حديثاً مركز العاب ترفيهية متنوعة وحديثة ذات إطلالة بحرية رائعة وتنوع في الألعاب الهوائية والكهربائية ذات طابع شعبي كلاسيكي رائع .
لا تنتهي التحديثات القائمة حالياً على الواجهة لجعلها وجهه سياحية فاعلة.",True,True,False,2026-09-25
P03,الواجهة البحرية,الدمام,كورنيش,https://maps.app.goo.gl/E5ZBjcN8sv3pc3Jh8,ChdDSUhNMG9nS0VJQ0FnSUN1aVl2SS1nRRAB,‫زيدان الشمري (‪G.B.Eزيدان‬‏)‬‎,https://www.google.com/maps/contrib/106417565251948432046/reviews?hl=en,5,4 years ago,"ممتازة
يوجد الآن تطوير الكرنيش للأفضل
الله يسعد الجميع",True,True,False,2026-09-25
P03,الواجهة البحرية,الدمام,كورنيش,https://maps.app.goo.gl/E5ZBjcN8sv3pc3Jh8,ChdDSUhNMG9nS0VJQ0FnSUN1cHFDX2d3RRAB,البعد الآخر.,https://www.google.com/maps/contrib/117550191127818863161/reviews?hl=en,5,4 years ago,جميلة لكن الأجواء لاتسمح بالجلوس,True,True,False,2026-09-25
P03,الواجهة البحرية,الدمام,كورنيش,https://maps.app.goo.gl/E5ZBjcN8sv3pc3Jh8,ChZDSUhNMG9nS0VJQ0FnSUN1eXJxd0tBEAE,Basel Altajjar,https://www.google.com/maps/contrib/105136774421531999950/reviews?hl=en,4,4 years ago,,False,True,False,2026-09-25
P03,الواجهة البحرية,الدمام,كورنيش,https://maps.app.goo.gl/E5ZBjcN8sv3pc3Jh8,ChZDSUhNMG9nS0VJQ0FnSUN1MHBfNE9nEAE,Abo Sami Alkhamaly,https://www.google.com/maps/contrib/105781608600216942924/reviews?hl=en,4,4 years ago,,False,True,False,2026-09-25
P03,الواجهة البحرية,الدمام,كورنيش,https://maps.app.goo.gl/E5ZBjcN8sv3pc3Jh8,ChZDSUhNMG9nS0VJQ0FnSUN1b3FMTFRnEAE,تركي الفودعي,https://www.google.com/maps/contrib/110658194716555297968/reviews?hl=en,5,4 years ago,,False,True,False,2026-09-25
P03,الواجهة البحرية,الدمام,كورنيش,https://maps.app.goo.gl/E5ZBjcN8sv3pc3Jh8,ChZDSUhNMG9nS0VJQ0FnSUN1Z3ZLV1dREAE,A D (abdullah),https://www.google.com/maps/contrib/103398243717859516908/reviews?hl=en,5,4 years ago,اخر مره رحت فيها كأبه وانوار ضعيفه قبل كم سنه افضل بكثير وحيه وفيها فعاليات,True,True,False,2026-09-25
P03,الواجهة البحرية,الدمام,كورنيش,https://maps.app.goo.gl/E5ZBjcN8sv3pc3Jh8,ChdDSUhNMG9nS0VJQ0FnSUN1dkwzN3hBRRAB,Faisal AlM agidi,https://www.google.com/maps/contrib/109729052495551268935/reviews?hl=en,4,4 years ago,,False,True,False,2026-09-25
P03,الواجهة البحرية,الدمام,كورنيش,https://maps.app.goo.gl/E5ZBjcN8sv3pc3Jh8,ChdDSUhNMG9nS0VJQ0FnSURPM18zeXp3RRAB,محمد الصيري,https://www.google.com/maps/contrib/111002367110677590244/reviews?hl=en,5,4 years ago,,False,True,False,2026-09-25
P03,الواجهة البحرية,الدمام,كورنيش,https://maps.app.goo.gl/E5ZBjcN8sv3pc3Jh8,ChdDSUhNMG9nS0VJQ0FnSURPcF9Pc21BRRAB,mohammed ismail,https://www.google.com/maps/contrib/113223829982065076058/reviews?hl=en,1,4 years ago,Very hot atmosphere,False,True,False,2026-09-25
P03,الواجهة البحرية,الدمام,كورنيش,https://maps.app.goo.gl/E5ZBjcN8sv3pc3Jh8,ChdDSUhNMG9nS0VJQ0FnSURPMi1pZXlRRRAB,Mostafa Abdel baki Elsayed,https://www.google.com/maps/contrib/115862571352643000983/reviews?hl=en,5,4 years ago,,False,True,False,2026-09-25
P03,الواجهة البحرية,الدمام,كورنيش,https://maps.app.goo.gl/E5ZBjcN8sv3pc3Jh8,ChZDSUhNMG9nS0VJQ0FnSURPODdLV0J3EAE,Malak Omar,https://www.google.com/maps/contrib/104655162222390677200/reviews?hl=en,5,4 years ago,,False,True,False,2026-09-25
P03,الواجهة البحرية,الدمام,كورنيش,https://maps.app.goo.gl/E5ZBjcN8sv3pc3Jh8,ChdDSUhNMG9nS0VJQ0FnSURPdmNMUXVnRRAB,hamed anzi,https://www.google.com/maps/contrib/117774667466355757894/reviews?hl=en,5,4 years ago,جميل ومرتب يستحق الزيارة,True,True,False,2026-09-25
P03,الواجهة البحرية,الدمام,كورنيش,https://maps.app.goo.gl/E5ZBjcN8sv3pc3Jh8,ChZDSUhNMG9nS0VJQ0FnSURPamZhalNnEAE,مهران الصيري Mehran Al-Siri,https://www.google.com/maps/contrib/117771298807584299117/reviews?hl=en,5,4 years ago,احب ذلك,True,True,False,2026-09-25
P03,الواجهة البحرية,الدمام,كورنيش,https://maps.app.goo.gl/E5ZBjcN8sv3pc3Jh8,ChdDSUhNMG9nS0VJQ0FnSURPaHFqRmdRRRAB,sameer alrwili (alxlanc abuJamal),https://www.google.com/maps/contrib/108764692814475908281/reviews?hl=en,5,4 years ago,منتازة,True,True,False,2026-09-25
P03,الواجهة البحرية,الدمام,كورنيش,https://maps.app.goo.gl/E5ZBjcN8sv3pc3Jh8,ChZDSUhNMG9nS0VJQ0FnSURPaXFmVUdREAE,Naufal Ahmed,https://www.google.com/maps/contrib/108857575566499884873/reviews?hl=en,3,4 years ago,,False,True,False,2026-09-25
P03,الواجهة البحرية,الدمام,كورنيش,https://maps.app.goo.gl/E5ZBjcN8sv3pc3Jh8,ChdDSUhNMG9nS0VJQ0FnSURPdU9PcWdnRRAB,khalid aldooh,https://www.google.com/maps/contrib/112206292425958605417/reviews?hl=en,5,4 years ago,مكان رايق😴🤍🤍 …,True,True,True,2026-09-25
P03,الواجهة البحرية,الدمام,كورنيش,https://maps.app.goo.gl/E5ZBjcN8sv3pc3Jh8,ChZDSUhNMG9nS0VJQ0FnSUNDbHIyVEdnEAE,Ayman Selim VIP,https://www.google.com/maps/contrib/112901667258216841431/reviews?hl=en,5,Edited 4 years ago,Nice view,False,True,False,2026-09-25
P03,الواجهة البحرية,الدمام,كورنيش,https://maps.app.goo.gl/E5ZBjcN8sv3pc3Jh8,ChdDSUhNMG9nS0VJQ0FnSUNPbjVLdzFnRRAB,ممدوح,https://www.google.com/maps/contrib/111296690218627774051/reviews?hl=en,5,4 years ago,مكان رائع لكن بأوقات غير مزدحمه رائع للمشي والتأمل.. أما أوقات الويكند والفعاليات المزدحمه لا أفضله بهذي الأوقات.,True,True,False,2026-09-25
P03,الواجهة البحرية,الدمام,كورنيش,https://maps.app.goo.gl/E5ZBjcN8sv3pc3Jh8,ChdDSUhNMG9nS0VJQ0FnSUNPeTRTS253RRAB,ابو شاديه السني,https://www.google.com/maps/contrib/118091223301878343211/reviews?hl=en,5,4 years ago,شكرا ع الاهتمام,True,True,False,2026-09-25
P03,الواجهة البحرية,الدمام,كورنيش,https://maps.app.goo.gl/E5ZBjcN8sv3pc3Jh8,ChdDSUhNMG9nS0VJQ0FnSUNPcmZlMTFnRRAB,ابو احمد الناصر,https://www.google.com/maps/contrib/114429421227520999941/reviews?hl=en,5,4 years ago,فيه تطور ملحوض في الواجهه البحريه,True,True,False,2026-09-25
P03,الواجهة البحرية,الدمام,كورنيش,https://maps.app.goo.gl/E5ZBjcN8sv3pc3Jh8,ChZDSUhNMG9nS0VJQ0FnSUNPd2VTd1pREAE,Ali Alsalem,https://www.google.com/maps/contrib/107837778358761752639/reviews?hl=en,3,4 years ago,مكان روعه يستحق الزياره,True,True,False,2026-09-25
P03,الواجهة البحرية,الدمام,كورنيش,https://maps.app.goo.gl/E5ZBjcN8sv3pc3Jh8,ChZDSUhNMG9nS0VJQ0FnSUNPaHNhVUtnEAE,Hamdy Habotta,https://www.google.com/maps/contrib/112180226280160146778/reviews?hl=en,5,4 years ago,كورنيش الدمام,True,True,False,2026-09-25
P03,الواجهة البحرية,الدمام,كورنيش,https://maps.app.goo.gl/E5ZBjcN8sv3pc3Jh8,ChdDSUhNMG9nS0VJQ0FnSUNPc3U2LWhRRRAB,Sl Sl,https://www.google.com/maps/contrib/114492967701245553133/reviews?hl=en,5,4 years ago,مكان راقي وجميل,True,True,False,2026-09-25
P03,الواجهة البحرية,الدمام,كورنيش,https://maps.app.goo.gl/E5ZBjcN8sv3pc3Jh8,ChdDSUhNMG9nS0VJQ0FnSUNPd3JxcWh3RRAB,Tamer Alzoubi,https://www.google.com/maps/contrib/104101461804131588231/reviews?hl=en,5,4 years ago,"عمار يا السعودية, ترتيب ونظافة وأهتمام بالمرافق وجلسات عائلية جميلة جدآ وألعاب للأطفال. كل التحية للقائمين على إدارة المكان",True,True,False,2026-09-25
P03,الواجهة البحرية,الدمام,كورنيش,https://maps.app.goo.gl/E5ZBjcN8sv3pc3Jh8,ChdDSUhNMG9nS0VJQ0FnSUNPdktpWV93RRAB,Brain,https://www.google.com/maps/contrib/106557214415202572153/reviews?hl=en,5,4 years ago,"(مكان جميل جدا..!!!! )(و له منظر طبيعي وكبير ونضيف :)
(🖤🌃🌃✨🖤) …",True,True,True,2026-09-25
P03,الواجهة البحرية,الدمام,كورنيش,https://maps.app.goo.gl/E5ZBjcN8sv3pc3Jh8,ChZDSUhNMG9nS0VJQ0FnSUNPMktibld3EAE,Norah A,https://www.google.com/maps/contrib/104228938537998457282/reviews?hl=en,5,4 years ago,واجهه جميله ونظيفه,True,True,False,2026-09-25
P03,الواجهة البحرية,الدمام,كورنيش,https://maps.app.goo.gl/E5ZBjcN8sv3pc3Jh8,ChdDSUhNMG9nS0VJQ0FnSUNPbVB1b29RRRAB,Anna Hermoza,https://www.google.com/maps/contrib/117017123380141687510/reviews?hl=en,5,4 years ago,"Visit there in noon time n enjoyed my lunch there, it tranquility place windy make our stay more enjoyable. Nice place to visit with family",False,True,False,2026-09-25
P03,الواجهة البحرية,الدمام,كورنيش,https://maps.app.goo.gl/E5ZBjcN8sv3pc3Jh8,ChZDSUhNMG9nS0VJQ0FnSUNDaTVMNFFREAE,فهد أحمدالغريافي,https://www.google.com/maps/contrib/117773771826069394036/reviews?hl=en,5,Edited 4 years ago,ممتازه,True,True,False,2026-09-25
P03,الواجهة البحرية,الدمام,كورنيش,https://maps.app.goo.gl/E5ZBjcN8sv3pc3Jh8,ChdDSUhNMG9nS0VJQ0FnSUQyai1iNHlBRRAB,Ramlah “Soul angel”,https://www.google.com/maps/contrib/110272859469915901916/reviews?hl=en,5,4 years ago,,False,True,False,2026-09-25
P03,الواجهة البحرية,الدمام,كورنيش,https://maps.app.goo.gl/E5ZBjcN8sv3pc3Jh8,ChdDSUhNMG9nS0VJQ0FnSUQyOTZ5UDZBRRAB,ahmed onh,https://www.google.com/maps/contrib/111168165189883877287/reviews?hl=en,5,4 years ago,,False,True,False,2026-09-25
P03,الواجهة البحرية,الدمام,كورنيش,https://maps.app.goo.gl/E5ZBjcN8sv3pc3Jh8,ChZDSUhNMG9nS0VJQ0FnSUQydDZqakVREAE,AYED RASHDI,https://www.google.com/maps/contrib/109822686529133213952/reviews?hl=en,5,4 years ago,منتزه على شاطي الخليج العربي جميل ونظيف اجواء منعشه في هذه الايام لكن مزدحم ايام العطلات الرسميه,True,True,False,2026-09-25
P03,الواجهة البحرية,الدمام,كورنيش,https://maps.app.goo.gl/E5ZBjcN8sv3pc3Jh8,ChZDSUhNMG9nS0VJQ0FnSUQycDctS1RBEAE,Eng Hassan Alhabbal,https://www.google.com/maps/contrib/116022122625887775250/reviews?hl=en,4,4 years ago,جميلة,True,True,False,2026-09-25
P03,الواجهة البحرية,الدمام,كورنيش,https://maps.app.goo.gl/E5ZBjcN8sv3pc3Jh8,ChdDSUhNMG9nS0VJQ0FnSUQydzZyaXZRRRAB,Ahmad Abd ellatif,https://www.google.com/maps/contrib/114829660270344339482/reviews?hl=en,5,4 years ago,,False,True,False,2026-09-25
P03,الواجهة البحرية,الدمام,كورنيش,https://maps.app.goo.gl/E5ZBjcN8sv3pc3Jh8,ChdDSUhNMG9nS0VJQ0FnSUNXenRuaWhBRRAB,Hager Negm,https://www.google.com/maps/contrib/118312404320863990651/reviews?hl=en,5,Edited 4 years ago,مناسب جدا لجلسات عائلية على البحر,True,True,False,2026-09-25
P03,الواجهة البحرية,الدمام,كورنيش,https://maps.app.goo.gl/E5ZBjcN8sv3pc3Jh8,ChdDSUhNMG9nS0VJQ0FnSUQybWRTY21RRRAB,ابراهيم HALAWI,https://www.google.com/maps/contrib/112281696308698977167/reviews?hl=en,5,4 years ago,,False,True,False,2026-09-25
P03,الواجهة البحرية,الدمام,كورنيش,https://maps.app.goo.gl/E5ZBjcN8sv3pc3Jh8,ChZDSUhNMG9nS0VJQ0FnSUQyOFlIR0lREAE,ahmed jan,https://www.google.com/maps/contrib/114979547557531979380/reviews?hl=en,4,4 years ago,جميل في منتصف الليل وروقان,True,True,False,2026-09-25
P03,الواجهة البحرية,الدمام,كورنيش,https://maps.app.goo.gl/E5ZBjcN8sv3pc3Jh8,ChZDSUhNMG9nS0VJQ0FnSUQyX3RidVdREAE,Alaa Ghonaim,https://www.google.com/maps/contrib/110316485083852796064/reviews?hl=en,5,4 years ago,جدا رائع,True,True,False,2026-09-25
P03,الواجهة البحرية,الدمام,كورنيش,https://maps.app.goo.gl/E5ZBjcN8sv3pc3Jh8,ChZDSUhNMG9nS0VJQ0FnSUQyanZEZU9nEAE,kreem salah,https://www.google.com/maps/contrib/104071391354168505527/reviews?hl=en,5,4 years ago,مميزة ورهيبة,True,True,False,2026-09-25
P03,الواجهة البحرية,الدمام,كورنيش,https://maps.app.goo.gl/E5ZBjcN8sv3pc3Jh8,ChZDSUhNMG9nS0VJQ0FnSUQybHBmVkx3EAE,Hussain zaid,https://www.google.com/maps/contrib/117862388833223784818/reviews?hl=en,3,4 years ago,مكان كبير وشرح ويستاهل الزياره,True,True,False,2026-09-25
P03,الواجهة البحرية,الدمام,كورنيش,https://maps.app.goo.gl/E5ZBjcN8sv3pc3Jh8,ChZDSUhNMG9nS0VJQ0FnSUQycHZfOVd3EAE,ترف عارف,https://www.google.com/maps/contrib/113288612607312600335/reviews?hl=en,5,4 years ago,,False,True,False,2026-09-25
P03,الواجهة البحرية,الدمام,كورنيش,https://maps.app.goo.gl/E5ZBjcN8sv3pc3Jh8,ChdDSUhNMG9nS0VJQ0FnSUQyeHZfNm5BRRAB,Haider Ali,https://www.google.com/maps/contrib/105330562838526407238/reviews?hl=en,2,4 years ago,,False,True,False,2026-09-25
P03,الواجهة البحرية,الدمام,كورنيش,https://maps.app.goo.gl/E5ZBjcN8sv3pc3Jh8,ChZDSUhNMG9nS0VJQ0FnSUQyaHFDM0J3EAE,Riham Hussein,https://www.google.com/maps/contrib/106816084609955159475/reviews?hl=en,5,4 years ago,,False,True,False,2026-09-25
P03,الواجهة البحرية,الدمام,كورنيش,https://maps.app.goo.gl/E5ZBjcN8sv3pc3Jh8,ChZDSUhNMG9nS0VJQ0FnSUQycW9UTlJnEAE,محمد الخالدي,https://www.google.com/maps/contrib/107244558220138516334/reviews?hl=en,5,4 years ago,,False,True,False,2026-09-25
P03,الواجهة البحرية,الدمام,كورنيش,https://maps.app.goo.gl/E5ZBjcN8sv3pc3Jh8,ChZDSUhNMG9nS0VJQ0FnSUQyd3AzYk53EAE,Naseem Talalwah,https://www.google.com/maps/contrib/103225710213262839875/reviews?hl=en,4,4 years ago,,False,True,False,2026-09-25
P03,الواجهة البحرية,الدمام,كورنيش,https://maps.app.goo.gl/E5ZBjcN8sv3pc3Jh8,ChdDSUhNMG9nS0VJQ0FnSUQyMkxQbHBnRRAB,Nassr Alsaidi,https://www.google.com/maps/contrib/100625594317899216390/reviews?hl=en,3,4 years ago,,False,True,False,2026-09-25
P03,الواجهة البحرية,الدمام,كورنيش,https://maps.app.goo.gl/E5ZBjcN8sv3pc3Jh8,ChZDSUhNMG9nS0VJQ0FnSUQycU9tcEZREAE,AbdulrahMan Otaibi,https://www.google.com/maps/contrib/100899356050342253979/reviews?hl=en,1,4 years ago,مخيسه كللهم مصايره  وجالسين بتبجح ويرمون القاذورات بكل مكان  و وروائح كريييهه  للاسف,True,True,False,2026-09-25
P03,الواجهة البحرية,الدمام,كورنيش,https://maps.app.goo.gl/E5ZBjcN8sv3pc3Jh8,ChdDSUhNMG9nS0VJQ0FnSUQyeU1tdGd3RRAB,N Walbi,https://www.google.com/maps/contrib/116873576304435746623/reviews?hl=en,3,4 years ago,ممشا مقبول بس اقل من التوقعات,True,True,False,2026-09-25
P03,الواجهة البحرية,الدمام,كورنيش,https://maps.app.goo.gl/E5ZBjcN8sv3pc3Jh8,ChZDSUhNMG9nS0VJQ0FnSUQyeUtqQk13EAE,Umme Fatima,https://www.google.com/maps/contrib/107763867073436785989/reviews?hl=en,5,4 years ago,❤️,False,True,False,2026-09-25
P03,الواجهة البحرية,الدمام,كورنيش,https://maps.app.goo.gl/E5ZBjcN8sv3pc3Jh8,ChZDSUhNMG9nS0VJQ0FnSUQyOEpqRVNREAE,AHMED HASSAN,https://www.google.com/maps/contrib/104028329894510664553/reviews?hl=en,5,4 years ago,واسعه وممتازة,True,True,False,2026-09-25
P03,الواجهة البحرية,الدمام,كورنيش,https://maps.app.goo.gl/E5ZBjcN8sv3pc3Jh8,ChdDSUhNMG9nS0VJQ0FnSUQyME9pdV9RRRAB,Hasan AlNabhan (Hasan hmn),https://www.google.com/maps/contrib/106779188712531025426/reviews?hl=en,5,4 years ago,,False,True,False,2026-09-25
P03,الواجهة البحرية,الدمام,كورنيش,https://maps.app.goo.gl/E5ZBjcN8sv3pc3Jh8,ChZDSUhNMG9nS0VJQ0FnSUQya1BuWlpBEAE,ناصر العولقي,https://www.google.com/maps/contrib/101019075638356128219/reviews?hl=en,3,4 years ago,جميله عيبها الزحمه في المناسبات,True,True,False,2026-09-25
P03,الواجهة البحرية,الدمام,كورنيش,https://maps.app.goo.gl/E5ZBjcN8sv3pc3Jh8,ChZDSUhNMG9nS0VJQ0FnSUMycDh6RkxBEAE,muhammad nasser,https://www.google.com/maps/contrib/111313919650310338702/reviews?hl=en,5,4 years ago,,False,True,False,2026-09-25
P03,الواجهة البحرية,الدمام,كورنيش,https://maps.app.goo.gl/E5ZBjcN8sv3pc3Jh8,ChdDSUhNMG9nS0VJQ0FnSUMyeVpPdnVRRRAB,Ahmad Mr,https://www.google.com/maps/contrib/102166205238504588733/reviews?hl=en,4,4 years ago,مكان رائع وجميل,True,True,False,2026-09-25
P03,الواجهة البحرية,الدمام,كورنيش,https://maps.app.goo.gl/E5ZBjcN8sv3pc3Jh8,ChZDSUhNMG9nS0VJQ0FnSUMyd3BuQUNnEAE,Gjifg Dd,https://www.google.com/maps/contrib/111925143097804595194/reviews?hl=en,5,4 years ago,,False,True,False,2026-09-25
P03,الواجهة البحرية,الدمام,كورنيش,https://maps.app.goo.gl/E5ZBjcN8sv3pc3Jh8,ChdDSUhNMG9nS0VJQ0FnSUMyd3RxMDd3RRAB,Khaled habeb,https://www.google.com/maps/contrib/109743022661520047894/reviews?hl=en,5,4 years ago,,False,True,False,2026-09-25
P03,الواجهة البحرية,الدمام,كورنيش,https://maps.app.goo.gl/E5ZBjcN8sv3pc3Jh8,ChdDSUhNMG9nS0VJQ0FnSUMyNElqXzRRRRAB,Abdulrahman Almaamari,https://www.google.com/maps/contrib/111137096646865162817/reviews?hl=en,4,4 years ago,,False,True,False,2026-09-25
P03,الواجهة البحرية,الدمام,كورنيش,https://maps.app.goo.gl/E5ZBjcN8sv3pc3Jh8,ChZDSUhNMG9nS0VJQ0FnSURDNDV6VEFnEAE,AHMAD ABDLJAWAD,https://www.google.com/maps/contrib/118177241525938873163/reviews?hl=en,5,Edited 4 years ago,"رائعة وهادئه وتصلح للعائلات
في كل الأوقات جميله المنظر. 🥰 …",True,True,True,2026-09-25
P03,الواجهة البحرية,الدمام,كورنيش,https://maps.app.goo.gl/E5ZBjcN8sv3pc3Jh8,ChdDSUhNMG9nS0VJQ0FnSURXXzZtSGt3RRAB,sargon anaby,https://www.google.com/maps/contrib/111617735240984329790/reviews?hl=en,1,4 years ago,متنزه حلو ومجميل,True,True,False,2026-09-25
P03,الواجهة البحرية,الدمام,كورنيش,https://maps.app.goo.gl/E5ZBjcN8sv3pc3Jh8,ChdDSUhNMG9nS0VJQ0FnSURXdDRlcXNRRRAB,A7med M,https://www.google.com/maps/contrib/116268850525704251503/reviews?hl=en,5,4 years ago,,False,True,False,2026-09-25
P03,الواجهة البحرية,الدمام,كورنيش,https://maps.app.goo.gl/E5ZBjcN8sv3pc3Jh8,ChdDSUhNMG9nS0VJQ0FnSURXbDVlUmx3RRAB,بو أحمد,https://www.google.com/maps/contrib/104343083931890755317/reviews?hl=en,4,4 years ago,,False,True,False,2026-09-25
P03,الواجهة البحرية,الدمام,كورنيش,https://maps.app.goo.gl/E5ZBjcN8sv3pc3Jh8,ChdDSUhNMG9nS0VJQ0FnSURXN2RuNnhBRRAB,faisal saleh,https://www.google.com/maps/contrib/110214619997388856324/reviews?hl=en,5,4 years ago,رائع,True,True,False,2026-09-25
P03,الواجهة البحرية,الدمام,كورنيش,https://maps.app.goo.gl/E5ZBjcN8sv3pc3Jh8,ChdDSUhNMG9nS0VJQ0FnSURXLWZLM21nRRAB,SAIF K,https://www.google.com/maps/contrib/115165006952850335110/reviews?hl=en,5,4 years ago,"مكان نظيف هادئ
للعائلة",True,True,False,2026-09-25
P03,الواجهة البحرية,الدمام,كورنيش,https://maps.app.goo.gl/E5ZBjcN8sv3pc3Jh8,ChZDSUhNMG9nS0VJQ0FnSURXLWFDVlNREAE,NaiF AL Balawi,https://www.google.com/maps/contrib/108300094548368067020/reviews?hl=en,4,4 years ago,,False,True,False,2026-09-25
P03,الواجهة البحرية,الدمام,كورنيش,https://maps.app.goo.gl/E5ZBjcN8sv3pc3Jh8,ChZDSUhNMG9nS0VJQ0FnSURXenRES0hnEAE,سعيد السناوي,https://www.google.com/maps/contrib/114220978539021619239/reviews?hl=en,5,4 years ago,و لا أروع,True,True,False,2026-09-25
P03,الواجهة البحرية,الدمام,كورنيش,https://maps.app.goo.gl/E5ZBjcN8sv3pc3Jh8,ChdDSUhNMG9nS0VJQ0FnSURXdHZPSjNnRRAB,القناعة كنز لايفنى,https://www.google.com/maps/contrib/116371855229734935378/reviews?hl=en,5,4 years ago,ممتاز,True,True,False,2026-09-25
P03,الواجهة البحرية,الدمام,كورنيش,https://maps.app.goo.gl/E5ZBjcN8sv3pc3Jh8,ChdDSUhNMG9nS0VJQ0FnSURXaXNHTXF3RRAB,Ameer Alfadhel,https://www.google.com/maps/contrib/114775923298338197238/reviews?hl=en,4,4 years ago,"جميلة جداً وبحاجة إلى المزيد من التطوير
أتمنى من الزائرين الإهتمام بنظافة المكان",True,True,False,2026-09-25
P03,الواجهة البحرية,الدمام,كورنيش,https://maps.app.goo.gl/E5ZBjcN8sv3pc3Jh8,ChZDSUhNMG9nS0VJQ0FnSURXM0l5OE1BEAE,Majeed Ali,https://www.google.com/maps/contrib/101481009606439510180/reviews?hl=en,4,4 years ago,مكان جميل   زحمة,True,True,False,2026-09-25
P03,الواجهة البحرية,الدمام,كورنيش,https://maps.app.goo.gl/E5ZBjcN8sv3pc3Jh8,ChZDSUhNMG9nS0VJQ0FnSURXb0x6a01REAE,Abu AbdulAziz,https://www.google.com/maps/contrib/101945952852549574411/reviews?hl=en,5,4 years ago,👍🏻 …,False,True,True,2026-09-25
P03,الواجهة البحرية,الدمام,كورنيش,https://maps.app.goo.gl/E5ZBjcN8sv3pc3Jh8,ChdDSUhNMG9nS0VJQ0FnSUNXcThidTFRRRAB,mohamed zedan,https://www.google.com/maps/contrib/101338846278725630332/reviews?hl=en,5,4 years ago,,False,True,False,2026-09-25
P03,الواجهة البحرية,الدمام,كورنيش,https://maps.app.goo.gl/E5ZBjcN8sv3pc3Jh8,ChZDSUhNMG9nS0VJQ0FnSUNXMDUtZk93EAE,AZIZ ALYAMI,https://www.google.com/maps/contrib/104282377521997289438/reviews?hl=en,5,4 years ago,نشكر الحكومه اعزها الله على مثل هذي الاشياء الجميله وخلق متنفس جميل شامل جميع الخدمات لمرتادي هذي الأماكن لهم مني عظيم الشكر والامتنان وحفظ الله بلادي من كل شر❤,True,True,False,2026-09-25
P03,الواجهة البحرية,الدمام,كورنيش,https://maps.app.goo.gl/E5ZBjcN8sv3pc3Jh8,ChZDSUhNMG9nS0VJQ0FnSUNXdGJuc1RnEAE,Wasim Abd Alkarim,https://www.google.com/maps/contrib/101510685708367857726/reviews?hl=en,4,4 years ago,,False,True,False,2026-09-25
P03,الواجهة البحرية,الدمام,كورنيش,https://maps.app.goo.gl/E5ZBjcN8sv3pc3Jh8,ChdDSUhNMG9nS0VJQ0FnSUNXZ1pyTDh3RRAB,Faisal Alarnous,https://www.google.com/maps/contrib/101267933991957038594/reviews?hl=en,5,4 years ago,,False,True,False,2026-09-25
P03,الواجهة البحرية,الدمام,كورنيش,https://maps.app.goo.gl/E5ZBjcN8sv3pc3Jh8,ChdDSUhNMG9nS0VJQ0FnSUNXZ2NpazFnRRAB,SALAH ABDULLAH,https://www.google.com/maps/contrib/100420047805866109199/reviews?hl=en,5,4 years ago,مكان رائع يرد الروح ويشرح الخاطر انصحكم بزيارته,True,True,False,2026-09-25
P03,الواجهة البحرية,الدمام,كورنيش,https://maps.app.goo.gl/E5ZBjcN8sv3pc3Jh8,ChZDSUhNMG9nS0VJQ0FnSUNXN3YzWExnEAE,Hassan khalid,https://www.google.com/maps/contrib/101327496081048778604/reviews?hl=en,3,4 years ago,اسعارهم مبالغ فيها,True,True,False,2026-09-25
P03,الواجهة البحرية,الدمام,كورنيش,https://maps.app.goo.gl/E5ZBjcN8sv3pc3Jh8,ChdDSUhNMG9nS0VJQ0FnSUNXN3BERjVnRRAB,Sukainah ali,https://www.google.com/maps/contrib/113297142544431802044/reviews?hl=en,5,4 years ago,,False,True,False,2026-09-25
P03,الواجهة البحرية,الدمام,كورنيش,https://maps.app.goo.gl/E5ZBjcN8sv3pc3Jh8,ChZDSUhNMG9nS0VJQ0FnSUNXenNXSERBEAE,مصطفى عيسى,https://www.google.com/maps/contrib/101557395131206734259/reviews?hl=en,5,4 years ago,للراحه بهدوء قرب البحر اذهب للواجهة البحريه,True,True,False,2026-09-25
P03,الواجهة البحرية,الدمام,كورنيش,https://maps.app.goo.gl/E5ZBjcN8sv3pc3Jh8,ChdDSUhNMG9nS0VJQ0FnSUNXenNuNWlRRRAB,magdi shaker,https://www.google.com/maps/contrib/106054330581511851020/reviews?hl=en,5,4 years ago,Nice,False,True,False,2026-09-25
P03,الواجهة البحرية,الدمام,كورنيش,https://maps.app.goo.gl/E5ZBjcN8sv3pc3Jh8,ChdDSUhNMG9nS0VJQ0FnSUNXanJMWTNRRRAB,Rwabi Alshareef,https://www.google.com/maps/contrib/115594676231859747216/reviews?hl=en,5,4 years ago,من احتفالات يوم التأسيس ف كورنيش الدمام 👌🏻🤩 …,True,True,True,2026-09-25
P03,الواجهة البحرية,الدمام,كورنيش,https://maps.app.goo.gl/E5ZBjcN8sv3pc3Jh8,ChdDSUhNMG9nS0VJQ0FnSUNXcHZTRjZ3RRAB,ام هادي,https://www.google.com/maps/contrib/115077921628394725947/reviews?hl=en,5,4 years ago,,False,True,False,2026-09-25
P03,الواجهة البحرية,الدمام,كورنيش,https://maps.app.goo.gl/E5ZBjcN8sv3pc3Jh8,ChZDSUhNMG9nS0VJQ0FnSUNXaHNhTWZBEAE,Mordy Mostafa,https://www.google.com/maps/contrib/103262160770842263291/reviews?hl=en,4,4 years ago,جميل جدا,True,True,False,2026-09-25
P03,الواجهة البحرية,الدمام,كورنيش,https://maps.app.goo.gl/E5ZBjcN8sv3pc3Jh8,ChZDSUhNMG9nS0VJQ0FnSUNXdXRhYlRnEAE,اتراج,https://www.google.com/maps/contrib/104974873662971609344/reviews?hl=en,4,4 years ago,مكان جميل وراقي,True,True,False,2026-09-25
P03,الواجهة البحرية,الدمام,كورنيش,https://maps.app.goo.gl/E5ZBjcN8sv3pc3Jh8,ChZDSUhNMG9nS0VJQ0FnSUNXNm9hUWJnEAE,فهد بن فيصل,https://www.google.com/maps/contrib/108688660448471873620/reviews?hl=en,5,4 years ago,هدوء,True,True,False,2026-09-25
P03,الواجهة البحرية,الدمام,كورنيش,https://maps.app.goo.gl/E5ZBjcN8sv3pc3Jh8,ChZDSUhNMG9nS0VJQ0FnSUNXcXZ6cFFREAE,Adel Adel,https://www.google.com/maps/contrib/100625675120412554534/reviews?hl=en,2,4 years ago,,False,True,False,2026-09-25
P03,الواجهة البحرية,الدمام,كورنيش,https://maps.app.goo.gl/E5ZBjcN8sv3pc3Jh8,ChdDSUhNMG9nS0VJQ0FnSUNXeXR2TjV3RRAB,SAAD ALOTHMAN,https://www.google.com/maps/contrib/108052823271952048256/reviews?hl=en,5,4 years ago,شي جميل,True,True,False,2026-09-25
P03,الواجهة البحرية,الدمام,كورنيش,https://maps.app.goo.gl/E5ZBjcN8sv3pc3Jh8,ChdDSUhNMG9nS0VJQ0FnSUNXaXV6MXl3RRAB,Ahmed Al-Salem,https://www.google.com/maps/contrib/116702425064262388899/reviews?hl=en,4,4 years ago,,False,True,False,2026-09-25
P03,الواجهة البحرية,الدمام,كورنيش,https://maps.app.goo.gl/E5ZBjcN8sv3pc3Jh8,ChZDSUhNMG9nS0VJQ0FnSUNXMG9PbEFnEAE,Salman Almuzail,https://www.google.com/maps/contrib/106266973171836444623/reviews?hl=en,5,4 years ago,مكان رائع للاطفال العاب حلوه واسعار مناسبه,True,True,False,2026-09-25
P03,الواجهة البحرية,الدمام,كورنيش,https://maps.app.goo.gl/E5ZBjcN8sv3pc3Jh8,ChdDSUhNMG9nS0VJQ0FnSUNXMHNhZm1BRRAB,Nehal Kamal,https://www.google.com/maps/contrib/117016894903343353960/reviews?hl=en,5,4 years ago,,False,True,False,2026-09-25
P03,الواجهة البحرية,الدمام,كورنيش,https://maps.app.goo.gl/E5ZBjcN8sv3pc3Jh8,ChZDSUhNMG9nS0VJQ0FnSUNpOExPMUhnEAE,فؤاد النعيرات,https://www.google.com/maps/contrib/101328199848429815800/reviews?hl=en,5,Edited 4 years ago,مميزة,True,True,False,2026-09-25
P03,الواجهة البحرية,الدمام,كورنيش,https://maps.app.goo.gl/E5ZBjcN8sv3pc3Jh8,ChdDSUhNMG9nS0VJQ0FnSUNXbEtEaDFBRRAB,Reelax .x,https://www.google.com/maps/contrib/117390737157238149112/reviews?hl=en,3,4 years ago,,False,True,False,2026-09-25
P03,الواجهة البحرية,الدمام,كورنيش,https://maps.app.goo.gl/E5ZBjcN8sv3pc3Jh8,ChdDSUhNMG9nS0VJQ0FnSUNXMktpWDNRRRAB,iimeeshoo,https://www.google.com/maps/contrib/111835858778129674829/reviews?hl=en,5,4 years ago,,False,True,False,2026-09-25
P03,الواجهة البحرية,الدمام,كورنيش,https://maps.app.goo.gl/E5ZBjcN8sv3pc3Jh8,ChdDSUhNMG9nS0VJQ0FnSUNXMEpQdXJRRRAB,ح. س غ.ز,https://www.google.com/maps/contrib/111090703658776102916/reviews?hl=en,5,4 years ago,,False,True,False,2026-09-25
P03,الواجهة البحرية,الدمام,كورنيش,https://maps.app.goo.gl/E5ZBjcN8sv3pc3Jh8,ChdDSUhNMG9nS0VJQ0FnSUNXb0tDbjdRRRAB,Abdullah Alshabaan,https://www.google.com/maps/contrib/100986124300567119750/reviews?hl=en,5,4 years ago,واجهه كورنيش الدمام مطله على الخليج العربي وبامكانك التمتع بممارسة صيد السمك او رياضة المشي والجري او الجلوس في مقاعد موزعه.,True,True,False,2026-09-25
P03,الواجهة البحرية,الدمام,كورنيش,https://maps.app.goo.gl/E5ZBjcN8sv3pc3Jh8,ChZDSUhNMG9nS0VJQ0FnSURtdjdDa1h3EAE,Rashad Rashid Abdo Ali Al-Qatwi,https://www.google.com/maps/contrib/107492444508626238914/reviews?hl=en,5,4 years ago,,False,True,False,2026-09-25
P03,الواجهة البحرية,الدمام,كورنيش,https://maps.app.goo.gl/E5ZBjcN8sv3pc3Jh8,ChZDSUhNMG9nS0VJQ0FnSURtbjVpdEVBEAE,T Alghamdi,https://www.google.com/maps/contrib/102842878447981807308/reviews?hl=en,5,4 years ago,اجمل كورنيش وافضل ممشى,True,True,False,2026-09-25
P03,الواجهة البحرية,الدمام,كورنيش,https://maps.app.goo.gl/E5ZBjcN8sv3pc3Jh8,ChZDSUhNMG9nS0VJQ0FnSURtel9LbFRnEAE,THUNYN TALAL,https://www.google.com/maps/contrib/105026434908610892166/reviews?hl=en,2,4 years ago,جيته قبل اسبوع لقيته تحت الانشاء,True,True,False,2026-09-25
P03,الواجهة البحرية,الدمام,كورنيش,https://maps.app.goo.gl/E5ZBjcN8sv3pc3Jh8,ChdDSUhNMG9nS0VJQ0FnSURtcDU2NTZBRRAB,Travel Kokos,https://www.google.com/maps/contrib/105696057493225817947/reviews?hl=en,5,4 years ago,"Очень классная набережная.
Тротуары чистые👌🏽
Вид конечно крутой 😎
Я очень классно провёл время рядом с красным морем 🌊
Всем советую тут прогуляться ✅",True,True,False,2026-09-25
P03,الواجهة البحرية,الدمام,كورنيش,https://maps.app.goo.gl/E5ZBjcN8sv3pc3Jh8,ChdDSUhNMG9nS0VJQ0FnSURtX2N2XzZBRRAB,yousef Hany,https://www.google.com/maps/contrib/114117250585118107935/reviews?hl=en,5,4 years ago,,False,True,False,2026-09-25
P03,الواجهة البحرية,الدمام,كورنيش,https://maps.app.goo.gl/E5ZBjcN8sv3pc3Jh8,ChdDSUhNMG9nS0VJQ0FnSURtN1pDVTdRRRAB,مناف درويش,https://www.google.com/maps/contrib/116621180624913964971/reviews?hl=en,2,4 years ago,صارت ممله مافيها تجديد,True,True,False,2026-09-25
P03,الواجهة البحرية,الدمام,كورنيش,https://maps.app.goo.gl/E5ZBjcN8sv3pc3Jh8,ChZDSUhNMG9nS0VJQ0FnSURtclpya2NREAE,Feather Spa & Beauty,https://www.google.com/maps/contrib/110819685010432793277/reviews?hl=en,5,4 years ago,,False,True,False,2026-09-25
P03,الواجهة البحرية,الدمام,كورنيش,https://maps.app.goo.gl/E5ZBjcN8sv3pc3Jh8,ChdDSUhNMG9nS0VJQ0FnSURtamF5QmtnRRAB,Deema Alshehri,https://www.google.com/maps/contrib/102671547979172483109/reviews?hl=en,5,4 years ago,,False,True,False,2026-09-25
P03,الواجهة البحرية,الدمام,كورنيش,https://maps.app.goo.gl/E5ZBjcN8sv3pc3Jh8,ChZDSUhNMG9nS0VJQ0FnSURtdGFuRklREAE,abdullah algethami,https://www.google.com/maps/contrib/109081576794214150408/reviews?hl=en,5,4 years ago,جميلة للمشي وكذلك يوجد فيها منطقة العاب للأطفال,True,True,False,2026-09-25
P03,الواجهة البحرية,الدمام,كورنيش,https://maps.app.goo.gl/E5ZBjcN8sv3pc3Jh8,ChdDSUhNMG9nS0VJQ0FnSURtOFpiSnJnRRAB,Abdul Rahman Abdullah Al Zahrani,https://www.google.com/maps/contrib/115364748746543872794/reviews?hl=en,5,4 years ago,🤛🏻👍🤙 …,False,True,True,2026-09-25
P03,الواجهة البحرية,الدمام,كورنيش,https://maps.app.goo.gl/E5ZBjcN8sv3pc3Jh8,ChZDSUhNMG9nS0VJQ0FnSURtc2V5SU93EAE,Mohammad Ahmad,https://www.google.com/maps/contrib/109160571798460756591/reviews?hl=en,5,4 years ago,منظر رووووووووعه🌹🌹🌹🌹🌹🌹 …,True,True,True,2026-09-25
P03,الواجهة البحرية,الدمام,كورنيش,https://maps.app.goo.gl/E5ZBjcN8sv3pc3Jh8,ChZDSUhNMG9nS0VJQ0FnSURtc2NEOEx3EAE,Muhammad Waseem,https://www.google.com/maps/contrib/117973857293171062201/reviews?hl=en,4,4 years ago,,False,True,False,2026-09-25
P03,الواجهة البحرية,الدمام,كورنيش,https://maps.app.goo.gl/E5ZBjcN8sv3pc3Jh8,ChZDSUhNMG9nS0VJQ0FnSURtX3VmT0tBEAE,سيدة القهوة السلمان,https://www.google.com/maps/contrib/104781475939868858780/reviews?hl=en,5,4 years ago,للاسف تسكرت اغلب الجهات وصار الدخول بفلوس,True,True,False,2026-09-25
P03,الواجهة البحرية,الدمام,كورنيش,https://maps.app.goo.gl/E5ZBjcN8sv3pc3Jh8,ChZDSUhNMG9nS0VJQ0FnSURtcnB2cVFBEAE,سوس سوسو,https://www.google.com/maps/contrib/106691971221085063387/reviews?hl=en,4,4 years ago,عمار ي الشرقية..جمال ثم جمال ❤️💞 …,True,True,True,2026-09-25
P03,الواجهة البحرية,الدمام,كورنيش,https://maps.app.goo.gl/E5ZBjcN8sv3pc3Jh8,ChdDSUhNMG9nS0VJQ0FnSURtenZPZ3FRRRAB,Meem Sha,https://www.google.com/maps/contrib/103721065621708194203/reviews?hl=en,5,4 years ago,من أفضل الأماكن .. لقضاء وقت سعيد,True,True,False,2026-09-25
P03,الواجهة البحرية,الدمام,كورنيش,https://maps.app.goo.gl/E5ZBjcN8sv3pc3Jh8,ChdDSUhNMG9nS0VJQ0FnSURtOHQtUXVRRRAB,Safia Ali,https://www.google.com/maps/contrib/117193201223688811188/reviews?hl=en,4,4 years ago,,False,True,False,2026-09-25
P03,الواجهة البحرية,الدمام,كورنيش,https://maps.app.goo.gl/E5ZBjcN8sv3pc3Jh8,ChdDSUhNMG9nS0VJQ0FnSURtbE1hSHFBRRAB,Moon Malak,https://www.google.com/maps/contrib/108892277163294954407/reviews?hl=en,4,4 years ago,,False,True,False,2026-09-25
P03,الواجهة البحرية,الدمام,كورنيش,https://maps.app.goo.gl/E5ZBjcN8sv3pc3Jh8,ChZDSUhNMG9nS0VJQ0FnSURtNU5mSVd3EAE,perfume Jewels,https://www.google.com/maps/contrib/116082470467576285208/reviews?hl=en,5,4 years ago,,False,True,False,2026-09-25
P03,الواجهة البحرية,الدمام,كورنيش,https://maps.app.goo.gl/E5ZBjcN8sv3pc3Jh8,ChZDSUhNMG9nS0VJQ0FnSURtaUpIeFJBEAE,نور الشرقيه,https://www.google.com/maps/contrib/102724761198340862563/reviews?hl=en,5,4 years ago,ممتازه جدا خاصة مع وجود اغلب الخدمات,True,True,False,2026-09-25
P03,الواجهة البحرية,الدمام,كورنيش,https://maps.app.goo.gl/E5ZBjcN8sv3pc3Jh8,ChdDSUhNMG9nS0VJQ0FnSURtd0tXTWtBRRAB,wadia rabh,https://www.google.com/maps/contrib/115966762950833736876/reviews?hl=en,5,4 years ago,,False,True,False,2026-09-25
P03,الواجهة البحرية,الدمام,كورنيش,https://maps.app.goo.gl/E5ZBjcN8sv3pc3Jh8,ChZDSUhNMG9nS0VJQ0FnSUNtdjh5SmRBEAE,Hyat Anti,https://www.google.com/maps/contrib/117003573114064490539/reviews?hl=en,5,4 years ago,,False,True,False,2026-09-25
P03,الواجهة البحرية,الدمام,كورنيش,https://maps.app.goo.gl/E5ZBjcN8sv3pc3Jh8,ChdDSUhNMG9nS0VJQ0FnSUNtMzdiM3VnRRAB,الجوهره ٤٦٧,https://www.google.com/maps/contrib/104655017501370978617/reviews?hl=en,5,4 years ago,متعه العائله والأصحاب,True,True,False,2026-09-25
P03,الواجهة البحرية,الدمام,كورنيش,https://maps.app.goo.gl/E5ZBjcN8sv3pc3Jh8,ChdDSUhNMG9nS0VJQ0FnSUNtMzlTajl3RRAB,Sadiq Ismail,https://www.google.com/maps/contrib/107920832740466236982/reviews?hl=en,5,4 years ago,,False,True,False,2026-09-25
P03,الواجهة البحرية,الدمام,كورنيش,https://maps.app.goo.gl/E5ZBjcN8sv3pc3Jh8,ChdDSUhNMG9nS0VJQ0FnSUNtNTZHbWxnRRAB,طلال العنزي,https://www.google.com/maps/contrib/101892658938544072988/reviews?hl=en,5,4 years ago,,False,True,False,2026-09-25
P03,الواجهة البحرية,الدمام,كورنيش,https://maps.app.goo.gl/E5ZBjcN8sv3pc3Jh8,ChdDSUhNMG9nS0VJQ0FnSUNtLTdfaTBRRRAB,a Al ajme aa,https://www.google.com/maps/contrib/100927934498931691149/reviews?hl=en,5,4 years ago,روعه احساس جميل,True,True,False,2026-09-25
P03,الواجهة البحرية,الدمام,كورنيش,https://maps.app.goo.gl/E5ZBjcN8sv3pc3Jh8,ChZDSUhNMG9nS0VJQ0FnSUNtczQ3VFJ3EAE,Muhammad Atta,https://www.google.com/maps/contrib/104412812613778796221/reviews?hl=en,5,4 years ago,,False,True,False,2026-09-25
P03,الواجهة البحرية,الدمام,كورنيش,https://maps.app.goo.gl/E5ZBjcN8sv3pc3Jh8,ChZDSUhNMG9nS0VJQ0FnSUNtMDV2R2V3EAE,Abeer Baqtyan,https://www.google.com/maps/contrib/113770035007758425266/reviews?hl=en,5,4 years ago,👌✨ …,False,True,True,2026-09-25
P03,الواجهة البحرية,الدمام,كورنيش,https://maps.app.goo.gl/E5ZBjcN8sv3pc3Jh8,ChdDSUhNMG9nS0VJQ0FnSUNtNDctdjBnRRAB,mohamed khodaier,https://www.google.com/maps/contrib/106482631237672525453/reviews?hl=en,5,4 years ago,,False,True,False,2026-09-25
P03,الواجهة البحرية,الدمام,كورنيش,https://maps.app.goo.gl/E5ZBjcN8sv3pc3Jh8,ChZDSUhNMG9nS0VJQ0FnSUNtbGZiZkpBEAE,علي علوان,https://www.google.com/maps/contrib/112528731986190429742/reviews?hl=en,5,4 years ago,مكان ممتاز للجلسات العائلية والطلعات,True,True,False,2026-09-25
P03,الواجهة البحرية,الدمام,كورنيش,https://maps.app.goo.gl/E5ZBjcN8sv3pc3Jh8,ChdDSUhNMG9nS0VJQ0FnSUNtcGZuZ2tRRRAB,م عريشي,https://www.google.com/maps/contrib/107188939455871853467/reviews?hl=en,4,4 years ago,,False,True,False,2026-09-25
P03,الواجهة البحرية,الدمام,كورنيش,https://maps.app.goo.gl/E5ZBjcN8sv3pc3Jh8,ChZDSUhNMG9nS0VJQ0FnSUNtaGJQcWVREAE,عبدالحميد آل رمضان,https://www.google.com/maps/contrib/101581335889476216079/reviews?hl=en,5,4 years ago,مكان جميل,True,True,False,2026-09-25
P03,الواجهة البحرية,الدمام,كورنيش,https://maps.app.goo.gl/E5ZBjcN8sv3pc3Jh8,ChZDSUhNMG9nS0VJQ0FnSUNtaGZMSmJBEAE,Hassan Albargi,https://www.google.com/maps/contrib/113508551526300927656/reviews?hl=en,5,4 years ago,جميله جدا هذه الايام,True,True,False,2026-09-25
P03,الواجهة البحرية,الدمام,كورنيش,https://maps.app.goo.gl/E5ZBjcN8sv3pc3Jh8,ChdDSUhNMG9nS0VJQ0FnSUNteWRpRW9RRRAB,عبدالله,https://www.google.com/maps/contrib/112224385313800514552/reviews?hl=en,3,4 years ago,جدًا جميلة وبتكون أجمل بعد الانتهاء من أعمال الإنشاء,True,True,False,2026-09-25
P03,الواجهة البحرية,الدمام,كورنيش,https://maps.app.goo.gl/E5ZBjcN8sv3pc3Jh8,ChdDSUhNMG9nS0VJQ0FnSUNtOGJ1NGd3RRAB,ibrahim eladly,https://www.google.com/maps/contrib/111370768085065513170/reviews?hl=en,4,4 years ago,good place for family,False,True,False,2026-09-25
P03,الواجهة البحرية,الدمام,كورنيش,https://maps.app.goo.gl/E5ZBjcN8sv3pc3Jh8,ChZDSUhNMG9nS0VJQ0FnSUNtd2Z2RGV3EAE,baraa khaldi,https://www.google.com/maps/contrib/102515178288169642498/reviews?hl=en,5,4 years ago,,False,True,False,2026-09-25
P03,الواجهة البحرية,الدمام,كورنيش,https://maps.app.goo.gl/E5ZBjcN8sv3pc3Jh8,ChZDSUhNMG9nS0VJQ0FnSUNtM3NqNlJBEAE,alsraab99,https://www.google.com/maps/contrib/103337556691734257820/reviews?hl=en,5,4 years ago,👍👍👍👍🌹جميله …,True,True,True,2026-09-25
P03,الواجهة البحرية,الدمام,كورنيش,https://maps.app.goo.gl/E5ZBjcN8sv3pc3Jh8,ChZDSUhNMG9nS0VJQ0FnSUNtenZMQmV3EAE,aseel abdo,https://www.google.com/maps/contrib/116133855108322098364/reviews?hl=en,5,4 years ago,حلو جذا,True,True,False,2026-09-25
P03,الواجهة البحرية,الدمام,كورنيش,https://maps.app.goo.gl/E5ZBjcN8sv3pc3Jh8,ChdDSUhNMG9nS0VJQ0FnSUNtanBfSWx3RRAB,Saad Elmaghraby,https://www.google.com/maps/contrib/115723295965372172943/reviews?hl=en,4,4 years ago,,False,True,False,2026-09-25
P03,الواجهة البحرية,الدمام,كورنيش,https://maps.app.goo.gl/E5ZBjcN8sv3pc3Jh8,ChdDSUhNMG9nS0VJQ0FnSUNtaHZYYTV3RRAB,AZFAR ul moin SHAIKH,https://www.google.com/maps/contrib/115595031693568522547/reviews?hl=en,4,4 years ago,,False,True,False,2026-09-25
P03,الواجهة البحرية,الدمام,كورنيش,https://maps.app.goo.gl/E5ZBjcN8sv3pc3Jh8,ChZDSUhNMG9nS0VJQ0FnSUNtdXFMdVBnEAE,Mohammed Alsaadat,https://www.google.com/maps/contrib/107495345482399956661/reviews?hl=en,5,4 years ago,,False,True,False,2026-09-25
P03,الواجهة البحرية,الدمام,كورنيش,https://maps.app.goo.gl/E5ZBjcN8sv3pc3Jh8,ChdDSUhNMG9nS0VJQ0FnSUNtMnEyYTFBRRAB,Moon,https://www.google.com/maps/contrib/102118386894117419538/reviews?hl=en,5,4 years ago,,False,True,False,2026-09-25
P03,الواجهة البحرية,الدمام,كورنيش,https://maps.app.goo.gl/E5ZBjcN8sv3pc3Jh8,ChZDSUhNMG9nS0VJQ0FnSUNtbXItU2VBEAE,Fatimah Alodah,https://www.google.com/maps/contrib/104858336933802315768/reviews?hl=en,5,4 years ago,,False,True,False,2026-09-25
P03,الواجهة البحرية,الدمام,كورنيش,https://maps.app.goo.gl/E5ZBjcN8sv3pc3Jh8,ChZDSUhNMG9nS0VJQ0FnSUNtbXJqa05REAE,Some One,https://www.google.com/maps/contrib/105560687462891311663/reviews?hl=en,5,4 years ago,😍😍 …,False,True,True,2026-09-25
P03,الواجهة البحرية,الدمام,كورنيش,https://maps.app.goo.gl/E5ZBjcN8sv3pc3Jh8,ChZDSUhNMG9nS0VJQ0FnSUNtcXRxN0dnEAE,مفيد حسين,https://www.google.com/maps/contrib/105747850531557952019/reviews?hl=en,1,4 years ago,,False,True,False,2026-09-25
P03,الواجهة البحرية,الدمام,كورنيش,https://maps.app.goo.gl/E5ZBjcN8sv3pc3Jh8,ChZDSUhNMG9nS0VJQ0FnSUNtMHE2TUJ3EAE,عبدالرحمن الغامدي,https://www.google.com/maps/contrib/104153801280900776417/reviews?hl=en,1,4 years ago,جيده,True,True,False,2026-09-25
P03,الواجهة البحرية,الدمام,كورنيش,https://maps.app.goo.gl/E5ZBjcN8sv3pc3Jh8,ChdDSUhNMG9nS0VJQ0FnSUNtb292aHpnRRAB,Ali Almaamoon,https://www.google.com/maps/contrib/113956652212828695253/reviews?hl=en,5,4 years ago,,False,True,False,2026-09-25
P03,الواجهة البحرية,الدمام,كورنيش,https://maps.app.goo.gl/E5ZBjcN8sv3pc3Jh8,ChdDSUhNMG9nS0VJQ0FnSUNtdklLbTBRRRAB,Aslam Pichan,https://www.google.com/maps/contrib/101862236691349875267/reviews?hl=en,4,4 years ago,Great place for camping,False,True,False,2026-09-25
P03,الواجهة البحرية,الدمام,كورنيش,https://maps.app.goo.gl/E5ZBjcN8sv3pc3Jh8,ChZDSUhNMG9nS0VJQ0FnSUNtM0wydlpBEAE,sadMAN,https://www.google.com/maps/contrib/107385821175150463599/reviews?hl=en,3,4 years ago,لابأس,True,True,False,2026-09-25
P03,الواجهة البحرية,الدمام,كورنيش,https://maps.app.goo.gl/E5ZBjcN8sv3pc3Jh8,ChdDSUhNMG9nS0VJQ0FnSUNtM09TcWh3RRAB,Abdul Muhaimin Al-Adallah,https://www.google.com/maps/contrib/112624209072065938414/reviews?hl=en,4,4 years ago,,False,True,False,2026-09-25
P03,الواجهة البحرية,الدمام,كورنيش,https://maps.app.goo.gl/E5ZBjcN8sv3pc3Jh8,ChdDSUhNMG9nS0VJQ0FnSUNtekozaWlBRRAB,التضامن للمطابخ,https://www.google.com/maps/contrib/109344623737746162461/reviews?hl=en,5,4 years ago,,False,True,False,2026-09-25
P03,الواجهة البحرية,الدمام,كورنيش,https://maps.app.goo.gl/E5ZBjcN8sv3pc3Jh8,ChZDSUhNMG9nS0VJQ0FnSUNtek5xZVFBEAE,Awab Hashim Ahmed,https://www.google.com/maps/contrib/115109545907222159990/reviews?hl=en,4,4 years ago,راااائع,True,True,False,2026-09-25
P03,الواجهة البحرية,الدمام,كورنيش,https://maps.app.goo.gl/E5ZBjcN8sv3pc3Jh8,ChdDSUhNMG9nS0VJQ0FnSUNtOUxDOXl3RRAB,بسمه امل,https://www.google.com/maps/contrib/100557200727271378278/reviews?hl=en,3,4 years ago,الوجهه جدا جميله   ولكن  في منطقه الموجوده عند قرية الالعاب توتاون لا يوجد دورة مياة  ولا  كوفي او بقاله  ودورة المياة ضروريه جدا  على الرغم من روعة المكان واهتمام الدوله في  الوجهه البحرية,True,True,False,2026-09-25
P03,الواجهة البحرية,الدمام,كورنيش,https://maps.app.goo.gl/E5ZBjcN8sv3pc3Jh8,ChdDSUhNMG9nS0VJQ0FnSUNtMU9lbDJRRRAB,Abdullh Ass'ad,https://www.google.com/maps/contrib/112448360193774960910/reviews?hl=en,4,4 years ago,من الأماكن المفضلة لدي ، روعة,True,True,False,2026-09-25
P03,الواجهة البحرية,الدمام,كورنيش,https://maps.app.goo.gl/E5ZBjcN8sv3pc3Jh8,ChdDSUhNMG9nS0VJQ0FnSUNtMU15SHJBRRAB,Maha ALaRiNi,https://www.google.com/maps/contrib/108064919123303176949/reviews?hl=en,5,4 years ago,نظيف وهادي وجميل,True,True,False,2026-09-25
P03,الواجهة البحرية,الدمام,كورنيش,https://maps.app.goo.gl/E5ZBjcN8sv3pc3Jh8,ChZDSUhNMG9nS0VJQ0FnSUNtLVBpcEhnEAE,Karim Elkady,https://www.google.com/maps/contrib/114257433270692420199/reviews?hl=en,5,4 years ago,مكان جميل تستأنس القعده والجو مع الاحباب و الصحاب,True,True,False,2026-09-25
P03,الواجهة البحرية,الدمام,كورنيش,https://maps.app.goo.gl/E5ZBjcN8sv3pc3Jh8,ChZDSUhNMG9nS0VJQ0FnSUNtMkxiN0dnEAE,Ahmed Samir,https://www.google.com/maps/contrib/111375496662675686846/reviews?hl=en,5,4 years ago,,False,True,False,2026-09-25
P03,الواجهة البحرية,الدمام,كورنيش,https://maps.app.goo.gl/E5ZBjcN8sv3pc3Jh8,ChdDSUhNMG9nS0VJQ0FnSUNtcU5haTJnRRAB,Tamim Alzahrani,https://www.google.com/maps/contrib/111763809591463875535/reviews?hl=en,3,4 years ago,"منتزه ضخم وجميل يطل على الخليج وجزيرة المرجان ، فيه امكانيات ضخمة ياليت البلدية تهتم فيه أكثر ، عندي اقتراحات بسيطة على شكل نقاط :

- ياليت يتم تحسين مستوى ونوع الاضاءة في الواجهة .
- التخفيف من كثافة الأشجار عند المدخل الرئيسي للواجهة وتطوير منصة الاحتفالات وصيانتها .
- تنظيم عربات الطعام ( الفود تراك ) في المواقف بدل من وقوفها العشوائي المشوه للمنظر .
- الواجهة البحرية تحتاج إلى أستغلال بعض المساحات في تصاميم جمالية جاذبة للزوار وتكون أفكار مميزة غير تقليدية .

وشكراً",True,True,False,2026-09-25
P03,الواجهة البحرية,الدمام,كورنيش,https://maps.app.goo.gl/E5ZBjcN8sv3pc3Jh8,ChZDSUhNMG9nS0VJQ0FnSUNteUpUa1hREAE,نجيب الحربي,https://www.google.com/maps/contrib/109902733811380449984/reviews?hl=en,5,4 years ago,,False,True,False,2026-09-25
P03,الواجهة البحرية,الدمام,كورنيش,https://maps.app.goo.gl/E5ZBjcN8sv3pc3Jh8,ChZDSUhNMG9nS0VJQ0FnSUNteVBDcFZ3EAE,S Harbi,https://www.google.com/maps/contrib/117620182418317273626/reviews?hl=en,4,4 years ago,,False,True,False,2026-09-25
P03,الواجهة البحرية,الدمام,كورنيش,https://maps.app.goo.gl/E5ZBjcN8sv3pc3Jh8,ChZDSUhNMG9nS0VJQ0FnSUNtc01XbWZBEAE,Ahmed Fahmy,https://www.google.com/maps/contrib/108557626423298203550/reviews?hl=en,3,4 years ago,,False,True,False,2026-09-25
P03,الواجهة البحرية,الدمام,كورنيش,https://maps.app.goo.gl/E5ZBjcN8sv3pc3Jh8,ChZDSUhNMG9nS0VJQ0FnSUNtc0ltUlNBEAE,يوسف المغارم,https://www.google.com/maps/contrib/112893235047612785943/reviews?hl=en,4,4 years ago,مكان راقي جميل. متنفس بحري,True,True,False,2026-09-25
P03,الواجهة البحرية,الدمام,كورنيش,https://maps.app.goo.gl/E5ZBjcN8sv3pc3Jh8,ChdDSUhNMG9nS0VJQ0FnSUNtZ0l5djVRRRAB,Mojahid Mohammed,https://www.google.com/maps/contrib/107582348900941791109/reviews?hl=en,5,4 years ago,هادئ ومريح,True,True,False,2026-09-25
P03,الواجهة البحرية,الدمام,كورنيش,https://maps.app.goo.gl/E5ZBjcN8sv3pc3Jh8,ChZDSUhNMG9nS0VJQ0FnSURHbjhTX0lnEAE,محمد خالد,https://www.google.com/maps/contrib/103970717911394597028/reviews?hl=en,3,4 years ago,"ينقصه الاهتمااااااام واجراء تحديثات كما هو حاصل في واجهة جدة الجديدة.
النفايات المرمية مزعجة
كثير من الناس لازم تتغير الله يهديهم.",True,True,False,2026-09-25
P03,الواجهة البحرية,الدمام,كورنيش,https://maps.app.goo.gl/E5ZBjcN8sv3pc3Jh8,ChZDSUhNMG9nS0VJQ0FnSURHNzgzM0N3EAE,Anees Mp,https://www.google.com/maps/contrib/111262397062992042314/reviews?hl=en,5,4 years ago,,False,True,False,2026-09-25
P03,الواجهة البحرية,الدمام,كورنيش,https://maps.app.goo.gl/E5ZBjcN8sv3pc3Jh8,ChdDSUhNMG9nS0VJQ0FnSURHNzlqaHRBRRAB,Z,https://www.google.com/maps/contrib/103527973937583428313/reviews?hl=en,4,4 years ago,,False,True,False,2026-09-25
P03,الواجهة البحرية,الدمام,كورنيش,https://maps.app.goo.gl/E5ZBjcN8sv3pc3Jh8,ChdDSUhNMG9nS0VJQ0FnSURHal9ydmxnRRAB,Miss Maha,https://www.google.com/maps/contrib/108662861601208599274/reviews?hl=en,5,4 years ago,ذكريات هالشاطئ لا تُنسى 🤍.. …,True,True,True,2026-09-25
P03,الواجهة البحرية,الدمام,كورنيش,https://maps.app.goo.gl/E5ZBjcN8sv3pc3Jh8,ChZDSUhNMG9nS0VJQ0FnSURHOTdLZ1ZREAE,zuhair alali,https://www.google.com/maps/contrib/103177531932665401913/reviews?hl=en,5,4 years ago,روعه,True,True,False,2026-09-25
P03,الواجهة البحرية,الدمام,كورنيش,https://maps.app.goo.gl/E5ZBjcN8sv3pc3Jh8,ChZDSUhNMG9nS0VJQ0FnSURHMV9IRWVBEAE,hatem mtwally,https://www.google.com/maps/contrib/112248458397370915228/reviews?hl=en,5,4 years ago,مكان رائع وجميل جدا,True,True,False,2026-09-25
P03,الواجهة البحرية,الدمام,كورنيش,https://maps.app.goo.gl/E5ZBjcN8sv3pc3Jh8,ChdDSUhNMG9nS0VJQ0FnSURHNTc3RWhRRRAB,Mona Alhamuod,https://www.google.com/maps/contrib/115375630705546666747/reviews?hl=en,5,4 years ago,المكان جميل ومتوفر فيه جميع الخدمات,True,True,False,2026-09-25
P03,الواجهة البحرية,الدمام,كورنيش,https://maps.app.goo.gl/E5ZBjcN8sv3pc3Jh8,ChdDSUhNMG9nS0VJQ0FnSURHaDVHUTdBRRAB,Hessah Abdullah,https://www.google.com/maps/contrib/115642557576676824728/reviews?hl=en,3,4 years ago,بصراحه مب جوي و م احبها ولا اروح لها الا بوجود اشخاص يجعلون من المكان جمالا لايضاهي جمالوا احد بالعاميه جلسه مافيها نفس ثقيله وشكرا ..,True,True,False,2026-09-25
P03,الواجهة البحرية,الدمام,كورنيش,https://maps.app.goo.gl/E5ZBjcN8sv3pc3Jh8,ChZDSUhNMG9nS0VJQ0FnSURHNjlTSVB3EAE,D Aziz,https://www.google.com/maps/contrib/101310101792096933003/reviews?hl=en,5,4 years ago,,False,True,False,2026-09-25
P03,الواجهة البحرية,الدمام,كورنيش,https://maps.app.goo.gl/E5ZBjcN8sv3pc3Jh8,ChdDSUhNMG9nS0VJQ0FnSURHcTRYMV9nRRAB,مشعل,https://www.google.com/maps/contrib/117059014131222121762/reviews?hl=en,5,4 years ago,,False,True,False,2026-09-25
P03,الواجهة البحرية,الدمام,كورنيش,https://maps.app.goo.gl/E5ZBjcN8sv3pc3Jh8,ChdDSUhNMG9nS0VJQ0FnSURHeS1hZjVRRRAB,Majid ALMashyakhi,https://www.google.com/maps/contrib/104024065182121359998/reviews?hl=en,4,4 years ago,,False,True,False,2026-09-25
P03,الواجهة البحرية,الدمام,كورنيش,https://maps.app.goo.gl/E5ZBjcN8sv3pc3Jh8,ChZDSUhNMG9nS0VJQ0FnSURHeTVTSmJBEAE,Doo Ti Amo,https://www.google.com/maps/contrib/105767210414163923195/reviews?hl=en,5,4 years ago,Woooow,True,True,False,2026-09-25
P03,الواجهة البحرية,الدمام,كورنيش,https://maps.app.goo.gl/E5ZBjcN8sv3pc3Jh8,ChdDSUhNMG9nS0VJQ0FnSURHODllWXdBRRAB,Abdulmohsin Alattafi,https://www.google.com/maps/contrib/104500219192675746254/reviews?hl=en,4,4 years ago,,False,True,False,2026-09-25
P03,الواجهة البحرية,الدمام,كورنيش,https://maps.app.goo.gl/E5ZBjcN8sv3pc3Jh8,ChZDSUhNMG9nS0VJQ0FnSURHODRyeld3EAE,Ibrahim Aljaber,https://www.google.com/maps/contrib/108066778919652614958/reviews?hl=en,5,4 years ago,Lovely place,False,True,False,2026-09-25
P03,الواجهة البحرية,الدمام,كورنيش,https://maps.app.goo.gl/E5ZBjcN8sv3pc3Jh8,ChdDSUhNMG9nS0VJQ0FnSURHc19UdjBBRRAB,Nooni سبحان الله وبحمده سبحان الله العظيم,https://www.google.com/maps/contrib/100612577633832219166/reviews?hl=en,5,4 years ago,تجننننننن,True,True,False,2026-09-25
P03,الواجهة البحرية,الدمام,كورنيش,https://maps.app.goo.gl/E5ZBjcN8sv3pc3Jh8,ChZDSUhNMG9nS0VJQ0FnSURHNDU3RFVnEAE,Tariq,https://www.google.com/maps/contrib/109925482917719397274/reviews?hl=en,5,4 years ago,,False,True,False,2026-09-25
P03,الواجهة البحرية,الدمام,كورنيش,https://maps.app.goo.gl/E5ZBjcN8sv3pc3Jh8,ChdDSUhNMG9nS0VJQ0FnSURDelpmYmt3RRAB,محمد حمود,https://www.google.com/maps/contrib/105973168977386636735/reviews?hl=en,3,Edited 4 years ago,ينقصها البقالات والمطاعم والكافيهات,True,True,False,2026-09-25
P03,الواجهة البحرية,الدمام,كورنيش,https://maps.app.goo.gl/E5ZBjcN8sv3pc3Jh8,ChdDSUhNMG9nS0VJQ0FnSURHemFDanRnRRAB,Hawazen 1985,https://www.google.com/maps/contrib/106069701864683297895/reviews?hl=en,4,4 years ago,من اجمل الشواطئ الي زرتها من حيث المساحة الشاسعة والمسطحات الخضراء والمكان نظيف لكن ينقصة مطاعم وكافية وارجو الاهتمام اكثر بدورات المياه,True,True,False,2026-09-25
P03,الواجهة البحرية,الدمام,كورنيش,https://maps.app.goo.gl/E5ZBjcN8sv3pc3Jh8,ChdDSUhNMG9nS0VJQ0FnSURHdGI2andBRRAB,fahad ibrahem,https://www.google.com/maps/contrib/105269017808218045719/reviews?hl=en,5,4 years ago,متنفس المواطن,True,True,False,2026-09-25
P03,الواجهة البحرية,الدمام,كورنيش,https://maps.app.goo.gl/E5ZBjcN8sv3pc3Jh8,ChZDSUhNMG9nS0VJQ0FnSURHaFlmQUZREAE,موضي البقعاوي,https://www.google.com/maps/contrib/100126011483570104364/reviews?hl=en,5,4 years ago,مكان منعش,True,True,False,2026-09-25
P03,الواجهة البحرية,الدمام,كورنيش,https://maps.app.goo.gl/E5ZBjcN8sv3pc3Jh8,ChZDSUhNMG9nS0VJQ0FnSURHaGRuck5BEAE,Ms Aida,https://www.google.com/maps/contrib/109974569376225082621/reviews?hl=en,5,4 years ago,مكان رحب ووسيع ويفتح النفس,True,True,False,2026-09-25
P03,الواجهة البحرية,الدمام,كورنيش,https://maps.app.goo.gl/E5ZBjcN8sv3pc3Jh8,ChdDSUhNMG9nS0VJQ0FnSURHdWR1MHJ3RRAB,firas abu zaid,https://www.google.com/maps/contrib/108519433583562726767/reviews?hl=en,5,4 years ago,,False,True,False,2026-09-25
P03,الواجهة البحرية,الدمام,كورنيش,https://maps.app.goo.gl/E5ZBjcN8sv3pc3Jh8,ChdDSUhNMG9nS0VJQ0FnSURHdWRiVDN3RRAB,صالح الشريدة,https://www.google.com/maps/contrib/112500288225035652934/reviews?hl=en,5,4 years ago,مكان جميل وهادئ وممتع مع تحسن الأجواء,True,True,False,2026-09-25
P03,الواجهة البحرية,الدمام,كورنيش,https://maps.app.goo.gl/E5ZBjcN8sv3pc3Jh8,ChdDSUhNMG9nS0VJQ0FnSURHbVlyZW53RRAB,hamad k,https://www.google.com/maps/contrib/100656994687799286237/reviews?hl=en,5,4 years ago,,False,True,False,2026-09-25
P03,الواجهة البحرية,الدمام,كورنيش,https://maps.app.goo.gl/E5ZBjcN8sv3pc3Jh8,ChZDSUhNMG9nS0VJQ0FnSURHcWVUTFdREAE,Hassan Alfalfa,https://www.google.com/maps/contrib/105787031772832852877/reviews?hl=en,5,4 years ago,مكان ممتاز  للتنزه والاسترخاء,True,True,False,2026-09-25
P03,الواجهة البحرية,الدمام,كورنيش,https://maps.app.goo.gl/E5ZBjcN8sv3pc3Jh8,ChdDSUhNMG9nS0VJQ0FnSURHOFoyVTVRRRAB,BO_MAGED ALSHARQIAH,https://www.google.com/maps/contrib/107854234059344262738/reviews?hl=en,4,4 years ago,ممتازه,True,True,False,2026-09-25
P03,الواجهة البحرية,الدمام,كورنيش,https://maps.app.goo.gl/E5ZBjcN8sv3pc3Jh8,ChZDSUhNMG9nS0VJQ0FnSURHd2MtMU1nEAE,omran sha,https://www.google.com/maps/contrib/105124124574732040962/reviews?hl=en,5,4 years ago,منتزه ممتاز وحدائق مرتبه .. ولكن في المهرجانات الاصوات مزعجه خاصة من المغنيين الصوت للأحياء حتى صوت الجماهير واصله ....,True,True,False,2026-09-25
P03,الواجهة البحرية,الدمام,كورنيش,https://maps.app.goo.gl/E5ZBjcN8sv3pc3Jh8,ChdDSUhNMG9nS0VJQ0FnSURHdm9tR2lnRRAB,الشموخ,https://www.google.com/maps/contrib/114091364346218055692/reviews?hl=en,5,4 years ago,,False,True,False,2026-09-25
P03,الواجهة البحرية,الدمام,كورنيش,https://maps.app.goo.gl/E5ZBjcN8sv3pc3Jh8,ChdDSUhNMG9nS0VJQ0FnSURHN3NINmpnRRAB,ابو فراس,https://www.google.com/maps/contrib/116698546689832504513/reviews?hl=en,5,4 years ago,,False,True,False,2026-09-25
P03,الواجهة البحرية,الدمام,كورنيش,https://maps.app.goo.gl/E5ZBjcN8sv3pc3Jh8,ChZDSUhNMG9nS0VJQ0FnSURHam91S01REAE,Saad Alharbi,https://www.google.com/maps/contrib/117409098521912838450/reviews?hl=en,4,4 years ago,رائعة والعمل فيها مستمر ،،,True,True,False,2026-09-25
P03,الواجهة البحرية,الدمام,كورنيش,https://maps.app.goo.gl/E5ZBjcN8sv3pc3Jh8,ChZDSUhNMG9nS0VJQ0FnSURHOXFMWFlBEAE,Abdullah Al-Akbary,https://www.google.com/maps/contrib/105840920752702661751/reviews?hl=en,5,4 years ago,,False,True,False,2026-09-25
P03,الواجهة البحرية,الدمام,كورنيش,https://maps.app.goo.gl/E5ZBjcN8sv3pc3Jh8,ChZDSUhNMG9nS0VJQ0FnSURHdG9UZGJnEAE,عذبنا البعاد,https://www.google.com/maps/contrib/113279704268123576937/reviews?hl=en,5,4 years ago,,False,True,False,2026-09-25
P03,الواجهة البحرية,الدمام,كورنيش,https://maps.app.goo.gl/E5ZBjcN8sv3pc3Jh8,ChZDSUhNMG9nS0VJQ0FnSURHdXM3eFhREAE,عبدالله ال يعقوب,https://www.google.com/maps/contrib/115900103808885344972/reviews?hl=en,4,4 years ago,حلوه جدا,True,True,False,2026-09-25
P03,الواجهة البحرية,الدمام,كورنيش,https://maps.app.goo.gl/E5ZBjcN8sv3pc3Jh8,ChZDSUhNMG9nS0VJQ0FnSURHb29QVlZnEAE,abdullah Nasser,https://www.google.com/maps/contrib/110410679540726170315/reviews?hl=en,4,4 years ago,حلو مشكلته الصيادين اللي يملكون المكان لدرجة لا تستطيع المشي على الكورنيش للأسف رقابة معدومة مع وجود الشحاذين,True,True,False,2026-09-25
P03,الواجهة البحرية,الدمام,كورنيش,https://maps.app.goo.gl/E5ZBjcN8sv3pc3Jh8,ChZDSUhNMG9nS0VJQ0FnSURHZ3ZYdlFBEAE,Fahmi Khaled,https://www.google.com/maps/contrib/112581362241010268470/reviews?hl=en,3,4 years ago,لا اروع,True,True,False,2026-09-25
P03,الواجهة البحرية,الدمام,كورنيش,https://maps.app.goo.gl/E5ZBjcN8sv3pc3Jh8,ChdDSUhNMG9nS0VJQ0FnSURHdk1mbGtRRRAB,ABDULLAH A,https://www.google.com/maps/contrib/114217828100969610034/reviews?hl=en,4,4 years ago,"جمال البحر من الصعب وصفه بكلمات بسيطه...
َكذلك المكان روووووعه. 👌 …",True,True,True,2026-09-25
P03,الواجهة البحرية,الدمام,كورنيش,https://maps.app.goo.gl/E5ZBjcN8sv3pc3Jh8,ChdDSUhNMG9nS0VJQ0FnSURHbk1tUzVnRRAB,عبد القادر الترتير,https://www.google.com/maps/contrib/116615029236538278889/reviews?hl=en,5,4 years ago,,False,True,False,2026-09-25
P03,الواجهة البحرية,الدمام,كورنيش,https://maps.app.goo.gl/E5ZBjcN8sv3pc3Jh8,ChdDSUhNMG9nS0VJQ0FnSURHekpEUS1nRRAB,Mohammad AbuArra,https://www.google.com/maps/contrib/101406496484609715137/reviews?hl=en,4,4 years ago,,False,True,False,2026-09-25
P03,الواجهة البحرية,الدمام,كورنيش,https://maps.app.goo.gl/E5ZBjcN8sv3pc3Jh8,ChZDSUhNMG9nS0VJQ0FnSURHMUpuOFZ3EAE,عبدالله الجهني,https://www.google.com/maps/contrib/109221198673346084329/reviews?hl=en,5,4 years ago,,False,True,False,2026-09-25
P03,الواجهة البحرية,الدمام,كورنيش,https://maps.app.goo.gl/E5ZBjcN8sv3pc3Jh8,ChdDSUhNMG9nS0VJQ0FnSURHbU1DOWlBRRAB,جعفر علي,https://www.google.com/maps/contrib/101324689357271916970/reviews?hl=en,4,4 years ago,"زينة .
بس آخر مرة أتيت لها ، صوت الأغاني في كل مكان ولم أشعر بالراحة المطلوبة .
إزعاج مو طبيعي",True,True,False,2026-09-25
P03,الواجهة البحرية,الدمام,كورنيش,https://maps.app.goo.gl/E5ZBjcN8sv3pc3Jh8,ChZDSUhNMG9nS0VJQ0FnSURHcU9pamF3EAE,Nawaf,https://www.google.com/maps/contrib/103042326637760567274/reviews?hl=en,5,4 years ago,,False,True,False,2026-09-25
P03,الواجهة البحرية,الدمام,كورنيش,https://maps.app.goo.gl/E5ZBjcN8sv3pc3Jh8,ChZDSUhNMG9nS0VJQ0FnSURHeU5xbkZ3EAE,Abdullah Ju,https://www.google.com/maps/contrib/104684201232736755278/reviews?hl=en,4,4 years ago,هادئ,True,True,False,2026-09-25
P03,الواجهة البحرية,الدمام,كورنيش,https://maps.app.goo.gl/E5ZBjcN8sv3pc3Jh8,ChZDSUhNMG9nS0VJQ0FnSURHaUxHTERREAE,AHMED ELHELW,https://www.google.com/maps/contrib/105758597068733495444/reviews?hl=en,5,4 years ago,,False,True,False,2026-09-25
P03,الواجهة البحرية,الدمام,كورنيش,https://maps.app.goo.gl/E5ZBjcN8sv3pc3Jh8,ChdDSUhNMG9nS0VJQ0FnSURHME9TVXRBRRAB,أشرف تمام,https://www.google.com/maps/contrib/117804935399743472340/reviews?hl=en,4,4 years ago,,False,True,False,2026-09-25
P03,الواجهة البحرية,الدمام,كورنيش,https://maps.app.goo.gl/E5ZBjcN8sv3pc3Jh8,ChdDSUhNMG9nS0VJQ0FnSURHb0tXcGpBRRAB,Mohd Salah,https://www.google.com/maps/contrib/117345343756621121166/reviews?hl=en,5,4 years ago,مكان ممتاز للتنزه والمشي لكن الإضاءة خفت فيه عن الاول,True,True,False,2026-09-25
P03,الواجهة البحرية,الدمام,كورنيش,https://maps.app.goo.gl/E5ZBjcN8sv3pc3Jh8,ChdDSUhNMG9nS0VJQ0FnSURHZ0lxLXR3RRAB,ام يزن Zezo1324,https://www.google.com/maps/contrib/102931083901553246212/reviews?hl=en,1,4 years ago,,False,True,False,2026-09-25
P03,الواجهة البحرية,الدمام,كورنيش,https://maps.app.goo.gl/E5ZBjcN8sv3pc3Jh8,ChdDSUhNMG9nS0VJQ0FnSUNHbl92S19RRRAB,mohamed hamed,https://www.google.com/maps/contrib/117948779642024568581/reviews?hl=en,5,4 years ago,,False,True,False,2026-09-25
P03,الواجهة البحرية,الدمام,كورنيش,https://maps.app.goo.gl/E5ZBjcN8sv3pc3Jh8,ChZDSUhNMG9nS0VJQ0FnSUNHNzR1SVVREAE,فيصل الدوسري,https://www.google.com/maps/contrib/104583146149492479541/reviews?hl=en,5,4 years ago,مكان جميل ورايق,True,True,False,2026-09-25
P03,الواجهة البحرية,الدمام,كورنيش,https://maps.app.goo.gl/E5ZBjcN8sv3pc3Jh8,ChZDSUhNMG9nS0VJQ0FnSUNHNy1hbGJREAE,هيومه سلمان,https://www.google.com/maps/contrib/102766841130073072177/reviews?hl=en,5,4 years ago,,False,True,False,2026-09-25
P03,الواجهة البحرية,الدمام,كورنيش,https://maps.app.goo.gl/E5ZBjcN8sv3pc3Jh8,ChdDSUhNMG9nS0VJQ0FnSUNHajUtRHJRRRAB,Ahmed Nassar,https://www.google.com/maps/contrib/108610248131147057812/reviews?hl=en,5,4 years ago,,False,True,False,2026-09-25
P03,الواجهة البحرية,الدمام,كورنيش,https://maps.app.goo.gl/E5ZBjcN8sv3pc3Jh8,ChdDSUhNMG9nS0VJQ0FnSUNHai1yeGlBRRAB,مهيزع المهيزع,https://www.google.com/maps/contrib/115916866152106578285/reviews?hl=en,5,4 years ago,شي مو طبيعي اهني اهل الشرقيه,True,True,False,2026-09-25
P03,الواجهة البحرية,الدمام,كورنيش,https://maps.app.goo.gl/E5ZBjcN8sv3pc3Jh8,ChZDSUhNMG9nS0VJQ0FnSUNHdDRuUkRBEAE,المركز السعودي الخدمي,https://www.google.com/maps/contrib/113619846832765293046/reviews?hl=en,5,4 years ago,"Fantastic and Amazing place
😍😍😍 …",False,True,True,2026-09-25
P03,الواجهة البحرية,الدمام,كورنيش,https://maps.app.goo.gl/E5ZBjcN8sv3pc3Jh8,ChZDSUhNMG9nS0VJQ0FnSUNHcDZtQ01nEAE,A. M.,https://www.google.com/maps/contrib/101853092404919149531/reviews?hl=en,5,4 years ago,November in this particular place is really amazing and wonderful,False,True,False,2026-09-25
P03,الواجهة البحرية,الدمام,كورنيش,https://maps.app.goo.gl/E5ZBjcN8sv3pc3Jh8,ChdDSUhNMG9nS0VJQ0FnSUNHaDlmVWdRRRAB,سعد الخالدي,https://www.google.com/maps/contrib/118053324345450684959/reviews?hl=en,5,4 years ago,سكنانا,True,True,False,2026-09-25
P03,الواجهة البحرية,الدمام,كورنيش,https://maps.app.goo.gl/E5ZBjcN8sv3pc3Jh8,ChZDSUhNMG9nS0VJQ0FnSUNHdy16dEZ3EAE,bin saad,https://www.google.com/maps/contrib/117147109608776482188/reviews?hl=en,5,4 years ago,جميل,True,True,False,2026-09-25
P03,الواجهة البحرية,الدمام,كورنيش,https://maps.app.goo.gl/E5ZBjcN8sv3pc3Jh8,ChdDSUhNMG9nS0VJQ0FnSUNHdzlTRXJBRRAB,SALEH ALI,https://www.google.com/maps/contrib/110569624477014444342/reviews?hl=en,4,4 years ago,واجهة الدمام البحرية جميلة جدا ممشى على الكورنيش ومساحات خضراء للجلوس والاستمتاع بالبحر,True,True,False,2026-09-25
P03,الواجهة البحرية,الدمام,كورنيش,https://maps.app.goo.gl/E5ZBjcN8sv3pc3Jh8,ChdDSUhNMG9nS0VJQ0FnSUNHbmJUS2lBRRAB,ABD 2030,https://www.google.com/maps/contrib/116503145871150915008/reviews?hl=en,5,4 years ago,تطورات رهيبه,True,True,False,2026-09-25
P03,الواجهة البحرية,الدمام,كورنيش,https://maps.app.goo.gl/E5ZBjcN8sv3pc3Jh8,ChZDSUhNMG9nS0VJQ0FnSUNHdGJpdkZ3EAE,Abdul,https://www.google.com/maps/contrib/101268839280478079837/reviews?hl=en,5,4 years ago,,False,True,False,2026-09-25
P03,الواجهة البحرية,الدمام,كورنيش,https://maps.app.goo.gl/E5ZBjcN8sv3pc3Jh8,ChZDSUhNMG9nS0VJQ0FnSUNHLXJfYVpREAE,Abdullah Alhamoud,https://www.google.com/maps/contrib/102372145158941357324/reviews?hl=en,5,Edited 4 years ago,"السلام عليكم ورحمة الله وبركاته
الواجهه البحريه في كورنيش الدمام كبير من حيث المساحة و الخدمات مثل الأشجار و النخيل و العاب اطفال و محلات و المطاعم مثل مطعم البيك و مطعم ماكدونالدز و تأجير الدراجات الهوائية الاطفال  و محلات للبيع المياه الشرب و مقبلات و الكورنيش مجهز للمشي الرياضي و مجهز بدورات المياه على امتداد الكورنيش الدمام و أيضاً مسجد للصلاة في أوقاتها و امواج البحر على امتداد النظر  و الهواء النقى تريح النفس و الأعصاب انصح الجميع بزيارة و استمتع مع عائلتك في الكورنيش و الكثير من الناس يصيد السمك",True,True,False,2026-09-25
P03,الواجهة البحرية,الدمام,كورنيش,https://maps.app.goo.gl/E5ZBjcN8sv3pc3Jh8,ChZDSUhNMG9nS0VJQ0FnSUNHcWF5a2RnEAE,Ahmed Albarqie,https://www.google.com/maps/contrib/111819939553957743289/reviews?hl=en,5,4 years ago,مناظر جميلة وتصميم مميز,True,True,False,2026-09-25
P03,الواجهة البحرية,الدمام,كورنيش,https://maps.app.goo.gl/E5ZBjcN8sv3pc3Jh8,ChZDSUhNMG9nS0VJQ0FnSUNHcWNUOWRBEAE,الحياه حلوه,https://www.google.com/maps/contrib/113413193860717291518/reviews?hl=en,5,4 years ago,مكان جميل,True,True,False,2026-09-25
P03,الواجهة البحرية,الدمام,كورنيش,https://maps.app.goo.gl/E5ZBjcN8sv3pc3Jh8,ChdDSUhNMG9nS0VJQ0FnSUNHc2QzR3VnRRAB,نبراس الخير,https://www.google.com/maps/contrib/107468496065184808418/reviews?hl=en,4,4 years ago,الاهتمام بالنظافة لدورات المياة لو كل شخص يدخل مع اطفاله ويطلع من المكان نظيف,True,True,False,2026-09-25
P03,الواجهة البحرية,الدمام,كورنيش,https://maps.app.goo.gl/E5ZBjcN8sv3pc3Jh8,ChZDSUhNMG9nS0VJQ0FnSUNHa1liUVhnEAE,Mahmoud Hamoih,https://www.google.com/maps/contrib/111712256014336847575/reviews?hl=en,4,4 years ago,,False,True,False,2026-09-25
P03,الواجهة البحرية,الدمام,كورنيش,https://maps.app.goo.gl/E5ZBjcN8sv3pc3Jh8,ChdDSUhNMG9nS0VJQ0FnSUNHN3VqTzBnRRAB,Saso Zoma,https://www.google.com/maps/contrib/116811290188836917273/reviews?hl=en,5,4 years ago,,False,True,False,2026-09-25
P03,الواجهة البحرية,الدمام,كورنيش,https://maps.app.goo.gl/E5ZBjcN8sv3pc3Jh8,ChdDSUhNMG9nS0VJQ0FnSUNHdHRUdmtRRRAB,Saad Altamami,https://www.google.com/maps/contrib/107799860685229132100/reviews?hl=en,3,4 years ago,تمااااااام ... بس ناقصها حمامات ونظيفه,True,True,False,2026-09-25
P03,الواجهة البحرية,الدمام,كورنيش,https://maps.app.goo.gl/E5ZBjcN8sv3pc3Jh8,ChdDSUhNMG9nS0VJQ0FnSUNHMW9UdGpBRRAB,Alzain Hashim,https://www.google.com/maps/contrib/112029667578292995180/reviews?hl=en,3,4 years ago,,False,True,False,2026-09-25
P03,الواجهة البحرية,الدمام,كورنيش,https://maps.app.goo.gl/E5ZBjcN8sv3pc3Jh8,ChdDSUhNMG9nS0VJQ0FnSUNHaG9Udzh3RRAB,عبدالله الغامدي,https://www.google.com/maps/contrib/105692893865203670333/reviews?hl=en,3,4 years ago,حلوووه,True,True,False,2026-09-25
P03,الواجهة البحرية,الدمام,كورنيش,https://maps.app.goo.gl/E5ZBjcN8sv3pc3Jh8,ChdDSUhNMG9nS0VJQ0FnSUNHdW9hWWhnRRAB,Adel Al-Dossary,https://www.google.com/maps/contrib/105242034506753456464/reviews?hl=en,4,4 years ago,"ينقص الواجهه البحرية دورات المياة النظيفه حتى لو بفلوس سعر رمزي وبإشراف عمال نظافة ومراقبة وصيانة دورية من الجهات المسؤوله .
الوضع محرج جدا وخاصة للعوائل.",True,True,False,2026-09-25
P03,الواجهة البحرية,الدمام,كورنيش,https://maps.app.goo.gl/E5ZBjcN8sv3pc3Jh8,ChZDSUhNMG9nS0VJQ0FnSUNHdXRDWFF3EAE,MAS1981,https://www.google.com/maps/contrib/115569292233323972756/reviews?hl=en,5,4 years ago,,False,True,False,2026-09-25
P03,الواجهة البحرية,الدمام,كورنيش,https://maps.app.goo.gl/E5ZBjcN8sv3pc3Jh8,ChZDSUhNMG9nS0VJQ0FnSUNHNnJ6X0hBEAE,زوس الشهراني,https://www.google.com/maps/contrib/109365785234738768569/reviews?hl=en,4,4 years ago,,False,True,False,2026-09-25
P03,الواجهة البحرية,الدمام,كورنيش,https://maps.app.goo.gl/E5ZBjcN8sv3pc3Jh8,ChZDSUhNMG9nS0VJQ0FnSUNHcXB2MGVREAE,kiran raj,https://www.google.com/maps/contrib/100803683917055633748/reviews?hl=en,5,4 years ago,"Beautiful park, nice place to hangout",False,True,False,2026-09-25
P03,الواجهة البحرية,الدمام,كورنيش,https://maps.app.goo.gl/E5ZBjcN8sv3pc3Jh8,ChdDSUhNMG9nS0VJQ0FnSUNHc29UdHNnRRAB,ف9.,https://www.google.com/maps/contrib/110224142552779873734/reviews?hl=en,5,4 years ago,مكان جداً جميل ونظيف.,True,True,False,2026-09-25
P03,الواجهة البحرية,الدمام,كورنيش,https://maps.app.goo.gl/E5ZBjcN8sv3pc3Jh8,ChdDSUhNMG9nS0VJQ0FnSUNHNHZYcGhBRRAB,ali qaysoom,https://www.google.com/maps/contrib/118008971169174057834/reviews?hl=en,1,4 years ago,,False,True,False,2026-09-25
P03,الواجهة البحرية,الدمام,كورنيش,https://maps.app.goo.gl/E5ZBjcN8sv3pc3Jh8,ChZDSUhNMG9nS0VJQ0FnSUNHNHRXRVBBEAE,Sayed Farouk,https://www.google.com/maps/contrib/106338269722480628143/reviews?hl=en,4,4 years ago,,False,True,False,2026-09-25
P03,الواجهة البحرية,الدمام,كورنيش,https://maps.app.goo.gl/E5ZBjcN8sv3pc3Jh8,ChZDSUhNMG9nS0VJQ0FnSUNHM09xZk1BEAE,ماجد عبدالله,https://www.google.com/maps/contrib/114334284353996419214/reviews?hl=en,5,4 years ago,,False,True,False,2026-09-25
P03,الواجهة البحرية,الدمام,كورنيش,https://maps.app.goo.gl/E5ZBjcN8sv3pc3Jh8,ChZDSUhNMG9nS0VJQ0FnSUNHN01XMUZnEAE,نشاطات فنية وعلمية مع هيام,https://www.google.com/maps/contrib/104306552289726140831/reviews?hl=en,5,4 years ago,يجننن,True,True,False,2026-09-25
P03,الواجهة البحرية,الدمام,كورنيش,https://maps.app.goo.gl/E5ZBjcN8sv3pc3Jh8,ChdDSUhNMG9nS0VJQ0FnSUNHbEsyXzlnRRAB,aboma8bool _h,https://www.google.com/maps/contrib/100615955807226552809/reviews?hl=en,4,4 years ago,,False,True,False,2026-09-25
P03,الواجهة البحرية,الدمام,كورنيش,https://maps.app.goo.gl/E5ZBjcN8sv3pc3Jh8,ChdDSUhNMG9nS0VJQ0FnSUNHbExhR3NnRRAB,Muhammad Amar Naqvi,https://www.google.com/maps/contrib/105649718063815522783/reviews?hl=en,4,4 years ago,A place to visit,False,True,False,2026-09-25
P03,الواجهة البحرية,الدمام,كورنيش,https://maps.app.goo.gl/E5ZBjcN8sv3pc3Jh8,ChZDSUhNMG9nS0VJQ0FnSUNHcElHb0R3EAE,عبدالرحمن حسن,https://www.google.com/maps/contrib/116484719516935344119/reviews?hl=en,5,4 years ago,روعه جدا جدا,True,True,False,2026-09-25
P03,الواجهة البحرية,الدمام,كورنيش,https://maps.app.goo.gl/E5ZBjcN8sv3pc3Jh8,ChdDSUhNMG9nS0VJQ0FnSUNHcFBTcHVBRRAB,Aminah,https://www.google.com/maps/contrib/109111113166335899225/reviews?hl=en,5,4 years ago,غني عن التعريف,True,True,False,2026-09-25
P03,الواجهة البحرية,الدمام,كورنيش,https://maps.app.goo.gl/E5ZBjcN8sv3pc3Jh8,ChZDSUhNMG9nS0VJQ0FnSUNHLUtXUVRREAE,سايبورغ 9,https://www.google.com/maps/contrib/104068508215655749739/reviews?hl=en,3,4 years ago,روعه,True,True,False,2026-09-25
P03,الواجهة البحرية,الدمام,كورنيش,https://maps.app.goo.gl/E5ZBjcN8sv3pc3Jh8,ChdDSUhNMG9nS0VJQ0FnSUNHeU1tWnZBRRAB,سلطان التميمي,https://www.google.com/maps/contrib/101371417330884009826/reviews?hl=en,5,4 years ago,المكان رائع بكل ماتحمله  الكلمة من معنى,True,True,False,2026-09-25
P03,الواجهة البحرية,الدمام,كورنيش,https://maps.app.goo.gl/E5ZBjcN8sv3pc3Jh8,ChZDSUhNMG9nS0VJQ0FnSUNHeUpqdEtnEAE,riyadh alobayyed,https://www.google.com/maps/contrib/113608066918341876586/reviews?hl=en,5,4 years ago,,False,True,False,2026-09-25
P03,الواجهة البحرية,الدمام,كورنيش,https://maps.app.goo.gl/E5ZBjcN8sv3pc3Jh8,ChZDSUhNMG9nS0VJQ0FnSUNHc0xtN0h3EAE,Amani Gazwani,https://www.google.com/maps/contrib/109498427393762774853/reviews?hl=en,5,4 years ago,,False,True,False,2026-09-25
P03,الواجهة البحرية,الدمام,كورنيش,https://maps.app.goo.gl/E5ZBjcN8sv3pc3Jh8,ChdDSUhNMG9nS0VJQ0FnSUNHd05UWjJnRRAB,lovely dodo,https://www.google.com/maps/contrib/103385724806498346564/reviews?hl=en,5,4 years ago,,False,True,False,2026-09-25
P03,الواجهة البحرية,الدمام,كورنيش,https://maps.app.goo.gl/E5ZBjcN8sv3pc3Jh8,ChZDSUhNMG9nS0VJQ0FnSUNHZ1BYVmJ3EAE,مرتضى العبدالله,https://www.google.com/maps/contrib/108539385920985118173/reviews?hl=en,5,4 years ago,انصح وقت الغروب والشروق,True,True,False,2026-09-25
P03,الواجهة البحرية,الدمام,كورنيش,https://maps.app.goo.gl/E5ZBjcN8sv3pc3Jh8,ChZDSUhNMG9nS0VJQ0FnSUNHZ0tHb0tnEAE,Asd Dos,https://www.google.com/maps/contrib/101518010338880109848/reviews?hl=en,5,4 years ago,"اجمل الاماكن الحيه في الدمام
انصح بالزياره",True,True,False,2026-09-25
P03,الواجهة البحرية,الدمام,كورنيش,https://maps.app.goo.gl/E5ZBjcN8sv3pc3Jh8,ChdDSUhNMG9nS0VJQ0FnSUQ2MzVqWHhBRRAB,Moha Abdo,https://www.google.com/maps/contrib/110231515184589947549/reviews?hl=en,4,4 years ago,,False,True,False,2026-09-25
P03,الواجهة البحرية,الدمام,كورنيش,https://maps.app.goo.gl/E5ZBjcN8sv3pc3Jh8,ChdDSUhNMG9nS0VJQ0FnSUQ2bjg2TnhRRRAB,mostafa elmesallamy,https://www.google.com/maps/contrib/114298309727396178935/reviews?hl=en,4,4 years ago,,False,True,False,2026-09-25
P03,الواجهة البحرية,الدمام,كورنيش,https://maps.app.goo.gl/E5ZBjcN8sv3pc3Jh8,ChZDSUhNMG9nS0VJQ0FnSUNLaHVlTlBREAE,ابو محمد,https://www.google.com/maps/contrib/106045042898222692924/reviews?hl=en,5,Edited 4 years ago,مكان هادي لعوايل,True,True,False,2026-09-25
P03,الواجهة البحرية,الدمام,كورنيش,https://maps.app.goo.gl/E5ZBjcN8sv3pc3Jh8,ChdDSUhNMG9nS0VJQ0FnSUQ2dTV1Vnh3RRAB,8801,https://www.google.com/maps/contrib/113740143147333328864/reviews?hl=en,5,4 years ago,ممتاز,True,True,False,2026-09-25
P03,الواجهة البحرية,الدمام,كورنيش,https://maps.app.goo.gl/E5ZBjcN8sv3pc3Jh8,ChdDSUhNMG9nS0VJQ0FnSUQ2dTU3bmlBRRAB,Mahmoud Tawfik,https://www.google.com/maps/contrib/106341920537938283751/reviews?hl=en,4,4 years ago,ممتاز,True,True,False,2026-09-25
P03,الواجهة البحرية,الدمام,كورنيش,https://maps.app.goo.gl/E5ZBjcN8sv3pc3Jh8,ChZDSUhNMG9nS0VJQ0FnSUQ2cTdtc1JREAE,فراس محمد الجزائري,https://www.google.com/maps/contrib/107249909367229649581/reviews?hl=en,5,4 years ago,حماااس,True,True,False,2026-09-25
P03,الواجهة البحرية,الدمام,كورنيش,https://maps.app.goo.gl/E5ZBjcN8sv3pc3Jh8,ChZDSUhNMG9nS0VJQ0FnSUQ2dzVuYllnEAE,MHMD MAIT,https://www.google.com/maps/contrib/111365065358241371271/reviews?hl=en,5,4 years ago,المكان جميل ومتوفر به العاب وجلسات,True,True,False,2026-09-25
P03,الواجهة البحرية,الدمام,كورنيش,https://maps.app.goo.gl/E5ZBjcN8sv3pc3Jh8,ChdDSUhNMG9nS0VJQ0FnSUQ2N1pDZ2tRRRAB,بندر ابويزيد,https://www.google.com/maps/contrib/110093819949632898522/reviews?hl=en,5,4 years ago,رائع,True,True,False,2026-09-25
P03,الواجهة البحرية,الدمام,كورنيش,https://maps.app.goo.gl/E5ZBjcN8sv3pc3Jh8,ChdDSUhNMG9nS0VJQ0FnSUQ2bFo3QjhBRRAB,Medo Aly,https://www.google.com/maps/contrib/110734413395519805945/reviews?hl=en,5,4 years ago,العشق والمتعة ♥️♥️,True,True,False,2026-09-25
P03,الواجهة البحرية,الدمام,كورنيش,https://maps.app.goo.gl/E5ZBjcN8sv3pc3Jh8,ChdDSUhNMG9nS0VJQ0FnSUQ2LVlHVmt3RRAB,إكرام القحطاني,https://www.google.com/maps/contrib/112056795235030446655/reviews?hl=en,5,4 years ago,,False,True,False,2026-09-25
P03,الواجهة البحرية,الدمام,كورنيش,https://maps.app.goo.gl/E5ZBjcN8sv3pc3Jh8,ChdDSUhNMG9nS0VJQ0FnSUQ2NllmajF3RRAB,Khaled Matar,https://www.google.com/maps/contrib/106290997649830467653/reviews?hl=en,4,4 years ago,,False,True,False,2026-09-25
P03,الواجهة البحرية,الدمام,كورنيش,https://maps.app.goo.gl/E5ZBjcN8sv3pc3Jh8,ChZDSUhNMG9nS0VJQ0FnSUQ2OGJYaWVBEAE,عبدالله المحيميد,https://www.google.com/maps/contrib/106326539146327579889/reviews?hl=en,5,4 years ago,ممتازة,True,True,False,2026-09-25
P03,الواجهة البحرية,الدمام,كورنيش,https://maps.app.goo.gl/E5ZBjcN8sv3pc3Jh8,ChZDSUhNMG9nS0VJQ0FnSUQ2c2VQUUdnEAE,ابو فــزاع,https://www.google.com/maps/contrib/108812480656128818841/reviews?hl=en,5,4 years ago,اجواء حلوه وهادئيه,True,True,False,2026-09-25
P03,الواجهة البحرية,الدمام,كورنيش,https://maps.app.goo.gl/E5ZBjcN8sv3pc3Jh8,ChZDSUhNMG9nS0VJQ0FnSUQ2MGVPZ0NBEAE,ابوعبدالعزيز 506,https://www.google.com/maps/contrib/111612191278375563393/reviews?hl=en,1,4 years ago,القطاوه كثيره ومزعجه وقت الاكل و عدم توفر تموينات تخدم المنتزه,True,True,False,2026-09-25
P03,الواجهة البحرية,الدمام,كورنيش,https://maps.app.goo.gl/E5ZBjcN8sv3pc3Jh8,ChZDSUhNMG9nS0VJQ0FnSUQ2MGRtTFhnEAE,السامي,https://www.google.com/maps/contrib/106195533360315620450/reviews?hl=en,4,4 years ago,,False,True,False,2026-09-25
P03,الواجهة البحرية,الدمام,كورنيش,https://maps.app.goo.gl/E5ZBjcN8sv3pc3Jh8,ChdDSUhNMG9nS0VJQ0FnSUQ2d2NQWDNRRRAB,te wet,https://www.google.com/maps/contrib/114744963123696068828/reviews?hl=en,4,4 years ago,very good,False,True,False,2026-09-25
P03,الواجهة البحرية,الدمام,كورنيش,https://maps.app.goo.gl/E5ZBjcN8sv3pc3Jh8,ChdDSUhNMG9nS0VJQ0FnSUQ2anIta2x3RRAB,محمد رشاد,https://www.google.com/maps/contrib/111430011849689667772/reviews?hl=en,3,4 years ago,جيده,True,True,False,2026-09-25
P03,الواجهة البحرية,الدمام,كورنيش,https://maps.app.goo.gl/E5ZBjcN8sv3pc3Jh8,ChZDSUhNMG9nS0VJQ0FnSUQ2MXJTak5REAE,الوليد الغامدي,https://www.google.com/maps/contrib/100949259677646870597/reviews?hl=en,5,4 years ago,جميله جداً,True,True,False,2026-09-25
P03,الواجهة البحرية,الدمام,كورنيش,https://maps.app.goo.gl/E5ZBjcN8sv3pc3Jh8,ChZDSUhNMG9nS0VJQ0FnSUQ2NXJTcUJBEAE,فلان السبيعي,https://www.google.com/maps/contrib/107500200581132284139/reviews?hl=en,2,4 years ago,لم تعجبني,True,True,False,2026-09-25
P03,الواجهة البحرية,الدمام,كورنيش,https://maps.app.goo.gl/E5ZBjcN8sv3pc3Jh8,ChdDSUhNMG9nS0VJQ0FnSUQ2NXNTS29nRRAB,mohmmed alqhas,https://www.google.com/maps/contrib/111134655941259840333/reviews?hl=en,5,4 years ago,منطقه ممتازة للعائلة,True,True,False,2026-09-25
P03,الواجهة البحرية,الدمام,كورنيش,https://maps.app.goo.gl/E5ZBjcN8sv3pc3Jh8,ChZDSUhNMG9nS0VJQ0FnSUQ2eHJ2cmZREAE,faisal a,https://www.google.com/maps/contrib/117669405471253656781/reviews?hl=en,4,4 years ago,,False,True,False,2026-09-25
P03,الواجهة البحرية,الدمام,كورنيش,https://maps.app.goo.gl/E5ZBjcN8sv3pc3Jh8,ChZDSUhNMG9nS0VJQ0FnSUQ2dXB2NERnEAE,lulwa sweet,https://www.google.com/maps/contrib/106817260922191016654/reviews?hl=en,5,4 years ago,,False,True,False,2026-09-25
P03,الواجهة البحرية,الدمام,كورنيش,https://maps.app.goo.gl/E5ZBjcN8sv3pc3Jh8,ChdDSUhNMG9nS0VJQ0FnSUQ2MnFhUXZBRRAB,Abdelqader Elryh,https://www.google.com/maps/contrib/110376583795610023978/reviews?hl=en,5,4 years ago,,False,True,False,2026-09-25
P03,الواجهة البحرية,الدمام,كورنيش,https://maps.app.goo.gl/E5ZBjcN8sv3pc3Jh8,ChdDSUhNMG9nS0VJQ0FnSUQ2cXN1cTlRRRAB,Ali Almutiri,https://www.google.com/maps/contrib/106490607236981720048/reviews?hl=en,5,4 years ago,,False,True,False,2026-09-25
P03,الواجهة البحرية,الدمام,كورنيش,https://maps.app.goo.gl/E5ZBjcN8sv3pc3Jh8,ChdDSUhNMG9nS0VJQ0FnSUQ2cXNpbTB3RRAB,تسبيحة عشاق,https://www.google.com/maps/contrib/108424503612808241292/reviews?hl=en,3,4 years ago,,False,True,False,2026-09-25
P03,الواجهة البحرية,الدمام,كورنيش,https://maps.app.goo.gl/E5ZBjcN8sv3pc3Jh8,ChZDSUhNMG9nS0VJQ0FnSUQ2aW9pSVl3EAE,Hamed Nasser,https://www.google.com/maps/contrib/109825379470063188008/reviews?hl=en,1,4 years ago,تحتاج الي اكمال بعض الفواصل وايضا ابعاد مكان تاجير الدراجات بعيدا عن مكان المشي,True,True,False,2026-09-25
P03,الواجهة البحرية,الدمام,كورنيش,https://maps.app.goo.gl/E5ZBjcN8sv3pc3Jh8,ChZDSUhNMG9nS0VJQ0FnSUQ2OHUtNVJ3EAE,Saud G,https://www.google.com/maps/contrib/114373215393223596540/reviews?hl=en,5,4 years ago,ممتازه انصح الجميع بالزياره لها,True,True,False,2026-09-25
P03,الواجهة البحرية,الدمام,كورنيش,https://maps.app.goo.gl/E5ZBjcN8sv3pc3Jh8,ChdDSUhNMG9nS0VJQ0FnSUQ2a3J5eDRRRRAB,joj,https://www.google.com/maps/contrib/116492898302717246103/reviews?hl=en,4,5 years ago,وجهة مميزة للمشي الطويل,True,True,False,2026-09-25
P03,الواجهة البحرية,الدمام,كورنيش,https://maps.app.goo.gl/E5ZBjcN8sv3pc3Jh8,ChZDSUhNMG9nS0VJQ0FnSUQ2a3BEM0V3EAE,عبدالعزيز بن سعود بوشليبي,https://www.google.com/maps/contrib/115907602195293751714/reviews?hl=en,5,5 years ago,,False,True,False,2026-09-25
P03,الواجهة البحرية,الدمام,كورنيش,https://maps.app.goo.gl/E5ZBjcN8sv3pc3Jh8,ChdDSUhNMG9nS0VJQ0FnSUQ2NHYtdDdRRRAB,Ali Habib,https://www.google.com/maps/contrib/115390685946832269384/reviews?hl=en,4,5 years ago,مكان جميل ومرتب,True,True,False,2026-09-25
P03,الواجهة البحرية,الدمام,كورنيش,https://maps.app.goo.gl/E5ZBjcN8sv3pc3Jh8,ChdDSUhNMG9nS0VJQ0FnSUQ2b3JpbHJRRRAB,othman alsoabi Alghamdi,https://www.google.com/maps/contrib/108107140164151572455/reviews?hl=en,3,5 years ago,الوجهة البحرية بالدمام جيدة جداً ولكن تحتاج الى تطوير من ناحية المطاعم والمقاهي وكذلك الممشى,True,True,False,2026-09-25
P03,الواجهة البحرية,الدمام,كورنيش,https://maps.app.goo.gl/E5ZBjcN8sv3pc3Jh8,ChZDSUhNMG9nS0VJQ0FnSUQ2X0xyTUpREAE,Refo dammam,https://www.google.com/maps/contrib/117902023224923336452/reviews?hl=en,5,5 years ago,تتواجد بها كل الخدمات,True,True,False,2026-09-25
P03,الواجهة البحرية,الدمام,كورنيش,https://maps.app.goo.gl/E5ZBjcN8sv3pc3Jh8,ChdDSUhNMG9nS0VJQ0FnSUNpaG9fMi1nRRAB,احمد الوسمي,https://www.google.com/maps/contrib/101633213141419067364/reviews?hl=en,5,Edited 5 years ago,,False,True,False,2026-09-25
P03,الواجهة البحرية,الدمام,كورنيش,https://maps.app.goo.gl/E5ZBjcN8sv3pc3Jh8,ChZDSUhNMG9nS0VJQ0FnSUQ2bk5TSUdREAE,Next To,https://www.google.com/maps/contrib/111666395828089557122/reviews?hl=en,5,5 years ago,الجوووو جبار,True,True,False,2026-09-25
P03,الواجهة البحرية,الدمام,كورنيش,https://maps.app.goo.gl/E5ZBjcN8sv3pc3Jh8,ChZDSUhNMG9nS0VJQ0FnSUQ2OU1lQ09REAE,‫محمد حامد فلاج (ابو حامد)‬‎,https://www.google.com/maps/contrib/114937405685290479138/reviews?hl=en,5,5 years ago,جميلة جدا,True,True,False,2026-09-25
P03,الواجهة البحرية,الدمام,كورنيش,https://maps.app.goo.gl/E5ZBjcN8sv3pc3Jh8,ChdDSUhNMG9nS0VJQ0FnSUQ2OUk3LXZRRRAB,sana alsulaiman,https://www.google.com/maps/contrib/103510518475610725018/reviews?hl=en,5,5 years ago,رائعة وهادئة ،،،ولكنني لم ارى مقاهي ،،ولااعلم عن دورات المياه هل هي نظيفة ام لا....فقط الشيء السيء كثيرة القطط فيها بشكل مزعج.,True,True,False,2026-09-25
P03,الواجهة البحرية,الدمام,كورنيش,https://maps.app.goo.gl/E5ZBjcN8sv3pc3Jh8,ChdDSUhNMG9nS0VJQ0FnSUQ2NUotUXpBRRAB,Fahad Ahmad,https://www.google.com/maps/contrib/115420195379664619569/reviews?hl=en,3,5 years ago,,False,True,False,2026-09-25
P03,الواجهة البحرية,الدمام,كورنيش,https://maps.app.goo.gl/E5ZBjcN8sv3pc3Jh8,ChdDSUhNMG9nS0VJQ0FnSUQ2cE1TV3JnRRAB,ابو محسن,https://www.google.com/maps/contrib/115559707504919128310/reviews?hl=en,5,5 years ago,كرنيش رائع,True,True,False,2026-09-25
P03,الواجهة البحرية,الدمام,كورنيش,https://maps.app.goo.gl/E5ZBjcN8sv3pc3Jh8,ChdDSUhNMG9nS0VJQ0FnSUQ2OE1mNjdRRRAB,sultan f,https://www.google.com/maps/contrib/114969093656605424580/reviews?hl=en,5,5 years ago,,False,True,False,2026-09-25
P03,الواجهة البحرية,الدمام,كورنيش,https://maps.app.goo.gl/E5ZBjcN8sv3pc3Jh8,ChZDSUhNMG9nS0VJQ0FnSUQ2c096VkJBEAE,Nadeem Sayed,https://www.google.com/maps/contrib/110163850919127820515/reviews?hl=en,4,5 years ago,Nice place for a hood evening walk,False,True,False,2026-09-25
P03,الواجهة البحرية,الدمام,كورنيش,https://maps.app.goo.gl/E5ZBjcN8sv3pc3Jh8,ChZDSUhNMG9nS0VJQ0FnSUQ2d09PSU93EAE,Aa Ae,https://www.google.com/maps/contrib/113182324723866742537/reviews?hl=en,3,5 years ago,لا بأس به,True,True,False,2026-09-25
P03,الواجهة البحرية,الدمام,كورنيش,https://maps.app.goo.gl/E5ZBjcN8sv3pc3Jh8,ChdDSUhNMG9nS0VJQ0FnSUM2MzZYOW9nRRAB,Lone Wolf,https://www.google.com/maps/contrib/110923435685406995940/reviews?hl=en,5,5 years ago,الواجهة جداً جميله وهادئه ويوجد بها فود ترك يلبي جميع الاحتياجات من غير المطاعم الموجوده ويوجد فود ترك يبيع ايسكريم جداً لذيذ وطبيعي اوصيكم بالمنجا والتوت والشكولاته واشكر الاخ / سلطان العنزي على حسن الضيافة والاخلاق العالية والمهنيه العاليه عنده واشكر الواجهة البحرية وبلدية الدمام انها اتاحة الفرصة للشباب الطموح والمثابر وهذه صور للفود ترك واسعارهم ومنتجاتهم,True,True,False,2026-09-25
P03,الواجهة البحرية,الدمام,كورنيش,https://maps.app.goo.gl/E5ZBjcN8sv3pc3Jh8,ChZDSUhNMG9nS0VJQ0FnSUM2bzUyU2JBEAE,Ali Al Ibrahem,https://www.google.com/maps/contrib/115490394219619196417/reviews?hl=en,4,5 years ago,,False,True,False,2026-09-25
P03,الواجهة البحرية,الدمام,كورنيش,https://maps.app.goo.gl/E5ZBjcN8sv3pc3Jh8,ChdDSUhNMG9nS0VJQ0FnSUM2cmRIa3NnRRAB,أبو عمر,https://www.google.com/maps/contrib/111725325798986520974/reviews?hl=en,4,5 years ago,لطيف,True,True,False,2026-09-25
P03,الواجهة البحرية,الدمام,كورنيش,https://maps.app.goo.gl/E5ZBjcN8sv3pc3Jh8,ChZDSUhNMG9nS0VJQ0FnSUM2MWR1dlhnEAE,Noor Haya,https://www.google.com/maps/contrib/112733262755306740241/reviews?hl=en,5,5 years ago,ممتاز,True,True,False,2026-09-25
P03,الواجهة البحرية,الدمام,كورنيش,https://maps.app.goo.gl/E5ZBjcN8sv3pc3Jh8,ChZDSUhNMG9nS0VJQ0FnSUM2NWZDUE53EAE,عبدالعزيز محسن المهري,https://www.google.com/maps/contrib/116386900866149071486/reviews?hl=en,5,5 years ago,,False,True,False,2026-09-25
P03,الواجهة البحرية,الدمام,كورنيش,https://maps.app.goo.gl/E5ZBjcN8sv3pc3Jh8,ChdDSUhNMG9nS0VJQ0FnSUM2LXV2VjZnRRAB,ahmed as latev,https://www.google.com/maps/contrib/104803208706572716669/reviews?hl=en,5,5 years ago,مكان خورافى,True,True,False,2026-09-25
P03,الواجهة البحرية,الدمام,كورنيش,https://maps.app.goo.gl/E5ZBjcN8sv3pc3Jh8,ChZDSUhNMG9nS0VJQ0FnSUM2NnJ6ZEJREAE,أبو نواف الغزواني,https://www.google.com/maps/contrib/112322973943834770816/reviews?hl=en,5,5 years ago,,False,True,False,2026-09-25
P03,الواجهة البحرية,الدمام,كورنيش,https://maps.app.goo.gl/E5ZBjcN8sv3pc3Jh8,ChdDSUhNMG9nS0VJQ0FnSUM2ekxUOC1RRRAB,Sarah Abdoolah,https://www.google.com/maps/contrib/107757722925366906191/reviews?hl=en,5,5 years ago,الواجهه كل مالها في تطوير جميله جددددددا 😍😍😍😍😍😍 …,True,True,True,2026-09-25
P03,الواجهة البحرية,الدمام,كورنيش,https://maps.app.goo.gl/E5ZBjcN8sv3pc3Jh8,ChZDSUhNMG9nS0VJQ0FnSUM2a0xDZ0lnEAE,maged Ali,https://www.google.com/maps/contrib/106912951544242887314/reviews?hl=en,5,5 years ago,جيد,True,True,False,2026-09-25
P03,الواجهة البحرية,الدمام,كورنيش,https://maps.app.goo.gl/E5ZBjcN8sv3pc3Jh8,ChZDSUhNMG9nS0VJQ0FnSUM2Z01qV0xREAE,بيد تايمز المراتب العالمية BED TIMES,https://www.google.com/maps/contrib/112263431776945453574/reviews?hl=en,5,5 years ago,استمتاع جميل جدا,True,True,False,2026-09-25
P03,الواجهة البحرية,الدمام,كورنيش,https://maps.app.goo.gl/E5ZBjcN8sv3pc3Jh8,ChdDSUhNMG9nS0VJQ0FnSURhdHVqWm5nRRAB,KHALED SAUD,https://www.google.com/maps/contrib/117339576047911228282/reviews?hl=en,3,5 years ago,رايقة,True,True,False,2026-09-25
P03,الواجهة البحرية,الدمام,كورنيش,https://maps.app.goo.gl/E5ZBjcN8sv3pc3Jh8,ChdDSUhNMG9nS0VJQ0FnSURhbHJyZnhBRRAB,Abdulrahman Alomari,https://www.google.com/maps/contrib/103334127855664754377/reviews?hl=en,5,5 years ago,من اجمل الاماكن في الدمام,True,True,False,2026-09-25
P03,الواجهة البحرية,الدمام,كورنيش,https://maps.app.goo.gl/E5ZBjcN8sv3pc3Jh8,ChdDSUhNMG9nS0VJQ0FnSURhbXBfem13RRAB,سلمى الاحمدي,https://www.google.com/maps/contrib/109111910965808159418/reviews?hl=en,5,5 years ago,انصح بزيارته لكل شخص يجي الشرقيه,True,True,False,2026-09-25
P03,الواجهة البحرية,الدمام,كورنيش,https://maps.app.goo.gl/E5ZBjcN8sv3pc3Jh8,ChdDSUhNMG9nS0VJQ0FnSURhNnBqTTRBRRAB,mubarak الشهراني,https://www.google.com/maps/contrib/111857938809118219964/reviews?hl=en,5,5 years ago,,False,True,False,2026-09-25
P03,الواجهة البحرية,الدمام,كورنيش,https://maps.app.goo.gl/E5ZBjcN8sv3pc3Jh8,ChdDSUhNMG9nS0VJQ0FnSURheW9TcS1nRRAB,Mshl 598915 Alshammry,https://www.google.com/maps/contrib/103251516851875799823/reviews?hl=en,5,5 years ago,,False,True,False,2026-09-25
P03,الواجهة البحرية,الدمام,كورنيش,https://maps.app.goo.gl/E5ZBjcN8sv3pc3Jh8,ChdDSUhNMG9nS0VJQ0FnSURhc3JtMWdnRRAB,Kady Alsahli,https://www.google.com/maps/contrib/111162020936223207736/reviews?hl=en,5,5 years ago,,False,True,False,2026-09-25
P03,الواجهة البحرية,الدمام,كورنيش,https://maps.app.goo.gl/E5ZBjcN8sv3pc3Jh8,ChZDSUhNMG9nS0VJQ0FnSURhNHJ2bkZREAE,SA,https://www.google.com/maps/contrib/114565948892127048032/reviews?hl=en,4,5 years ago,,False,True,False,2026-09-25
P03,الواجهة البحرية,الدمام,كورنيش,https://maps.app.goo.gl/E5ZBjcN8sv3pc3Jh8,ChZDSUhNMG9nS0VJQ0FnSURhbE9yZ0RREAE,Ali Albishi,https://www.google.com/maps/contrib/107363050149167958364/reviews?hl=en,2,5 years ago,"Lots of construction! And the place is close to the city, so you expect to have a hot weather! Not recommended in the summer",False,True,False,2026-09-25
P03,الواجهة البحرية,الدمام,كورنيش,https://maps.app.goo.gl/E5ZBjcN8sv3pc3Jh8,ChdDSUhNMG9nS0VJQ0FnSUNhdjlPY3RRRRAB,فهد الغريافي,https://www.google.com/maps/contrib/100823113958962975875/reviews?hl=en,4,5 years ago,,False,True,False,2026-09-25
P03,الواجهة البحرية,الدمام,كورنيش,https://maps.app.goo.gl/E5ZBjcN8sv3pc3Jh8,ChdDSUhNMG9nS0VJQ0FnSUNhaC1Xbmt3RRAB,Az&Ah&om moh & Othman Mohmmed,https://www.google.com/maps/contrib/100036791217359120838/reviews?hl=en,4,5 years ago,"المكان جميل جدا جدا، ،مع الجو اللطيف، ،وقت مافي زحمه،،انصح فيه،،
بس ياريت يهتمون بنظافة البحر ،،الزباله مررره مؤلمه ،،للأسف",True,True,False,2026-09-25
P03,الواجهة البحرية,الدمام,كورنيش,https://maps.app.goo.gl/E5ZBjcN8sv3pc3Jh8,ChdDSUhNMG9nS0VJQ0FnSUNhODhEM3pRRRAB,Abood “khokha” al7abob,https://www.google.com/maps/contrib/102236681506923961472/reviews?hl=en,5,5 years ago,,False,True,False,2026-09-25
P03,الواجهة البحرية,الدمام,كورنيش,https://maps.app.goo.gl/E5ZBjcN8sv3pc3Jh8,ChdDSUhNMG9nS0VJQ0FnSUNhemZfcHFRRRAB,المعمارى علاء زامل/ Architect ALAA ZAMIL,https://www.google.com/maps/contrib/106741782036048512123/reviews?hl=en,5,5 years ago,,False,True,False,2026-09-25
P03,الواجهة البحرية,الدمام,كورنيش,https://maps.app.goo.gl/E5ZBjcN8sv3pc3Jh8,ChZDSUhNMG9nS0VJQ0FnSUNhamVIZEZBEAE,Nasser Al-Mousa,https://www.google.com/maps/contrib/107089721897762049158/reviews?hl=en,4,5 years ago,,False,True,False,2026-09-25
P03,الواجهة البحرية,الدمام,كورنيش,https://maps.app.goo.gl/E5ZBjcN8sv3pc3Jh8,ChdDSUhNMG9nS0VJQ0FnSUNhcnJtdnpBRRAB,Ziyad Abdullah,https://www.google.com/maps/contrib/117849273802584588816/reviews?hl=en,1,5 years ago,اغرب مكان رحته,True,True,False,2026-09-25
P03,الواجهة البحرية,الدمام,كورنيش,https://maps.app.goo.gl/E5ZBjcN8sv3pc3Jh8,ChZDSUhNMG9nS0VJQ0FnSUNhenZUTUhnEAE,J.M.N A.G.M (Abu Abdullah),https://www.google.com/maps/contrib/100365703343806541634/reviews?hl=en,3,5 years ago,تحت التطوير,True,True,False,2026-09-25
P03,الواجهة البحرية,الدمام,كورنيش,https://maps.app.goo.gl/E5ZBjcN8sv3pc3Jh8,ChdDSUhNMG9nS0VJQ0FnSUNhanFMc3NRRRAB,euyush,https://www.google.com/maps/contrib/114302235749628291996/reviews?hl=en,3,5 years ago,,False,True,False,2026-09-25
P03,الواجهة البحرية,الدمام,كورنيش,https://maps.app.goo.gl/E5ZBjcN8sv3pc3Jh8,ChdDSUhNMG9nS0VJQ0FnSUNhd3AzVzV3RRAB,Ahmed,https://www.google.com/maps/contrib/111958174654173916835/reviews?hl=en,5,5 years ago,My best place for my daily cardio routine and to go for a picnic with my family,False,True,False,2026-09-25
P03,الواجهة البحرية,الدمام,كورنيش,https://maps.app.goo.gl/E5ZBjcN8sv3pc3Jh8,ChdDSUhNMG9nS0VJQ0FnSUNhekliSDNBRRAB,أحمد سليمان,https://www.google.com/maps/contrib/110759124444182370375/reviews?hl=en,5,5 years ago,,False,True,False,2026-09-25
P03,الواجهة البحرية,الدمام,كورنيش,https://maps.app.goo.gl/E5ZBjcN8sv3pc3Jh8,ChdDSUhNMG9nS0VJQ0FnSUNhak9yZDBnRRAB,Eman Salem,https://www.google.com/maps/contrib/111519602602232759317/reviews?hl=en,4,5 years ago,,False,True,False,2026-09-25
P03,الواجهة البحرية,الدمام,كورنيش,https://maps.app.goo.gl/E5ZBjcN8sv3pc3Jh8,ChZDSUhNMG9nS0VJQ0FnSUNhNk1QWURREAE,محمد عبده,https://www.google.com/maps/contrib/102984276988433729662/reviews?hl=en,5,5 years ago,ممتع,True,True,False,2026-09-25
P03,الواجهة البحرية,الدمام,كورنيش,https://maps.app.goo.gl/E5ZBjcN8sv3pc3Jh8,ChdDSUhNMG9nS0VJQ0FnSUNheU1Dci1RRRAB,ابو عبدالله,https://www.google.com/maps/contrib/114240724615494835774/reviews?hl=en,3,5 years ago,رطووبه,True,True,False,2026-09-25
P03,الواجهة البحرية,الدمام,كورنيش,https://maps.app.goo.gl/E5ZBjcN8sv3pc3Jh8,ChZDSUhNMG9nS0VJQ0FnSUNhaUllbVlnEAE,ابو احمد بدير,https://www.google.com/maps/contrib/109563900089884793758/reviews?hl=en,4,5 years ago,جميل وتحتاج أهتمام اكثر,True,True,False,2026-09-25
P03,الواجهة البحرية,الدمام,كورنيش,https://maps.app.goo.gl/E5ZBjcN8sv3pc3Jh8,ChdDSUhNMG9nS0VJQ0FnSUNhaU9tRzdnRRAB,Mohamed Mostafa,https://www.google.com/maps/contrib/112314900556318271052/reviews?hl=en,4,5 years ago,,False,True,False,2026-09-25
P03,الواجهة البحرية,الدمام,كورنيش,https://maps.app.goo.gl/E5ZBjcN8sv3pc3Jh8,ChdDSUhNMG9nS0VJQ0FnSUNhZ1BHMGh3RRAB,ابو بدر ABU BADR,https://www.google.com/maps/contrib/100777995024464124358/reviews?hl=en,5,5 years ago,,False,True,False,2026-09-25
P03,الواجهة البحرية,الدمام,كورنيش,https://maps.app.goo.gl/E5ZBjcN8sv3pc3Jh8,ChZDSUhNMG9nS0VJQ0FnSURxbC15RUl3EAE,جميله الحارثي,https://www.google.com/maps/contrib/101680408558861387370/reviews?hl=en,5,5 years ago,مكان رايق,True,True,False,2026-09-25
P03,الواجهة البحرية,الدمام,كورنيش,https://maps.app.goo.gl/E5ZBjcN8sv3pc3Jh8,ChZDSUhNMG9nS0VJQ0FnSURxMmVMWEpBEAE,Ali hussain,https://www.google.com/maps/contrib/116330271942703318521/reviews?hl=en,5,5 years ago,جميل,True,True,False,2026-09-25
P03,الواجهة البحرية,الدمام,كورنيش,https://maps.app.goo.gl/E5ZBjcN8sv3pc3Jh8,ChZDSUhNMG9nS0VJQ0FnSURxbWJMMEF3EAE,الخيرالوفير السوق الدولي,https://www.google.com/maps/contrib/106743182831747159040/reviews?hl=en,3,5 years ago,,False,True,False,2026-09-25
P03,الواجهة البحرية,الدمام,كورنيش,https://maps.app.goo.gl/E5ZBjcN8sv3pc3Jh8,ChdDSUhNMG9nS0VJQ0FnSURxcXBUM2hBRRAB,Sara Alro,https://www.google.com/maps/contrib/112488175390489826416/reviews?hl=en,5,Edited 5 years ago,👌رائعه …,True,True,True,2026-09-25
P03,الواجهة البحرية,الدمام,كورنيش,https://maps.app.goo.gl/E5ZBjcN8sv3pc3Jh8,ChZDSUhNMG9nS0VJQ0FnSURxMGFXdlpnEAE,منى الشهري,https://www.google.com/maps/contrib/116893479297229063681/reviews?hl=en,4,5 years ago,جميل,True,True,False,2026-09-25
P03,الواجهة البحرية,الدمام,كورنيش,https://maps.app.goo.gl/E5ZBjcN8sv3pc3Jh8,ChdDSUhNMG9nS0VJQ0FnSURxNGNfdHJRRRAB,Aaa 11,https://www.google.com/maps/contrib/110148077184810887169/reviews?hl=en,4,5 years ago,جميله جداً,True,True,False,2026-09-25
P03,الواجهة البحرية,الدمام,كورنيش,https://maps.app.goo.gl/E5ZBjcN8sv3pc3Jh8,ChZDSUhNMG9nS0VJQ0FnSURxX3NlV0RnEAE,Faris,https://www.google.com/maps/contrib/107094980973306308092/reviews?hl=en,5,5 years ago,,False,True,False,2026-09-25
P03,الواجهة البحرية,الدمام,كورنيش,https://maps.app.goo.gl/E5ZBjcN8sv3pc3Jh8,ChdDSUhNMG9nS0VJQ0FnSURxM3RlcHpRRRAB,عبدالله العتيبي,https://www.google.com/maps/contrib/117706106617902609517/reviews?hl=en,5,5 years ago,,False,True,False,2026-09-25
P03,الواجهة البحرية,الدمام,كورنيش,https://maps.app.goo.gl/E5ZBjcN8sv3pc3Jh8,ChZDSUhNMG9nS0VJQ0FnSURxN3RxaEx3EAE,Saeed T,https://www.google.com/maps/contrib/106100923314802437094/reviews?hl=en,2,5 years ago,,False,True,False,2026-09-25
P03,الواجهة البحرية,الدمام,كورنيش,https://maps.app.goo.gl/E5ZBjcN8sv3pc3Jh8,ChZDSUhNMG9nS0VJQ0FnSURxenBLUFhREAE,فاطمه النعيمي,https://www.google.com/maps/contrib/116485522834731572831/reviews?hl=en,5,5 years ago,,False,True,False,2026-09-25
P03,الواجهة البحرية,الدمام,كورنيش,https://maps.app.goo.gl/E5ZBjcN8sv3pc3Jh8,ChZDSUhNMG9nS0VJQ0FnSURxenFMVkZREAE,BAR MAN,https://www.google.com/maps/contrib/116883122997688563489/reviews?hl=en,2,5 years ago,يحتاج صيانة وخدمات,True,True,False,2026-09-25
P03,الواجهة البحرية,الدمام,كورنيش,https://maps.app.goo.gl/E5ZBjcN8sv3pc3Jh8,ChZDSUhNMG9nS0VJQ0FnSURxMXRfSk5nEAE,Fatimah Ali,https://www.google.com/maps/contrib/109343138292181837683/reviews?hl=en,5,5 years ago,,False,True,False,2026-09-25
P03,الواجهة البحرية,الدمام,كورنيش,https://maps.app.goo.gl/E5ZBjcN8sv3pc3Jh8,ChdDSUhNMG9nS0VJQ0FnSURxcHFyMW93RRAB,Mohammed AlMohammedAli,https://www.google.com/maps/contrib/101559576664982012307/reviews?hl=en,4,5 years ago,,False,True,False,2026-09-25
P03,الواجهة البحرية,الدمام,كورنيش,https://maps.app.goo.gl/E5ZBjcN8sv3pc3Jh8,ChZDSUhNMG9nS0VJQ0FnSURxcXRqU1F3EAE,ماجد الزهراني,https://www.google.com/maps/contrib/106783838637169137541/reviews?hl=en,5,5 years ago,مكان جميل وهادئ,True,True,False,2026-09-25
P03,الواجهة البحرية,الدمام,كورنيش,https://maps.app.goo.gl/E5ZBjcN8sv3pc3Jh8,ChZDSUhNMG9nS0VJQ0FnSURxaW9DN09BEAE,NaWaF .a.M,https://www.google.com/maps/contrib/102040486104692131984/reviews?hl=en,5,5 years ago,,False,True,False,2026-09-25
P03,الواجهة البحرية,الدمام,كورنيش,https://maps.app.goo.gl/E5ZBjcN8sv3pc3Jh8,ChZDSUhNMG9nS0VJQ0FnSURxc3Z5Z0tREAE,travel 08,https://www.google.com/maps/contrib/117765743288167569990/reviews?hl=en,5,5 years ago,مكان جميل للممارسة رياضة المشي وقضاء وقت مع الأطفال للعب,True,True,False,2026-09-25
P03,الواجهة البحرية,الدمام,كورنيش,https://maps.app.goo.gl/E5ZBjcN8sv3pc3Jh8,ChZDSUhNMG9nS0VJQ0FnSURxa29yZWVnEAE,Jehad,https://www.google.com/maps/contrib/104927395374973005989/reviews?hl=en,5,5 years ago,,False,True,False,2026-09-25
P03,الواجهة البحرية,الدمام,كورنيش,https://maps.app.goo.gl/E5ZBjcN8sv3pc3Jh8,ChdDSUhNMG9nS0VJQ0FnSURxNHNmcjlnRRAB,Hadia Jareer,https://www.google.com/maps/contrib/117055057233411551407/reviews?hl=en,4,5 years ago,,False,True,False,2026-09-25
P03,الواجهة البحرية,الدمام,كورنيش,https://maps.app.goo.gl/E5ZBjcN8sv3pc3Jh8,ChZDSUhNMG9nS0VJQ0FnSURxOUx6a1pnEAE,Faisal Huraibi,https://www.google.com/maps/contrib/104026858083699588679/reviews?hl=en,5,5 years ago,,False,True,False,2026-09-25
P03,الواجهة البحرية,الدمام,كورنيش,https://maps.app.goo.gl/E5ZBjcN8sv3pc3Jh8,ChZDSUhNMG9nS0VJQ0FnSURxLUxfa1dnEAE,سلطان الفيفي,https://www.google.com/maps/contrib/115892523325696196623/reviews?hl=en,5,5 years ago,واجهة رائعة,True,True,False,2026-09-25
P03,الواجهة البحرية,الدمام,كورنيش,https://maps.app.goo.gl/E5ZBjcN8sv3pc3Jh8,ChdDSUhNMG9nS0VJQ0FnSURxc09lenl3RRAB,زاهــر بن أحمــد,https://www.google.com/maps/contrib/113098821338375342843/reviews?hl=en,5,5 years ago,مكان جميل ورائع,True,True,False,2026-09-25
P03,الواجهة البحرية,الدمام,كورنيش,https://maps.app.goo.gl/E5ZBjcN8sv3pc3Jh8,ChdDSUhNMG9nS0VJQ0FnSUNxXzlmSnp3RRAB,Mister Malik Ramadan,https://www.google.com/maps/contrib/106218544699992197448/reviews?hl=en,5,5 years ago,قمة الروعة,True,True,False,2026-09-25
P03,الواجهة البحرية,الدمام,كورنيش,https://maps.app.goo.gl/E5ZBjcN8sv3pc3Jh8,ChdDSUhNMG9nS0VJQ0FnSUNxbDhtRXlBRRAB,omar x,https://www.google.com/maps/contrib/113950114218968735080/reviews?hl=en,1,5 years ago,يحتاج الموقع مزيد من التطوير,True,True,False,2026-09-25
P03,الواجهة البحرية,الدمام,كورنيش,https://maps.app.goo.gl/E5ZBjcN8sv3pc3Jh8,ChdDSUhNMG9nS0VJQ0FnSUNxcDdUc3FBRRAB,soliman albarrak,https://www.google.com/maps/contrib/108826850478620687286/reviews?hl=en,5,5 years ago,مكان جميل ومتنزه جميل,True,True,False,2026-09-25
P03,الواجهة البحرية,الدمام,كورنيش,https://maps.app.goo.gl/E5ZBjcN8sv3pc3Jh8,ChdDSUhNMG9nS0VJQ0FnSUNxeV95U2lRRRAB,عبدالرحمن الهارون,https://www.google.com/maps/contrib/107652795588137332985/reviews?hl=en,5,5 years ago,,False,True,False,2026-09-25
P03,الواجهة البحرية,الدمام,كورنيش,https://maps.app.goo.gl/E5ZBjcN8sv3pc3Jh8,ChZDSUhNMG9nS0VJQ0FnSUNxazRXMmRREAE,Mohemed Tamimi,https://www.google.com/maps/contrib/103891211249680132470/reviews?hl=en,5,5 years ago,ممتاز جداً,True,True,False,2026-09-25
P03,الواجهة البحرية,الدمام,كورنيش,https://maps.app.goo.gl/E5ZBjcN8sv3pc3Jh8,ChdDSUhNMG9nS0VJQ0FnSUNxNDdMYjd3RRAB,شوق ناصر,https://www.google.com/maps/contrib/117620302360869684453/reviews?hl=en,5,5 years ago,راحه وانشراح غير المراجيح اللي امتداد الكورنيش،❤️❤️❤️,True,True,False,2026-09-25
P03,الواجهة البحرية,الدمام,كورنيش,https://maps.app.goo.gl/E5ZBjcN8sv3pc3Jh8,ChZDSUhNMG9nS0VJQ0FnSUNxd195N1J3EAE,Sameh Ahmed,https://www.google.com/maps/contrib/116073310477998714006/reviews?hl=en,4,5 years ago,,False,True,False,2026-09-25
P03,الواجهة البحرية,الدمام,كورنيش,https://maps.app.goo.gl/E5ZBjcN8sv3pc3Jh8,ChZDSUhNMG9nS0VJQ0FnSUNxdmZLNlR3EAE,Mohd Nisar Haque,https://www.google.com/maps/contrib/105360585686648799484/reviews?hl=en,4,5 years ago,,False,True,False,2026-09-25
P03,الواجهة البحرية,الدمام,كورنيش,https://maps.app.goo.gl/E5ZBjcN8sv3pc3Jh8,ChdDSUhNMG9nS0VJQ0FnSUNxclpUT2tnRRAB,ابراهيم التميمي,https://www.google.com/maps/contrib/101754952643054608186/reviews?hl=en,5,5 years ago,المكان هادئ والجو جميل اخر الليل انصح بزيارتها والاستمتاع برياضة المشي,True,True,False,2026-09-25
P03,الواجهة البحرية,الدمام,كورنيش,https://maps.app.goo.gl/E5ZBjcN8sv3pc3Jh8,ChdDSUhNMG9nS0VJQ0FnSUNxemJXNl93RRAB,Ahmad Al harbi,https://www.google.com/maps/contrib/110757235508260623376/reviews?hl=en,5,5 years ago,,False,True,False,2026-09-25
P03,الواجهة البحرية,الدمام,كورنيش,https://maps.app.goo.gl/E5ZBjcN8sv3pc3Jh8,ChZDSUhNMG9nS0VJQ0FnSUNxbGRLX013EAE,عبدالله سالم,https://www.google.com/maps/contrib/108414519185053232577/reviews?hl=en,4,5 years ago,,False,True,False,2026-09-25
P03,الواجهة البحرية,الدمام,كورنيش,https://maps.app.goo.gl/E5ZBjcN8sv3pc3Jh8,ChZDSUhNMG9nS0VJQ0FnSUNxd2MzNUZREAE,Ahmed Alsowailem,https://www.google.com/maps/contrib/113439476547433917683/reviews?hl=en,1,5 years ago,"للأسف فرق عن كرنيش الخبر  ب 570551912 درجه
انا اول مره اشوف كرنيش كله فيران وقطاوا
اتمنى في المستقبل يكون احسن ♤",True,True,False,2026-09-25
P03,الواجهة البحرية,الدمام,كورنيش,https://maps.app.goo.gl/E5ZBjcN8sv3pc3Jh8,ChdDSUhNMG9nS0VJQ0FnSUNxM3ZqWjBnRRAB,Qusai Mhalaia,https://www.google.com/maps/contrib/101231816762956177690/reviews?hl=en,5,5 years ago,مكان رائع,True,True,False,2026-09-25
P03,الواجهة البحرية,الدمام,كورنيش,https://maps.app.goo.gl/E5ZBjcN8sv3pc3Jh8,ChdDSUhNMG9nS0VJQ0FnSUNxNXF6WDZnRRAB,Yasser Nafady,https://www.google.com/maps/contrib/107709518275051509490/reviews?hl=en,4,5 years ago,,False,True,False,2026-09-25
P03,الواجهة البحرية,الدمام,كورنيش,https://maps.app.goo.gl/E5ZBjcN8sv3pc3Jh8,ChdDSUhNMG9nS0VJQ0FnSUNxcXZhcm1BRRAB,محمد العطافي,https://www.google.com/maps/contrib/111904048173935016505/reviews?hl=en,4,5 years ago,"مكان رائع ونظيف وحميل
لكن
لكن …",True,True,True,2026-09-25
P03,الواجهة البحرية,الدمام,كورنيش,https://maps.app.goo.gl/E5ZBjcN8sv3pc3Jh8,ChZDSUhNMG9nS0VJQ0FnSUNxeXJXOUVREAE,Jalal Salim,https://www.google.com/maps/contrib/110267344879594808713/reviews?hl=en,4,5 years ago,مكان جميل وهادي بس ينقصه خدمات,True,True,False,2026-09-25
P03,الواجهة البحرية,الدمام,كورنيش,https://maps.app.goo.gl/E5ZBjcN8sv3pc3Jh8,ChdDSUhNMG9nS0VJQ0FnSUNxNHZtVHFRRRAB,FAHAD MALKI,https://www.google.com/maps/contrib/117898689650970074755/reviews?hl=en,2,5 years ago,,False,True,False,2026-09-25
P03,الواجهة البحرية,الدمام,كورنيش,https://maps.app.goo.gl/E5ZBjcN8sv3pc3Jh8,ChZDSUhNMG9nS0VJQ0FnSUNxdk9uMUt3EAE,ابو العز,https://www.google.com/maps/contrib/115590880301662874282/reviews?hl=en,4,5 years ago,جيد جدا,True,True,False,2026-09-25
P03,الواجهة البحرية,الدمام,كورنيش,https://maps.app.goo.gl/E5ZBjcN8sv3pc3Jh8,ChdDSUhNMG9nS0VJQ0FnSUNxdktLeXdBRRAB,محي الدين المنصري,https://www.google.com/maps/contrib/104853885585811264819/reviews?hl=en,4,5 years ago,,False,True,False,2026-09-25
P03,الواجهة البحرية,الدمام,كورنيش,https://maps.app.goo.gl/E5ZBjcN8sv3pc3Jh8,ChdDSUhNMG9nS0VJQ0FnSUNxM0tEVDZ3RRAB,Abdul Khalique Abbasi,https://www.google.com/maps/contrib/110081358854911282428/reviews?hl=en,4,5 years ago,,False,True,False,2026-09-25
P03,الواجهة البحرية,الدمام,كورنيش,https://maps.app.goo.gl/E5ZBjcN8sv3pc3Jh8,ChdDSUhNMG9nS0VJQ0FnSUNxck1QZzJBRRAB,Tarek Ismael,https://www.google.com/maps/contrib/114512894720371356056/reviews?hl=en,5,5 years ago,,False,True,False,2026-09-25
P03,الواجهة البحرية,الدمام,كورنيش,https://maps.app.goo.gl/E5ZBjcN8sv3pc3Jh8,ChdDSUhNMG9nS0VJQ0FnSUNxak9MYmxRRRAB,ياسين البشيري,https://www.google.com/maps/contrib/111538265136056724720/reviews?hl=en,5,5 years ago,"اولا نشكر دولتنا الرشيده على ماقدمت للمواطن من متنزه
يستحق الزياره",True,True,False,2026-09-25
P03,الواجهة البحرية,الدمام,كورنيش,https://maps.app.goo.gl/E5ZBjcN8sv3pc3Jh8,ChdDSUhNMG9nS0VJQ0FnSUNxalB5ZTR3RRAB,ceno Ali,https://www.google.com/maps/contrib/116215932895800242262/reviews?hl=en,5,5 years ago,نشكر دولتنا الغاليه على هذا العمل وماتقدم به للمواطن والمقيم مثل هكذا متنزه,True,True,False,2026-09-25
P03,الواجهة البحرية,الدمام,كورنيش,https://maps.app.goo.gl/E5ZBjcN8sv3pc3Jh8,ChdDSUhNMG9nS0VJQ0FnSUNxaE91Zm9nRRAB,سليمان ابوعلي,https://www.google.com/maps/contrib/102742254434260348846/reviews?hl=en,5,5 years ago,ممتاز,True,True,False,2026-09-25
P03,الواجهة البحرية,الدمام,كورنيش,https://maps.app.goo.gl/E5ZBjcN8sv3pc3Jh8,ChZDSUhNMG9nS0VJQ0FnSUNxaEpuS1ZBEAE,Mohammed Alasfoor,https://www.google.com/maps/contrib/110881648700281935301/reviews?hl=en,2,5 years ago,,False,True,False,2026-09-25
P03,الواجهة البحرية,الدمام,كورنيش,https://maps.app.goo.gl/E5ZBjcN8sv3pc3Jh8,ChdDSUhNMG9nS0VJQ0FnSUNxaExMY21RRRAB,ABO AL3Z 1979,https://www.google.com/maps/contrib/100074141029416544259/reviews?hl=en,5,5 years ago,ممتااازه نظيفه وشرحه 👍 …,True,True,True,2026-09-25
P03,الواجهة البحرية,الدمام,كورنيش,https://maps.app.goo.gl/E5ZBjcN8sv3pc3Jh8,ChZDSUhNMG9nS0VJQ0FnSURLXzZILWZBEAE,Ali Almalki,https://www.google.com/maps/contrib/100164892153383748025/reviews?hl=en,5,Edited 5 years ago,جيده,True,True,False,2026-09-25
P03,الواجهة البحرية,الدمام,كورنيش,https://maps.app.goo.gl/E5ZBjcN8sv3pc3Jh8,ChZDSUhNMG9nS0VJQ0FnSUNxMElHYUdREAE,محمد خميس,https://www.google.com/maps/contrib/105742638788564808439/reviews?hl=en,4,5 years ago,,False,True,False,2026-09-25
P03,الواجهة البحرية,الدمام,كورنيش,https://maps.app.goo.gl/E5ZBjcN8sv3pc3Jh8,ChZDSUhNMG9nS0VJQ0FnSURLdjlMTld3EAE,البيك,https://www.google.com/maps/contrib/104290415648001038612/reviews?hl=en,3,5 years ago,لابأس فيه,True,True,False,2026-09-25
P03,الواجهة البحرية,الدمام,كورنيش,https://maps.app.goo.gl/E5ZBjcN8sv3pc3Jh8,ChdDSUhNMG9nS0VJQ0FnSURLbjlmOXBRRRAB,بيلسان,https://www.google.com/maps/contrib/115137922867583901156/reviews?hl=en,5,5 years ago,جميلة وونيسه,True,True,False,2026-09-25
P03,الواجهة البحرية,الدمام,كورنيش,https://maps.app.goo.gl/E5ZBjcN8sv3pc3Jh8,ChdDSUhNMG9nS0VJQ0FnSURLNzY2UHVnRRAB,Faisal,https://www.google.com/maps/contrib/109206668003515951844/reviews?hl=en,3,5 years ago,جميل جدا ويحتاج اضاءه أكثر,True,True,False,2026-09-25
P03,الواجهة البحرية,الدمام,كورنيش,https://maps.app.goo.gl/E5ZBjcN8sv3pc3Jh8,ChRDSUhNMG9nS0VJQ0FnSURLeDQ0VxAB,محمد2 moh502,https://www.google.com/maps/contrib/103552340953217355807/reviews?hl=en,5,Edited 5 years ago,رووعه,True,True,False,2026-09-25
P03,الواجهة البحرية,الدمام,كورنيش,https://maps.app.goo.gl/E5ZBjcN8sv3pc3Jh8,ChZDSUhNMG9nS0VJQ0FnSURLbF8yX0VREAE,يزيد عفيف,https://www.google.com/maps/contrib/107532750015496505284/reviews?hl=en,2,5 years ago,,False,True,False,2026-09-25
P03,الواجهة البحرية,الدمام,كورنيش,https://maps.app.goo.gl/E5ZBjcN8sv3pc3Jh8,ChdDSUhNMG9nS0VJQ0FnSURLNTYtdDZ3RRAB,محمد المحمد,https://www.google.com/maps/contrib/110705603114547601130/reviews?hl=en,5,5 years ago,روووعة,True,True,False,2026-09-25
P03,الواجهة البحرية,الدمام,كورنيش,https://maps.app.goo.gl/E5ZBjcN8sv3pc3Jh8,ChZDSUhNMG9nS0VJQ0FnSURLcllfc1J3EAE,SLY SLY,https://www.google.com/maps/contrib/105395719195074018074/reviews?hl=en,5,5 years ago,,False,True,False,2026-09-25
P03,الواجهة البحرية,الدمام,كورنيش,https://maps.app.goo.gl/E5ZBjcN8sv3pc3Jh8,ChZDSUhNMG9nS0VJQ0FnSURLclpQOE9BEAE,IBRAHIM Al,https://www.google.com/maps/contrib/109971204206853160565/reviews?hl=en,3,5 years ago,,False,True,False,2026-09-25
P03,الواجهة البحرية,الدمام,كورنيش,https://maps.app.goo.gl/E5ZBjcN8sv3pc3Jh8,ChdDSUhNMG9nS0VJQ0FnSURLemJYempBRRAB,Haytham Galal,https://www.google.com/maps/contrib/102965131092505398080/reviews?hl=en,4,5 years ago,جلسات عائلية هادئة,True,True,False,2026-09-25
P03,الواجهة البحرية,الدمام,كورنيش,https://maps.app.goo.gl/E5ZBjcN8sv3pc3Jh8,ChdDSUhNMG9nS0VJQ0FnSURLemVXMm9nRRAB,HUDA ALMARZOOQ,https://www.google.com/maps/contrib/103881274111619649552/reviews?hl=en,5,5 years ago,,False,True,False,2026-09-25
P03,الواجهة البحرية,الدمام,كورنيش,https://maps.app.goo.gl/E5ZBjcN8sv3pc3Jh8,ChdDSUhNMG9nS0VJQ0FnSURLOVluZzN3RRAB,احمد المليكي,https://www.google.com/maps/contrib/115911487894235428341/reviews?hl=en,5,5 years ago,,False,True,False,2026-09-25
P03,الواجهة البحرية,الدمام,كورنيش,https://maps.app.goo.gl/E5ZBjcN8sv3pc3Jh8,ChdDSUhNMG9nS0VJQ0FnSURLOWVIY3B3RRAB,Rahaf Aldossary,https://www.google.com/maps/contrib/117213201707378985741/reviews?hl=en,5,5 years ago,,False,True,False,2026-09-25
P03,الواجهة البحرية,الدمام,كورنيش,https://maps.app.goo.gl/E5ZBjcN8sv3pc3Jh8,ChZDSUhNMG9nS0VJQ0FnSURLbGNxVmVnEAE,محمد عامر,https://www.google.com/maps/contrib/112756530474355960247/reviews?hl=en,3,5 years ago,,False,True,False,2026-09-25
P03,الواجهة البحرية,الدمام,كورنيش,https://maps.app.goo.gl/E5ZBjcN8sv3pc3Jh8,ChZDSUhNMG9nS0VJQ0FnSURLeGVEZ2FREAE,Sara Eldsouky,https://www.google.com/maps/contrib/106557288286877133259/reviews?hl=en,5,5 years ago,,False,True,False,2026-09-25
P03,الواجهة البحرية,الدمام,كورنيش,https://maps.app.goo.gl/E5ZBjcN8sv3pc3Jh8,ChdDSUhNMG9nS0VJQ0FnSURLaGRIcXpRRRAB,tota hassan,https://www.google.com/maps/contrib/105932516231197331831/reviews?hl=en,5,5 years ago,رائعة جداً,True,True,False,2026-09-25
P03,الواجهة البحرية,الدمام,كورنيش,https://maps.app.goo.gl/E5ZBjcN8sv3pc3Jh8,ChZDSUhNMG9nS0VJQ0FnSURLLWNxSGRnEAE,Hussain Al Saghirat,https://www.google.com/maps/contrib/117217787912304930456/reviews?hl=en,3,5 years ago,,False,True,False,2026-09-25
P03,الواجهة البحرية,الدمام,كورنيش,https://maps.app.goo.gl/E5ZBjcN8sv3pc3Jh8,ChZDSUhNMG9nS0VJQ0FnSURLX3VIWUp3EAE,عبدالعزيز الماجد,https://www.google.com/maps/contrib/116526190522617665894/reviews?hl=en,5,5 years ago,رايق,True,True,False,2026-09-25
P03,الواجهة البحرية,الدمام,كورنيش,https://maps.app.goo.gl/E5ZBjcN8sv3pc3Jh8,ChZDSUhNMG9nS0VJQ0FnSURLdm92WFV3EAE,Ahmed Saeed,https://www.google.com/maps/contrib/110062310107195270862/reviews?hl=en,4,5 years ago,أجزاء رائعة,True,True,False,2026-09-25
P03,الواجهة البحرية,الدمام,كورنيش,https://maps.app.goo.gl/E5ZBjcN8sv3pc3Jh8,ChZDSUhNMG9nS0VJQ0FnSURLanNLSlN3EAE,Mohamed Abdulghani,https://www.google.com/maps/contrib/104143694989988732790/reviews?hl=en,4,5 years ago,,False,True,False,2026-09-25
P03,الواجهة البحرية,الدمام,كورنيش,https://maps.app.goo.gl/E5ZBjcN8sv3pc3Jh8,ChdDSUhNMG9nS0VJQ0FnSURLMXJUandBRRAB,khaled johr,https://www.google.com/maps/contrib/103974922720102351544/reviews?hl=en,5,5 years ago,,False,True,False,2026-09-25
P03,الواجهة البحرية,الدمام,كورنيش,https://maps.app.goo.gl/E5ZBjcN8sv3pc3Jh8,ChZDSUhNMG9nS0VJQ0FnSURLeHRfMlN3EAE,& ؛,https://www.google.com/maps/contrib/105738270384799936756/reviews?hl=en,4,5 years ago,جميلة بس القطاوة تزعجك ما تخليك تجلس 😅 …,True,True,True,2026-09-25
P03,الواجهة البحرية,الدمام,كورنيش,https://maps.app.goo.gl/E5ZBjcN8sv3pc3Jh8,ChZDSUhNMG9nS0VJQ0FnSURLNnJmMEhREAE,yasmin abdallah,https://www.google.com/maps/contrib/101747046544641067149/reviews?hl=en,5,5 years ago,,False,True,False,2026-09-25
P03,الواجهة البحرية,الدمام,كورنيش,https://maps.app.goo.gl/E5ZBjcN8sv3pc3Jh8,ChdDSUhNMG9nS0VJQ0FnSURLNnJ5LWhnRRAB,فارس الديك,https://www.google.com/maps/contrib/103223557669156870263/reviews?hl=en,3,5 years ago,يحتاج التعديل,True,True,False,2026-09-25
P03,الواجهة البحرية,الدمام,كورنيش,https://maps.app.goo.gl/E5ZBjcN8sv3pc3Jh8,ChZDSUhNMG9nS0VJQ0FnSURLcXBubUFnEAE,Hosam Afify,https://www.google.com/maps/contrib/104799678317860371222/reviews?hl=en,4,5 years ago,,False,True,False,2026-09-25
P03,الواجهة البحرية,الدمام,كورنيش,https://maps.app.goo.gl/E5ZBjcN8sv3pc3Jh8,ChdDSUhNMG9nS0VJQ0FnSURLa3B2WHdnRRAB,محمد بن يوسف العباد,https://www.google.com/maps/contrib/114756084350817322032/reviews?hl=en,5,5 years ago,,False,True,False,2026-09-25
P03,الواجهة البحرية,الدمام,كورنيش,https://maps.app.goo.gl/E5ZBjcN8sv3pc3Jh8,ChZDSUhNMG9nS0VJQ0FnSURLM0tDT2FREAE,ماجد العقيلي,https://www.google.com/maps/contrib/106796706650253706569/reviews?hl=en,5,5 years ago,,False,True,False,2026-09-25
P03,الواجهة البحرية,الدمام,كورنيش,https://maps.app.goo.gl/E5ZBjcN8sv3pc3Jh8,ChdDSUhNMG9nS0VJQ0FnSURLckxpRzdnRRAB,محمد أبوالعنين محمد,https://www.google.com/maps/contrib/108647683036359733535/reviews?hl=en,5,5 years ago,,False,True,False,2026-09-25
P03,الواجهة البحرية,الدمام,كورنيش,https://maps.app.goo.gl/E5ZBjcN8sv3pc3Jh8,ChZDSUhNMG9nS0VJQ0FnSURLaktUZ1V3EAE,ممدوح الشمري,https://www.google.com/maps/contrib/110187425044308030860/reviews?hl=en,5,5 years ago,,False,True,False,2026-09-25
P03,الواجهة البحرية,الدمام,كورنيش,https://maps.app.goo.gl/E5ZBjcN8sv3pc3Jh8,ChZDSUhNMG9nS0VJQ0FnSURLaFBLREZnEAE,Jehad Al-Atoom,https://www.google.com/maps/contrib/114183365333692202724/reviews?hl=en,5,5 years ago,,False,True,False,2026-09-25
P03,الواجهة البحرية,الدمام,كورنيش,https://maps.app.goo.gl/E5ZBjcN8sv3pc3Jh8,ChZDSUhNMG9nS0VJQ0FnSURLLUpybUNREAE,Haya30 Alsuwayed,https://www.google.com/maps/contrib/101590383346492543215/reviews?hl=en,5,5 years ago,,False,True,False,2026-09-25
P03,الواجهة البحرية,الدمام,كورنيش,https://maps.app.goo.gl/E5ZBjcN8sv3pc3Jh8,ChZDSUhNMG9nS0VJQ0FnSURLbU9ueUl3EAE,Mohamed Gobara,https://www.google.com/maps/contrib/117152447665372881061/reviews?hl=en,4,5 years ago,,False,True,False,2026-09-25
P03,الواجهة البحرية,الدمام,كورنيش,https://maps.app.goo.gl/E5ZBjcN8sv3pc3Jh8,ChdDSUhNMG9nS0VJQ0FnSURLNEltWGlRRRAB,Khalid Alshareef,https://www.google.com/maps/contrib/112090843580099020156/reviews?hl=en,5,5 years ago,مكان للراحة,True,True,False,2026-09-25
P03,الواجهة البحرية,الدمام,كورنيش,https://maps.app.goo.gl/E5ZBjcN8sv3pc3Jh8,ChZDSUhNMG9nS0VJQ0FnSUNLMy1hWEZ3EAE,Abo Khaled,https://www.google.com/maps/contrib/115279474579188356869/reviews?hl=en,3,5 years ago,تجربه جيده ومكان رائع,True,True,False,2026-09-25
P03,الواجهة البحرية,الدمام,كورنيش,https://maps.app.goo.gl/E5ZBjcN8sv3pc3Jh8,ChdDSUhNMG9nS0VJQ0FnSUNLcjhIWmtBRRAB,Ah Ah,https://www.google.com/maps/contrib/114896112345059884635/reviews?hl=en,3,5 years ago,"٣٥٦٧٨٩١٣٤٦
الو",True,True,False,2026-09-25
P03,الواجهة البحرية,الدمام,كورنيش,https://maps.app.goo.gl/E5ZBjcN8sv3pc3Jh8,ChdDSUhNMG9nS0VJQ0FnSUNLOV9hTGp3RRAB,Zeayd alshammry,https://www.google.com/maps/contrib/104096019436559048596/reviews?hl=en,5,5 years ago,🤩 يازين المنظر …,True,True,True,2026-09-25
P03,الواجهة البحرية,الدمام,كورنيش,https://maps.app.goo.gl/E5ZBjcN8sv3pc3Jh8,ChdDSUhNMG9nS0VJQ0FnSUNLOTRqdW5RRRAB,omar seyam,https://www.google.com/maps/contrib/102602632057558774183/reviews?hl=en,5,5 years ago,مكان جميل و نظيف نسبيا و هادئ و يوجد مكان لألعاب الأطفال على جنب  و يوجد مطاعم قريبة و مواقف كثيرة مكان جميل جدا,True,True,False,2026-09-25
P03,الواجهة البحرية,الدمام,كورنيش,https://maps.app.goo.gl/E5ZBjcN8sv3pc3Jh8,ChdDSUhNMG9nS0VJQ0FnSUNLdF8tTzNBRRAB,محمد علي,https://www.google.com/maps/contrib/108526344566270070542/reviews?hl=en,5,5 years ago,روعه المكان,True,True,False,2026-09-25
P03,الواجهة البحرية,الدمام,كورنيش,https://maps.app.goo.gl/E5ZBjcN8sv3pc3Jh8,ChZDSUhNMG9nS0VJQ0FnSUNLdTR6ck93EAE,Mohammed Al-Hanabi,https://www.google.com/maps/contrib/116542883399754241300/reviews?hl=en,5,5 years ago,,False,True,False,2026-09-25
P03,الواجهة البحرية,الدمام,كورنيش,https://maps.app.goo.gl/E5ZBjcN8sv3pc3Jh8,ChdDSUhNMG9nS0VJQ0FnSUNLazh2X2t3RRAB,Feras ahmed Gh,https://www.google.com/maps/contrib/111690108379104701860/reviews?hl=en,5,5 years ago,الكورنيش الجديد مقابل المتجر الوطني نظافة وهدوء والبحر رووعة,True,True,False,2026-09-25
P03,الواجهة البحرية,الدمام,كورنيش,https://maps.app.goo.gl/E5ZBjcN8sv3pc3Jh8,ChdDSUhNMG9nS0VJQ0FnSUNLbzdfN3ZRRRAB,MOHAMED ALQALAF,https://www.google.com/maps/contrib/110697143225061562700/reviews?hl=en,4,5 years ago,المكان جميل ولكن يحتاج لاهتمام وصيانة من قبل البلدية .,True,True,False,2026-09-25
P03,الواجهة البحرية,الدمام,كورنيش,https://maps.app.goo.gl/E5ZBjcN8sv3pc3Jh8,ChdDSUhNMG9nS0VJQ0FnSUNLbzY2eW5RRRAB,Ayat Ali,https://www.google.com/maps/contrib/114957112900831567967/reviews?hl=en,5,5 years ago,جميل,True,True,False,2026-09-25
P03,الواجهة البحرية,الدمام,كورنيش,https://maps.app.goo.gl/E5ZBjcN8sv3pc3Jh8,ChdDSUhNMG9nS0VJQ0FnSUNLdzdieDN3RRAB,Sarith PP,https://www.google.com/maps/contrib/107558081590458863424/reviews?hl=en,4,5 years ago,,False,True,False,2026-09-25
P03,الواجهة البحرية,الدمام,كورنيش,https://maps.app.goo.gl/E5ZBjcN8sv3pc3Jh8,ChZDSUhNMG9nS0VJQ0FnSUNLcmQtQ0JBEAE,HAROON RASHEED,https://www.google.com/maps/contrib/102691757693387128939/reviews?hl=en,5,5 years ago,,False,True,False,2026-09-25
P03,الواجهة البحرية,الدمام,كورنيش,https://maps.app.goo.gl/E5ZBjcN8sv3pc3Jh8,ChZDSUhNMG9nS0VJQ0FnSUNLcmVqMk9REAE,Thamer,https://www.google.com/maps/contrib/103859994493517477208/reviews?hl=en,5,5 years ago,مكان جميل خصوصًا من نهاية اكتوبر الى بداية ابريل,True,True,False,2026-09-25
P03,الواجهة البحرية,الدمام,كورنيش,https://maps.app.goo.gl/E5ZBjcN8sv3pc3Jh8,ChdDSUhNMG9nS0VJQ0FnSUNLcFlpbHZRRRAB,read alrasheed,https://www.google.com/maps/contrib/118108901812430918113/reviews?hl=en,5,5 years ago,جميل ونظيف,True,True,False,2026-09-25
P03,الواجهة البحرية,الدمام,كورنيش,https://maps.app.goo.gl/E5ZBjcN8sv3pc3Jh8,ChdDSUhNMG9nS0VJQ0FnSUNLNmRmZWtBRRAB,ع الغامدي,https://www.google.com/maps/contrib/102894380574539413796/reviews?hl=en,5,5 years ago,رايق,True,True,False,2026-09-25
P03,الواجهة البحرية,الدمام,كورنيش,https://maps.app.goo.gl/E5ZBjcN8sv3pc3Jh8,ChdDSUhNMG9nS0VJQ0FnSUNLc2RMbzFBRRAB,mhamad yaman,https://www.google.com/maps/contrib/111904464993496044469/reviews?hl=en,4,5 years ago,موقع جميل ورائع لل تنزه والخروج مع العائلة,True,True,False,2026-09-25
P03,الواجهة البحرية,الدمام,كورنيش,https://maps.app.goo.gl/E5ZBjcN8sv3pc3Jh8,ChdDSUhNMG9nS0VJQ0FnSUNLMFk3djVRRRAB,خالد محمد,https://www.google.com/maps/contrib/108112692621089313854/reviews?hl=en,5,5 years ago,,False,True,False,2026-09-25
P03,الواجهة البحرية,الدمام,كورنيش,https://maps.app.goo.gl/E5ZBjcN8sv3pc3Jh8,ChdDSUhNMG9nS0VJQ0FnSUNLMGREYTh3RRAB,Saif Rushdi,https://www.google.com/maps/contrib/108422846108885961869/reviews?hl=en,5,5 years ago,,False,True,False,2026-09-25
P03,الواجهة البحرية,الدمام,كورنيش,https://maps.app.goo.gl/E5ZBjcN8sv3pc3Jh8,ChZDSUhNMG9nS0VJQ0FnSUNLM3ZXV1ZnEAE,odah Oahle,https://www.google.com/maps/contrib/110652392340490150367/reviews?hl=en,2,5 years ago,,False,True,False,2026-09-25
P03,الواجهة البحرية,الدمام,كورنيش,https://maps.app.goo.gl/E5ZBjcN8sv3pc3Jh8,ChdDSUhNMG9nS0VJQ0FnSUNLN3JHMnd3RRAB,طلالxD,https://www.google.com/maps/contrib/100248381942263612801/reviews?hl=en,5,5 years ago,حلو,True,True,False,2026-09-25
P03,الواجهة البحرية,الدمام,كورنيش,https://maps.app.goo.gl/E5ZBjcN8sv3pc3Jh8,ChZDSUhNMG9nS0VJQ0FnSURTOWJXS2ZBEAE,Nourah Abdulla,https://www.google.com/maps/contrib/115501887514839621969/reviews?hl=en,5,Edited 5 years ago,لا ارغب في مغادرتها 💔😭 جميل جدا المنظر لكن يحزنني منظر القمامه ومخلفات الزوار ومرتادي المكان يقمون بالقاء مخلفاتهم او تركها😳 جدا حرام وايضا لكن اين عمال النظافة 😡 هداهم الله واين البلدية عنهم علي طول الواجهة مرورا بالكورنيش زبايل لا حصر لها حسبي الله ونعما الوكيل لماذا لا توضع كميرات مراقبه  لرصد المخالفين وتغريمهم يجب وضع غرامات علي تارك مخلفاتهم وعدم رميها في المكان المخصص اقل شي وتوفير عمال نظافه مراقبة ايضا وعدم اعطاء العامل اية نقود غير راتبه مم الزوار هذا تصرف خاطئ,True,True,False,2026-09-25
P03,الواجهة البحرية,الدمام,كورنيش,https://maps.app.goo.gl/E5ZBjcN8sv3pc3Jh8,ChdDSUhNMG9nS0VJQ0FnSUNLLXRYS3FBRRAB,حليمه شريده,https://www.google.com/maps/contrib/104163730390045703683/reviews?hl=en,4,Edited 5 years ago,,False,True,False,2026-09-25
P03,الواجهة البحرية,الدمام,كورنيش,https://maps.app.goo.gl/E5ZBjcN8sv3pc3Jh8,ChdDSUhNMG9nS0VJQ0FnSUNLMXNXcGdBRRAB,Freddy Carbonell,https://www.google.com/maps/contrib/112167713456128483796/reviews?hl=en,4,5 years ago,,False,True,False,2026-09-25
P03,الواجهة البحرية,الدمام,كورنيش,https://maps.app.goo.gl/E5ZBjcN8sv3pc3Jh8,ChZDSUhNMG9nS0VJQ0FnSUNLMXFyMU9REAE,Fayzah Q,https://www.google.com/maps/contrib/115765328487087956396/reviews?hl=en,5,5 years ago,,False,True,False,2026-09-25
P03,الواجهة البحرية,الدمام,كورنيش,https://maps.app.goo.gl/E5ZBjcN8sv3pc3Jh8,ChZDSUhNMG9nS0VJQ0FnSUNLaG9xeEJnEAE,Ali 7ussain,https://www.google.com/maps/contrib/106214667606401645803/reviews?hl=en,4,5 years ago,المكان جميل وقت الغروب.,True,True,False,2026-09-25
P03,الواجهة البحرية,الدمام,كورنيش,https://maps.app.goo.gl/E5ZBjcN8sv3pc3Jh8,ChdDSUhNMG9nS0VJQ0FnSUNLLXNEcGxBRRAB,Mohamed Abd El Karim,https://www.google.com/maps/contrib/116848181468523155102/reviews?hl=en,5,5 years ago,,False,True,False,2026-09-25
P03,الواجهة البحرية,الدمام,كورنيش,https://maps.app.goo.gl/E5ZBjcN8sv3pc3Jh8,ChZDSUhNMG9nS0VJQ0FnSUNLdXZlWWRBEAE,A30 a13,https://www.google.com/maps/contrib/115611548561158978918/reviews?hl=en,5,5 years ago,صراحة كورنيش رائع وجميل والجلسة فيه لأتمل،  واجهة سياحية مشرفة للسعودية شكرا لبلدية الخبر على هذا العمل الجبار👍 …,True,True,True,2026-09-25
P03,الواجهة البحرية,الدمام,كورنيش,https://maps.app.goo.gl/E5ZBjcN8sv3pc3Jh8,ChdDSUhNMG9nS0VJQ0FnSUNLMm96NDlBRRAB,mohammad hasan,https://www.google.com/maps/contrib/101043745835425519400/reviews?hl=en,5,5 years ago,,False,True,False,2026-09-25
P03,الواجهة البحرية,الدمام,كورنيش,https://maps.app.goo.gl/E5ZBjcN8sv3pc3Jh8,ChdDSUhNMG9nS0VJQ0FnSUNLcXIzZnVnRRAB,Amoon Badr.,https://www.google.com/maps/contrib/103793113734700720027/reviews?hl=en,5,5 years ago,شي جميل جدا انصح فيه,True,True,False,2026-09-25
P03,الواجهة البحرية,الدمام,كورنيش,https://maps.app.goo.gl/E5ZBjcN8sv3pc3Jh8,ChdDSUhNMG9nS0VJQ0FnSUNLeXFMcWxBRRAB,Abdullah Alzogyebi,https://www.google.com/maps/contrib/104529500556846977205/reviews?hl=en,5,5 years ago,جميله,True,True,False,2026-09-25
P03,الواجهة البحرية,الدمام,كورنيش,https://maps.app.goo.gl/E5ZBjcN8sv3pc3Jh8,ChdDSUhNMG9nS0VJQ0FnSUNLc3QzUDRnRRAB,طلال حسن الريضه,https://www.google.com/maps/contrib/117613510021457272351/reviews?hl=en,3,5 years ago,👍🤝 …,False,True,True,2026-09-25
P03,الواجهة البحرية,الدمام,كورنيش,https://maps.app.goo.gl/E5ZBjcN8sv3pc3Jh8,ChZDSUhNMG9nS0VJQ0FnSUNLZ3JxdlZ3EAE,Aktar Choudhury,https://www.google.com/maps/contrib/108405311308895560130/reviews?hl=en,5,5 years ago,Nyc,False,True,False,2026-09-25
P03,الواجهة البحرية,الدمام,كورنيش,https://maps.app.goo.gl/E5ZBjcN8sv3pc3Jh8,ChZDSUhNMG9nS0VJQ0FnSUNLNVBmNkZBEAE,Mohamed557673864 Mohamed,https://www.google.com/maps/contrib/111352177917674038931/reviews?hl=en,4,5 years ago,روعه كهدوء,True,True,False,2026-09-25
P03,الواجهة البحرية,الدمام,كورنيش,https://maps.app.goo.gl/E5ZBjcN8sv3pc3Jh8,ChdDSUhNMG9nS0VJQ0FnSUNLeE5EeTRnRRAB,Hussin Ahmed,https://www.google.com/maps/contrib/105016293097856981684/reviews?hl=en,5,5 years ago,,False,True,False,2026-09-25
P03,الواجهة البحرية,الدمام,كورنيش,https://maps.app.goo.gl/E5ZBjcN8sv3pc3Jh8,ChdDSUhNMG9nS0VJQ0FnSUNLaE1pZWdBRRAB,خديجة جاسم,https://www.google.com/maps/contrib/115766200845739087143/reviews?hl=en,5,5 years ago,نظيفة مره ماشاء الله وترتيب,True,True,False,2026-09-25
P03,الواجهة البحرية,الدمام,كورنيش,https://maps.app.goo.gl/E5ZBjcN8sv3pc3Jh8,ChZDSUhNMG9nS0VJQ0FnSUNLMko2Y0RBEAE,ابو تالا العيسى,https://www.google.com/maps/contrib/100174057848474423316/reviews?hl=en,5,5 years ago,ممتازه  بنقصه ة الا هتمام   با  المنظر  وااستبدال  الفترك  با  كفيهات تكون  مباني  افضل  من  المنظر حق  الفوترك  وتبقى  للا اسر  المنتجه  بس  يتظبط  الشكل,True,True,False,2026-09-25
P03,الواجهة البحرية,الدمام,كورنيش,https://maps.app.goo.gl/E5ZBjcN8sv3pc3Jh8,ChZDSUhNMG9nS0VJQ0FnSUNLbU9tckpREAE,عبدالله البليهي,https://www.google.com/maps/contrib/116242440814821806440/reviews?hl=en,5,5 years ago,ممتازة,True,True,False,2026-09-25
P03,الواجهة البحرية,الدمام,كورنيش,https://maps.app.goo.gl/E5ZBjcN8sv3pc3Jh8,ChZDSUhNMG9nS0VJQ0FnSUNLcU92MEZREAE,Omar Alshehri,https://www.google.com/maps/contrib/105221151152961413821/reviews?hl=en,5,5 years ago,,False,True,False,2026-09-25
P03,الواجهة البحرية,الدمام,كورنيش,https://maps.app.goo.gl/E5ZBjcN8sv3pc3Jh8,ChdDSUhNMG9nS0VJQ0FnSUNLcU1hd2xnRRAB,عبدالله سعيد,https://www.google.com/maps/contrib/106573963115178524679/reviews?hl=en,5,5 years ago,,False,True,False,2026-09-25
P03,الواجهة البحرية,الدمام,كورنيش,https://maps.app.goo.gl/E5ZBjcN8sv3pc3Jh8,ChZDSUhNMG9nS0VJQ0FnSUNLeUtLV1VnEAE,Adel Atiaa,https://www.google.com/maps/contrib/105657324473873487215/reviews?hl=en,5,5 years ago,متنفس صحي وجميل,True,True,False,2026-09-25
P03,الواجهة البحرية,الدمام,كورنيش,https://maps.app.goo.gl/E5ZBjcN8sv3pc3Jh8,ChdDSUhNMG9nS0VJQ0FnSUR5bjdqSnJBRRAB,JoJy JAs,https://www.google.com/maps/contrib/109278414132287576675/reviews?hl=en,5,5 years ago,,False,True,False,2026-09-25
P03,الواجهة البحرية,الدمام,كورنيش,https://maps.app.goo.gl/E5ZBjcN8sv3pc3Jh8,ChZDSUhNMG9nS0VJQ0FnSUR5al9LQk1BEAE,Fayez,https://www.google.com/maps/contrib/112149544580685834519/reviews?hl=en,4,5 years ago,النظافة والاهتمام ..,True,True,False,2026-09-25
P03,الواجهة البحرية,الدمام,كورنيش,https://maps.app.goo.gl/E5ZBjcN8sv3pc3Jh8,ChdDSUhNMG9nS0VJQ0FnSUR5MTZqMXRnRRAB,Eyad Nassar,https://www.google.com/maps/contrib/116120074866803051877/reviews?hl=en,5,5 years ago,كورنيش اكثر من رائع,True,True,False,2026-09-25
P03,الواجهة البحرية,الدمام,كورنيش,https://maps.app.goo.gl/E5ZBjcN8sv3pc3Jh8,ChZDSUhNMG9nS0VJQ0FnSUR5cC0tbFBREAE,abo omar raslan,https://www.google.com/maps/contrib/105133535405301311301/reviews?hl=en,5,5 years ago,الافضل في السعوديه مساخات ونضافه والله يهدي الناس ويبعدو عن بعض شوي احسن ماتتسكر نهائي بهالجائحة,True,True,False,2026-09-25
P03,الواجهة البحرية,الدمام,كورنيش,https://maps.app.goo.gl/E5ZBjcN8sv3pc3Jh8,ChdDSUhNMG9nS0VJQ0FnSUR5eDh5MjZ3RRAB,Mr ABDULLAH,https://www.google.com/maps/contrib/109884655168228867140/reviews?hl=en,5,5 years ago,,False,True,False,2026-09-25
P03,الواجهة البحرية,الدمام,كورنيش,https://maps.app.goo.gl/E5ZBjcN8sv3pc3Jh8,ChdDSUhNMG9nS0VJQ0FnSUR5LV9PRHB3RRAB,YUKI 27,https://www.google.com/maps/contrib/103105186051695611792/reviews?hl=en,5,5 years ago,,False,True,False,2026-09-25
P03,الواجهة البحرية,الدمام,كورنيش,https://maps.app.goo.gl/E5ZBjcN8sv3pc3Jh8,ChdDSUhNMG9nS0VJQ0FnSUR5cTRQbWhBRRAB,Abdelnasser Hmed,https://www.google.com/maps/contrib/115358347831594544302/reviews?hl=en,5,5 years ago,,False,True,False,2026-09-25
P03,الواجهة البحرية,الدمام,كورنيش,https://maps.app.goo.gl/E5ZBjcN8sv3pc3Jh8,ChdDSUhNMG9nS0VJQ0FnSUR5aTltNDRBRRAB,talal l,https://www.google.com/maps/contrib/105803882854164450171/reviews?hl=en,1,5 years ago,لبعدها عن منزلنا,True,True,False,2026-09-25
P03,الواجهة البحرية,الدمام,كورنيش,https://maps.app.goo.gl/E5ZBjcN8sv3pc3Jh8,ChdDSUhNMG9nS0VJQ0FnSUR5aTZEbHpRRRAB,Mohammed Al Hmod,https://www.google.com/maps/contrib/115282846244123749709/reviews?hl=en,5,5 years ago,مكان رايق,True,True,False,2026-09-25
P03,الواجهة البحرية,الدمام,كورنيش,https://maps.app.goo.gl/E5ZBjcN8sv3pc3Jh8,ChdDSUhNMG9nS0VJQ0FnSUR5bGEydGpRRRAB,Shaista Akbar,https://www.google.com/maps/contrib/107162651405071633330/reviews?hl=en,5,5 years ago,,False,True,False,2026-09-25
P03,الواجهة البحرية,الدمام,كورنيش,https://maps.app.goo.gl/E5ZBjcN8sv3pc3Jh8,ChdDSUhNMG9nS0VJQ0FnSUR5NlkyUjJnRRAB,Zaid,https://www.google.com/maps/contrib/107529708086975800870/reviews?hl=en,5,5 years ago,,False,True,False,2026-09-25
P03,الواجهة البحرية,الدمام,كورنيش,https://maps.app.goo.gl/E5ZBjcN8sv3pc3Jh8,ChdDSUhNMG9nS0VJQ0FnSUR5cWVPR2hnRRAB,Adnan Almobarak,https://www.google.com/maps/contrib/113943955593148346533/reviews?hl=en,5,5 years ago,"My favourite
Walk there

جميل جدا ، مكان ممتاز لرياضة المشي",True,True,False,2026-09-25
P03,الواجهة البحرية,الدمام,كورنيش,https://maps.app.goo.gl/E5ZBjcN8sv3pc3Jh8,ChdDSUhNMG9nS0VJQ0FnSUR5eWF5NXhRRRAB,Ehab Badawy,https://www.google.com/maps/contrib/108983619882910038814/reviews?hl=en,5,5 years ago,,False,True,False,2026-09-25
P03,الواجهة البحرية,الدمام,كورنيش,https://maps.app.goo.gl/E5ZBjcN8sv3pc3Jh8,ChZDSUhNMG9nS0VJQ0FnSUR5MGNqdkhBEAE,Adham Yahya,https://www.google.com/maps/contrib/104652948703712465935/reviews?hl=en,5,5 years ago,,False,True,False,2026-09-25
P03,الواجهة البحرية,الدمام,كورنيش,https://maps.app.goo.gl/E5ZBjcN8sv3pc3Jh8,ChdDSUhNMG9nS0VJQ0FnSUR5d1luMHJnRRAB,Mohammed M,https://www.google.com/maps/contrib/100442950718086038180/reviews?hl=en,5,5 years ago,,False,True,False,2026-09-25
P03,الواجهة البحرية,الدمام,كورنيش,https://maps.app.goo.gl/E5ZBjcN8sv3pc3Jh8,ChdDSUhNMG9nS0VJQ0FnSUR5Z1lEbzRnRRAB,Salah Aljuryyed,https://www.google.com/maps/contrib/107012203409065447843/reviews?hl=en,3,5 years ago,تحتاج اهتمام وصيانة بعض المناطق فيها,True,True,False,2026-09-25
P03,الواجهة البحرية,الدمام,كورنيش,https://maps.app.goo.gl/E5ZBjcN8sv3pc3Jh8,ChdDSUhNMG9nS0VJQ0FnSUR5bnVYRDZ3RRAB,mohammed ALSHIMRY,https://www.google.com/maps/contrib/111590558339729953669/reviews?hl=en,5,5 years ago,ممتار,True,True,False,2026-09-25
P03,الواجهة البحرية,الدمام,كورنيش,https://maps.app.goo.gl/E5ZBjcN8sv3pc3Jh8,ChZDSUhNMG9nS0VJQ0FnSUR5N3FESUZBEAE,Mohammad Fahmawi,https://www.google.com/maps/contrib/109696537616653493784/reviews?hl=en,4,5 years ago,,False,True,False,2026-09-25
P03,الواجهة البحرية,الدمام,كورنيش,https://maps.app.goo.gl/E5ZBjcN8sv3pc3Jh8,ChdDSUhNMG9nS0VJQ0FnSUR5MXJtejJnRRAB,اشرف المغربي,https://www.google.com/maps/contrib/100985280953437169862/reviews?hl=en,4,5 years ago,"جيدة جدا
تحتاج إضافة بعض الخدمات",True,True,False,2026-09-25
P03,الواجهة البحرية,الدمام,كورنيش,https://maps.app.goo.gl/E5ZBjcN8sv3pc3Jh8,ChZDSUhNMG9nS0VJQ0FnSUR5bHBIQVZ3EAE,EBRAA ebraa,https://www.google.com/maps/contrib/110201200077342399969/reviews?hl=en,5,5 years ago,,False,True,False,2026-09-25
P03,الواجهة البحرية,الدمام,كورنيش,https://maps.app.goo.gl/E5ZBjcN8sv3pc3Jh8,ChZDSUhNMG9nS0VJQ0FnSUR5LXZMaUZBEAE,OSAMA ALBARAJNA,https://www.google.com/maps/contrib/109241267363922018400/reviews?hl=en,5,5 years ago,جميله جدا,True,True,False,2026-09-25
P03,الواجهة البحرية,الدمام,كورنيش,https://maps.app.goo.gl/E5ZBjcN8sv3pc3Jh8,ChdDSUhNMG9nS0VJQ0FnSUR5bXFlTGd3RRAB,M,https://www.google.com/maps/contrib/116850893743200518161/reviews?hl=en,4,5 years ago,,False,True,False,2026-09-25
P03,الواجهة البحرية,الدمام,كورنيش,https://maps.app.goo.gl/E5ZBjcN8sv3pc3Jh8,ChZDSUhNMG9nS0VJQ0FnSUR5aXV6U1F3EAE,meaad AlKhalifa,https://www.google.com/maps/contrib/103664299168263890964/reviews?hl=en,4,5 years ago,,False,True,False,2026-09-25
P03,الواجهة البحرية,الدمام,كورنيش,https://maps.app.goo.gl/E5ZBjcN8sv3pc3Jh8,ChdDSUhNMG9nS0VJQ0FnSUR5a3JUN21RRRAB,نور ملك,https://www.google.com/maps/contrib/116018876404833146848/reviews?hl=en,5,5 years ago,,False,True,False,2026-09-25
P03,الواجهة البحرية,الدمام,كورنيش,https://maps.app.goo.gl/E5ZBjcN8sv3pc3Jh8,ChZDSUhNMG9nS0VJQ0FnSUR5X0lfZ1RBEAE,هنفه الشمري,https://www.google.com/maps/contrib/104521351965813713679/reviews?hl=en,5,5 years ago,,False,True,False,2026-09-25
P03,الواجهة البحرية,الدمام,كورنيش,https://maps.app.goo.gl/E5ZBjcN8sv3pc3Jh8,ChZDSUhNMG9nS0VJQ0FnSUR5dlAyRkJREAE,Abo Abduallah Alqarni,https://www.google.com/maps/contrib/106973755405498069118/reviews?hl=en,3,5 years ago,مكان جميل جدا وهادئ,True,True,False,2026-09-25
P03,الواجهة البحرية,الدمام,كورنيش,https://maps.app.goo.gl/E5ZBjcN8sv3pc3Jh8,ChZDSUhNMG9nS0VJQ0FnSUR5bk43N01REAE,alal ali,https://www.google.com/maps/contrib/100237350682056285967/reviews?hl=en,5,5 years ago,,False,True,False,2026-09-25
P03,الواجهة البحرية,الدمام,كورنيش,https://maps.app.goo.gl/E5ZBjcN8sv3pc3Jh8,ChdDSUhNMG9nS0VJQ0FnSUR5ak1mRDF3RRAB,Comnndan,https://www.google.com/maps/contrib/107977723555724805089/reviews?hl=en,4,5 years ago,,False,True,False,2026-09-25
P03,الواجهة البحرية,الدمام,كورنيش,https://maps.app.goo.gl/E5ZBjcN8sv3pc3Jh8,ChdDSUhNMG9nS0VJQ0FnSUR5ak9tTF9BRRAB,Saeed Alzahrani,https://www.google.com/maps/contrib/103596584714223654836/reviews?hl=en,1,5 years ago,الباعه المتجولون يشوهون المكان,True,True,False,2026-09-25
P03,الواجهة البحرية,الدمام,كورنيش,https://maps.app.goo.gl/E5ZBjcN8sv3pc3Jh8,ChdDSUhNMG9nS0VJQ0FnSUR5OUpXWTZnRRAB,أبو أيمن الشهري,https://www.google.com/maps/contrib/117497941748734317043/reviews?hl=en,5,5 years ago,,False,True,False,2026-09-25
P03,الواجهة البحرية,الدمام,كورنيش,https://maps.app.goo.gl/E5ZBjcN8sv3pc3Jh8,ChZDSUhNMG9nS0VJQ0FnSUR5OU1uRWRBEAE,Omar Amer,https://www.google.com/maps/contrib/100548087972262093424/reviews?hl=en,4,5 years ago,,False,True,False,2026-09-25
P03,الواجهة البحرية,الدمام,كورنيش,https://maps.app.goo.gl/E5ZBjcN8sv3pc3Jh8,ChdDSUhNMG9nS0VJQ0FnSUR5OUxqYWhBRRAB,Mahmoud Abd El Rady,https://www.google.com/maps/contrib/113807038971676007721/reviews?hl=en,5,5 years ago,,False,True,False,2026-09-25
P03,الواجهة البحرية,الدمام,كورنيش,https://maps.app.goo.gl/E5ZBjcN8sv3pc3Jh8,ChZDSUhNMG9nS0VJQ0FnSUR5cExubWJBEAE,Raed Al-Dohaim,https://www.google.com/maps/contrib/113396763957014545894/reviews?hl=en,5,5 years ago,,False,True,False,2026-09-25
P03,الواجهة البحرية,الدمام,كورنيش,https://maps.app.goo.gl/E5ZBjcN8sv3pc3Jh8,ChZDSUhNMG9nS0VJQ0FnSUR5Mk12aEpREAE,راشد القصمول,https://www.google.com/maps/contrib/102368693755014102270/reviews?hl=en,4,5 years ago,مناسب جدا عوائل وشباب ما رياضة وتنزة جانب البحر,True,True,False,2026-09-25
P03,الواجهة البحرية,الدمام,كورنيش,https://maps.app.goo.gl/E5ZBjcN8sv3pc3Jh8,ChdDSUhNMG9nS0VJQ0FnSUN5NjZQOTZRRRAB,MAFIA_321,https://www.google.com/maps/contrib/114889144291959372924/reviews?hl=en,5,Edited 5 years ago,جميله,True,True,False,2026-09-25
P03,الواجهة البحرية,الدمام,كورنيش,https://maps.app.goo.gl/E5ZBjcN8sv3pc3Jh8,ChZDSUhNMG9nS0VJQ0FnSUR5eU5YV0h3EAE,Aziz Habib,https://www.google.com/maps/contrib/101111264816569462170/reviews?hl=en,4,5 years ago,يحتاج الى عمل اكثر  .,True,True,False,2026-09-25
P03,الواجهة البحرية,الدمام,كورنيش,https://maps.app.goo.gl/E5ZBjcN8sv3pc3Jh8,ChZDSUhNMG9nS0VJQ0FnSUR5Z1B1N1p3EAE,A Alghamdi,https://www.google.com/maps/contrib/100028181137243409942/reviews?hl=en,2,5 years ago,زحمممه مو طبيعيه,True,True,False,2026-09-25
P03,الواجهة البحرية,الدمام,كورنيش,https://maps.app.goo.gl/E5ZBjcN8sv3pc3Jh8,ChZDSUhNMG9nS0VJQ0FnSUN5djYyZFFREAE,king the black,https://www.google.com/maps/contrib/116682179188691300936/reviews?hl=en,5,5 years ago,,False,True,False,2026-09-25
P03,الواجهة البحرية,الدمام,كورنيش,https://maps.app.goo.gl/E5ZBjcN8sv3pc3Jh8,ChZDSUhNMG9nS0VJQ0FnSUN5ai12TGFnEAE,Mohamed El Morsy,https://www.google.com/maps/contrib/115433188382493935276/reviews?hl=en,5,5 years ago,,False,True,False,2026-09-25
P03,الواجهة البحرية,الدمام,كورنيش,https://maps.app.goo.gl/E5ZBjcN8sv3pc3Jh8,ChZDSUhNMG9nS0VJQ0FnSUN5ajhDaUhBEAE,Al-Theheen BG,https://www.google.com/maps/contrib/118302982444291113813/reviews?hl=en,4,5 years ago,Good,False,True,False,2026-09-25
P03,الواجهة البحرية,الدمام,كورنيش,https://maps.app.goo.gl/E5ZBjcN8sv3pc3Jh8,ChZDSUhNMG9nS0VJQ0FnSUN5bDh6ZkF3EAE,mohammad subhi,https://www.google.com/maps/contrib/113033067785362489965/reviews?hl=en,4,5 years ago,مكان جميل للعائلة والاولاد,True,True,False,2026-09-25
P03,الواجهة البحرية,الدمام,كورنيش,https://maps.app.goo.gl/E5ZBjcN8sv3pc3Jh8,ChdDSUhNMG9nS0VJQ0FnSUN5LTczM3hRRRAB,‫نايف عبدالله (‪MRN‬‏)‬‎,https://www.google.com/maps/contrib/108471428931060609721/reviews?hl=en,5,5 years ago,,False,True,False,2026-09-25
P03,الواجهة البحرية,الدمام,كورنيش,https://maps.app.goo.gl/E5ZBjcN8sv3pc3Jh8,ChZDSUhNMG9nS0VJQ0FnSUN5MjVLc1FBEAE,محمد القرني,https://www.google.com/maps/contrib/115638362459269186946/reviews?hl=en,5,5 years ago,,False,True,False,2026-09-25
P03,الواجهة البحرية,الدمام,كورنيش,https://maps.app.goo.gl/E5ZBjcN8sv3pc3Jh8,ChdDSUhNMG9nS0VJQ0FnSUN5Mi1LTHpRRRAB,Mahlake Photo,https://www.google.com/maps/contrib/115771290044984513712/reviews?hl=en,2,5 years ago,,False,True,False,2026-09-25
P03,الواجهة البحرية,الدمام,كورنيش,https://maps.app.goo.gl/E5ZBjcN8sv3pc3Jh8,ChZDSUhNMG9nS0VJQ0FnSUN5bThUeVhREAE,Aboodabood Abood,https://www.google.com/maps/contrib/114873683754281791608/reviews?hl=en,5,5 years ago,ممتاز جدا,True,True,False,2026-09-25
P03,الواجهة البحرية,الدمام,كورنيش,https://maps.app.goo.gl/E5ZBjcN8sv3pc3Jh8,ChZDSUhNMG9nS0VJQ0FnSUN5cThhVkRBEAE,Faisal Altraiki,https://www.google.com/maps/contrib/115524955414147408517/reviews?hl=en,5,5 years ago,مكان جميل,True,True,False,2026-09-25
P03,الواجهة البحرية,الدمام,كورنيش,https://maps.app.goo.gl/E5ZBjcN8sv3pc3Jh8,ChdDSUhNMG9nS0VJQ0FnSUN5cTVLSTNnRRAB,W Alunezi,https://www.google.com/maps/contrib/116800996376534903831/reviews?hl=en,5,5 years ago,,False,True,False,2026-09-25
P03,الواجهة البحرية,الدمام,كورنيش,https://maps.app.goo.gl/E5ZBjcN8sv3pc3Jh8,ChZDSUhNMG9nS0VJQ0FnSUN5eTVUMWVBEAE,أبـو غـــلا الشهري,https://www.google.com/maps/contrib/102141069210499045170/reviews?hl=en,4,5 years ago,تحت التطوير,True,True,False,2026-09-25
P03,الواجهة البحرية,الدمام,كورنيش,https://maps.app.goo.gl/E5ZBjcN8sv3pc3Jh8,ChdDSUhNMG9nS0VJQ0FnSUN5aTVhVy1RRRAB,B Azam Malik,https://www.google.com/maps/contrib/106480560915921145253/reviews?hl=en,5,5 years ago,,False,True,False,2026-09-25
P03,الواجهة البحرية,الدمام,كورنيش,https://maps.app.goo.gl/E5ZBjcN8sv3pc3Jh8,ChdDSUhNMG9nS0VJQ0FnSUN5OF82Y3N3RRAB,Samara Rahmeh,https://www.google.com/maps/contrib/111138006496381292829/reviews?hl=en,4,5 years ago,مكان جميل,True,True,False,2026-09-25
P03,الواجهة البحرية,الدمام,كورنيش,https://maps.app.goo.gl/E5ZBjcN8sv3pc3Jh8,ChZDSUhNMG9nS0VJQ0FnSUN5czhtZUJ3EAE,Majid,https://www.google.com/maps/contrib/108126675266807542899/reviews?hl=en,5,5 years ago,,False,True,False,2026-09-25
P03,الواجهة البحرية,الدمام,كورنيش,https://maps.app.goo.gl/E5ZBjcN8sv3pc3Jh8,ChZDSUhNMG9nS0VJQ0FnSUN5czRyOGZBEAE,Ibrahim Al-Ghamdi,https://www.google.com/maps/contrib/101019034882568010932/reviews?hl=en,5,5 years ago,,False,True,False,2026-09-25
P03,الواجهة البحرية,الدمام,كورنيش,https://maps.app.goo.gl/E5ZBjcN8sv3pc3Jh8,ChZDSUhNMG9nS0VJQ0FnSUN5X1p2MUZREAE,ابو عساف الحربي,https://www.google.com/maps/contrib/116934061739747573254/reviews?hl=en,5,5 years ago,ينقصها محلات للكوفي,True,True,False,2026-09-25
P03,الواجهة البحرية,الدمام,كورنيش,https://maps.app.goo.gl/E5ZBjcN8sv3pc3Jh8,ChdDSUhNMG9nS0VJQ0FnSUN5clkzWjB3RRAB,sa alsgor,https://www.google.com/maps/contrib/113297940950284997166/reviews?hl=en,5,5 years ago,جميله,True,True,False,2026-09-25
P03,الواجهة البحرية,الدمام,كورنيش,https://maps.app.goo.gl/E5ZBjcN8sv3pc3Jh8,ChdDSUhNMG9nS0VJQ0FnSUN5emRDZDlRRRAB,Nada,https://www.google.com/maps/contrib/100362541740659497245/reviews?hl=en,5,5 years ago,,False,True,False,2026-09-25
P03,الواجهة البحرية,الدمام,كورنيش,https://maps.app.goo.gl/E5ZBjcN8sv3pc3Jh8,ChdDSUhNMG9nS0VJQ0FnSUN5OWI2ZTFnRRAB,ابو خالد,https://www.google.com/maps/contrib/109439318808678390381/reviews?hl=en,4,5 years ago,,False,True,False,2026-09-25
P03,الواجهة البحرية,الدمام,كورنيش,https://maps.app.goo.gl/E5ZBjcN8sv3pc3Jh8,ChdDSUhNMG9nS0VJQ0FnSUN5MWRlVmtBRRAB,Muna,https://www.google.com/maps/contrib/109109017373049846035/reviews?hl=en,3,5 years ago,الواجهه البحريه مكان واسع وجميل لكن تحتاج اهتمام اكبر ..ينقصها مطاعم وكوفيهات .. ياليت ينظمون عربات الطعام مثل (لاست اكزت) بدبي ..بيكون شكلها اجمل ..وياليت المستثمرين يسوون مشاريع واشياء ترفيهيه بالواجهه ..المكان كبير ويجب استغلاله,True,True,False,2026-09-25
P03,الواجهة البحرية,الدمام,كورنيش,https://maps.app.goo.gl/E5ZBjcN8sv3pc3Jh8,ChdDSUhNMG9nS0VJQ0FnSUN5bFlMZnh3RRAB,Motasim Almousa,https://www.google.com/maps/contrib/101798162628876089680/reviews?hl=en,5,5 years ago,I LOVE DAMMAM,False,True,False,2026-09-25
P03,الواجهة البحرية,الدمام,كورنيش,https://maps.app.goo.gl/E5ZBjcN8sv3pc3Jh8,ChdDSUhNMG9nS0VJQ0FnSUN5aGNYRXpRRRAB,الهم اغفر له وارحمهM Hz,https://www.google.com/maps/contrib/115874646386111904966/reviews?hl=en,5,5 years ago,موقع متميز به كافه المططلبات,True,True,False,2026-09-25
P03,الواجهة البحرية,الدمام,كورنيش,https://maps.app.goo.gl/E5ZBjcN8sv3pc3Jh8,ChdDSUhNMG9nS0VJQ0FnSUN5aFpiVTNRRRAB,MOHMMED ALHARBI,https://www.google.com/maps/contrib/111216087136853376554/reviews?hl=en,5,5 years ago,مكان جداً راقي وجميل,True,True,False,2026-09-25
P03,الواجهة البحرية,الدمام,كورنيش,https://maps.app.goo.gl/E5ZBjcN8sv3pc3Jh8,ChdDSUhNMG9nS0VJQ0FnSUN5MlpXUHpRRRAB,احمد بوودعان,https://www.google.com/maps/contrib/115718217049950167164/reviews?hl=en,5,5 years ago,,False,True,False,2026-09-25
P03,الواجهة البحرية,الدمام,كورنيش,https://maps.app.goo.gl/E5ZBjcN8sv3pc3Jh8,ChZDSUhNMG9nS0VJQ0FnSUN5bWNqa01nEAE,Abdullah alamri,https://www.google.com/maps/contrib/102111064491313498609/reviews?hl=en,5,5 years ago,,False,True,False,2026-09-25
P03,الواجهة البحرية,الدمام,كورنيش,https://maps.app.goo.gl/E5ZBjcN8sv3pc3Jh8,ChZDSUhNMG9nS0VJQ0FnSUN5cWZhRkRREAE,Ayman Abdalrhman,https://www.google.com/maps/contrib/114857537527731403643/reviews?hl=en,5,5 years ago,الله يكرمك اهل هذا البلد قيادة وشعبا,True,True,False,2026-09-25
P03,الواجهة البحرية,الدمام,كورنيش,https://maps.app.goo.gl/E5ZBjcN8sv3pc3Jh8,ChdDSUhNMG9nS0VJQ0FnSUN5cHJ1azVRRRAB,Jamelah Salah,https://www.google.com/maps/contrib/114803477134596643364/reviews?hl=en,5,5 years ago,,False,True,False,2026-09-25
P03,الواجهة البحرية,الدمام,كورنيش,https://maps.app.goo.gl/E5ZBjcN8sv3pc3Jh8,ChZDSUhNMG9nS0VJQ0FnSUN5dXZUdFN3EAE,Ghada A,https://www.google.com/maps/contrib/118228763022068934923/reviews?hl=en,4,5 years ago,The greenery is very beautiful and it's clean and well kept. There was some construction happening by the beach.,False,True,False,2026-09-25
P03,الواجهة البحرية,الدمام,كورنيش,https://maps.app.goo.gl/E5ZBjcN8sv3pc3Jh8,ChdDSUhNMG9nS0VJQ0FnSUN5eXEybzZRRRAB,Khaled Elqousi,https://www.google.com/maps/contrib/112120908043154108585/reviews?hl=en,5,5 years ago,ذكريات العائلة .. ذكريات لم الشمل والاوقات الجميلة,True,True,False,2026-09-25
P03,الواجهة البحرية,الدمام,كورنيش,https://maps.app.goo.gl/E5ZBjcN8sv3pc3Jh8,ChZDSUhNMG9nS0VJQ0FnSUN5a3NYblZBEAE,hamzah Mohammed,https://www.google.com/maps/contrib/105450828280882369520/reviews?hl=en,5,5 years ago,جميل جدا,True,True,False,2026-09-25
P03,الواجهة البحرية,الدمام,كورنيش,https://maps.app.goo.gl/E5ZBjcN8sv3pc3Jh8,ChdDSUhNMG9nS0VJQ0FnSUN5M0xhUDVnRRAB,Heba Jamal Akhtar Ansari,https://www.google.com/maps/contrib/103875047274529114758/reviews?hl=en,5,5 years ago,,False,True,False,2026-09-25
P03,الواجهة البحرية,الدمام,كورنيش,https://maps.app.goo.gl/E5ZBjcN8sv3pc3Jh8,ChdDSUhNMG9nS0VJQ0FnSUN5bk0yaHpRRRAB,Mohamd Safi,https://www.google.com/maps/contrib/113610350827947943455/reviews?hl=en,3,5 years ago,متنزه ومتنفس للعائله,True,True,False,2026-09-25
P03,الواجهة البحرية,الدمام,كورنيش,https://maps.app.goo.gl/E5ZBjcN8sv3pc3Jh8,ChdDSUhNMG9nS0VJQ0FnSUN5ckxfNXNRRRAB,ahmed yousef,https://www.google.com/maps/contrib/105738325235987743540/reviews?hl=en,5,5 years ago,,False,True,False,2026-09-25
P03,الواجهة البحرية,الدمام,كورنيش,https://maps.app.goo.gl/E5ZBjcN8sv3pc3Jh8,ChdDSUhNMG9nS0VJQ0FnSUN5MUl2LV9BRRAB,Om Leen Jabr,https://www.google.com/maps/contrib/102890842585249898170/reviews?hl=en,5,5 years ago,ايش احلى من الكورنيش,True,True,False,2026-09-25
P03,الواجهة البحرية,الدمام,كورنيش,https://maps.app.goo.gl/E5ZBjcN8sv3pc3Jh8,ChdDSUhNMG9nS0VJQ0FnSURTcHJmYXZ3RRAB,mohf Shendi,https://www.google.com/maps/contrib/100125712855186311301/reviews?hl=en,3,Edited 5 years ago,,False,True,False,2026-09-25
P03,الواجهة البحرية,الدمام,كورنيش,https://maps.app.goo.gl/E5ZBjcN8sv3pc3Jh8,ChdDSUhNMG9nS0VJQ0FnSUN5cElMdTJRRRAB,hamed sabry,https://www.google.com/maps/contrib/113904089583999930074/reviews?hl=en,5,5 years ago,مكان رائع جدا جزي الله القائمين عليه كل خير,True,True,False,2026-09-25
P03,الواجهة البحرية,الدمام,كورنيش,https://maps.app.goo.gl/E5ZBjcN8sv3pc3Jh8,ChZDSUhNMG9nS0VJQ0FnSUN5dUtheFR3EAE,متجر كبوت,https://www.google.com/maps/contrib/116316525676487786395/reviews?hl=en,5,5 years ago,"هدو جميل اجوا  اكثر من روعه
ارتااااح لهذا المكان",True,True,False,2026-09-25
P03,الواجهة البحرية,الدمام,كورنيش,https://maps.app.goo.gl/E5ZBjcN8sv3pc3Jh8,ChZDSUhNMG9nS0VJQ0FnSUN5MktXR2JREAE,Mohammed,https://www.google.com/maps/contrib/100125874978348262474/reviews?hl=en,4,5 years ago,,False,True,False,2026-09-25
P03,الواجهة البحرية,الدمام,كورنيش,https://maps.app.goo.gl/E5ZBjcN8sv3pc3Jh8,ChdDSUhNMG9nS0VJQ0FnSUN5eU9qVTJ3RRAB,عزيز,https://www.google.com/maps/contrib/106394693845220777117/reviews?hl=en,2,5 years ago,تحتاج صيانة,True,True,False,2026-09-25
P03,الواجهة البحرية,الدمام,كورنيش,https://maps.app.goo.gl/E5ZBjcN8sv3pc3Jh8,ChdDSUhNMG9nS0VJQ0FnSUN5c0lMcXB3RRAB,emad habesh,https://www.google.com/maps/contrib/109422386749839729606/reviews?hl=en,5,5 years ago,جميل جدا وهادئ,True,True,False,2026-09-25
P03,الواجهة البحرية,الدمام,كورنيش,https://maps.app.goo.gl/E5ZBjcN8sv3pc3Jh8,ChZDSUhNMG9nS0VJQ0FnSUN5d09fNUFnEAE,abdulrahman khifo,https://www.google.com/maps/contrib/102971132216079608912/reviews?hl=en,5,5 years ago,,False,True,False,2026-09-25
P03,الواجهة البحرية,الدمام,كورنيش,https://maps.app.goo.gl/E5ZBjcN8sv3pc3Jh8,ChZDSUhNMG9nS0VJQ0FnSUN5Z0pPemV3EAE,Lubna Sbeih,https://www.google.com/maps/contrib/115088414944809231742/reviews?hl=en,4,5 years ago,,False,True,False,2026-09-25
P03,الواجهة البحرية,الدمام,كورنيش,https://maps.app.goo.gl/E5ZBjcN8sv3pc3Jh8,ChdDSUhNMG9nS0VJQ0FnSURTMTktOXRnRRAB,Um Roaa AlMoqbel,https://www.google.com/maps/contrib/106298070818310247169/reviews?hl=en,4,5 years ago,"الجو بالشتاء حلوووو هوا باااااااارد ما في رطوبة نهائيا 😍 مع اني أكره البحر والرطوبة وتأثر ع نفسيتي ومزاجي من صغري بس حبيت البحر هذي اول مرة مع الجو البارد 😍 تجنننننن شعور مختلف ❤
فيها كمان العاب للاطفال ومطاعم وكافيهات قريبه",True,True,False,2026-09-25
P03,الواجهة البحرية,الدمام,كورنيش,https://maps.app.goo.gl/E5ZBjcN8sv3pc3Jh8,ChdDSUhNMG9nS0VJQ0FnSURTeF9fSXh3RRAB,ساميه سلمان,https://www.google.com/maps/contrib/104623600567113798547/reviews?hl=en,5,5 years ago,,False,True,False,2026-09-25
P03,الواجهة البحرية,الدمام,كورنيش,https://maps.app.goo.gl/E5ZBjcN8sv3pc3Jh8,ChZDSUhNMG9nS0VJQ0FnSURTeC1TTkV3EAE,Amro Salama,https://www.google.com/maps/contrib/118084837725039892682/reviews?hl=en,4,5 years ago,,False,True,False,2026-09-25
P03,الواجهة البحرية,الدمام,كورنيش,https://maps.app.goo.gl/E5ZBjcN8sv3pc3Jh8,ChZDSUhNMG9nS0VJQ0FnSURTLTgtWkF3EAE,Hassan al dossary,https://www.google.com/maps/contrib/118033537437414471591/reviews?hl=en,5,5 years ago,,False,True,False,2026-09-25
P03,الواجهة البحرية,الدمام,كورنيش,https://maps.app.goo.gl/E5ZBjcN8sv3pc3Jh8,ChdDSUhNMG9nS0VJQ0FnSURTLV83LWlRRRAB,Riyadheats,https://www.google.com/maps/contrib/110856632861637577098/reviews?hl=en,4,5 years ago,,False,True,False,2026-09-25
P03,الواجهة البحرية,الدمام,كورنيش,https://maps.app.goo.gl/E5ZBjcN8sv3pc3Jh8,ChdDSUhNMG9nS0VJQ0FnSURTMjRIYnBnRRAB,زهور,https://www.google.com/maps/contrib/100044853718524022740/reviews?hl=en,5,5 years ago,,False,True,False,2026-09-25
P03,الواجهة البحرية,الدمام,كورنيش,https://maps.app.goo.gl/E5ZBjcN8sv3pc3Jh8,ChZDSUhNMG9nS0VJQ0FnSURTaS1DVGZ3EAE,Just_ Ahmed,https://www.google.com/maps/contrib/100541955165839130444/reviews?hl=en,5,5 years ago,جدا جميله اتساع كبير للناس وترتيب ونظافه.. نطلب بس من المتنزهين المحافظه على النظافه قبل مغادرتهم المكان,True,True,False,2026-09-25
P03,الواجهة البحرية,الدمام,كورنيش,https://maps.app.goo.gl/E5ZBjcN8sv3pc3Jh8,ChZDSUhNMG9nS0VJQ0FnSURTMDRpQVJREAE,أحمد الشهري,https://www.google.com/maps/contrib/106485223513698812653/reviews?hl=en,5,5 years ago,جميلة ومنطقة هادئة ومناسبة جدا لرياضة المشي,True,True,False,2026-09-25
P03,الواجهة البحرية,الدمام,كورنيش,https://maps.app.goo.gl/E5ZBjcN8sv3pc3Jh8,ChZDSUhNMG9nS0VJQ0FnSURTbzRqekJBEAE,ولد الثنيان,https://www.google.com/maps/contrib/111535420145950622358/reviews?hl=en,5,5 years ago,,False,True,False,2026-09-25
P03,الواجهة البحرية,الدمام,كورنيش,https://maps.app.goo.gl/E5ZBjcN8sv3pc3Jh8,ChdDSUhNMG9nS0VJQ0FnSURTZzQ3d29RRRAB,أ 523,https://www.google.com/maps/contrib/111847682526457949366/reviews?hl=en,4,5 years ago,مكان جميل فيه ألعاب أطفال ودورات مياه ومطاعم,True,True,False,2026-09-25
P03,الواجهة البحرية,الدمام,كورنيش,https://maps.app.goo.gl/E5ZBjcN8sv3pc3Jh8,ChdDSUhNMG9nS0VJQ0FnSURTX1lQWjlnRRAB,Ali Almohisien KSA,https://www.google.com/maps/contrib/104092489782209608869/reviews?hl=en,4,5 years ago,رائعة ولكن تنقصها بعض الخدمات مثلا مراكز تسوق ، تحتاج نظافة أكثر .,True,True,False,2026-09-25
P03,الواجهة البحرية,الدمام,كورنيش,https://maps.app.goo.gl/E5ZBjcN8sv3pc3Jh8,ChdDSUhNMG9nS0VJQ0FnSURTdmFxb29RRRAB,الاستاذ: عبدالعزيز صدقه,https://www.google.com/maps/contrib/114625811826720381240/reviews?hl=en,5,5 years ago,,False,True,False,2026-09-25
P03,الواجهة البحرية,الدمام,كورنيش,https://maps.app.goo.gl/E5ZBjcN8sv3pc3Jh8,ChZDSUhNMG9nS0VJQ0FnSURTcmM3aFZnEAE,Manar I.F,https://www.google.com/maps/contrib/111540422666989298754/reviews?hl=en,5,5 years ago,,False,True,False,2026-09-25
P03,الواجهة البحرية,الدمام,كورنيش,https://maps.app.goo.gl/E5ZBjcN8sv3pc3Jh8,ChZDSUhNMG9nS0VJQ0FnSURTemFYVFdBEAE,mahmoud awd,https://www.google.com/maps/contrib/116700383588849539805/reviews?hl=en,5,5 years ago,,False,True,False,2026-09-25
P03,الواجهة البحرية,الدمام,كورنيش,https://maps.app.goo.gl/E5ZBjcN8sv3pc3Jh8,ChdDSUhNMG9nS0VJQ0FnSURTMWZ5MmdRRRAB,mazin al,https://www.google.com/maps/contrib/108187869156721574076/reviews?hl=en,5,5 years ago,جميلة جدا وللمشي والاندماج ولكن يتواجد بعض الحواجز السيارات لا فائده منها في الواجهة وشوهت المنظر,True,True,False,2026-09-25
P03,الواجهة البحرية,الدمام,كورنيش,https://maps.app.goo.gl/E5ZBjcN8sv3pc3Jh8,ChdDSUhNMG9nS0VJQ0FnSURTNWQzcGhnRRAB,Soso Abdalaziz,https://www.google.com/maps/contrib/111865703664499509258/reviews?hl=en,5,5 years ago,مكان جميل ورائع ب هالاجواء,True,True,False,2026-09-25
P03,الواجهة البحرية,الدمام,كورنيش,https://maps.app.goo.gl/E5ZBjcN8sv3pc3Jh8,ChdDSUhNMG9nS0VJQ0FnSURTNVpETS1nRRAB,mzh photography,https://www.google.com/maps/contrib/103134795134892586354/reviews?hl=en,5,5 years ago,,False,True,False,2026-09-25
P03,الواجهة البحرية,الدمام,كورنيش,https://maps.app.goo.gl/E5ZBjcN8sv3pc3Jh8,ChZDSUhNMG9nS0VJQ0FnSURTcGN2dVh3EAE,h s dayel,https://www.google.com/maps/contrib/115228288448200664832/reviews?hl=en,3,5 years ago,تحتوي مقاهي ومطاعم,True,True,False,2026-09-25
P03,الواجهة البحرية,الدمام,كورنيش,https://maps.app.goo.gl/E5ZBjcN8sv3pc3Jh8,ChRDSUhNMG9nS0VJQ0FnSURTcGFONxAB,,https://www.google.com/maps/contrib/103208842787049864504/reviews?hl=en,5,,,False,True,False,2026-09-25
P03,الواجهة البحرية,الدمام,كورنيش,https://maps.app.goo.gl/E5ZBjcN8sv3pc3Jh8,ChdDSUhNMG9nS0VJQ0FnSURTcGYyQnl3RRAB,Wlf4evr,https://www.google.com/maps/contrib/116555790151330730013/reviews?hl=en,4,5 years ago,,False,True,False,2026-09-25
P03,الواجهة البحرية,الدمام,كورنيش,https://maps.app.goo.gl/E5ZBjcN8sv3pc3Jh8,ChdDSUhNMG9nS0VJQ0FnSURTcGNYeF9nRRAB,Foodie Bay “gourmet”,https://www.google.com/maps/contrib/111389085792670012570/reviews?hl=en,4,5 years ago,"المكان رائع لو تم تطويره ليكون أروع
اتخذوا التجربة تنظيم الواجهة والشواطئ البحرية من دبي ومن دول عالمية
وذلك بإضافة فعاليات اجتماعية واقتصادية مميزة وأمور ترفيهية وصحية ورياضية والكلام يطول",True,True,False,2026-09-25
P03,الواجهة البحرية,الدمام,كورنيش,https://maps.app.goo.gl/E5ZBjcN8sv3pc3Jh8,ChZDSUhNMG9nS0VJQ0FnSURTeGVPLUNBEAE,Ahlam Rbaba ́h,https://www.google.com/maps/contrib/109116433281596805479/reviews?hl=en,5,5 years ago,مكان روعه,True,True,False,2026-09-25
P03,الواجهة البحرية,الدمام,كورنيش,https://maps.app.goo.gl/E5ZBjcN8sv3pc3Jh8,ChZDSUhNMG9nS0VJQ0FnSURTeGNELWFREAE,Ahmed MuBArAk,https://www.google.com/maps/contrib/101609071363920097343/reviews?hl=en,3,5 years ago,"تحتاج إلى تطور اكثر

ياليت يخلونهم مثل واجهة الخبر",True,True,False,2026-09-25
P03,الواجهة البحرية,الدمام,كورنيش,https://maps.app.goo.gl/E5ZBjcN8sv3pc3Jh8,ChZDSUhNMG9nS0VJQ0FnSURTaGFiU09REAE,Aref Net,https://www.google.com/maps/contrib/110985817584780244300/reviews?hl=en,5,5 years ago,,False,True,False,2026-09-25
P03,الواجهة البحرية,الدمام,كورنيش,https://maps.app.goo.gl/E5ZBjcN8sv3pc3Jh8,ChZDSUhNMG9nS0VJQ0FnSURTMllLcWVREAE,IBRAHIM ALDAWSARY,https://www.google.com/maps/contrib/108451035752763246059/reviews?hl=en,4,5 years ago,رائعة ومرتبة لكن الصراحه فيه بعض مرتاديها بحاجة للتثقيف من ناحية النظافة، والمحافظة على نظافة الأماكن العامه,True,True,False,2026-09-25
P03,الواجهة البحرية,الدمام,كورنيش,https://maps.app.goo.gl/E5ZBjcN8sv3pc3Jh8,ChZDSUhNMG9nS0VJQ0FnSURTNmI3MUhBEAE,Ahmed Abdelzaher Mustafa,https://www.google.com/maps/contrib/112839746412205076539/reviews?hl=en,5,5 years ago,"مكان هادئ جدا وجميل خصوصا في أوقات الخريف والشتاء
اماكن جلوس مباشرة على البحر واماكن خضراء كثيرة للجلسات العائلية
لا يسمح بالشوي",True,True,False,2026-09-25
P03,الواجهة البحرية,الدمام,كورنيش,https://maps.app.goo.gl/E5ZBjcN8sv3pc3Jh8,ChdDSUhNMG9nS0VJQ0FnSURTcWNQWDB3RRAB,عوض عبدالله,https://www.google.com/maps/contrib/101628039878508916185/reviews?hl=en,1,5 years ago,,False,True,False,2026-09-25
P03,الواجهة البحرية,الدمام,كورنيش,https://maps.app.goo.gl/E5ZBjcN8sv3pc3Jh8,ChdDSUhNMG9nS0VJQ0FnSURTcWJqSW1RRRAB,OMAR ALSUWILEM,https://www.google.com/maps/contrib/114553330368334362334/reviews?hl=en,5,5 years ago,رائع,True,True,False,2026-09-25
P03,الواجهة البحرية,الدمام,كورنيش,https://maps.app.goo.gl/E5ZBjcN8sv3pc3Jh8,ChZDSUhNMG9nS0VJQ0FnSURTdnREYkdBEAE,Mohammed,https://www.google.com/maps/contrib/114314585733862456967/reviews?hl=en,5,5 years ago,,False,True,False,2026-09-25
P03,الواجهة البحرية,الدمام,كورنيش,https://maps.app.goo.gl/E5ZBjcN8sv3pc3Jh8,ChdDSUhNMG9nS0VJQ0FnSURTdnVEZWtBRRAB,ali alshaeri (‫أبو شهد الشاعري‬‎),https://www.google.com/maps/contrib/101385664355595814672/reviews?hl=en,5,5 years ago,,False,True,False,2026-09-25
P03,الواجهة البحرية,الدمام,كورنيش,https://maps.app.goo.gl/E5ZBjcN8sv3pc3Jh8,ChZDSUhNMG9nS0VJQ0FnSURTOXRPUVd3EAE,Mohamed Fathy,https://www.google.com/maps/contrib/108153923964120092809/reviews?hl=en,4,5 years ago,,False,True,False,2026-09-25
P03,الواجهة البحرية,الدمام,كورنيش,https://maps.app.goo.gl/E5ZBjcN8sv3pc3Jh8,ChdDSUhNMG9nS0VJQ0FnSURTcHRLVnpBRRAB,hani alwan,https://www.google.com/maps/contrib/116336613171121314772/reviews?hl=en,4,5 years ago,,False,True,False,2026-09-25
P03,الواجهة البحرية,الدمام,كورنيش,https://maps.app.goo.gl/E5ZBjcN8sv3pc3Jh8,ChdDSUhNMG9nS0VJQ0FnSURTLXZPUHBBRRAB,nadia asiri,https://www.google.com/maps/contrib/112730694699326510230/reviews?hl=en,4,5 years ago,ز,True,True,False,2026-09-25
P03,الواجهة البحرية,الدمام,كورنيش,https://maps.app.goo.gl/E5ZBjcN8sv3pc3Jh8,ChdDSUhNMG9nS0VJQ0FnSURTdXZERjFRRRAB,Abdulhameed Alawadh,https://www.google.com/maps/contrib/103598837890648658228/reviews?hl=en,5,5 years ago,,False,True,False,2026-09-25
P03,الواجهة البحرية,الدمام,كورنيش,https://maps.app.goo.gl/E5ZBjcN8sv3pc3Jh8,ChZDSUhNMG9nS0VJQ0FnSURTNm9QRE9REAE,ASD Z,https://www.google.com/maps/contrib/112494068387151365769/reviews?hl=en,1,5 years ago,رائعععه,True,True,False,2026-09-25
P03,الواجهة البحرية,الدمام,كورنيش,https://maps.app.goo.gl/E5ZBjcN8sv3pc3Jh8,ChZDSUhNMG9nS0VJQ0FnSURTcXV5UVp3EAE,MUSAAD,https://www.google.com/maps/contrib/109746042423778232222/reviews?hl=en,4,5 years ago,,False,True,False,2026-09-25
P03,الواجهة البحرية,الدمام,كورنيش,https://maps.app.goo.gl/E5ZBjcN8sv3pc3Jh8,ChZDSUhNMG9nS0VJQ0FnSURTa3FxQ0JnEAE,فهد العنزي,https://www.google.com/maps/contrib/103512639689030903410/reviews?hl=en,5,5 years ago,,False,True,False,2026-09-25
P03,الواجهة البحرية,الدمام,كورنيش,https://maps.app.goo.gl/E5ZBjcN8sv3pc3Jh8,ChZDSUhNMG9nS0VJQ0FnSURTd3ZiM053EAE,وليد السمحان,https://www.google.com/maps/contrib/114674275819126412941/reviews?hl=en,4,5 years ago,ممتع,True,True,False,2026-09-25
P03,الواجهة البحرية,الدمام,كورنيش,https://maps.app.goo.gl/E5ZBjcN8sv3pc3Jh8,ChdDSUhNMG9nS0VJQ0FnSURTd3Fib3Z3RRAB,Hashem Jeffrey,https://www.google.com/maps/contrib/105101778544695541201/reviews?hl=en,3,5 years ago,,False,True,False,2026-09-25
P03,الواجهة البحرية,الدمام,كورنيش,https://maps.app.goo.gl/E5ZBjcN8sv3pc3Jh8,ChdDSUhNMG9nS0VJQ0FnSURTck1ycTVRRRAB,SAUD ALHUZAIM,https://www.google.com/maps/contrib/108001716721215597477/reviews?hl=en,4,5 years ago,مكان جميل و جيد للمشي ولاكن فوضى عربات البيع في مواقف السيارات الغير منظمة و الغير نظيفه و الغبار مستوطنها و العمالة الغير مهنيه و الغير سعودية لادارتها و الكثير من التصليحات بالرغم من وجود النخيل لا يوجد أشجار كبيرة ضليله,True,True,False,2026-09-25
P03,الواجهة البحرية,الدمام,كورنيش,https://maps.app.goo.gl/E5ZBjcN8sv3pc3Jh8,ChZDSUhNMG9nS0VJQ0FnSUNTNjczSVNREAE,Selver Ali,https://www.google.com/maps/contrib/114748337494347975280/reviews?hl=en,5,5 years ago,,False,True,False,2026-09-25
P03,الواجهة البحرية,الدمام,كورنيش,https://maps.app.goo.gl/E5ZBjcN8sv3pc3Jh8,ChZDSUhNMG9nS0VJQ0FnSUNTNjRXdVZnEAE,احمد الحبيشي,https://www.google.com/maps/contrib/104214947306739440849/reviews?hl=en,3,5 years ago,,False,True,False,2026-09-25
P03,الواجهة البحرية,الدمام,كورنيش,https://maps.app.goo.gl/E5ZBjcN8sv3pc3Jh8,ChdDSUhNMG9nS0VJQ0FnSUNTNi02STlnRRAB,Ahmed Habib,https://www.google.com/maps/contrib/109221009514387887540/reviews?hl=en,5,5 years ago,,False,True,False,2026-09-25
P03,الواجهة البحرية,الدمام,كورنيش,https://maps.app.goo.gl/E5ZBjcN8sv3pc3Jh8,ChdDSUhNMG9nS0VJQ0FnSUNTcTdpNjV3RRAB,Maha Qahtani,https://www.google.com/maps/contrib/109058175265530469758/reviews?hl=en,5,5 years ago,Very nice and peaceful and clean but always crowded,False,True,False,2026-09-25
P03,الواجهة البحرية,الدمام,كورنيش,https://maps.app.goo.gl/E5ZBjcN8sv3pc3Jh8,ChdDSUhNMG9nS0VJQ0FnSUNTbFlheThRRRAB,hanan aldawood,https://www.google.com/maps/contrib/103617894347118364125/reviews?hl=en,5,5 years ago,الاجواء تجنن ماتنتفوت ما شاء الله تبارك الله والهواء عليل ومنعش,True,True,False,2026-09-25
P03,الواجهة البحرية,الدمام,كورنيش,https://maps.app.goo.gl/E5ZBjcN8sv3pc3Jh8,ChdDSUhNMG9nS0VJQ0FnSUNTcGNicHJBRRAB,Abu 3ayshah,https://www.google.com/maps/contrib/112341716281787555800/reviews?hl=en,3,5 years ago,,False,True,False,2026-09-25
P03,الواجهة البحرية,الدمام,كورنيش,https://maps.app.goo.gl/E5ZBjcN8sv3pc3Jh8,ChdDSUhNMG9nS0VJQ0FnSUNTeGJYOXdnRRAB,حمزه مختار,https://www.google.com/maps/contrib/106724974840803767468/reviews?hl=en,5,5 years ago,الاجواء رائعه كأنه رشه عطر,True,True,False,2026-09-25
P03,الواجهة البحرية,الدمام,كورنيش,https://maps.app.goo.gl/E5ZBjcN8sv3pc3Jh8,ChZDSUhNMG9nS0VJQ0FnSUNTb3NyY2VREAE,fatima ali,https://www.google.com/maps/contrib/111489022864733774164/reviews?hl=en,3,5 years ago,ممتازة أحب هذا المكان جداً,True,True,False,2026-09-25
P03,الواجهة البحرية,الدمام,كورنيش,https://maps.app.goo.gl/E5ZBjcN8sv3pc3Jh8,ChdDSUhNMG9nS0VJQ0FnSUNTb3RLTXp3RRAB,Faisal Aldossary,https://www.google.com/maps/contrib/109863082440120775486/reviews?hl=en,5,5 years ago,,False,True,False,2026-09-25
P03,الواجهة البحرية,الدمام,كورنيش,https://maps.app.goo.gl/E5ZBjcN8sv3pc3Jh8,ChdDSUhNMG9nS0VJQ0FnSUNTa01qY3p3RRAB,Ali Butt,https://www.google.com/maps/contrib/100428309568589170571/reviews?hl=en,5,5 years ago,,False,True,False,2026-09-25
P03,الواجهة البحرية,الدمام,كورنيش,https://maps.app.goo.gl/E5ZBjcN8sv3pc3Jh8,ChZDSUhNMG9nS0VJQ0FnSUNTb0lXNU5BEAE,زين قيمز - Zaingamez,https://www.google.com/maps/contrib/114046920537025532434/reviews?hl=en,5,5 years ago,هذا مكان مناسب لل عائلات 👌 ومكان خورافي 👍 …,True,True,True,2026-09-25
P03,الواجهة البحرية,الدمام,كورنيش,https://maps.app.goo.gl/E5ZBjcN8sv3pc3Jh8,ChZDSUhNMG9nS0VJQ0FnSUNTb0tpd2FnEAE,Abdalwahab Alahmad,https://www.google.com/maps/contrib/114586644648555195928/reviews?hl=en,4,5 years ago,مكان جميل للتنزة والصيد والاسترخاء مع الاجواء الجميلة,True,True,False,2026-09-25
P03,الواجهة البحرية,الدمام,كورنيش,https://maps.app.goo.gl/E5ZBjcN8sv3pc3Jh8,ChdDSUhNMG9nS0VJQ0FnSURpMmQzSnhnRRAB,Yazan Hussein,https://www.google.com/maps/contrib/113853346566042975648/reviews?hl=en,4,5 years ago,,False,True,False,2026-09-25
P03,الواجهة البحرية,الدمام,كورنيش,https://maps.app.goo.gl/E5ZBjcN8sv3pc3Jh8,ChdDSUhNMG9nS0VJQ0FnSURpMmNtdDNRRRAB,taisir hasan khalil (ABU YAZAN),https://www.google.com/maps/contrib/110332369752534217823/reviews?hl=en,5,5 years ago,,False,True,False,2026-09-25
P03,الواجهة البحرية,الدمام,كورنيش,https://maps.app.goo.gl/E5ZBjcN8sv3pc3Jh8,ChZDSUhNMG9nS0VJQ0FnSURpeWEyYmRnEAE,أبو خالد المخلافي,https://www.google.com/maps/contrib/112082979876369957237/reviews?hl=en,4,5 years ago,مكان نظيف ورائع,True,True,False,2026-09-25
P03,الواجهة البحرية,الدمام,كورنيش,https://maps.app.goo.gl/E5ZBjcN8sv3pc3Jh8,ChdDSUhNMG9nS0VJQ0FnSURpNGVlQnN3RRAB,عبدالملك احمد,https://www.google.com/maps/contrib/103859227973844591972/reviews?hl=en,2,5 years ago,,False,True,False,2026-09-25
P03,الواجهة البحرية,الدمام,كورنيش,https://maps.app.goo.gl/E5ZBjcN8sv3pc3Jh8,ChZDSUhNMG9nS0VJQ0FnSURpX3ZfNVhnEAE,мσнαммed,https://www.google.com/maps/contrib/106942473225148458505/reviews?hl=en,4,5 years ago,👍🏻 …,False,True,True,2026-09-25
P03,الواجهة البحرية,الدمام,كورنيش,https://maps.app.goo.gl/E5ZBjcN8sv3pc3Jh8,ChdDSUhNMG9nS0VJQ0FnSURpX3E3dF9RRRAB,al_sedqi,https://www.google.com/maps/contrib/108329488353096645302/reviews?hl=en,4,5 years ago,,False,True,False,2026-09-25
P03,الواجهة البحرية,الدمام,كورنيش,https://maps.app.goo.gl/E5ZBjcN8sv3pc3Jh8,ChZDSUhNMG9nS0VJQ0FnSURpdm8zN0F3EAE,Bayan Alsubaay,https://www.google.com/maps/contrib/107081149669963349084/reviews?hl=en,5,5 years ago,رائع,True,True,False,2026-09-25
P03,الواجهة البحرية,الدمام,كورنيش,https://maps.app.goo.gl/E5ZBjcN8sv3pc3Jh8,ChdDSUhNMG9nS0VJQ0FnSURpdnNtQ3VRRRAB,حسن عربي,https://www.google.com/maps/contrib/116985537264216976916/reviews?hl=en,3,5 years ago,اجواء رايقه ومكان نظيف,True,True,False,2026-09-25
P03,الواجهة البحرية,الدمام,كورنيش,https://maps.app.goo.gl/E5ZBjcN8sv3pc3Jh8,ChZDSUhNMG9nS0VJQ0FnSURpdnNxNlJREAE,Abdul Aziz Turkman,https://www.google.com/maps/contrib/111972934516352801984/reviews?hl=en,5,5 years ago,,False,True,False,2026-09-25
P03,الواجهة البحرية,الدمام,كورنيش,https://maps.app.goo.gl/E5ZBjcN8sv3pc3Jh8,ChZDSUhNMG9nS0VJQ0FnSURpdnFLSFFREAE,عبدالعزيز المسلم,https://www.google.com/maps/contrib/111278260225949259578/reviews?hl=en,5,5 years ago,مكان جميل ومسطحات خضراء على طول الكرونيش وفيه جميع الخدمات مكان رووووعه القضاء يوم جميل مع العائلة وبالتوفيق ✌👌 …,True,True,True,2026-09-25
P03,الواجهة البحرية,الدمام,كورنيش,https://maps.app.goo.gl/E5ZBjcN8sv3pc3Jh8,ChdDSUhNMG9nS0VJQ0FnSURpLW9peF93RRAB,Ali ABDULLAH,https://www.google.com/maps/contrib/108375843941563502176/reviews?hl=en,4,5 years ago,,False,True,False,2026-09-25
P03,الواجهة البحرية,الدمام,كورنيش,https://maps.app.goo.gl/E5ZBjcN8sv3pc3Jh8,ChZDSUhNMG9nS0VJQ0FnSURpNnJ6ZkZBEAE,أم يوسف,https://www.google.com/maps/contrib/100391142447844366056/reviews?hl=en,5,5 years ago,"واجهة رائعة للشرقية...

مسطحات خضراء...

نظافة.... ورقي.... ونظام...

شكرا بلدية المنطقة الشرقية...

شكرا اهل الشرقية لرقيكم واهتمامكم بواجهة مدينتكم..",True,True,False,2026-09-25
P03,الواجهة البحرية,الدمام,كورنيش,https://maps.app.goo.gl/E5ZBjcN8sv3pc3Jh8,ChZDSUhNMG9nS0VJQ0FnSURpX04tQ2VnEAE,Thamer S,https://www.google.com/maps/contrib/106966359376646734953/reviews?hl=en,5,5 years ago,ممتاز ونظيف يستحق الزيارة,True,True,False,2026-09-25
P03,الواجهة البحرية,الدمام,كورنيش,https://maps.app.goo.gl/E5ZBjcN8sv3pc3Jh8,ChdDSUhNMG9nS0VJQ0FnSURpM012RndBRRAB,ABDUALRHMAN ALMUANZ,https://www.google.com/maps/contrib/113117249553896192723/reviews?hl=en,5,5 years ago,جميل ومرتب,True,True,False,2026-09-25
P03,الواجهة البحرية,الدمام,كورنيش,https://maps.app.goo.gl/E5ZBjcN8sv3pc3Jh8,ChZDSUhNMG9nS0VJQ0FnSURpakxxc2R3EAE,7lim 7osainy,https://www.google.com/maps/contrib/103157789678045040596/reviews?hl=en,4,5 years ago,,False,True,False,2026-09-25
P03,الواجهة البحرية,الدمام,كورنيش,https://maps.app.goo.gl/E5ZBjcN8sv3pc3Jh8,ChdDSUhNMG9nS0VJQ0FnSURpLUxMb3FnRRAB,Ibrahim Ahmed,https://www.google.com/maps/contrib/104579901284465586722/reviews?hl=en,5,5 years ago,,False,True,False,2026-09-25
P03,الواجهة البحرية,الدمام,كورنيش,https://maps.app.goo.gl/E5ZBjcN8sv3pc3Jh8,ChdDSUhNMG9nS0VJQ0FnSURpaUpqZnlRRRAB,Ali Otot,https://www.google.com/maps/contrib/100482389234552896338/reviews?hl=en,4,5 years ago,,False,True,False,2026-09-25
P03,الواجهة البحرية,الدمام,كورنيش,https://maps.app.goo.gl/E5ZBjcN8sv3pc3Jh8,ChZDSUhNMG9nS0VJQ0FnSURpc0xtX2RnEAE,حسن الدوسري,https://www.google.com/maps/contrib/102953572942737934431/reviews?hl=en,4,5 years ago,على الموقع,True,True,False,2026-09-25
P03,الواجهة البحرية,الدمام,كورنيش,https://maps.app.goo.gl/E5ZBjcN8sv3pc3Jh8,ChZDSUhNMG9nS0VJQ0FnSURpME5mNWR3EAE,Mohammed Yousef,https://www.google.com/maps/contrib/110435705758070656501/reviews?hl=en,3,5 years ago,,False,True,False,2026-09-25
P03,الواجهة البحرية,الدمام,كورنيش,https://maps.app.goo.gl/E5ZBjcN8sv3pc3Jh8,ChZDSUhNMG9nS0VJQ0FnSURpNE52Y1JBEAE,Eyad Zarea,https://www.google.com/maps/contrib/112914661372782106680/reviews?hl=en,3,5 years ago,جمال,True,True,False,2026-09-25
P03,الواجهة البحرية,الدمام,كورنيش,https://maps.app.goo.gl/E5ZBjcN8sv3pc3Jh8,ChZDSUhNMG9nS0VJQ0FnSUNpbjlQZEN3EAE,Obayd Allah Aly Ismail Mohamed,https://www.google.com/maps/contrib/100300569594639721812/reviews?hl=en,5,5 years ago,رائعة لكن معظم الأسماك التي يتم اصطياد هي أبو شنب(تشبة سمك القرموط),True,True,False,2026-09-25
P03,الواجهة البحرية,الدمام,كورنيش,https://maps.app.goo.gl/E5ZBjcN8sv3pc3Jh8,ChZDSUhNMG9nS0VJQ0FnSUNpNzZEVUVBEAE,زون ٣٥,https://www.google.com/maps/contrib/111202507250993408065/reviews?hl=en,4,5 years ago,,False,True,False,2026-09-25
P03,الواجهة البحرية,الدمام,كورنيش,https://maps.app.goo.gl/E5ZBjcN8sv3pc3Jh8,ChdDSUhNMG9nS0VJQ0FnSUNpdDd6TC1nRRAB,خالد الشهري,https://www.google.com/maps/contrib/103678053617389659903/reviews?hl=en,5,5 years ago,روووعه,True,True,False,2026-09-25
P03,الواجهة البحرية,الدمام,كورنيش,https://maps.app.goo.gl/E5ZBjcN8sv3pc3Jh8,ChdDSUhNMG9nS0VJQ0FnSUNpNTlXYXpRRRAB,ABDULMOHSEN NASSERI,https://www.google.com/maps/contrib/104150868617085247131/reviews?hl=en,3,5 years ago,,False,True,False,2026-09-25
P03,الواجهة البحرية,الدمام,كورنيش,https://maps.app.goo.gl/E5ZBjcN8sv3pc3Jh8,ChdDSUhNMG9nS0VJQ0FnSUNpcDZqbDBBRRAB,Mohammed Alghamdi,https://www.google.com/maps/contrib/103666279723671389210/reviews?hl=en,5,5 years ago,,False,True,False,2026-09-25
P03,الواجهة البحرية,الدمام,كورنيش,https://maps.app.goo.gl/E5ZBjcN8sv3pc3Jh8,ChZDSUhNMG9nS0VJQ0FnSUNpeDhDQ1VnEAE,FAHAD AL DAWSARI,https://www.google.com/maps/contrib/112609590147061009434/reviews?hl=en,3,5 years ago,,False,True,False,2026-09-25
P03,الواجهة البحرية,الدمام,كورنيش,https://maps.app.goo.gl/E5ZBjcN8sv3pc3Jh8,ChdDSUhNMG9nS0VJQ0FnSUNpaDc2Y2tRRRAB,عبدالرحمن أحمد,https://www.google.com/maps/contrib/105828247481204291133/reviews?hl=en,5,5 years ago,مكان جميل جداً ويشرح الصدر ينفع للمشي ولالعاب الاطفال والتنزه والجلسه مع الاهل 😍 …,True,True,True,2026-09-25
P03,الواجهة البحرية,الدمام,كورنيش,https://maps.app.goo.gl/E5ZBjcN8sv3pc3Jh8,ChdDSUhNMG9nS0VJQ0FnSUNpMjk2emxnRRAB,Adel Bardhwan,https://www.google.com/maps/contrib/115138666661761228418/reviews?hl=en,3,5 years ago,,False,True,False,2026-09-25
P03,الواجهة البحرية,الدمام,كورنيش,https://maps.app.goo.gl/E5ZBjcN8sv3pc3Jh8,ChdDSUhNMG9nS0VJQ0FnSUNpMjZxTGpBRRAB,Nora Hamad,https://www.google.com/maps/contrib/108991620065089657694/reviews?hl=en,5,5 years ago,جميله خصوصاً الحين مع تعدل الاجواء ..😍 …,True,True,True,2026-09-25
P03,الواجهة البحرية,الدمام,كورنيش,https://maps.app.goo.gl/E5ZBjcN8sv3pc3Jh8,ChZDSUhNMG9nS0VJQ0FnSUNpaTREQ0pnEAE,Rami203,https://www.google.com/maps/contrib/101231846167027988654/reviews?hl=en,4,5 years ago,جميل جدا,True,True,False,2026-09-25
P03,الواجهة البحرية,الدمام,كورنيش,https://maps.app.goo.gl/E5ZBjcN8sv3pc3Jh8,ChdDSUhNMG9nS0VJQ0FnSUNpNDVPVnZ3RRAB,Rehab Ahmad,https://www.google.com/maps/contrib/110343827012868889627/reviews?hl=en,5,5 years ago,,False,True,False,2026-09-25
P03,الواجهة البحرية,الدمام,كورنيش,https://maps.app.goo.gl/E5ZBjcN8sv3pc3Jh8,ChZDSUhNMG9nS0VJQ0FnSUNpb19ialJnEAE,abdallah aijaz,https://www.google.com/maps/contrib/102363360966219367859/reviews?hl=en,4,5 years ago,مكان مناسب للعوائل,True,True,False,2026-09-25
P03,الواجهة البحرية,الدمام,كورنيش,https://maps.app.goo.gl/E5ZBjcN8sv3pc3Jh8,ChZDSUhNMG9nS0VJQ0FnSUNpdzVTaWJ3EAE,Malik Shams,https://www.google.com/maps/contrib/114633488619478841688/reviews?hl=en,5,5 years ago,,False,True,False,2026-09-25
P03,الواجهة البحرية,الدمام,كورنيش,https://maps.app.goo.gl/E5ZBjcN8sv3pc3Jh8,ChdDSUhNMG9nS0VJQ0FnSUNpM2VMdjFnRRAB,ابو اياد السليماني,https://www.google.com/maps/contrib/103048943082492388614/reviews?hl=en,5,5 years ago,,False,True,False,2026-09-25
P03,الواجهة البحرية,الدمام,كورنيش,https://maps.app.goo.gl/E5ZBjcN8sv3pc3Jh8,ChdDSUhNMG9nS0VJQ0FnSUNpblk3SXhBRRAB,Mtrb3 STR,https://www.google.com/maps/contrib/102250241955540571623/reviews?hl=en,5,5 years ago,,False,True,False,2026-09-25
P03,الواجهة البحرية,الدمام,كورنيش,https://maps.app.goo.gl/E5ZBjcN8sv3pc3Jh8,ChdDSUhNMG9nS0VJQ0FnSUNpN2NlNDV3RRAB,خالد سالم,https://www.google.com/maps/contrib/113132356813723503362/reviews?hl=en,5,5 years ago,,False,True,False,2026-09-25
P03,الواجهة البحرية,الدمام,كورنيش,https://maps.app.goo.gl/E5ZBjcN8sv3pc3Jh8,ChZDSUhNMG9nS0VJQ0FnSUNpN2RuaEpBEAE,Salem Alzahrani,https://www.google.com/maps/contrib/105882196978363340738/reviews?hl=en,5,5 years ago,,False,True,False,2026-09-25
P03,الواجهة البحرية,الدمام,كورنيش,https://maps.app.goo.gl/E5ZBjcN8sv3pc3Jh8,ChdDSUhNMG9nS0VJQ0FnSUNpbGV1dXpnRRAB,ياسر الخضراوي,https://www.google.com/maps/contrib/105310490342637730116/reviews?hl=en,5,5 years ago,👍💗 …,False,True,True,2026-09-25
P03,الواجهة البحرية,الدمام,كورنيش,https://maps.app.goo.gl/E5ZBjcN8sv3pc3Jh8,ChZDSUhNMG9nS0VJQ0FnSUNpNVlYSk9BEAE,Abo Khalid,https://www.google.com/maps/contrib/115405373513136256949/reviews?hl=en,4,5 years ago,جميل وهادئ,True,True,False,2026-09-25
P03,الواجهة البحرية,الدمام,كورنيش,https://maps.app.goo.gl/E5ZBjcN8sv3pc3Jh8,ChZDSUhNMG9nS0VJQ0FnSUNpeGNqZVVnEAE,whaimed1 “‫الوحيمد‬‎” whaimed2,https://www.google.com/maps/contrib/106286619199534335463/reviews?hl=en,5,5 years ago,ممشى ممتاز واجواء خيال,True,True,False,2026-09-25
P03,الواجهة البحرية,الدمام,كورنيش,https://maps.app.goo.gl/E5ZBjcN8sv3pc3Jh8,ChdDSUhNMG9nS0VJQ0FnSUNpaWFTWnBBRRAB,محمد علي السبيتي,https://www.google.com/maps/contrib/109906332185299611541/reviews?hl=en,3,5 years ago,المكان جميل ورايق لكن المكان مزدحم جدا والبحر مفتوح بشكل سيئ حيث من السهل وقوع الاطفال في البحر .,True,True,False,2026-09-25
P03,الواجهة البحرية,الدمام,كورنيش,https://maps.app.goo.gl/E5ZBjcN8sv3pc3Jh8,ChdDSUhNMG9nS0VJQ0FnSUNpb2N2LTdBRRAB,MOHAMMED AHMED,https://www.google.com/maps/contrib/103287357690579548243/reviews?hl=en,3,5 years ago,من اجمل الاماكن في جدة عيبها الزحام 24/7,True,True,False,2026-09-25
P03,الواجهة البحرية,الدمام,كورنيش,https://maps.app.goo.gl/E5ZBjcN8sv3pc3Jh8,ChZDSUhNMG9nS0VJQ0FnSUNpbnZpaGVBEAE,UMP Bad,https://www.google.com/maps/contrib/106385148235523686976/reviews?hl=en,4,5 years ago,,False,True,False,2026-09-25
P03,الواجهة البحرية,الدمام,كورنيش,https://maps.app.goo.gl/E5ZBjcN8sv3pc3Jh8,ChdDSUhNMG9nS0VJQ0FnSUNpcHVYbTh3RRAB,Basmh Moon,https://www.google.com/maps/contrib/105705387847456583791/reviews?hl=en,5,5 years ago,جميل,True,True,False,2026-09-25
P03,الواجهة البحرية,الدمام,كورنيش,https://maps.app.goo.gl/E5ZBjcN8sv3pc3Jh8,ChdDSUhNMG9nS0VJQ0FnSUNpeHZqeXF3RRAB,Ali,https://www.google.com/maps/contrib/106359198334462451127/reviews?hl=en,5,5 years ago,,False,True,False,2026-09-25
P03,الواجهة البحرية,الدمام,كورنيش,https://maps.app.goo.gl/E5ZBjcN8sv3pc3Jh8,ChdDSUhNMG9nS0VJQ0FnSUNpaHJPMDN3RRAB,Shady Emad,https://www.google.com/maps/contrib/109275459244317644703/reviews?hl=en,5,5 years ago,,False,True,False,2026-09-25
P03,الواجهة البحرية,الدمام,كورنيش,https://maps.app.goo.gl/E5ZBjcN8sv3pc3Jh8,ChZDSUhNMG9nS0VJQ0FnSUNpaHZISVR3EAE,بدرية الجبر,https://www.google.com/maps/contrib/117239086082666447912/reviews?hl=en,5,5 years ago,المساحة المسطحة الخضراء جميلة جداً والاشجار كثيفة والامتداد لكورنيش الدمام متعدد الخيرات والشارع الرئيسي بعيد عن المسطح الأخضر والشاطئ بالاضافة الى أن الاضاءه الخفيفة مميزه على كورنيش الدمام وهذه المنظومة الجميلة تعطي طابع الهدوء لمحبي الروقان 😌,True,True,False,2026-09-25
P03,الواجهة البحرية,الدمام,كورنيش,https://maps.app.goo.gl/E5ZBjcN8sv3pc3Jh8,ChdDSUhNMG9nS0VJQ0FnSUNpLXJ2VW1nRRAB,Khalied Alqarni,https://www.google.com/maps/contrib/115108119797470591095/reviews?hl=en,5,5 years ago,,False,True,False,2026-09-25
P03,الواجهة البحرية,الدمام,كورنيش,https://maps.app.goo.gl/E5ZBjcN8sv3pc3Jh8,ChZDSUhNMG9nS0VJQ0FnSUNpdXBYNlJBEAE,محمد السليماني,https://www.google.com/maps/contrib/102747981617562451147/reviews?hl=en,5,5 years ago,شي خيالي,True,True,False,2026-09-25
P03,الواجهة البحرية,الدمام,كورنيش,https://maps.app.goo.gl/E5ZBjcN8sv3pc3Jh8,ChdDSUhNMG9nS0VJQ0FnSUNpMnBuNnRnRRAB,Muataz Hamzah,https://www.google.com/maps/contrib/111294266313405454546/reviews?hl=en,4,5 years ago,,False,True,False,2026-09-25
P03,الواجهة البحرية,الدمام,كورنيش,https://maps.app.goo.gl/E5ZBjcN8sv3pc3Jh8,ChZDSUhNMG9nS0VJQ0FnSUNpbXFmOEx3EAE,Amr Hassan,https://www.google.com/maps/contrib/117296562028507667957/reviews?hl=en,1,5 years ago,,False,True,False,2026-09-25
P03,الواجهة البحرية,الدمام,كورنيش,https://maps.app.goo.gl/E5ZBjcN8sv3pc3Jh8,ChdDSUhNMG9nS0VJQ0FnSUNpc3ZqWDdBRRAB,USMAN ZAHEER MALIK,https://www.google.com/maps/contrib/112816300721226961944/reviews?hl=en,4,5 years ago,,False,True,False,2026-09-25
P03,الواجهة البحرية,الدمام,كورنيش,https://maps.app.goo.gl/E5ZBjcN8sv3pc3Jh8,ChZDSUhNMG9nS0VJQ0FnSUNpek9TRkt3EAE,سعد القحطاني,https://www.google.com/maps/contrib/106844791097473402167/reviews?hl=en,4,5 years ago,,False,True,False,2026-09-25
P03,الواجهة البحرية,الدمام,كورنيش,https://maps.app.goo.gl/E5ZBjcN8sv3pc3Jh8,ChZDSUhNMG9nS0VJQ0FnSUNpakt1ZGN3EAE,منوعات دينية,https://www.google.com/maps/contrib/105089507491030024838/reviews?hl=en,1,5 years ago,لابأس به,True,True,False,2026-09-25
P03,الواجهة البحرية,الدمام,كورنيش,https://maps.app.goo.gl/E5ZBjcN8sv3pc3Jh8,ChdDSUhNMG9nS0VJQ0FnSUNpME5pc193RRAB,The Graches,https://www.google.com/maps/contrib/101743395350839963897/reviews?hl=en,5,5 years ago,Fresh air... good place for fitness activities,False,True,False,2026-09-25
P03,الواجهة البحرية,الدمام,كورنيش,https://maps.app.goo.gl/E5ZBjcN8sv3pc3Jh8,ChZDSUhNMG9nS0VJQ0FnSUNpNE0yaFJREAE,كافيين - أحمد الطيب,https://www.google.com/maps/contrib/118302938589574261584/reviews?hl=en,5,5 years ago,,False,True,False,2026-09-25
P03,الواجهة البحرية,الدمام,كورنيش,https://maps.app.goo.gl/E5ZBjcN8sv3pc3Jh8,ChZDSUhNMG9nS0VJQ0FnSURDci1yS1lnEAE,مراد اشنينه,https://www.google.com/maps/contrib/110673932055141396063/reviews?hl=en,5,5 years ago,حلوه كثير,True,True,False,2026-09-25
P03,الواجهة البحرية,الدمام,كورنيش,https://maps.app.goo.gl/E5ZBjcN8sv3pc3Jh8,ChdDSUhNMG9nS0VJQ0FnSURDNTctU3p3RRAB,Zeyad Shabli,https://www.google.com/maps/contrib/114765526852368553540/reviews?hl=en,5,5 years ago,,False,True,False,2026-09-25
P03,الواجهة البحرية,الدمام,كورنيش,https://maps.app.goo.gl/E5ZBjcN8sv3pc3Jh8,ChdDSUhNMG9nS0VJQ0FnSURDaDRLenpBRRAB,Abdulrahman Khalid,https://www.google.com/maps/contrib/114363984070698756114/reviews?hl=en,5,5 years ago,المكان هادئ ونظيف,True,True,False,2026-09-25
P03,الواجهة البحرية,الدمام,كورنيش,https://maps.app.goo.gl/E5ZBjcN8sv3pc3Jh8,ChZDSUhNMG9nS0VJQ0FnSURDc183bmNBEAE,خالد الزهراني,https://www.google.com/maps/contrib/111574185360094515642/reviews?hl=en,5,Edited 5 years ago,مكان رائع,True,True,False,2026-09-25
P03,الواجهة البحرية,الدمام,كورنيش,https://maps.app.goo.gl/E5ZBjcN8sv3pc3Jh8,ChZDSUhNMG9nS0VJQ0FnSURDdTZDVkhBEAE,Haitham Elfaitoury,https://www.google.com/maps/contrib/109997715974179152899/reviews?hl=en,3,5 years ago,,False,True,False,2026-09-25
P03,الواجهة البحرية,الدمام,كورنيش,https://maps.app.goo.gl/E5ZBjcN8sv3pc3Jh8,ChZDSUhNMG9nS0VJQ0FnSURDeTh2OFlBEAE,Mohammad,https://www.google.com/maps/contrib/115888326442288181837/reviews?hl=en,5,5 years ago,رائع.. نظيف ومنظم,True,True,False,2026-09-25
P03,الواجهة البحرية,الدمام,كورنيش,https://maps.app.goo.gl/E5ZBjcN8sv3pc3Jh8,ChdDSUhNMG9nS0VJQ0FnSURDeTRDTnZRRRAB,Ali Alghamdi,https://www.google.com/maps/contrib/106451584069452025242/reviews?hl=en,4,5 years ago,,False,True,False,2026-09-25
P03,الواجهة البحرية,الدمام,كورنيش,https://maps.app.goo.gl/E5ZBjcN8sv3pc3Jh8,ChdDSUhNMG9nS0VJQ0FnSURDaTlmT193RRAB,Sos_189 305,https://www.google.com/maps/contrib/117147581525310677327/reviews?hl=en,5,5 years ago,اجمل مدينه الخبررررر,True,True,False,2026-09-25
P03,الواجهة البحرية,الدمام,كورنيش,https://maps.app.goo.gl/E5ZBjcN8sv3pc3Jh8,ChZDSUhNMG9nS0VJQ0FnSURDbzRfYldBEAE,Mohammed Basem Hamwiah,https://www.google.com/maps/contrib/109504336993610492821/reviews?hl=en,4,5 years ago,جيد نوعاً ما للعوائل,True,True,False,2026-09-25
P03,الواجهة البحرية,الدمام,كورنيش,https://maps.app.goo.gl/E5ZBjcN8sv3pc3Jh8,ChdDSUhNMG9nS0VJQ0FnSURDbzd5ajNnRRAB,T. Abbad,https://www.google.com/maps/contrib/113679480765652635893/reviews?hl=en,4,5 years ago,,False,True,False,2026-09-25
P03,الواجهة البحرية,الدمام,كورنيش,https://maps.app.goo.gl/E5ZBjcN8sv3pc3Jh8,ChdDSUhNMG9nS0VJQ0FnSURDdVlQOTRnRRAB,وهيب عثمان,https://www.google.com/maps/contrib/112114463467414028484/reviews?hl=en,5,5 years ago,ممتاز جدا,True,True,False,2026-09-25
P03,الواجهة البحرية,الدمام,كورنيش,https://maps.app.goo.gl/E5ZBjcN8sv3pc3Jh8,ChdDSUhNMG9nS0VJQ0FnSURDMGRiWjJnRRAB,أذكر الله,https://www.google.com/maps/contrib/103545701332125340826/reviews?hl=en,2,5 years ago,"هذا كرنيش الدمام
واشوف ان كرنيش الخبر افضل واجمل وانظف بكثير ومناسب للعائل اكثر من هذا",True,True,False,2026-09-25
P03,الواجهة البحرية,الدمام,كورنيش,https://maps.app.goo.gl/E5ZBjcN8sv3pc3Jh8,ChdDSUhNMG9nS0VJQ0FnSURDM3FQZ3RRRRAB,عبدالله القرشي,https://www.google.com/maps/contrib/107223268392828557847/reviews?hl=en,4,5 years ago,مايحتاج اتكلم عن البحر والسعادة الي فيه بس للاسف كان وقت زيارتي سيء والرطوبه فضيعه جدا في اليوم الوطني .. الاحظ ان الاحترازات الصحيه الكمامات وغيرها اقل بكثير عن الرياض مادري ليش ..,True,True,False,2026-09-25
P03,الواجهة البحرية,الدمام,كورنيش,https://maps.app.goo.gl/E5ZBjcN8sv3pc3Jh8,ChZDSUhNMG9nS0VJQ0FnSURDbHBldElREAE,احمد طارق,https://www.google.com/maps/contrib/118193325857623990437/reviews?hl=en,5,5 years ago,,False,True,False,2026-09-25
P03,الواجهة البحرية,الدمام,كورنيش,https://maps.app.goo.gl/E5ZBjcN8sv3pc3Jh8,ChdDSUhNMG9nS0VJQ0FnSURDaHVTNW5BRRAB,aziz bani,https://www.google.com/maps/contrib/112749819181058055684/reviews?hl=en,3,6 years ago,كان مستوى النظافة في السابق افضل من وضعها الحالي,True,True,False,2026-09-25
P03,الواجهة البحرية,الدمام,كورنيش,https://maps.app.goo.gl/E5ZBjcN8sv3pc3Jh8,ChZDSUhNMG9nS0VJQ0FnSURDNnA2LUdnEAE,essa alsalem,https://www.google.com/maps/contrib/106158351716846715642/reviews?hl=en,3,6 years ago,"دون المستوى المطلوب

تحتاج اهتمام اكثر من البلدية

دمت عز و فخر يا وطني",True,True,False,2026-09-25
P03,الواجهة البحرية,الدمام,كورنيش,https://maps.app.goo.gl/E5ZBjcN8sv3pc3Jh8,ChZDSUhNMG9nS0VJQ0FnSURDdkpqZUZ3EAE,رائد الدنيني,https://www.google.com/maps/contrib/117288044807560294268/reviews?hl=en,5,6 years ago,مكان رائع وجميل ومتنزه فخم,True,True,False,2026-09-25
P03,الواجهة البحرية,الدمام,كورنيش,https://maps.app.goo.gl/E5ZBjcN8sv3pc3Jh8,ChdDSUhNMG9nS0VJQ0FnSURDak5fS2dRRRAB,Ali,https://www.google.com/maps/contrib/103487287783612054977/reviews?hl=en,5,6 years ago,,False,True,False,2026-09-25
P03,الواجهة البحرية,الدمام,كورنيش,https://maps.app.goo.gl/E5ZBjcN8sv3pc3Jh8,ChdDSUhNMG9nS0VJQ0FnSURDaktEbmpBRRAB,ابو ناصر,https://www.google.com/maps/contrib/115863527882531790954/reviews?hl=en,4,6 years ago,,False,True,False,2026-09-25
P03,الواجهة البحرية,الدمام,كورنيش,https://maps.app.goo.gl/E5ZBjcN8sv3pc3Jh8,ChdDSUhNMG9nS0VJQ0FnSURDLUtURnFBRRAB,Bashar Ayyash,https://www.google.com/maps/contrib/100707480782760356414/reviews?hl=en,4,6 years ago,"good maintain, nice walk",False,True,False,2026-09-25
P03,الواجهة البحرية,الدمام,كورنيش,https://maps.app.goo.gl/E5ZBjcN8sv3pc3Jh8,ChdDSUhNMG9nS0VJQ0FnSURDbVBhS2pBRRAB,Nada H,https://www.google.com/maps/contrib/103806742617373813725/reviews?hl=en,3,6 years ago,Nice place,False,True,False,2026-09-25
P03,الواجهة البحرية,الدمام,كورنيش,https://maps.app.goo.gl/E5ZBjcN8sv3pc3Jh8,ChdDSUhNMG9nS0VJQ0FnSURDeUlHNzF3RRAB,Budur Alhassan,https://www.google.com/maps/contrib/113379668872261741277/reviews?hl=en,4,6 years ago,مكان هادء بس يحتاج لوجود بقالات,True,True,False,2026-09-25
P03,الواجهة البحرية,الدمام,كورنيش,https://maps.app.goo.gl/E5ZBjcN8sv3pc3Jh8,ChdDSUhNMG9nS0VJQ0FnSURDc043S3FnRRAB,sijo jose,https://www.google.com/maps/contrib/110570363346894197794/reviews?hl=en,4,6 years ago,,False,True,False,2026-09-25
P03,الواجهة البحرية,الدمام,كورنيش,https://maps.app.goo.gl/E5ZBjcN8sv3pc3Jh8,ChZDSUhNMG9nS0VJQ0FnSURDMElld1JBEAE,Mohammed Al-Yafrsi,https://www.google.com/maps/contrib/100976053721802159276/reviews?hl=en,5,6 years ago,,False,True,False,2026-09-25
P03,الواجهة البحرية,الدمام,كورنيش,https://maps.app.goo.gl/E5ZBjcN8sv3pc3Jh8,ChdDSUhNMG9nS0VJQ0FnSURDMFBtcGd3RRAB,Mahmed Ebrahim,https://www.google.com/maps/contrib/110744759425767825846/reviews?hl=en,5,6 years ago,,False,True,False,2026-09-25
P03,الواجهة البحرية,الدمام,كورنيش,https://maps.app.goo.gl/E5ZBjcN8sv3pc3Jh8,ChdDSUhNMG9nS0VJQ0FnSURDa0kzZHFnRRAB,Ashraf Alghamdi,https://www.google.com/maps/contrib/111727186864897716782/reviews?hl=en,5,6 years ago,,False,True,False,2026-09-25
P03,الواجهة البحرية,الدمام,كورنيش,https://maps.app.goo.gl/E5ZBjcN8sv3pc3Jh8,ChZDSUhNMG9nS0VJQ0FnSURDNEl1elpBEAE,Alamal Aa,https://www.google.com/maps/contrib/112995726770675860184/reviews?hl=en,5,6 years ago,مكان جميل 👍 …,True,True,True,2026-09-25
P03,الواجهة البحرية,الدمام,كورنيش,https://maps.app.goo.gl/E5ZBjcN8sv3pc3Jh8,ChdDSUhNMG9nS0VJQ0FnSUNDdjhueDl3RRAB,Ibrahim ALGhumaijan,https://www.google.com/maps/contrib/102738626005550211722/reviews?hl=en,5,6 years ago,رائع,True,True,False,2026-09-25
P03,الواجهة البحرية,الدمام,كورنيش,https://maps.app.goo.gl/E5ZBjcN8sv3pc3Jh8,ChZDSUhNMG9nS0VJQ0FnSUNDMTVLS053EAE,خالد عبدالرحمن,https://www.google.com/maps/contrib/118197001873951732809/reviews?hl=en,5,6 years ago,,False,True,False,2026-09-25
P03,الواجهة البحرية,الدمام,كورنيش,https://maps.app.goo.gl/E5ZBjcN8sv3pc3Jh8,ChZDSUhNMG9nS0VJQ0FnSUNDdTU2S0FREAE,محمد رفعت2,https://www.google.com/maps/contrib/117626926319718766183/reviews?hl=en,5,6 years ago,,False,True,False,2026-09-25
P03,الواجهة البحرية,الدمام,كورنيش,https://maps.app.goo.gl/E5ZBjcN8sv3pc3Jh8,ChZDSUhNMG9nS0VJQ0FnSUNDbTR1V1d3EAE,على مقلد _alimaklad,https://www.google.com/maps/contrib/113720589032810642794/reviews?hl=en,5,6 years ago,,False,True,False,2026-09-25
P03,الواجهة البحرية,الدمام,كورنيش,https://maps.app.goo.gl/E5ZBjcN8sv3pc3Jh8,ChZDSUhNMG9nS0VJQ0FnSUNDMmQtT2FBEAE,عبدالمجيد الحسن,https://www.google.com/maps/contrib/109202112752924649084/reviews?hl=en,1,6 years ago,If only they would pay attention to the same news. No comment. We can only complain to God.,True,False,False,2026-09-25
P03,الواجهة البحرية,الدمام,كورنيش,https://maps.app.goo.gl/E5ZBjcN8sv3pc3Jh8,ChZDSUhNMG9nS0VJQ0FnSUNDOFl6UlN3EAE,محمد المدرع,https://www.google.com/maps/contrib/105909576321438167884/reviews?hl=en,5,6 years ago,خدمات رائعة ونظافة مبهجه وترتيب وتنظيم يشكرون عليه,True,True,False,2026-09-25
P03,الواجهة البحرية,الدمام,كورنيش,https://maps.app.goo.gl/E5ZBjcN8sv3pc3Jh8,ChdDSUhNMG9nS0VJQ0FnSUNDNGJPNnp3RRAB,Ee Ss,https://www.google.com/maps/contrib/116636476914673555974/reviews?hl=en,2,6 years ago,لاشيء يذكر,True,True,False,2026-09-25
P03,الواجهة البحرية,الدمام,كورنيش,https://maps.app.goo.gl/E5ZBjcN8sv3pc3Jh8,ChdDSUhNMG9nS0VJQ0FnSUNDX3UySHFRRRAB,محمد السعوي,https://www.google.com/maps/contrib/118341083709924443750/reviews?hl=en,3,6 years ago,ماافيه عناية بالثيل  قلة دورة المياه,True,True,False,2026-09-25
P03,الواجهة البحرية,الدمام,كورنيش,https://maps.app.goo.gl/E5ZBjcN8sv3pc3Jh8,ChdDSUhNMG9nS0VJQ0FnSUNDNnAtbGpRRRAB,Mohamed Ayman,https://www.google.com/maps/contrib/110972310333867217609/reviews?hl=en,5,6 years ago,Nice,False,True,False,2026-09-25
P03,الواجهة البحرية,الدمام,كورنيش,https://maps.app.goo.gl/E5ZBjcN8sv3pc3Jh8,ChdDSUhNMG9nS0VJQ0FnSUNDNHZlRjFBRRAB,Saleh Al hamad,https://www.google.com/maps/contrib/115388435928412533738/reviews?hl=en,3,6 years ago,,False,True,False,2026-09-25
P03,الواجهة البحرية,الدمام,كورنيش,https://maps.app.goo.gl/E5ZBjcN8sv3pc3Jh8,ChdDSUhNMG9nS0VJQ0FnSUNDb3JTazZBRRAB,Mohamed Abdelaal,https://www.google.com/maps/contrib/101355826250807683851/reviews?hl=en,4,6 years ago,,False,True,False,2026-09-25
P03,الواجهة البحرية,الدمام,كورنيش,https://maps.app.goo.gl/E5ZBjcN8sv3pc3Jh8,ChZDSUhNMG9nS0VJQ0FnSUNDdklfU0h3EAE,samir atwa,https://www.google.com/maps/contrib/114776960873618146846/reviews?hl=en,5,6 years ago,مناسب,True,True,False,2026-09-25
P03,الواجهة البحرية,الدمام,كورنيش,https://maps.app.goo.gl/E5ZBjcN8sv3pc3Jh8,ChdDSUhNMG9nS0VJQ0FnSUNDaUtiUmd3RRAB,جابر عسيري,https://www.google.com/maps/contrib/114335182233535797856/reviews?hl=en,3,6 years ago,,False,True,False,2026-09-25
P03,الواجهة البحرية,الدمام,كورنيش,https://maps.app.goo.gl/E5ZBjcN8sv3pc3Jh8,ChdDSUhNMG9nS0VJQ0FnSUQ4djVTcnF3RRAB,Moreng Mahmoud,https://www.google.com/maps/contrib/104906487909258265235/reviews?hl=en,4,6 years ago,,False,True,False,2026-09-25
P03,الواجهة البحرية,الدمام,كورنيش,https://maps.app.goo.gl/E5ZBjcN8sv3pc3Jh8,ChZDSUhNMG9nS0VJQ0FnSUQ4cjZxcFBREAE,Salah Alzobery,https://www.google.com/maps/contrib/115111402917618281382/reviews?hl=en,5,6 years ago,Very nice,True,False,False,2026-09-25
P03,الواجهة البحرية,الدمام,كورنيش,https://maps.app.goo.gl/E5ZBjcN8sv3pc3Jh8,ChdDSUhNMG9nS0VJQ0FnSUQ4el9meTd3RRAB,mohamed husiny gaber,https://www.google.com/maps/contrib/109616773331917342299/reviews?hl=en,5,6 years ago,,False,True,False,2026-09-25
P03,الواجهة البحرية,الدمام,كورنيش,https://maps.app.goo.gl/E5ZBjcN8sv3pc3Jh8,ChdDSUhNMG9nS0VJQ0FnSUQ4dDRLaHNBRRAB,Rashed Alsalem,https://www.google.com/maps/contrib/102289303565992677412/reviews?hl=en,5,6 years ago,,False,True,False,2026-09-25
P03,الواجهة البحرية,الدمام,كورنيش,https://maps.app.goo.gl/E5ZBjcN8sv3pc3Jh8,ChdDSUhNMG9nS0VJQ0FnSUQ4NTdQU3RRRRAB,ابو الوليد,https://www.google.com/maps/contrib/108322003171083546526/reviews?hl=en,4,6 years ago,جميل جداااا,True,True,False,2026-09-25
P03,الواجهة البحرية,الدمام,كورنيش,https://maps.app.goo.gl/E5ZBjcN8sv3pc3Jh8,ChdDSUhNMG9nS0VJQ0FnSUQ4aF9hRXZnRRAB,د سميرة محمد,https://www.google.com/maps/contrib/114187055316150932134/reviews?hl=en,4,6 years ago,مكان هادي وجميل,True,True,False,2026-09-25
P03,الواجهة البحرية,الدمام,كورنيش,https://maps.app.goo.gl/E5ZBjcN8sv3pc3Jh8,ChZDSUhNMG9nS0VJQ0FnSUQ4LTd1LVlBEAE,abad al,https://www.google.com/maps/contrib/112874041353266994791/reviews?hl=en,1,6 years ago,,False,True,False,2026-09-25
P03,الواجهة البحرية,الدمام,كورنيش,https://maps.app.goo.gl/E5ZBjcN8sv3pc3Jh8,ChZDSUhNMG9nS0VJQ0FnSUQ4LTVqU0F3EAE,محمد خالد الخالدي,https://www.google.com/maps/contrib/103856332878889973295/reviews?hl=en,5,6 years ago,,False,True,False,2026-09-25
P03,الواجهة البحرية,الدمام,كورنيش,https://maps.app.goo.gl/E5ZBjcN8sv3pc3Jh8,ChZDSUhNMG9nS0VJQ0FnSUQ4MnZqREFnEAE,Mohammed Fakhro,https://www.google.com/maps/contrib/113444203564395924001/reviews?hl=en,5,6 years ago,ممتاز,True,True,False,2026-09-25
P03,الواجهة البحرية,الدمام,كورنيش,https://maps.app.goo.gl/E5ZBjcN8sv3pc3Jh8,ChZDSUhNMG9nS0VJQ0FnSUQ4NnAzZ0tBEAE,ام لميس,https://www.google.com/maps/contrib/105706023678346375768/reviews?hl=en,2,6 years ago,الحشرات فيه فااتمنى تنظيف اكثر,True,True,False,2026-09-25
P03,الواجهة البحرية,الدمام,كورنيش,https://maps.app.goo.gl/E5ZBjcN8sv3pc3Jh8,ChZDSUhNMG9nS0VJQ0FnSUQ4a04ySEZ3EAE,Ammar Al-Farra,https://www.google.com/maps/contrib/110683697963778008687/reviews?hl=en,5,6 years ago,ممتاز,True,True,False,2026-09-25
P03,الواجهة البحرية,الدمام,كورنيش,https://maps.app.goo.gl/E5ZBjcN8sv3pc3Jh8,ChdDSUhNMG9nS0VJQ0FnSUM4Nl8tRDF3RRAB,Ali Alshawaker,https://www.google.com/maps/contrib/116530618077023795745/reviews?hl=en,5,6 years ago,The place is nice and classy,True,False,False,2026-09-25
P03,الواجهة البحرية,الدمام,كورنيش,https://maps.app.goo.gl/E5ZBjcN8sv3pc3Jh8,ChZDSUhNMG9nS0VJQ0FnSUM4N2NQZkp3EAE,Theeb Al Yami,https://www.google.com/maps/contrib/107715539793704664628/reviews?hl=en,3,6 years ago,جميله  في الصباح الباكر,True,True,False,2026-09-25
P03,الواجهة البحرية,الدمام,كورنيش,https://maps.app.goo.gl/E5ZBjcN8sv3pc3Jh8,ChZDSUhNMG9nS0VJQ0FnSUM4eVlhM2ZREAE,الجسر,https://www.google.com/maps/contrib/116413215859990400180/reviews?hl=en,4,6 years ago,الواجهة البحرية بالدمام مساحات كبيرة ومتنوعة وخدمات عامة متوفرة بالإضافة لعربات الطعام واماكن الوجبات السريعة والمشروبات الساخنة ، وغيرها الكثير,True,True,False,2026-09-25
P03,الواجهة البحرية,الدمام,كورنيش,https://maps.app.goo.gl/E5ZBjcN8sv3pc3Jh8,ChZDSUhNMG9nS0VJQ0FnSUM4N3NQcldREAE,A S,https://www.google.com/maps/contrib/117828814775226325030/reviews?hl=en,5,6 years ago,نظيف و جميل بس يحتاج يكون فيه اضاءه اكثر و برادات تبيع مويه,True,True,False,2026-09-25
P03,الواجهة البحرية,الدمام,كورنيش,https://maps.app.goo.gl/E5ZBjcN8sv3pc3Jh8,ChdDSUhNMG9nS0VJQ0FnSUM4MXVPTW5BRRAB,ahmad aldimassi,https://www.google.com/maps/contrib/107234136121980652641/reviews?hl=en,5,6 years ago,أكثر من رائعة,True,True,False,2026-09-25
P03,الواجهة البحرية,الدمام,كورنيش,https://maps.app.goo.gl/E5ZBjcN8sv3pc3Jh8,ChdDSUhNMG9nS0VJQ0FnSUM4aHJDNnFRRRAB,حسن القرني,https://www.google.com/maps/contrib/116791669544067279367/reviews?hl=en,5,6 years ago,,False,True,False,2026-09-25
P03,الواجهة البحرية,الدمام,كورنيش,https://maps.app.goo.gl/E5ZBjcN8sv3pc3Jh8,ChZDSUhNMG9nS0VJQ0FnSUM4M1BPZWNnEAE,Ahmad Salah,https://www.google.com/maps/contrib/101979773040074742676/reviews?hl=en,4,6 years ago,,False,True,False,2026-09-25
P03,الواجهة البحرية,الدمام,كورنيش,https://maps.app.goo.gl/E5ZBjcN8sv3pc3Jh8,ChdDSUhNMG9nS0VJQ0FnSUNjay1EUjhRRRAB,WELLHOOD,https://www.google.com/maps/contrib/103025557799708175718/reviews?hl=en,5,6 years ago,"Very nice place, I used to go fishing there.",False,True,False,2026-09-25
P03,الواجهة البحرية,الدمام,كورنيش,https://maps.app.goo.gl/E5ZBjcN8sv3pc3Jh8,ChdDSUhNMG9nS0VJQ0FnSUNjc0xEdHVRRRAB,A. ALMANHALI,https://www.google.com/maps/contrib/114219897721741803226/reviews?hl=en,5,6 years ago,,False,True,False,2026-09-25
P03,الواجهة البحرية,الدمام,كورنيش,https://maps.app.goo.gl/E5ZBjcN8sv3pc3Jh8,ChZDSUhNMG9nS0VJQ0FnSURzMmQ2eUN3EAE,Rawad Altal,https://www.google.com/maps/contrib/116788835425944432178/reviews?hl=en,3,6 years ago,,False,True,False,2026-09-25
P03,الواجهة البحرية,الدمام,كورنيش,https://maps.app.goo.gl/E5ZBjcN8sv3pc3Jh8,ChdDSUhNMG9nS0VJQ0FnSURzNllmdXJ3RRAB,A S,https://www.google.com/maps/contrib/101290060205416362237/reviews?hl=en,5,6 years ago,beautiful place,True,False,False,2026-09-25
P03,الواجهة البحرية,الدمام,كورنيش,https://maps.app.goo.gl/E5ZBjcN8sv3pc3Jh8,ChZDSUhNMG9nS0VJQ0FnSURzc2I3SlhREAE,Mohammed ALJandan,https://www.google.com/maps/contrib/113990767162808003196/reviews?hl=en,5,6 years ago,👍👍 …,False,True,True,2026-09-25
P03,الواجهة البحرية,الدمام,كورنيش,https://maps.app.goo.gl/E5ZBjcN8sv3pc3Jh8,ChZDSUhNMG9nS0VJQ0FnSURzc1pEemVBEAE,عباس,https://www.google.com/maps/contrib/112475943938101755740/reviews?hl=en,4,6 years ago,جميل واتمنى ان يحافظ علية,True,True,False,2026-09-25
P03,الواجهة البحرية,الدمام,كورنيش,https://maps.app.goo.gl/E5ZBjcN8sv3pc3Jh8,ChZDSUhNMG9nS0VJQ0FnSURzOW9lVkN3EAE,احمد الحربي,https://www.google.com/maps/contrib/104438309727753884787/reviews?hl=en,3,6 years ago,,False,True,False,2026-09-25
P03,الواجهة البحرية,الدمام,كورنيش,https://maps.app.goo.gl/E5ZBjcN8sv3pc3Jh8,ChZDSUhNMG9nS0VJQ0FnSURzOXFtdlFREAE,‫سعيد الغامدي (ابو علي)‬‎,https://www.google.com/maps/contrib/117158859962287819521/reviews?hl=en,2,6 years ago,منتزة لاباس به,True,True,False,2026-09-25
P03,الواجهة البحرية,الدمام,كورنيش,https://maps.app.goo.gl/E5ZBjcN8sv3pc3Jh8,ChdDSUhNMG9nS0VJQ0FnSURzMXVURzJnRRAB,احساس وشعور,https://www.google.com/maps/contrib/113731128159525060673/reviews?hl=en,5,6 years ago,مكان جميل جدا,True,True,False,2026-09-25
P03,الواجهة البحرية,الدمام,كورنيش,https://maps.app.goo.gl/E5ZBjcN8sv3pc3Jh8,ChZDSUhNMG9nS0VJQ0FnSURzeHNlTkhBEAE,Redha Al-Nasser,https://www.google.com/maps/contrib/108726717923954903724/reviews?hl=en,5,6 years ago,جميل جداً اتمنى الناس تحافظ عليه,True,True,False,2026-09-25
P03,الواجهة البحرية,الدمام,كورنيش,https://maps.app.goo.gl/E5ZBjcN8sv3pc3Jh8,ChdDSUhNMG9nS0VJQ0FnSURzMG9xUzdBRRAB,bedro im,https://www.google.com/maps/contrib/113725260670165955694/reviews?hl=en,5,6 years ago,,False,True,False,2026-09-25
P03,الواجهة البحرية,الدمام,كورنيش,https://maps.app.goo.gl/E5ZBjcN8sv3pc3Jh8,ChZDSUhNMG9nS0VJQ0FnSURzOEs3RE1REAE,Asma Abed,https://www.google.com/maps/contrib/102048374716301385435/reviews?hl=en,4,6 years ago,,False,True,False,2026-09-25
P03,الواجهة البحرية,الدمام,كورنيش,https://maps.app.goo.gl/E5ZBjcN8sv3pc3Jh8,ChZDSUhNMG9nS0VJQ0FnSURza09LRE53EAE,Hassan Almohammadi,https://www.google.com/maps/contrib/100786072940436188573/reviews?hl=en,4,6 years ago,"جميل وباقي يشتغلون عليه
لكن اصحاب الدبابات مزعجين بالويكند الله يهديهم",True,True,False,2026-09-25
P03,الواجهة البحرية,الدمام,كورنيش,https://maps.app.goo.gl/E5ZBjcN8sv3pc3Jh8,ChZDSUhNMG9nS0VJQ0FnSUNzbWFlREpnEAE,Mohammed Khafajah,https://www.google.com/maps/contrib/107792784358396380286/reviews?hl=en,4,6 years ago,,False,True,False,2026-09-25
P03,الواجهة البحرية,الدمام,كورنيش,https://maps.app.goo.gl/E5ZBjcN8sv3pc3Jh8,ChdDSUhNMG9nS0VJQ0FnSUNzbWJPM3lnRRAB,msa msa,https://www.google.com/maps/contrib/101583584507750108403/reviews?hl=en,5,6 years ago,رايقه,True,True,False,2026-09-25
P03,الواجهة البحرية,الدمام,كورنيش,https://maps.app.goo.gl/E5ZBjcN8sv3pc3Jh8,ChZDSUhNMG9nS0VJQ0FnSUNzNmZTRlh3EAE,Moni Nona,https://www.google.com/maps/contrib/101613567113248374939/reviews?hl=en,5,6 years ago,,False,True,False,2026-09-25
P03,الواجهة البحرية,الدمام,كورنيش,https://maps.app.goo.gl/E5ZBjcN8sv3pc3Jh8,ChdDSUhNMG9nS0VJQ0FnSUNzcE9iNzBnRRAB,Shakmath,https://www.google.com/maps/contrib/107404928841449044369/reviews?hl=en,3,6 years ago,حليو,True,True,False,2026-09-25
P03,الواجهة البحرية,الدمام,كورنيش,https://maps.app.goo.gl/E5ZBjcN8sv3pc3Jh8,ChdDSUhNMG9nS0VJQ0FnSURNXzluQzN3RRAB,Yassine Abid,https://www.google.com/maps/contrib/109887052226746134396/reviews?hl=en,1,6 years ago,عدم وجود إشارات إرشادية للسير خلف ماكدونالد,True,True,False,2026-09-25
P03,الواجهة البحرية,الدمام,كورنيش,https://maps.app.goo.gl/E5ZBjcN8sv3pc3Jh8,ChdDSUhNMG9nS0VJQ0FnSURNczVqNW1BRRAB,Abdulrahman Ali,https://www.google.com/maps/contrib/100147203535372386522/reviews?hl=en,5,6 years ago,جميل للعوائل والشباب,True,True,False,2026-09-25
P03,الواجهة البحرية,الدمام,كورنيش,https://maps.app.goo.gl/E5ZBjcN8sv3pc3Jh8,ChdDSUhNMG9nS0VJQ0FnSUNNNWFIQ25nRRAB,M. F.J,https://www.google.com/maps/contrib/109969197959191138888/reviews?hl=en,3,Edited 6 years ago,متنزه جميل للعوائل والشباب,True,True,False,2026-09-25
P03,الواجهة البحرية,الدمام,كورنيش,https://maps.app.goo.gl/E5ZBjcN8sv3pc3Jh8,ChdDSUhNMG9nS0VJQ0FnSUNNcU5TWXRRRRAB,عبدالهادي البلادي,https://www.google.com/maps/contrib/118368804413645178628/reviews?hl=en,5,6 years ago,,False,True,False,2026-09-25
P03,الواجهة البحرية,الدمام,كورنيش,https://maps.app.goo.gl/E5ZBjcN8sv3pc3Jh8,ChdDSUhNMG9nS0VJQ0FnSUQwMGZyT2tBRRAB,emad,https://www.google.com/maps/contrib/112437605188819049841/reviews?hl=en,5,6 years ago,👍🏼 …,False,True,True,2026-09-25
